country_norm,year,exchange_rate
aruba,1960,
africa eastern and southern,1960,
afghanistan,1960,17.19656069
africa western and central,1960,
angola,1960,2.87e-08
albania,1960,
andorra,1960,
arab world,1960,
united arab emirates,1960,
argentina,1960,
armenia,1960,
american samoa,1960,1.0
antigua and barbuda,1960,1.714290001
australia,1960,0.892857
austria,1960,26.00000003
azerbaijan,1960,
burundi,1960,50.00000005
belgium,1960,50.00000005
benin,1960,245.1951014
burkina faso,1960,245.1951014
bangladesh,1960,
bulgaria,1960,0.00117
bahrain,1960,
"bahamas, the",1960,1.02041
bosnia and herzegovina,1960,
belarus,1960,
belize,1960,1.42857
bermuda,1960,0.85714
bolivia,1960,1.19e-05
brazil,1960,8.1e-14
barbados,1960,1.714290001
brunei darussalam,1960,3.061220002
bhutan,1960,4.761900004
botswana,1960,0.713320882
central african republic,1960,245.1951014
canada,1960,0.969766787
central europe and the baltics,1960,
switzerland,1960,4.372950003
channel islands,1960,0.357142999
chile,1960,0.001048969
china,1960,2.461808899
cote d'ivoire,1960,245.1951014
cameroon,1960,245.1951014
"congo, dem. rep.",1960,1.7e-13
"congo, rep.",1960,245.1951014
colombia,1960,6.635
comoros,1960,245.1930236
cabo verde,1960,28.75000003
costa rica,1960,5.615000005
caribbean small states,1960,
cuba,1960,0.999999999
curacao,1960,
cayman islands,1960,0.714285715
cyprus,1960,0.357142999
czechia,1960,
germany,1960,4.200000003
djibouti,1960,214.3920002
dominica,1960,1.714290001
denmark,1960,6.907140006
dominican republic,1960,1.0
algeria,1960,4.937060004
east asia & pacific (excluding high income),1960,
early-demographic dividend,1960,
east asia & pacific,1960,
europe & central asia (excluding high income),1960,
europe & central asia,1960,
ecuador,1960,15.00000002
"egypt, arab rep.",1960,0.348241999
euro area,1960,
eritrea,1960,2.486690522
spain,1960,60.00000006
estonia,1960,
ethiopia,1960,2.484470001
european union,1960,
fragile and conflict affected situations,1960,
finland,1960,3.200000002
fiji,1960,0.792858
france,1960,4.937060004
faroe islands,1960,6.907140006
"micronesia, fed. sts.",1960,1.0
gabon,1960,245.1951014
united kingdom,1960,0.357142999
georgia,1960,
ghana,1960,7.14e-05
gibraltar,1960,0.357142999
guinea,1960,24.68500002
"gambia, the",1960,1.785710715
guinea-bissau,1960,245.1951014
equatorial guinea,1960,245.1951014
greece,1960,30.0003
grenada,1960,1.714290001
greenland,1960,6.907140006
guatemala,1960,1.0
guam,1960,1.0
guyana,1960,1.714290001
high income,1960,
"hong kong sar, china",1960,5.714300005
honduras,1960,2.000000001
heavily indebted poor countries (hipc),1960,
croatia,1960,
haiti,1960,5.000000004
hungary,1960,
ibrd only,1960,
ida & ibrd total,1960,
ida total,1960,
ida blend,1960,
indonesia,1960,
ida only,1960,
isle of man,1960,0.357142999
india,1960,4.761900004
not classified,1960,
ireland,1960,0.357142999
"iran, islamic rep.",1960,75.75000008
iraq,1960,0.357142999
iceland,1960,0.36190475
israel,1960,0.00018
italy,1960,623.9863359
jamaica,1960,0.714286
jordan,1960,0.357142999
japan,1960,360.0000004
kazakhstan,1960,
kenya,1960,7.142860006
kyrgyz republic,1960,
cambodia,1960,35.0
kiribati,1960,0.892857
st. kitts and nevis,1960,1.714290001
"korea, rep.",1960,63.125
kuwait,1960,0.357142999
latin america & caribbean (excluding high income),1960,
lao pdr,1960,80.00015473
lebanon,1960,3.169349999
liberia,1960,1.0
libya,1960,0.357142999
st. lucia,1960,1.714290001
latin america & caribbean,1960,
least developed countries: un classification,1960,
low income,1960,
liechtenstein,1960,
sri lanka,1960,4.761900004
lower middle income,1960,
low & middle income,1960,
lesotho,1960,0.714286
late-demographic dividend,1960,
lithuania,1960,
luxembourg,1960,50.00000005
latvia,1960,
"macao sar, china",1960,
st. martin (french part),1960,4.937060004
morocco,1960,5.060490004
monaco,1960,4.937060004
moldova,1960,
madagascar,1960,49.37060005
maldives,1960,4.761900004
"middle east, north africa, afghanistan & pakistan",1960,
mexico,1960,0.0125
marshall islands,1960,1.0
middle income,1960,
north macedonia,1960,
mali,1960,245.1951014
malta,1960,0.357142999
myanmar,1960,4.761900004
"middle east, north africa, afghanistan & pakistan (excluding high income)",1960,
montenegro,1960,
mongolia,1960,
northern mariana islands,1960,1.0
mozambique,1960,0.02875
mauritania,1960,4.936991116
mauritius,1960,4.761900004
malawi,1960,0.714285142
malaysia,1960,3.061220002
north america,1960,
namibia,1960,
new caledonia,1960,89.76500009
niger,1960,245.1951014
nigeria,1960,0.714286
nicaragua,1960,2.06e-09
netherlands,1960,3.800000003
norway,1960,7.142860006
nepal,1960,7.500000007
nauru,1960,0.892857
new zealand,1960,0.714287986
oecd members,1960,
oman,1960,0.357142999
other small states,1960,
pakistan,1960,4.761900004
panama,1960,1.0
peru,1960,2.73e-08
philippines,1960,2.014998488
palau,1960,
papua new guinea,1960,0.892857
poland,1960,0.0004
pre-demographic dividend,1960,
puerto rico (us),1960,1.0
"korea, dem. people's rep.",1960,
portugal,1960,28.75000003
paraguay,1960,123.1666667
west bank and gaza,1960,
pacific island small states,1960,
post-demographic dividend,1960,
french polynesia,1960,89.76500009
qatar,1960,
romania,1960,0.0006
russian federation,1960,
rwanda,1960,49.99999995
south asia,1960,
saudi arabia,1960,4.500000004
sudan,1960,0.0003482
senegal,1960,245.1951014
singapore,1960,3.061220002
solomon islands,1960,0.892857
sierra leone,1960,0.000714286
el salvador,1960,2.500000002
san marino,1960,
"somalia, fed. rep.",1960,7.142860006
serbia,1960,
sub-saharan africa (excluding high income),1960,
south sudan,1960,
sub-saharan africa,1960,
small states,1960,
sao tome and principe,1960,0.02875
suriname,1960,0.001885
slovak republic,1960,
slovenia,1960,
sweden,1960,5.173210004
eswatini,1960,0.714286
sint maarten (dutch part),1960,
seychelles,1960,4.761894753
syrian arab republic,1960,3.579999999
turks and caicos islands,1960,1.0
chad,1960,245.1951014
east asia & pacific (ida & ibrd countries),1960,
europe & central asia (ida & ibrd countries),1960,
togo,1960,245.1951014
thailand,1960,21.18177353
tajikistan,1960,
turkmenistan,1960,
latin america & the caribbean (ida & ibrd countries),1960,
timor-leste,1960,1.0
"middle east, north africa, afghanistan & pakistan (ida & ibrd)",1960,
tonga,1960,0.892857
south asia (ida & ibrd),1960,
sub-saharan africa (ida & ibrd countries),1960,
trinidad and tobago,1960,1.714290001
tunisia,1960,0.419999999
turkiye,1960,9.02e-06
tuvalu,1960,
tanzania,1960,7.142860006
uganda,1960,0.07143
ukraine,1960,
upper middle income,1960,
uruguay,1960,1.13e-05
united states,1960,1.0
uzbekistan,1960,
st. vincent and the grenadines,1960,1.714290001
"venezuela, rb",1960,0.003349583
british virgin islands,1960,
virgin islands (u.s.),1960,1.0
viet nam,1960,
vanuatu,1960,89.76500009
world,1960,
samoa,1960,0.71429
kosovo,1960,
"yemen, rep.",1960,
south africa,1960,0.714286
zambia,1960,0.714286
zimbabwe,1960,0.000714286
aruba,1961,
africa eastern and southern,1961,
afghanistan,1961,17.19656069
africa western and central,1961,
angola,1961,2.87e-08
albania,1961,
andorra,1961,
arab world,1961,
united arab emirates,1961,
argentina,1961,
armenia,1961,
american samoa,1961,1.0
antigua and barbuda,1961,1.714290001
australia,1961,0.892857
austria,1961,26.00000003
azerbaijan,1961,
burundi,1961,50.00000005
belgium,1961,50.00000005
benin,1961,245.2601016
burkina faso,1961,245.2601016
bangladesh,1961,
bulgaria,1961,0.00117
bahrain,1961,
"bahamas, the",1961,1.02041
bosnia and herzegovina,1961,
belarus,1961,
belize,1961,1.42857
bermuda,1961,0.85714
bolivia,1961,1.19e-05
brazil,1961,1.17e-13
barbados,1961,1.714290001
brunei darussalam,1961,3.061220002
bhutan,1961,4.761900004
botswana,1961,0.714694435
central african republic,1961,245.2601016
canada,1961,1.013062516
central europe and the baltics,1961,
switzerland,1961,4.372950003
channel islands,1961,0.357142999
chile,1961,0.001050136
china,1961,2.461808899
cote d'ivoire,1961,245.2601016
cameroon,1961,245.2601016
"congo, dem. rep.",1961,1.75e-13
"congo, rep.",1961,245.2601016
colombia,1961,6.7
comoros,1961,245.2580233
cabo verde,1961,28.75000003
costa rica,1961,5.951666672
caribbean small states,1961,
cuba,1961,0.999999999
curacao,1961,
cayman islands,1961,0.714285715
cyprus,1961,0.357142999
czechia,1961,
germany,1961,4.033333336
djibouti,1961,214.3920002
dominica,1961,1.714290001
denmark,1961,6.907140006
dominican republic,1961,1.0
algeria,1961,4.937060004
east asia & pacific (excluding high income),1961,
early-demographic dividend,1961,
east asia & pacific,1961,
europe & central asia (excluding high income),1961,
europe & central asia,1961,
ecuador,1961,16.50000002
"egypt, arab rep.",1961,0.348241999
euro area,1961,
eritrea,1961,2.486690522
spain,1961,60.00000006
estonia,1961,
ethiopia,1961,2.484470001
european union,1961,
fragile and conflict affected situations,1961,
finland,1961,3.200000002
fiji,1961,0.792858
france,1961,4.937060004
faroe islands,1961,6.907140006
"micronesia, fed. sts.",1961,1.0
gabon,1961,245.2601016
united kingdom,1961,0.357142999
georgia,1961,
ghana,1961,7.14e-05
gibraltar,1961,0.357142999
guinea,1961,24.68500002
"gambia, the",1961,1.785710715
guinea-bissau,1961,245.2601016
equatorial guinea,1961,245.2601016
greece,1961,30.00005002
grenada,1961,1.714290001
greenland,1961,6.907140006
guatemala,1961,1.0
guam,1961,1.0
guyana,1961,1.714290001
high income,1961,
"hong kong sar, china",1961,5.714300005
honduras,1961,2.000000001
heavily indebted poor countries (hipc),1961,
croatia,1961,
haiti,1961,5.000000004
hungary,1961,
ibrd only,1961,
ida & ibrd total,1961,
ida total,1961,
ida blend,1961,
indonesia,1961,
ida only,1961,
isle of man,1961,0.357142999
india,1961,4.761900004
not classified,1961,
ireland,1961,0.357142999
"iran, islamic rep.",1961,75.75000008
iraq,1961,0.357142999
iceland,1961,0.400833333
israel,1961,0.00018
italy,1961,625.0000006
jamaica,1961,0.714286
jordan,1961,0.357142999
japan,1961,360.0000004
kazakhstan,1961,
kenya,1961,7.142860006
kyrgyz republic,1961,
cambodia,1961,35.0
kiribati,1961,0.892857
st. kitts and nevis,1961,1.714290001
"korea, rep.",1961,124.7916667
kuwait,1961,0.357142999
latin america & caribbean (excluding high income),1961,
lao pdr,1961,80.00015473
lebanon,1961,3.078616666
liberia,1961,1.0
libya,1961,0.357142999
st. lucia,1961,1.714290001
latin america & caribbean,1961,
least developed countries: un classification,1961,
low income,1961,
liechtenstein,1961,
sri lanka,1961,4.761900004
lower middle income,1961,
low & middle income,1961,
lesotho,1961,0.714286
late-demographic dividend,1961,
lithuania,1961,
luxembourg,1961,50.00000005
latvia,1961,
"macao sar, china",1961,
st. martin (french part),1961,4.937060004
morocco,1961,5.060490004
monaco,1961,4.937060004
moldova,1961,
madagascar,1961,49.37060005
maldives,1961,4.761900004
"middle east, north africa, afghanistan & pakistan",1961,
mexico,1961,0.0125
marshall islands,1961,1.0
middle income,1961,
north macedonia,1961,
mali,1961,245.2601016
malta,1961,0.357142999
myanmar,1961,4.761900004
"middle east, north africa, afghanistan & pakistan (excluding high income)",1961,
montenegro,1961,
mongolia,1961,
northern mariana islands,1961,1.0
mozambique,1961,0.02875
mauritania,1961,4.936991116
mauritius,1961,4.761900004
malawi,1961,0.714285142
malaysia,1961,3.061220002
north america,1961,
namibia,1961,
new caledonia,1961,89.76500009
niger,1961,245.2601016
nigeria,1961,0.714286
nicaragua,1961,2.06e-09
netherlands,1961,3.650000003
norway,1961,7.142860006
nepal,1961,7.619000007
nauru,1961,0.892857
new zealand,1961,0.715514156
oecd members,1961,
oman,1961,0.357142999
other small states,1961,
pakistan,1961,4.761900004
panama,1961,1.0
peru,1961,2.68e-08
philippines,1961,2.019997984
palau,1961,
papua new guinea,1961,0.892857
poland,1961,0.0004
pre-demographic dividend,1961,
puerto rico (us),1961,1.0
"korea, dem. people's rep.",1961,
portugal,1961,28.75000003
paraguay,1961,126.0
west bank and gaza,1961,
pacific island small states,1961,
post-demographic dividend,1961,
french polynesia,1961,89.76500009
qatar,1961,
romania,1961,0.0006
russian federation,1961,
rwanda,1961,49.99999995
south asia,1961,
saudi arabia,1961,4.500000004
sudan,1961,0.0003482
senegal,1961,245.2601016
singapore,1961,3.061220002
solomon islands,1961,0.892857
sierra leone,1961,0.000714286
el salvador,1961,2.500000002
san marino,1961,
"somalia, fed. rep.",1961,7.142860006
serbia,1961,
sub-saharan africa (excluding high income),1961,
south sudan,1961,
sub-saharan africa,1961,
small states,1961,
sao tome and principe,1961,0.02875
suriname,1961,0.001885
slovak republic,1961,
slovenia,1961,
sweden,1961,5.173210004
eswatini,1961,0.714286
sint maarten (dutch part),1961,
seychelles,1961,4.761894753
syrian arab republic,1961,3.579999999
turks and caicos islands,1961,1.0
chad,1961,245.2601016
east asia & pacific (ida & ibrd countries),1961,
europe & central asia (ida & ibrd countries),1961,
togo,1961,245.2601016
thailand,1961,21.05843958
tajikistan,1961,
turkmenistan,1961,
latin america & the caribbean (ida & ibrd countries),1961,
timor-leste,1961,1.0
"middle east, north africa, afghanistan & pakistan (ida & ibrd)",1961,
tonga,1961,0.892857
south asia (ida & ibrd),1961,
sub-saharan africa (ida & ibrd countries),1961,
trinidad and tobago,1961,1.714290001
tunisia,1961,0.419999999
turkiye,1961,9.02e-06
tuvalu,1961,
tanzania,1961,7.142860006
uganda,1961,0.07143
ukraine,1961,
upper middle income,1961,
uruguay,1961,1.1e-05
united states,1961,1.0
uzbekistan,1961,
st. vincent and the grenadines,1961,1.714290001
"venezuela, rb",1961,0.003349833
british virgin islands,1961,
virgin islands (u.s.),1961,1.0
viet nam,1961,
vanuatu,1961,89.76500009
world,1961,
samoa,1961,0.715515
kosovo,1961,
"yemen, rep.",1961,
south africa,1961,0.714286
zambia,1961,0.714286
zimbabwe,1961,0.000714286
aruba,1962,
africa eastern and southern,1962,
afghanistan,1962,17.19656069
africa western and central,1962,
angola,1962,2.87e-08
albania,1962,
andorra,1962,
arab world,1962,
united arab emirates,1962,
argentina,1962,
armenia,1962,
american samoa,1962,1.0
antigua and barbuda,1962,1.714290001
australia,1962,0.892857
austria,1962,26.00000003
azerbaijan,1962,
burundi,1962,50.00000005
belgium,1962,50.00000005
benin,1962,245.0138507
burkina faso,1962,245.0138507
bangladesh,1962,
bulgaria,1962,0.00117
bahrain,1962,
"bahamas, the",1962,1.02041
bosnia and herzegovina,1962,
belarus,1962,
belize,1962,1.42857
bermuda,1962,0.85714
bolivia,1962,1.19e-05
brazil,1962,1.68e-13
barbados,1962,1.714290001
brunei darussalam,1962,3.061220002
bhutan,1962,4.761900004
botswana,1962,0.713265494
central african republic,1962,245.0138507
canada,1962,1.068769224
central europe and the baltics,1962,
switzerland,1962,4.372950003
channel islands,1962,0.357142999
chile,1962,0.001057636
china,1962,2.461808899
cote d'ivoire,1962,245.0138507
cameroon,1962,245.0138507
"congo, dem. rep.",1962,2.1e-13
"congo, rep.",1962,245.0138507
colombia,1962,6.961666667
comoros,1962,245.0117745
cabo verde,1962,28.75000003
costa rica,1962,6.625000006
caribbean small states,1962,
cuba,1962,0.999999999
curacao,1962,
cayman islands,1962,0.714285715
cyprus,1962,0.357142999
czechia,1962,
germany,1962,4.000000003
djibouti,1962,214.3920002
dominica,1962,1.714290001
denmark,1962,6.907140006
dominican republic,1962,1.0
algeria,1962,4.937060004
east asia & pacific (excluding high income),1962,
early-demographic dividend,1962,
east asia & pacific,1962,
europe & central asia (excluding high income),1962,
europe & central asia,1962,
ecuador,1962,18.00000002
"egypt, arab rep.",1962,0.404489125
euro area,1962,
eritrea,1962,2.486690522
spain,1962,60.00000006
estonia,1962,
ethiopia,1962,2.484470001
european union,1962,
fragile and conflict affected situations,1962,
finland,1962,3.200000002
fiji,1962,0.792858
france,1962,4.937060004
faroe islands,1962,6.907140006
"micronesia, fed. sts.",1962,1.0
gabon,1962,245.0138507
united kingdom,1962,0.357142999
georgia,1962,
ghana,1962,7.14e-05
gibraltar,1962,0.357142999
guinea,1962,24.68500002
"gambia, the",1962,1.785710715
guinea-bissau,1962,245.0138507
equatorial guinea,1962,245.0138507
greece,1962,30.00000003
grenada,1962,1.714290001
greenland,1962,6.907140006
guatemala,1962,1.0
guam,1962,1.0
guyana,1962,1.714290001
high income,1962,
"hong kong sar, china",1962,5.714300005
honduras,1962,2.000000001
heavily indebted poor countries (hipc),1962,
croatia,1962,
haiti,1962,5.000000004
hungary,1962,
ibrd only,1962,
ida & ibrd total,1962,
ida total,1962,
ida blend,1962,
indonesia,1962,
ida only,1962,
isle of man,1962,0.357142999
india,1962,4.761900004
not classified,1962,
ireland,1962,0.357142999
"iran, islamic rep.",1962,75.75000008
iraq,1962,0.357142999
iceland,1962,0.43
israel,1962,0.000289999
italy,1962,625.0000006
jamaica,1962,0.714286
jordan,1962,0.357142999
japan,1962,360.0000004
kazakhstan,1962,
kenya,1962,7.142860006
kyrgyz republic,1962,
cambodia,1962,35.0
kiribati,1962,0.892857
st. kitts and nevis,1962,1.714290001
"korea, rep.",1962,130.0
kuwait,1962,0.357142999
latin america & caribbean (excluding high income),1962,
lao pdr,1962,80.00015473
lebanon,1962,3.009041666
liberia,1962,1.0
libya,1962,0.357142999
st. lucia,1962,1.714290001
latin america & caribbean,1962,
least developed countries: un classification,1962,
low income,1962,
liechtenstein,1962,
sri lanka,1962,4.761900004
lower middle income,1962,
low & middle income,1962,
lesotho,1962,0.714286
late-demographic dividend,1962,
lithuania,1962,
luxembourg,1962,50.00000005
latvia,1962,
"macao sar, china",1962,
st. martin (french part),1962,4.937060004
morocco,1962,5.060490004
monaco,1962,4.937060004
moldova,1962,
madagascar,1962,49.37060005
maldives,1962,4.761900004
"middle east, north africa, afghanistan & pakistan",1962,
mexico,1962,0.0125
marshall islands,1962,1.0
middle income,1962,
north macedonia,1962,
mali,1962,245.0138507
malta,1962,0.357142999
myanmar,1962,4.761900004
"middle east, north africa, afghanistan & pakistan (excluding high income)",1962,
montenegro,1962,
mongolia,1962,
northern mariana islands,1962,1.0
mozambique,1962,0.02875
mauritania,1962,4.936991116
mauritius,1962,4.761900004
malawi,1962,0.714285142
malaysia,1962,3.061220002
north america,1962,
namibia,1962,0.713265494
new caledonia,1962,89.76500009
niger,1962,245.0138507
nigeria,1962,0.714286
nicaragua,1962,2.06e-09
netherlands,1962,3.620000003
norway,1962,7.142860006
nepal,1962,7.619000007
nauru,1962,0.892857
new zealand,1962,0.719194
oecd members,1962,
oman,1962,0.357142999
other small states,1962,
pakistan,1962,4.761900004
panama,1962,1.0
peru,1962,2.68e-08
philippines,1962,3.727851578
palau,1962,
papua new guinea,1962,0.892857
poland,1962,0.0004
pre-demographic dividend,1962,
puerto rico (us),1962,1.0
"korea, dem. people's rep.",1962,
portugal,1962,28.75000003
paraguay,1962,126.0
west bank and gaza,1962,
pacific island small states,1962,
post-demographic dividend,1962,
french polynesia,1962,89.76500009
qatar,1962,
romania,1962,0.0006
russian federation,1962,
rwanda,1962,49.99999995
south asia,1962,
saudi arabia,1962,4.500000004
sudan,1962,0.0003482
senegal,1962,245.0138507
singapore,1962,3.061220002
solomon islands,1962,0.892857
sierra leone,1962,0.000714286
el salvador,1962,2.500000002
san marino,1962,
"somalia, fed. rep.",1962,7.142860006
serbia,1962,
sub-saharan africa (excluding high income),1962,
south sudan,1962,
sub-saharan africa,1962,
small states,1962,
sao tome and principe,1962,0.02875
suriname,1962,0.001885
slovak republic,1962,
slovenia,1962,
sweden,1962,5.173210004
eswatini,1962,0.714286
sint maarten (dutch part),1962,
seychelles,1962,4.761894753
syrian arab republic,1962,3.689999999
turks and caicos islands,1962,1.0
chad,1962,245.0138507
east asia & pacific (ida & ibrd countries),1962,
europe & central asia (ida & ibrd countries),1962,
togo,1962,245.0138507
thailand,1962,20.88010535
tajikistan,1962,
turkmenistan,1962,
latin america & the caribbean (ida & ibrd countries),1962,
timor-leste,1962,1.0
"middle east, north africa, afghanistan & pakistan (ida & ibrd)",1962,
tonga,1962,0.892857
south asia (ida & ibrd),1962,
sub-saharan africa (ida & ibrd countries),1962,
trinidad and tobago,1962,1.714290001
tunisia,1962,0.419999999
turkiye,1962,9.02e-06
tuvalu,1962,
tanzania,1962,7.142860006
uganda,1962,0.07143
ukraine,1962,
upper middle income,1962,
uruguay,1962,1.1e-05
united states,1962,1.0
uzbekistan,1962,
st. vincent and the grenadines,1962,1.714290001
"venezuela, rb",1962,0.003349667
british virgin islands,1962,
virgin islands (u.s.),1962,1.0
viet nam,1962,
vanuatu,1962,89.76500009
world,1962,
samoa,1962,0.71919
kosovo,1962,
"yemen, rep.",1962,
south africa,1962,0.714286
zambia,1962,0.714286
zimbabwe,1962,0.000714286
aruba,1963,
africa eastern and southern,1963,
afghanistan,1963,35.10964474
africa western and central,1963,
angola,1963,2.88e-08
albania,1963,
andorra,1963,
arab world,1963,
united arab emirates,1963,
argentina,1963,1.39e-11
armenia,1963,
american samoa,1963,1.0
antigua and barbuda,1963,1.714290001
australia,1963,0.892857
austria,1963,26.00000003
azerbaijan,1963,
burundi,1963,50.00000005
belgium,1963,50.00000005
benin,1963,245.0163507
burkina faso,1963,245.0163507
bangladesh,1963,
bulgaria,1963,0.00117
bahrain,1963,
"bahamas, the",1963,1.02041
bosnia and herzegovina,1963,
belarus,1963,
belize,1963,1.42857
bermuda,1963,0.85714
bolivia,1963,1.19e-05
brazil,1963,2.49e-13
barbados,1963,1.714290001
brunei darussalam,1963,3.061220002
bhutan,1963,4.761900004
botswana,1963,0.715287185
central african republic,1963,245.0163507
canada,1963,1.078514344
central europe and the baltics,1963,
switzerland,1963,4.372950003
channel islands,1963,0.357142999
chile,1963,0.001621786
china,1963,2.461808899
cote d'ivoire,1963,245.0163507
cameroon,1963,245.0163507
"congo, dem. rep.",1963,2.53e-13
"congo, rep.",1963,245.0163507
colombia,1963,9.0
comoros,1963,245.0142744
cabo verde,1963,28.75000003
costa rica,1963,6.625000006
caribbean small states,1963,
cuba,1963,0.999999999
curacao,1963,
cayman islands,1963,0.714285715
cyprus,1963,0.357142999
czechia,1963,
germany,1963,4.000000003
djibouti,1963,214.3920002
dominica,1963,1.714290001
denmark,1963,6.907140006
dominican republic,1963,1.0
algeria,1963,4.937060004
east asia & pacific (excluding high income),1963,
early-demographic dividend,1963,
east asia & pacific,1963,
europe & central asia (excluding high income),1963,
europe & central asia,1963,
ecuador,1963,18.00000002
"egypt, arab rep.",1963,0.434782609
euro area,1963,
eritrea,1963,2.487983327
spain,1963,60.00000006
estonia,1963,
ethiopia,1963,2.484470001
european union,1963,
fragile and conflict affected situations,1963,
finland,1963,3.200000002
fiji,1963,0.792858
france,1963,4.937060004
faroe islands,1963,6.907140006
"micronesia, fed. sts.",1963,1.0
gabon,1963,245.0163507
united kingdom,1963,0.357142999
georgia,1963,
ghana,1963,7.14e-05
gibraltar,1963,0.357142999
guinea,1963,24.68500002
"gambia, the",1963,1.785710715
guinea-bissau,1963,245.0163507
equatorial guinea,1963,245.0163507
greece,1963,30.00000003
grenada,1963,1.714290001
greenland,1963,6.907140006
guatemala,1963,1.0
guam,1963,1.0
guyana,1963,1.714290001
high income,1963,
"hong kong sar, china",1963,5.714300005
honduras,1963,2.000000001
heavily indebted poor countries (hipc),1963,
croatia,1963,
haiti,1963,5.000000004
hungary,1963,
ibrd only,1963,
ida & ibrd total,1963,
ida total,1963,
ida blend,1963,
indonesia,1963,
ida only,1963,
isle of man,1963,0.357142999
india,1963,4.761900004
not classified,1963,
ireland,1963,0.357142999
"iran, islamic rep.",1963,75.75000008
iraq,1963,0.357142999
iceland,1963,0.43
israel,1963,0.000299999
italy,1963,625.0000006
jamaica,1963,0.714286
jordan,1963,0.357142999
japan,1963,360.0000004
kazakhstan,1963,
kenya,1963,7.142860006
kyrgyz republic,1963,
cambodia,1963,35.0
kiribati,1963,0.892857
st. kitts and nevis,1963,1.714290001
"korea, rep.",1963,130.0
kuwait,1963,0.357142999
latin america & caribbean (excluding high income),1963,
lao pdr,1963,80.00015473
lebanon,1963,3.097291666
liberia,1963,1.0
libya,1963,0.357142999
st. lucia,1963,1.714290001
latin america & caribbean,1963,
least developed countries: un classification,1963,
low income,1963,
liechtenstein,1963,
sri lanka,1963,4.761900004
lower middle income,1963,
low & middle income,1963,
lesotho,1963,0.714286
late-demographic dividend,1963,
lithuania,1963,
luxembourg,1963,50.00000005
latvia,1963,
"macao sar, china",1963,
st. martin (french part),1963,4.937060004
morocco,1963,5.060490004
monaco,1963,4.937060004
moldova,1963,
madagascar,1963,49.37060005
maldives,1963,4.761900004
"middle east, north africa, afghanistan & pakistan",1963,
mexico,1963,0.0125
marshall islands,1963,1.0
middle income,1963,
north macedonia,1963,
mali,1963,245.0163507
malta,1963,0.357142999
myanmar,1963,4.761900004
"middle east, north africa, afghanistan & pakistan (excluding high income)",1963,
montenegro,1963,
mongolia,1963,
northern mariana islands,1963,1.0
mozambique,1963,0.02875
mauritania,1963,4.936991116
mauritius,1963,4.761900004
malawi,1963,0.714285142
malaysia,1963,3.061220002
north america,1963,
namibia,1963,0.715287185
new caledonia,1963,89.76500009
niger,1963,245.0163507
nigeria,1963,0.714286
nicaragua,1963,2.06e-09
netherlands,1963,3.620000003
norway,1963,7.142860006
nepal,1963,7.619000007
nauru,1963,0.892857
new zealand,1963,0.719194
oecd members,1963,
oman,1963,0.357142999
other small states,1963,
pakistan,1963,4.761900004
panama,1963,1.0
peru,1963,2.68e-08
philippines,1963,3.910423146
palau,1963,
papua new guinea,1963,0.892857
poland,1963,0.0004
pre-demographic dividend,1963,
puerto rico (us),1963,1.0
"korea, dem. people's rep.",1963,
portugal,1963,28.75000003
paraguay,1963,126.0
west bank and gaza,1963,
pacific island small states,1963,
post-demographic dividend,1963,
french polynesia,1963,89.76500009
qatar,1963,
romania,1963,0.0006
russian federation,1963,
rwanda,1963,49.99999995
south asia,1963,
saudi arabia,1963,4.500000004
sudan,1963,0.0003482
senegal,1963,245.0163507
singapore,1963,3.061220002
solomon islands,1963,0.892857
sierra leone,1963,0.000714286
el salvador,1963,2.500000002
san marino,1963,
"somalia, fed. rep.",1963,7.142860006
serbia,1963,
sub-saharan africa (excluding high income),1963,
south sudan,1963,
sub-saharan africa,1963,
small states,1963,
sao tome and principe,1963,0.02875
suriname,1963,0.001885
slovak republic,1963,
slovenia,1963,
sweden,1963,5.173210004
eswatini,1963,0.714286
sint maarten (dutch part),1963,
seychelles,1963,4.761894753
syrian arab republic,1963,3.819999999
turks and caicos islands,1963,1.0
chad,1963,245.0163507
east asia & pacific (ida & ibrd countries),1963,
europe & central asia (ida & ibrd countries),1963,
togo,1963,245.0163507
thailand,1963,20.83007886
tajikistan,1963,
turkmenistan,1963,
latin america & the caribbean (ida & ibrd countries),1963,
timor-leste,1963,1.0
"middle east, north africa, afghanistan & pakistan (ida & ibrd)",1963,
tonga,1963,0.892857
south asia (ida & ibrd),1963,
sub-saharan africa (ida & ibrd countries),1963,
trinidad and tobago,1963,1.714290001
tunisia,1963,0.419999999
turkiye,1963,9.02e-06
tuvalu,1963,
tanzania,1963,7.142860006
uganda,1963,0.07143
ukraine,1963,
upper middle income,1963,
uruguay,1963,1.46e-05
united states,1963,1.0
uzbekistan,1963,
st. vincent and the grenadines,1963,1.714290001
"venezuela, rb",1963,0.003349667
british virgin islands,1963,
virgin islands (u.s.),1963,1.0
viet nam,1963,
vanuatu,1963,89.76500009
world,1963,
samoa,1963,0.71919
kosovo,1963,
"yemen, rep.",1963,
south africa,1963,0.714286
zambia,1963,0.714286
zimbabwe,1963,0.000714286
aruba,1964,
africa eastern and southern,1964,
afghanistan,1964,38.69226155
africa western and central,1964,
angola,1964,2.88e-08
albania,1964,
andorra,1964,
arab world,1964,
united arab emirates,1964,
argentina,1964,1.4e-11
armenia,1964,
american samoa,1964,1.0
antigua and barbuda,1964,1.714290001
australia,1964,0.892857
austria,1964,26.00000003
azerbaijan,1964,
burundi,1964,50.00000005
belgium,1964,50.00000005
benin,1964,245.0271841
burkina faso,1964,245.0271841
bangladesh,1964,
bulgaria,1964,0.00117
bahrain,1964,
"bahamas, the",1964,1.02041
bosnia and herzegovina,1964,
belarus,1964,
belize,1964,1.42857
bermuda,1964,0.85714
bolivia,1964,1.19e-05
brazil,1964,5.42e-13
barbados,1964,1.714290001
brunei darussalam,1964,3.061220002
bhutan,1964,4.761900004
botswana,1964,0.717258646
central african republic,1964,245.0271841
canada,1964,1.078598419
central europe and the baltics,1964,
switzerland,1964,4.372950003
channel islands,1964,0.357142999
chile,1964,0.002307433
china,1964,2.461808899
cote d'ivoire,1964,245.0271841
cameroon,1964,245.0271841
"congo, dem. rep.",1964,5.5e-13
"congo, rep.",1964,245.0271841
colombia,1964,9.0
comoros,1964,245.0251077
cabo verde,1964,28.75000003
costa rica,1964,6.625000006
caribbean small states,1964,
cuba,1964,0.999999999
curacao,1964,
cayman islands,1964,0.714285715
cyprus,1964,0.357142999
czechia,1964,
germany,1964,4.000000003
djibouti,1964,214.3920002
dominica,1964,1.714290001
denmark,1964,6.907140006
dominican republic,1964,1.0
algeria,1964,4.937060004
east asia & pacific (excluding high income),1964,
early-demographic dividend,1964,
east asia & pacific,1964,
europe & central asia (excluding high income),1964,
europe & central asia,1964,
ecuador,1964,18.00000002
"egypt, arab rep.",1964,0.434782609
euro area,1964,
eritrea,1964,2.502204188
spain,1964,60.00000006
estonia,1964,
ethiopia,1964,2.500000002
european union,1964,
fragile and conflict affected situations,1964,
finland,1964,3.200000002
fiji,1964,0.792858
france,1964,4.937060004
faroe islands,1964,6.907140006
"micronesia, fed. sts.",1964,1.0
gabon,1964,245.0271841
united kingdom,1964,0.357142999
georgia,1964,
ghana,1964,7.14e-05
gibraltar,1964,0.357142999
guinea,1964,24.68500002
"gambia, the",1964,1.785710715
guinea-bissau,1964,245.0271841
equatorial guinea,1964,245.0271841
greece,1964,30.00000003
grenada,1964,1.714290001
greenland,1964,6.907140006
guatemala,1964,1.0
guam,1964,1.0
guyana,1964,1.714290001
high income,1964,
"hong kong sar, china",1964,5.714300005
honduras,1964,2.000000001
heavily indebted poor countries (hipc),1964,
croatia,1964,
haiti,1964,5.000000004
hungary,1964,
ibrd only,1964,
ida & ibrd total,1964,
ida total,1964,
ida blend,1964,
indonesia,1964,
ida only,1964,
isle of man,1964,0.357142999
india,1964,4.761900004
not classified,1964,
ireland,1964,0.357142999
"iran, islamic rep.",1964,75.75000008
iraq,1964,0.357142999
iceland,1964,0.43
israel,1964,0.000299999
italy,1964,625.0000006
jamaica,1964,0.714286
jordan,1964,0.357142999
japan,1964,360.0000004
kazakhstan,1964,
kenya,1964,7.142860006
kyrgyz republic,1964,
cambodia,1964,35.0
kiribati,1964,0.892857
st. kitts and nevis,1964,1.714290001
"korea, rep.",1964,213.8466667
kuwait,1964,0.357142999
latin america & caribbean (excluding high income),1964,
lao pdr,1964,240.0004642
lebanon,1964,3.073658332
liberia,1964,1.0
libya,1964,0.357142999
st. lucia,1964,1.714290001
latin america & caribbean,1964,
least developed countries: un classification,1964,
low income,1964,
liechtenstein,1964,
sri lanka,1964,4.761900004
lower middle income,1964,
low & middle income,1964,
lesotho,1964,0.714286
late-demographic dividend,1964,
lithuania,1964,
luxembourg,1964,50.00000005
latvia,1964,
"macao sar, china",1964,
st. martin (french part),1964,4.937060004
morocco,1964,5.060490004
monaco,1964,4.937060004
moldova,1964,
madagascar,1964,49.37060005
maldives,1964,4.761900004
"middle east, north africa, afghanistan & pakistan",1964,
mexico,1964,0.0125
marshall islands,1964,1.0
middle income,1964,
north macedonia,1964,
mali,1964,245.0271841
malta,1964,0.357142999
myanmar,1964,4.761900004
"middle east, north africa, afghanistan & pakistan (excluding high income)",1964,
montenegro,1964,
mongolia,1964,
northern mariana islands,1964,1.0
mozambique,1964,0.02875
mauritania,1964,4.936991116
mauritius,1964,4.761900004
malawi,1964,0.714285142
malaysia,1964,3.061220002
north america,1964,
namibia,1964,0.717258646
new caledonia,1964,89.76500009
niger,1964,245.0271841
nigeria,1964,0.714286
nicaragua,1964,2.06e-09
netherlands,1964,3.620000003
norway,1964,7.142860006
nepal,1964,7.619000007
nauru,1964,0.892857
new zealand,1964,0.719194
oecd members,1964,
oman,1964,0.357142999
other small states,1964,
pakistan,1964,4.761900004
panama,1964,1.0
peru,1964,2.68e-08
philippines,1964,3.910007288
palau,1964,
papua new guinea,1964,0.892857
poland,1964,0.0004
pre-demographic dividend,1964,
puerto rico (us),1964,1.0
"korea, dem. people's rep.",1964,
portugal,1964,28.75000003
paraguay,1964,126.0
west bank and gaza,1964,
pacific island small states,1964,
post-demographic dividend,1964,
french polynesia,1964,89.76500009
qatar,1964,
romania,1964,0.0006
russian federation,1964,
rwanda,1964,49.99999995
south asia,1964,
saudi arabia,1964,4.500000004
sudan,1964,0.0003482
senegal,1964,245.0271841
singapore,1964,3.061220002
solomon islands,1964,0.892857
sierra leone,1964,0.000714286
el salvador,1964,2.500000002
san marino,1964,
"somalia, fed. rep.",1964,7.142860006
serbia,1964,
sub-saharan africa (excluding high income),1964,
south sudan,1964,
sub-saharan africa,1964,
small states,1964,
sao tome and principe,1964,0.02875
suriname,1964,0.001885
slovak republic,1964,
slovenia,1964,
sweden,1964,5.173210004
eswatini,1964,0.714286
sint maarten (dutch part),1964,
seychelles,1964,4.761894753
syrian arab republic,1964,3.819999999
turks and caicos islands,1964,1.0
chad,1964,245.0271841
east asia & pacific (ida & ibrd countries),1964,
europe & central asia (ida & ibrd countries),1964,
togo,1964,245.0271841
thailand,1964,20.80000002
tajikistan,1964,
turkmenistan,1964,
latin america & the caribbean (ida & ibrd countries),1964,
timor-leste,1964,1.0
"middle east, north africa, afghanistan & pakistan (ida & ibrd)",1964,
tonga,1964,0.892857
south asia (ida & ibrd),1964,
sub-saharan africa (ida & ibrd countries),1964,
trinidad and tobago,1964,1.714290001
tunisia,1964,0.446249999
turkiye,1964,9.04e-06
tuvalu,1964,
tanzania,1964,7.142860006
uganda,1964,0.07143
ukraine,1964,
upper middle income,1964,
uruguay,1964,1.64e-05
united states,1964,1.0
uzbekistan,1964,
st. vincent and the grenadines,1964,1.714290001
"venezuela, rb",1964,0.00435
british virgin islands,1964,
virgin islands (u.s.),1964,1.0
viet nam,1964,
vanuatu,1964,89.76500009
world,1964,
samoa,1964,0.71919
kosovo,1964,
"yemen, rep.",1964,
south africa,1964,0.714286
zambia,1964,0.714286
zimbabwe,1964,0.000714286
aruba,1965,
africa eastern and southern,1965,
afghanistan,1965,38.69226155
africa western and central,1965,
angola,1965,2.88e-08
albania,1965,
andorra,1965,
arab world,1965,
united arab emirates,1965,
argentina,1965,1.7e-11
armenia,1965,
american samoa,1965,1.0
antigua and barbuda,1965,1.714290001
australia,1965,0.892857
austria,1965,26.00000003
azerbaijan,1965,
burundi,1965,84.37500008
belgium,1965,50.00000005
benin,1965,245.0609342
burkina faso,1965,245.0609342
bangladesh,1965,
bulgaria,1965,0.00117
bahrain,1965,
"bahamas, the",1965,1.02041
bosnia and herzegovina,1965,
belarus,1965,
belize,1965,1.42857
bermuda,1965,0.85714
bolivia,1965,1.19e-05
brazil,1965,8.22e-13
barbados,1965,1.714290001
brunei darussalam,1965,3.061220002
bhutan,1965,4.761900004
botswana,1965,0.716334401
central african republic,1965,245.0609342
canada,1965,1.077984284
central europe and the baltics,1965,
switzerland,1965,4.372950003
channel islands,1965,0.357142999
chile,1965,0.003156658
china,1965,2.461808899
cote d'ivoire,1965,245.0609342
cameroon,1965,245.0609342
"congo, dem. rep.",1965,5.5e-13
"congo, rep.",1965,245.0609342
colombia,1965,10.5
comoros,1965,245.0588576
cabo verde,1965,28.75000003
costa rica,1965,6.625000006
caribbean small states,1965,
cuba,1965,0.999999999
curacao,1965,
cayman islands,1965,0.714285715
cyprus,1965,0.357142999
czechia,1965,
germany,1965,4.000000003
djibouti,1965,214.3920002
dominica,1965,1.714290001
denmark,1965,6.907140006
dominican republic,1965,1.0
algeria,1965,4.937060004
east asia & pacific (excluding high income),1965,
early-demographic dividend,1965,
east asia & pacific,1965,
europe & central asia (excluding high income),1965,
europe & central asia,1965,
ecuador,1965,18.00000002
"egypt, arab rep.",1965,0.434782609
euro area,1965,
eritrea,1965,2.502204188
spain,1965,60.00000006
estonia,1965,
ethiopia,1965,2.500000002
european union,1965,
fragile and conflict affected situations,1965,
finland,1965,3.200000002
fiji,1965,0.792858
france,1965,4.937060004
faroe islands,1965,6.907140006
"micronesia, fed. sts.",1965,1.0
gabon,1965,245.0609342
united kingdom,1965,0.357142999
georgia,1965,
ghana,1965,7.14e-05
gibraltar,1965,0.357142999
guinea,1965,24.68500002
"gambia, the",1965,1.785710715
guinea-bissau,1965,245.0609342
equatorial guinea,1965,245.0609342
greece,1965,30.00000003
grenada,1965,1.714290001
greenland,1965,6.907140006
guatemala,1965,1.0
guam,1965,1.0
guyana,1965,1.714290001
high income,1965,
"hong kong sar, china",1965,5.714300005
honduras,1965,2.000000001
heavily indebted poor countries (hipc),1965,
croatia,1965,
haiti,1965,5.000000004
hungary,1965,
ibrd only,1965,
ida & ibrd total,1965,
ida total,1965,
ida blend,1965,
indonesia,1965,
ida only,1965,
isle of man,1965,0.357142999
india,1965,4.761900004
not classified,1965,
ireland,1965,0.357142999
"iran, islamic rep.",1965,75.75000008
iraq,1965,0.357142999
iceland,1965,0.43
israel,1965,0.000299999
italy,1965,625.0000006
jamaica,1965,0.714286
jordan,1965,0.357142999
japan,1965,360.0000004
kazakhstan,1965,
kenya,1965,7.142860006
kyrgyz republic,1965,
cambodia,1965,35.0
kiribati,1965,0.892857
st. kitts and nevis,1965,1.714290001
"korea, rep.",1965,266.27
kuwait,1965,0.357142999
latin america & caribbean (excluding high income),1965,
lao pdr,1965,240.0004642
lebanon,1965,3.071849999
liberia,1965,1.0
libya,1965,0.357142999
st. lucia,1965,1.714290001
latin america & caribbean,1965,
least developed countries: un classification,1965,
low income,1965,
liechtenstein,1965,
sri lanka,1965,4.761900004
lower middle income,1965,
low & middle income,1965,
lesotho,1965,0.714286
late-demographic dividend,1965,
lithuania,1965,
luxembourg,1965,50.00000005
latvia,1965,
"macao sar, china",1965,
st. martin (french part),1965,4.937060004
morocco,1965,5.060490004
monaco,1965,4.937060004
moldova,1965,
madagascar,1965,49.37060005
maldives,1965,4.761900004
"middle east, north africa, afghanistan & pakistan",1965,
mexico,1965,0.0125
marshall islands,1965,1.0
middle income,1965,
north macedonia,1965,
mali,1965,245.0609342
malta,1965,0.357142999
myanmar,1965,4.761900004
"middle east, north africa, afghanistan & pakistan (excluding high income)",1965,
montenegro,1965,
mongolia,1965,
northern mariana islands,1965,1.0
mozambique,1965,0.02875
mauritania,1965,4.936991116
mauritius,1965,4.761900004
malawi,1965,0.714285142
malaysia,1965,3.061220002
north america,1965,
namibia,1965,0.716334401
new caledonia,1965,89.76500009
niger,1965,245.0609342
nigeria,1965,0.714286
nicaragua,1965,2.06e-09
netherlands,1965,3.620000003
norway,1965,7.142860006
nepal,1965,7.619000007
nauru,1965,0.892857
new zealand,1965,0.719194
oecd members,1965,
oman,1965,0.357142999
other small states,1965,
pakistan,1965,4.761900004
panama,1965,1.0
peru,1965,2.68e-08
philippines,1965,3.909173347
palau,1965,
papua new guinea,1965,0.892857
poland,1965,0.0004
pre-demographic dividend,1965,
puerto rico (us),1965,1.0
"korea, dem. people's rep.",1965,
portugal,1965,28.75000003
paraguay,1965,126.0
west bank and gaza,1965,
pacific island small states,1965,
post-demographic dividend,1965,
french polynesia,1965,89.76500009
qatar,1965,
romania,1965,0.0006
russian federation,1965,
rwanda,1965,49.99999995
south asia,1965,
saudi arabia,1965,4.500000004
sudan,1965,0.0003482
senegal,1965,245.0609342
singapore,1965,3.061220002
solomon islands,1965,0.892857
sierra leone,1965,0.000714286
el salvador,1965,2.500000002
san marino,1965,
"somalia, fed. rep.",1965,7.142860006
serbia,1965,
sub-saharan africa (excluding high income),1965,
south sudan,1965,
sub-saharan africa,1965,
small states,1965,
sao tome and principe,1965,0.02875
suriname,1965,0.001885
slovak republic,1965,
slovenia,1965,
sweden,1965,5.173210004
eswatini,1965,0.714286
sint maarten (dutch part),1965,
seychelles,1965,4.761894753
syrian arab republic,1965,3.819999999
turks and caicos islands,1965,1.0
chad,1965,245.0609342
east asia & pacific (ida & ibrd countries),1965,
europe & central asia (ida & ibrd countries),1965,
togo,1965,245.0609342
thailand,1965,20.80000002
tajikistan,1965,
turkmenistan,1965,
latin america & the caribbean (ida & ibrd countries),1965,
timor-leste,1965,1.0
"middle east, north africa, afghanistan & pakistan (ida & ibrd)",1965,
tonga,1965,0.892857
south asia (ida & ibrd),1965,
sub-saharan africa (ida & ibrd countries),1965,
trinidad and tobago,1965,1.714290001
tunisia,1965,0.525
turkiye,1965,9.04e-06
tuvalu,1965,
tanzania,1965,7.142860006
uganda,1965,0.07143
ukraine,1965,
upper middle income,1965,
uruguay,1965,2.9e-05
united states,1965,1.0
uzbekistan,1965,
st. vincent and the grenadines,1965,1.714290001
"venezuela, rb",1965,0.0044
british virgin islands,1965,
virgin islands (u.s.),1965,1.0
viet nam,1965,
vanuatu,1965,89.76500009
world,1965,
samoa,1965,0.71919
kosovo,1965,
"yemen, rep.",1965,
south africa,1965,0.714286
zambia,1965,0.714286
zimbabwe,1965,0.000714286
aruba,1966,
africa eastern and southern,1966,
afghanistan,1966,38.69226155
africa western and central,1966,
angola,1966,2.88e-08
albania,1966,
andorra,1966,
arab world,1966,
united arab emirates,1966,4.761900004
argentina,1966,2.09e-11
armenia,1966,
american samoa,1966,1.0
antigua and barbuda,1966,1.714290001
australia,1966,0.892857
austria,1966,26.00000003
azerbaijan,1966,
burundi,1966,87.50000009
belgium,1966,50.00000005
benin,1966,245.6784366
burkina faso,1966,245.6784366
bangladesh,1966,
bulgaria,1966,0.00117
bahrain,1966,0.476189999
"bahamas, the",1966,1.0
bosnia and herzegovina,1966,
belarus,1966,
belize,1966,1.42857
bermuda,1966,0.85714
bolivia,1966,1.19e-05
brazil,1966,9.61e-13
barbados,1966,1.714290001
brunei darussalam,1966,3.061220002
bhutan,1966,6.359125005
botswana,1966,0.716983432
central african republic,1966,245.6784366
canada,1966,1.077341567
central europe and the baltics,1966,
switzerland,1966,4.372950003
channel islands,1966,0.357142999
chile,1966,0.003851138
china,1966,2.461808899
cote d'ivoire,1966,245.6784366
cameroon,1966,245.6784366
"congo, dem. rep.",1966,5.5e-13
"congo, rep.",1966,245.6784366
colombia,1966,13.5
comoros,1966,245.6763547
cabo verde,1966,28.75000003
costa rica,1966,6.625000006
caribbean small states,1966,
cuba,1966,0.999999999
curacao,1966,
cayman islands,1966,0.714285715
cyprus,1966,0.357142999
czechia,1966,
germany,1966,4.000000003
djibouti,1966,214.3920002
dominica,1966,1.714290001
denmark,1966,6.907140006
dominican republic,1966,1.0
algeria,1966,4.937060004
east asia & pacific (excluding high income),1966,
early-demographic dividend,1966,
east asia & pacific,1966,
europe & central asia (excluding high income),1966,
europe & central asia,1966,
ecuador,1966,18.00000002
"egypt, arab rep.",1966,0.434782609
euro area,1966,
eritrea,1966,2.502204188
spain,1966,60.00000006
estonia,1966,
ethiopia,1966,2.500000002
european union,1966,
fragile and conflict affected situations,1966,
finland,1966,3.200000002
fiji,1966,0.792858
france,1966,4.937060004
faroe islands,1966,6.907140006
"micronesia, fed. sts.",1966,1.0
gabon,1966,245.6784366
united kingdom,1966,0.357142999
georgia,1966,
ghana,1966,7.14e-05
gibraltar,1966,0.357142999
guinea,1966,24.68500002
"gambia, the",1966,1.785710715
guinea-bissau,1966,245.6784366
equatorial guinea,1966,245.6784366
greece,1966,30.00000003
grenada,1966,1.714290001
greenland,1966,6.907140006
guatemala,1966,1.0
guam,1966,1.0
guyana,1966,1.714290001
high income,1966,
"hong kong sar, china",1966,5.714300005
honduras,1966,2.000000001
heavily indebted poor countries (hipc),1966,
croatia,1966,
haiti,1966,5.000000004
hungary,1966,
ibrd only,1966,
ida & ibrd total,1966,
ida total,1966,
ida blend,1966,
indonesia,1966,
ida only,1966,
isle of man,1966,0.357142999
india,1966,6.359125005
not classified,1966,
ireland,1966,0.357142999
"iran, islamic rep.",1966,75.75000008
iraq,1966,0.357142999
iceland,1966,0.43
israel,1966,0.000299999
italy,1966,625.0000006
jamaica,1966,0.714286
jordan,1966,0.357142999
japan,1966,360.0000004
kazakhstan,1966,
kenya,1966,7.142860006
kyrgyz republic,1966,
cambodia,1966,35.0
kiribati,1966,0.892857
st. kitts and nevis,1966,1.714290001
"korea, rep.",1966,271.1341667
kuwait,1966,0.357142999
latin america & caribbean (excluding high income),1966,
lao pdr,1966,240.0004642
lebanon,1966,3.130749999
liberia,1966,1.0
libya,1966,0.357142999
st. lucia,1966,1.714290001
latin america & caribbean,1966,
least developed countries: un classification,1966,
low income,1966,
liechtenstein,1966,
sri lanka,1966,4.761900004
lower middle income,1966,
low & middle income,1966,
lesotho,1966,0.714286
late-demographic dividend,1966,
lithuania,1966,
luxembourg,1966,50.00000005
latvia,1966,
"macao sar, china",1966,
st. martin (french part),1966,4.937060004
morocco,1966,5.060490004
monaco,1966,4.937060004
moldova,1966,
madagascar,1966,49.37060005
maldives,1966,4.761900004
"middle east, north africa, afghanistan & pakistan",1966,
mexico,1966,0.0125
marshall islands,1966,1.0
middle income,1966,
north macedonia,1966,
mali,1966,245.6784366
malta,1966,0.357142999
myanmar,1966,4.761900004
"middle east, north africa, afghanistan & pakistan (excluding high income)",1966,
montenegro,1966,
mongolia,1966,
northern mariana islands,1966,1.0
mozambique,1966,0.02875
mauritania,1966,4.936991116
mauritius,1966,4.761900004
malawi,1966,0.714285142
malaysia,1966,3.061220002
north america,1966,
namibia,1966,0.716983432
new caledonia,1966,89.76500009
niger,1966,245.6784366
nigeria,1966,0.714286
nicaragua,1966,2.06e-09
netherlands,1966,3.620000003
norway,1966,7.142860006
nepal,1966,7.617250007
nauru,1966,0.892857
new zealand,1966,0.719194
oecd members,1966,
oman,1966,0.357142999
other small states,1966,
pakistan,1966,4.761900004
panama,1966,1.0
peru,1966,2.68e-08
philippines,1966,3.900000003
palau,1966,
papua new guinea,1966,0.892857
poland,1966,0.0004
pre-demographic dividend,1966,
puerto rico (us),1966,1.0
"korea, dem. people's rep.",1966,
portugal,1966,28.75000003
paraguay,1966,126.0
west bank and gaza,1966,
pacific island small states,1966,
post-demographic dividend,1966,
french polynesia,1966,89.76500009
qatar,1966,4.761900004
romania,1966,0.0006
russian federation,1966,
rwanda,1966,87.49999991
south asia,1966,
saudi arabia,1966,4.500000004
sudan,1966,0.0003482
senegal,1966,245.6784366
singapore,1966,3.061220002
solomon islands,1966,0.892857
sierra leone,1966,0.000714286
el salvador,1966,2.500000002
san marino,1966,
"somalia, fed. rep.",1966,7.142860006
serbia,1966,
sub-saharan africa (excluding high income),1966,
south sudan,1966,
sub-saharan africa,1966,
small states,1966,
sao tome and principe,1966,0.02875
suriname,1966,0.001885
slovak republic,1966,
slovenia,1966,
sweden,1966,5.173210004
eswatini,1966,0.714286
sint maarten (dutch part),1966,
seychelles,1966,4.761894753
syrian arab republic,1966,3.819999999
turks and caicos islands,1966,1.0
chad,1966,245.6784366
east asia & pacific (ida & ibrd countries),1966,
europe & central asia (ida & ibrd countries),1966,
togo,1966,245.6784366
thailand,1966,20.80000002
tajikistan,1966,
turkmenistan,1966,
latin america & the caribbean (ida & ibrd countries),1966,
timor-leste,1966,1.0
"middle east, north africa, afghanistan & pakistan (ida & ibrd)",1966,
tonga,1966,0.892857
south asia (ida & ibrd),1966,
sub-saharan africa (ida & ibrd countries),1966,
trinidad and tobago,1966,1.714290001
tunisia,1966,0.525
turkiye,1966,9.04e-06
tuvalu,1966,
tanzania,1966,7.142860006
uganda,1966,0.07143
ukraine,1966,
upper middle income,1966,
uruguay,1966,5.39e-05
united states,1966,1.0
uzbekistan,1966,
st. vincent and the grenadines,1966,1.714290001
"venezuela, rb",1966,0.0044
british virgin islands,1966,
virgin islands (u.s.),1966,1.0
viet nam,1966,
vanuatu,1966,89.76500009
world,1966,
samoa,1966,0.71919
kosovo,1966,
"yemen, rep.",1966,
south africa,1966,0.714286
zambia,1966,0.714286
zimbabwe,1966,0.000714286
aruba,1967,
africa eastern and southern,1967,
afghanistan,1967,38.69226155
africa western and central,1967,
angola,1967,2.88e-08
albania,1967,
andorra,1967,
arab world,1967,
united arab emirates,1967,4.761900004
argentina,1967,3.33e-11
armenia,1967,
american samoa,1967,1.0
antigua and barbuda,1967,1.761908334
australia,1967,0.892857
austria,1967,26.00000003
azerbaijan,1967,
burundi,1967,87.50000009
belgium,1967,50.00000005
benin,1967,246.0009378
burkina faso,1967,246.0009378
bangladesh,1967,
bulgaria,1967,0.00117
bahrain,1967,0.476189999
"bahamas, the",1967,1.0
bosnia and herzegovina,1967,
belarus,1967,
belize,1967,1.448411667
bermuda,1967,0.869045
bolivia,1967,1.19e-05
brazil,1967,1.15e-12
barbados,1967,1.738099167
brunei darussalam,1967,3.061220002
bhutan,1967,7.500000007
botswana,1967,0.717049619
central african republic,1967,246.0009378
canada,1967,1.078710424
central europe and the baltics,1967,
switzerland,1967,4.372950003
channel islands,1967,0.362103333
chile,1967,0.005068269
china,1967,2.461808899
cote d'ivoire,1967,246.0009378
cameroon,1967,246.0009378
"congo, dem. rep.",1967,1.16e-12
"congo, rep.",1967,246.0009378
colombia,1967,14.50666667
comoros,1967,245.9988532
cabo verde,1967,28.75000003
costa rica,1967,6.625000006
caribbean small states,1967,
cuba,1967,0.999999999
curacao,1967,
cayman islands,1967,0.727466995
cyprus,1967,0.362103333
czechia,1967,
germany,1967,4.000000003
djibouti,1967,214.3920002
dominica,1967,1.761908334
denmark,1967,6.956541672
dominican republic,1967,1.0
algeria,1967,4.937060004
east asia & pacific (excluding high income),1967,
early-demographic dividend,1967,
east asia & pacific,1967,
europe & central asia (excluding high income),1967,
europe & central asia,1967,
ecuador,1967,18.00000002
"egypt, arab rep.",1967,0.434782609
euro area,1967,
eritrea,1967,2.502204188
spain,1967,61.66666673
estonia,1967,
ethiopia,1967,2.500000002
european union,1967,
fragile and conflict affected situations,1967,
finland,1967,3.449992502
fiji,1967,0.805854
france,1967,4.937060004
faroe islands,1967,6.956545005
"micronesia, fed. sts.",1967,1.0
gabon,1967,246.0009378
united kingdom,1967,0.362103333
georgia,1967,
ghana,1967,8.61e-05
gibraltar,1967,0.362103333
guinea,1967,24.68500002
"gambia, the",1967,1.835313929
guinea-bissau,1967,246.0009378
equatorial guinea,1967,246.0009378
greece,1967,30.00000003
grenada,1967,1.761908334
greenland,1967,7.005950006
guatemala,1967,1.0
guam,1967,1.0
guyana,1967,1.738099167
high income,1967,
"hong kong sar, china",1967,5.743158338
honduras,1967,2.000000001
heavily indebted poor countries (hipc),1967,
croatia,1967,
haiti,1967,5.000000004
hungary,1967,
ibrd only,1967,
ida & ibrd total,1967,
ida total,1967,
ida blend,1967,
indonesia,1967,149.5833333
ida only,1967,
isle of man,1967,0.362103333
india,1967,7.500000007
not classified,1967,
ireland,1967,0.362103333
"iran, islamic rep.",1967,75.75000008
iraq,1967,0.357142999
iceland,1967,0.441666667
israel,1967,0.000308333
italy,1967,625.0000006
jamaica,1967,0.724207
jordan,1967,0.357142999
japan,1967,360.0000004
kazakhstan,1967,
kenya,1967,7.142860006
kyrgyz republic,1967,
cambodia,1967,35.0
kiribati,1967,0.892857
st. kitts and nevis,1967,1.761908334
"korea, rep.",1967,270.5116667
kuwait,1967,0.357142999
latin america & caribbean (excluding high income),1967,
lao pdr,1967,240.0004642
lebanon,1967,3.204516666
liberia,1967,1.0
libya,1967,0.357142999
st. lucia,1967,1.761908334
latin america & caribbean,1967,
least developed countries: un classification,1967,
low income,1967,
liechtenstein,1967,
sri lanka,1967,4.861105837
lower middle income,1967,
low & middle income,1967,
lesotho,1967,0.714286
late-demographic dividend,1967,
lithuania,1967,
luxembourg,1967,50.00000005
latvia,1967,
"macao sar, china",1967,6.075789473
st. martin (french part),1967,4.937060004
morocco,1967,5.060490004
monaco,1967,4.937060004
moldova,1967,
madagascar,1967,49.37060005
maldives,1967,4.760908336
"middle east, north africa, afghanistan & pakistan",1967,
mexico,1967,0.0125
marshall islands,1967,1.0
middle income,1967,
north macedonia,1967,
mali,1967,246.0009378
malta,1967,0.362103333
myanmar,1967,4.761900004
"middle east, north africa, afghanistan & pakistan (excluding high income)",1967,
montenegro,1967,
mongolia,1967,
northern mariana islands,1967,1.0
mozambique,1967,0.02875
mauritania,1967,4.936991116
mauritius,1967,4.828037503
malawi,1967,0.724205869
malaysia,1967,3.061220002
north america,1967,
namibia,1967,0.717049619
new caledonia,1967,89.76500009
niger,1967,246.0009378
nigeria,1967,0.714286
nicaragua,1967,2.06e-09
netherlands,1967,3.620000003
norway,1967,7.142860006
nepal,1967,8.034166674
nauru,1967,0.892857
new zealand,1967,0.733665583
oecd members,1967,
oman,1967,0.362103333
other small states,1967,
pakistan,1967,4.761900004
panama,1967,1.0
peru,1967,3.02e-08
philippines,1967,3.900000003
palau,1967,
papua new guinea,1967,0.892857
poland,1967,0.0004
pre-demographic dividend,1967,
puerto rico (us),1967,1.0
"korea, dem. people's rep.",1967,
portugal,1967,28.75000003
paraguay,1967,126.0
west bank and gaza,1967,
pacific island small states,1967,
post-demographic dividend,1967,
french polynesia,1967,89.76500009
qatar,1967,4.761900004
romania,1967,0.0006
russian federation,1967,
rwanda,1967,99.9999999
south asia,1967,
saudi arabia,1967,4.500000004
sudan,1967,0.0003482
senegal,1967,246.0009378
singapore,1967,3.061220002
solomon islands,1967,0.892857
sierra leone,1967,0.000724207
el salvador,1967,2.500000002
san marino,1967,
"somalia, fed. rep.",1967,7.142860006
serbia,1967,
sub-saharan africa (excluding high income),1967,
south sudan,1967,
sub-saharan africa,1967,
small states,1967,
sao tome and principe,1967,0.02875
suriname,1967,0.001885
slovak republic,1967,
slovenia,1967,
sweden,1967,5.173210004
eswatini,1967,0.714286
sint maarten (dutch part),1967,
seychelles,1967,4.828032803
syrian arab republic,1967,3.819999999
turks and caicos islands,1967,1.0
chad,1967,246.0009378
east asia & pacific (ida & ibrd countries),1967,
europe & central asia (ida & ibrd countries),1967,
togo,1967,246.0009378
thailand,1967,20.80000002
tajikistan,1967,
turkmenistan,1967,
latin america & the caribbean (ida & ibrd countries),1967,
timor-leste,1967,1.0
"middle east, north africa, afghanistan & pakistan (ida & ibrd)",1967,
tonga,1967,0.892857
south asia (ida & ibrd),1967,
sub-saharan africa (ida & ibrd countries),1967,
trinidad and tobago,1967,1.738099167
tunisia,1967,0.525
turkiye,1967,9.04e-06
tuvalu,1967,
tanzania,1967,7.142860006
uganda,1967,0.07143
ukraine,1967,
upper middle income,1967,
uruguay,1967,0.000104963
united states,1967,1.0
uzbekistan,1967,
st. vincent and the grenadines,1967,1.761908334
"venezuela, rb",1967,0.0044
british virgin islands,1967,
virgin islands (u.s.),1967,1.0
viet nam,1967,
vanuatu,1967,89.76500009
world,1967,
samoa,1967,0.719503333
kosovo,1967,
"yemen, rep.",1967,
south africa,1967,0.714286
zambia,1967,0.714286
zimbabwe,1967,0.000714286
aruba,1968,
africa eastern and southern,1968,
afghanistan,1968,38.69226155
africa western and central,1968,
angola,1968,2.87e-08
albania,1968,
andorra,1968,
arab world,1968,
united arab emirates,1968,4.761900004
argentina,1968,3.5e-11
armenia,1968,
american samoa,1968,1.0
antigua and barbuda,1968,2.000000001
australia,1968,0.892857
austria,1968,26.00000003
azerbaijan,1968,
burundi,1968,87.50000009
belgium,1968,50.00000005
benin,1968,247.5646938
burkina faso,1968,247.5646938
bangladesh,1968,
bulgaria,1968,0.00117
bahrain,1968,0.476189999
"bahamas, the",1968,1.0
bosnia and herzegovina,1968,
belarus,1968,
belize,1968,1.666670001
bermuda,1968,1.0
bolivia,1968,1.19e-05
brazil,1968,1.47e-12
barbados,1968,2.000000001
brunei darussalam,1968,3.061220002
bhutan,1968,7.500000007
botswana,1968,0.716998156
central african republic,1968,247.5646938
canada,1968,1.077471401
central europe and the baltics,1968,
switzerland,1968,4.372950003
channel islands,1968,0.416666999
chile,1968,0.006876466
china,1968,2.461808899
cote d'ivoire,1968,247.5646938
cameroon,1968,247.5646938
"congo, dem. rep.",1968,1.67e-12
"congo, rep.",1968,247.5646938
colombia,1968,16.29166667
comoros,1968,247.5625959
cabo verde,1968,28.75000003
costa rica,1968,6.625000006
caribbean small states,1968,
cuba,1968,0.999999999
curacao,1968,
cayman islands,1968,0.833333334
cyprus,1968,0.416666999
czechia,1968,
germany,1968,4.000000003
djibouti,1968,214.3920002
dominica,1968,2.000000001
denmark,1968,7.500000007
dominican republic,1968,1.0
algeria,1968,4.937060004
east asia & pacific (excluding high income),1968,
early-demographic dividend,1968,
east asia & pacific,1968,
europe & central asia (excluding high income),1968,
europe & central asia,1968,
ecuador,1968,18.00000002
"egypt, arab rep.",1968,0.434782609
euro area,1968,
eritrea,1968,2.502204188
spain,1968,70.00000007
estonia,1968,
ethiopia,1968,2.500000002
european union,1968,
fragile and conflict affected situations,1968,
finland,1968,4.199970003
fiji,1968,0.870834
france,1968,4.937060004
faroe islands,1968,7.500000007
"micronesia, fed. sts.",1968,1.0
gabon,1968,247.5646938
united kingdom,1968,0.416666999
georgia,1968,
ghana,1968,0.000101985
gibraltar,1968,0.416666999
guinea,1968,24.68500002
"gambia, the",1968,2.083330001
guinea-bissau,1968,247.5646938
equatorial guinea,1968,247.5646938
greece,1968,30.00000003
grenada,1968,2.000000001
greenland,1968,7.500000007
guatemala,1968,1.0
guam,1968,1.0
guyana,1968,2.000000001
high income,1968,
"hong kong sar, china",1968,6.060600005
honduras,1968,2.000000001
heavily indebted poor countries (hipc),1968,
croatia,1968,
haiti,1968,5.000000004
hungary,1968,60.0
ibrd only,1968,
ida & ibrd total,1968,
ida total,1968,
ida blend,1968,
indonesia,1968,296.2916667
ida only,1968,
isle of man,1968,0.416666999
india,1968,7.500000007
not classified,1968,
ireland,1968,0.416666999
"iran, islamic rep.",1968,75.75000008
iraq,1968,0.357142999
iceland,1968,0.621666667
israel,1968,0.000349999
italy,1968,625.0000006
jamaica,1968,0.833334
jordan,1968,0.357142999
japan,1968,360.0000004
kazakhstan,1968,
kenya,1968,7.142860006
kyrgyz republic,1968,
cambodia,1968,35.0
kiribati,1968,0.892857
st. kitts and nevis,1968,2.000000001
"korea, rep.",1968,276.6433333
kuwait,1968,0.357142999
latin america & caribbean (excluding high income),1968,
lao pdr,1968,240.0004642
lebanon,1968,3.156824999
liberia,1968,1.0
libya,1968,0.357142999
st. lucia,1968,2.000000001
latin america & caribbean,1968,
least developed countries: un classification,1968,
low income,1968,
liechtenstein,1968,
sri lanka,1968,5.952370005
lower middle income,1968,
low & middle income,1968,
lesotho,1968,0.714286
late-demographic dividend,1968,
lithuania,1968,
luxembourg,1968,50.00000005
latvia,1968,
"macao sar, china",1968,6.071578947
st. martin (french part),1968,4.937060004
morocco,1968,5.060490004
monaco,1968,4.937060004
moldova,1968,
madagascar,1968,49.37060005
maldives,1968,4.749999999
"middle east, north africa, afghanistan & pakistan",1968,
mexico,1968,0.0125
marshall islands,1968,1.0
middle income,1968,
north macedonia,1968,
mali,1968,247.5646938
malta,1968,0.416666999
myanmar,1968,4.761900004
"middle east, north africa, afghanistan & pakistan (excluding high income)",1968,
montenegro,1968,
mongolia,1968,
northern mariana islands,1968,1.0
mozambique,1968,0.02875
mauritania,1968,4.936991116
mauritius,1968,5.555550005
malawi,1968,0.833333
malaysia,1968,3.061220002
north america,1968,
namibia,1968,0.716998156
new caledonia,1968,89.76500009
niger,1968,247.5646938
nigeria,1968,0.714286
nicaragua,1968,2.06e-09
netherlands,1968,3.620000003
norway,1968,7.142860006
nepal,1968,10.12500001
nauru,1968,0.892857
new zealand,1968,0.892857
oecd members,1968,
oman,1968,0.416666999
other small states,1968,
pakistan,1968,4.761900004
panama,1968,1.0
peru,1968,3.87e-08
philippines,1968,3.900000003
palau,1968,
papua new guinea,1968,0.892857
poland,1968,0.0004
pre-demographic dividend,1968,
puerto rico (us),1968,1.0
"korea, dem. people's rep.",1968,
portugal,1968,28.75000003
paraguay,1968,126.0
west bank and gaza,1968,
pacific island small states,1968,
post-demographic dividend,1968,
french polynesia,1968,89.76500009
qatar,1968,4.761900004
romania,1968,0.0006
russian federation,1968,
rwanda,1968,99.9999999
south asia,1968,
saudi arabia,1968,4.500000004
sudan,1968,0.0003482
senegal,1968,247.5646938
singapore,1968,3.061220002
solomon islands,1968,0.892857
sierra leone,1968,0.000833333
el salvador,1968,2.500000002
san marino,1968,
"somalia, fed. rep.",1968,7.142860006
serbia,1968,
sub-saharan africa (excluding high income),1968,
south sudan,1968,
sub-saharan africa,1968,
small states,1968,
sao tome and principe,1968,0.02875
suriname,1968,0.001885
slovak republic,1968,
slovenia,1968,
sweden,1968,5.173210004
eswatini,1968,0.714286
sint maarten (dutch part),1968,
seychelles,1968,5.555546103
syrian arab republic,1968,3.819999999
turks and caicos islands,1968,1.0
chad,1968,247.5646938
east asia & pacific (ida & ibrd countries),1968,
europe & central asia (ida & ibrd countries),1968,
togo,1968,247.5646938
thailand,1968,20.80000002
tajikistan,1968,
turkmenistan,1968,
latin america & the caribbean (ida & ibrd countries),1968,
timor-leste,1968,1.0
"middle east, north africa, afghanistan & pakistan (ida & ibrd)",1968,
tonga,1968,0.892857
south asia (ida & ibrd),1968,
sub-saharan africa (ida & ibrd countries),1968,
trinidad and tobago,1968,2.000000001
tunisia,1968,0.525
turkiye,1968,9.04e-06
tuvalu,1968,
tanzania,1968,7.142860006
uganda,1968,0.07143
ukraine,1968,
upper middle income,1968,
uruguay,1968,0.000231854
united states,1968,1.0
uzbekistan,1968,
st. vincent and the grenadines,1968,2.000000001
"venezuela, rb",1968,0.0044
british virgin islands,1968,
virgin islands (u.s.),1968,1.0
viet nam,1968,
vanuatu,1968,89.76500009
world,1968,
samoa,1968,0.72107
kosovo,1968,
"yemen, rep.",1968,
south africa,1968,0.714286
zambia,1968,0.714286
zimbabwe,1968,0.000714286
aruba,1969,
africa eastern and southern,1969,
afghanistan,1969,38.69226155
africa western and central,1969,
angola,1969,2.86e-08
albania,1969,
andorra,1969,
arab world,1969,
united arab emirates,1969,4.761900004
argentina,1969,3.5e-11
armenia,1969,
american samoa,1969,1.0
antigua and barbuda,1969,2.000000001
australia,1969,0.892857
austria,1969,26.00000003
azerbaijan,1969,
burundi,1969,87.50000009
belgium,1969,50.00000005
benin,1969,259.9605744
burkina faso,1969,259.9605744
bangladesh,1969,
bulgaria,1969,0.00117
bahrain,1969,0.476189999
"bahamas, the",1969,1.0
bosnia and herzegovina,1969,
belarus,1969,
belize,1969,1.666670001
bermuda,1969,1.0
bolivia,1969,1.19e-05
brazil,1969,1.76e-12
barbados,1969,2.000000001
brunei darussalam,1969,3.061220002
bhutan,1969,7.500000007
botswana,1969,0.718057125
central african republic,1969,259.9605744
canada,1969,1.076780513
central europe and the baltics,1969,
switzerland,1969,4.372950003
channel islands,1969,0.416666999
chile,1969,0.008617582
china,1969,2.461808899
cote d'ivoire,1969,259.9605744
cameroon,1969,259.9605744
"congo, dem. rep.",1969,1.67e-12
"congo, rep.",1969,259.9605744
colombia,1969,17.32166667
comoros,1969,259.9583715
cabo verde,1969,28.75000003
costa rica,1969,6.625000006
caribbean small states,1969,
cuba,1969,0.999999999
curacao,1969,
cayman islands,1969,0.833333334
cyprus,1969,0.416666999
czechia,1969,
germany,1969,3.943333336
djibouti,1969,214.3920002
dominica,1969,2.000000001
denmark,1969,7.500000007
dominican republic,1969,1.0
algeria,1969,4.937060004
east asia & pacific (excluding high income),1969,
early-demographic dividend,1969,
east asia & pacific,1969,
europe & central asia (excluding high income),1969,
europe & central asia,1969,
ecuador,1969,18.00000002
"egypt, arab rep.",1969,0.434782609
euro area,1969,
eritrea,1969,2.502204188
spain,1969,70.00000007
estonia,1969,
ethiopia,1969,2.500000002
european union,1969,
fragile and conflict affected situations,1969,
finland,1969,4.199970003
fiji,1969,0.870834
france,1969,5.194197504
faroe islands,1969,7.500000007
"micronesia, fed. sts.",1969,1.0
gabon,1969,259.9605744
united kingdom,1969,0.416666999
georgia,1969,
ghana,1969,0.000101985
gibraltar,1969,0.416666999
guinea,1969,24.68500002
"gambia, the",1969,2.083330001
guinea-bissau,1969,259.9605744
equatorial guinea,1969,259.9605744
greece,1969,30.00000003
grenada,1969,2.000000001
greenland,1969,7.500000007
guatemala,1969,1.0
guam,1969,1.0
guyana,1969,2.000000001
high income,1969,
"hong kong sar, china",1969,6.060600005
honduras,1969,2.000000001
heavily indebted poor countries (hipc),1969,
croatia,1969,
haiti,1969,5.000000004
hungary,1969,60.0
ibrd only,1969,
ida & ibrd total,1969,
ida total,1969,
ida blend,1969,
indonesia,1969,326.0
ida only,1969,
isle of man,1969,0.416666999
india,1969,7.500000007
not classified,1969,
ireland,1969,0.416666999
"iran, islamic rep.",1969,75.75000008
iraq,1969,0.357142999
iceland,1969,0.88
israel,1969,0.000349999
italy,1969,625.0000006
jamaica,1969,0.83333375
jordan,1969,0.357142999
japan,1969,360.0000004
kazakhstan,1969,
kenya,1969,7.142860006
kyrgyz republic,1969,
cambodia,1969,43.55833333
kiribati,1969,0.892857
st. kitts and nevis,1969,2.000000001
"korea, rep.",1969,288.2416667
kuwait,1969,0.357142999
latin america & caribbean (excluding high income),1969,
lao pdr,1969,240.0004642
lebanon,1969,3.254583332
liberia,1969,1.0
libya,1969,0.357142999
st. lucia,1969,2.000000001
latin america & caribbean,1969,
least developed countries: un classification,1969,
low income,1969,
liechtenstein,1969,
sri lanka,1969,5.952370005
lower middle income,1969,
low & middle income,1969,
lesotho,1969,0.714286
late-demographic dividend,1969,
lithuania,1969,
luxembourg,1969,50.00000005
latvia,1969,
"macao sar, china",1969,6.03614035
st. martin (french part),1969,5.194197504
morocco,1969,5.060490004
monaco,1969,5.194197504
moldova,1969,
madagascar,1969,51.94197505
maldives,1969,4.749999999
"middle east, north africa, afghanistan & pakistan",1969,
mexico,1969,0.0125
marshall islands,1969,1.0
middle income,1969,
north macedonia,1969,
mali,1969,259.9605744
malta,1969,0.416666999
myanmar,1969,4.761900004
"middle east, north africa, afghanistan & pakistan (excluding high income)",1969,
montenegro,1969,
mongolia,1969,
northern mariana islands,1969,1.0
mozambique,1969,0.02875
mauritania,1969,5.19415732
mauritius,1969,5.555550005
malawi,1969,0.833333
malaysia,1969,3.061220002
north america,1969,
namibia,1969,0.718057125
new caledonia,1969,94.44000009
niger,1969,259.9605744
nigeria,1969,0.714286
nicaragua,1969,2.06e-09
netherlands,1969,3.620000003
norway,1969,7.142860006
nepal,1969,10.12500001
nauru,1969,0.892857
new zealand,1969,0.892857
oecd members,1969,
oman,1969,0.416666999
other small states,1969,
pakistan,1969,4.761900004
panama,1969,1.0
peru,1969,3.87e-08
philippines,1969,3.900000003
palau,1969,
papua new guinea,1969,0.892857
poland,1969,0.0004
pre-demographic dividend,1969,
puerto rico (us),1969,1.0
"korea, dem. people's rep.",1969,
portugal,1969,28.75000003
paraguay,1969,126.0
west bank and gaza,1969,
pacific island small states,1969,
post-demographic dividend,1969,
french polynesia,1969,94.44000009
qatar,1969,4.761900004
romania,1969,0.0006
russian federation,1969,
rwanda,1969,99.9999999
south asia,1969,
saudi arabia,1969,4.500000004
sudan,1969,0.0003482
senegal,1969,259.9605744
singapore,1969,3.061220002
solomon islands,1969,0.892857
sierra leone,1969,0.000833333
el salvador,1969,2.500000002
san marino,1969,
"somalia, fed. rep.",1969,7.142860006
serbia,1969,
sub-saharan africa (excluding high income),1969,
south sudan,1969,
sub-saharan africa,1969,
small states,1969,
sao tome and principe,1969,0.02875
suriname,1969,0.001885
slovak republic,1969,
slovenia,1969,
sweden,1969,5.173210004
eswatini,1969,0.714286
sint maarten (dutch part),1969,
seychelles,1969,5.555546103
syrian arab republic,1969,3.819999999
turks and caicos islands,1969,1.0
chad,1969,259.9605744
east asia & pacific (ida & ibrd countries),1969,
europe & central asia (ida & ibrd countries),1969,
togo,1969,259.9605744
thailand,1969,20.80000002
tajikistan,1969,
turkmenistan,1969,
latin america & the caribbean (ida & ibrd countries),1969,
timor-leste,1969,1.0
"middle east, north africa, afghanistan & pakistan (ida & ibrd)",1969,
tonga,1969,0.892857
south asia (ida & ibrd),1969,
sub-saharan africa (ida & ibrd countries),1969,
trinidad and tobago,1969,2.000000001
tunisia,1969,0.525
turkiye,1969,9.04e-06
tuvalu,1969,
tanzania,1969,7.142860006
uganda,1969,0.07143
ukraine,1969,
upper middle income,1969,
uruguay,1969,0.000248
united states,1969,1.0
uzbekistan,1969,
st. vincent and the grenadines,1969,2.000000001
"venezuela, rb",1969,0.0044
british virgin islands,1969,
virgin islands (u.s.),1969,1.0
viet nam,1969,
vanuatu,1969,94.44000009
world,1969,
samoa,1969,0.72107
kosovo,1969,
"yemen, rep.",1969,
south africa,1969,0.714286
zambia,1969,0.714286
zimbabwe,1969,0.000714286
aruba,1970,
africa eastern and southern,1970,
afghanistan,1970,38.69226155
africa western and central,1970,
angola,1970,2.86e-08
albania,1970,
andorra,1970,
arab world,1970,
united arab emirates,1970,4.761900004
argentina,1970,3.79e-11
armenia,1970,
american samoa,1970,1.0
antigua and barbuda,1970,2.000000001
australia,1970,0.892857
austria,1970,26.00000003
azerbaijan,1970,
burundi,1970,87.50000009
belgium,1970,50.00000005
benin,1970,276.403137
burkina faso,1970,276.403137
bangladesh,1970,
bulgaria,1970,0.00117
bahrain,1970,0.476189999
"bahamas, the",1970,1.0
bosnia and herzegovina,1970,
belarus,1970,
belize,1970,1.666670001
bermuda,1970,1.0
bolivia,1970,1.19e-05
brazil,1970,1.99e-12
barbados,1970,2.000000001
brunei darussalam,1970,3.061220002
bhutan,1970,7.500000007
botswana,1970,0.71641352
central african republic,1970,276.403137
canada,1970,1.044218744
central europe and the baltics,1970,
switzerland,1970,4.372950003
channel islands,1970,0.416666999
chile,1970,0.011277504
china,1970,2.461808899
cote d'ivoire,1970,276.403137
cameroon,1970,276.403137
"congo, dem. rep.",1970,1.67e-12
"congo, rep.",1970,276.403137
colombia,1970,18.44416667
comoros,1970,276.4007948
cabo verde,1970,28.75000003
costa rica,1970,6.625000006
caribbean small states,1970,
cuba,1970,0.999999999
curacao,1970,
cayman islands,1970,0.827843865
cyprus,1970,0.416666999
czechia,1970,
germany,1970,3.660000003
djibouti,1970,214.3920002
dominica,1970,2.000000001
denmark,1970,7.500000007
dominican republic,1970,1.0
algeria,1970,4.937060004
east asia & pacific (excluding high income),1970,
early-demographic dividend,1970,
east asia & pacific,1970,
europe & central asia (excluding high income),1970,
europe & central asia,1970,
ecuador,1970,20.91666669
"egypt, arab rep.",1970,0.434782609
euro area,1970,
eritrea,1970,2.502204188
spain,1970,70.00000007
estonia,1970,
ethiopia,1970,2.500000002
european union,1970,
fragile and conflict affected situations,1970,
finland,1970,4.199970003
fiji,1970,0.870834
france,1970,5.554190005
faroe islands,1970,7.500000007
"micronesia, fed. sts.",1970,1.0
gabon,1970,276.403137
united kingdom,1970,0.416666999
georgia,1970,
ghana,1970,0.000101985
gibraltar,1970,0.416666999
guinea,1970,24.68500002
"gambia, the",1970,2.083330001
guinea-bissau,1970,276.403137
equatorial guinea,1970,276.403137
greece,1970,30.00000003
grenada,1970,2.000000001
greenland,1970,7.500000007
guatemala,1970,1.0
guam,1970,1.0
guyana,1970,2.000000001
high income,1970,
"hong kong sar, china",1970,6.060600005
honduras,1970,2.000000001
heavily indebted poor countries (hipc),1970,
croatia,1970,
haiti,1970,5.000000004
hungary,1970,60.0
ibrd only,1970,
ida & ibrd total,1970,
ida total,1970,
ida blend,1970,
indonesia,1970,362.8333333
ida only,1970,
isle of man,1970,0.416666999
india,1970,7.500000007
not classified,1970,
ireland,1970,0.416666999
"iran, islamic rep.",1970,75.75000008
iraq,1970,0.357142999
iceland,1970,0.88
israel,1970,0.000349999
italy,1970,625.0000006
jamaica,1970,0.833333
jordan,1970,0.357142999
japan,1970,360.0000004
kazakhstan,1970,
kenya,1970,7.142860006
kyrgyz republic,1970,
cambodia,1970,55.54
kiribati,1970,0.892857
st. kitts and nevis,1970,2.000000001
"korea, rep.",1970,310.5558333
kuwait,1970,0.357142999
latin america & caribbean (excluding high income),1970,
lao pdr,1970,240.0004642
lebanon,1970,3.268983332
liberia,1970,1.0
libya,1970,0.357142999
st. lucia,1970,2.000000001
latin america & caribbean,1970,
least developed countries: un classification,1970,
low income,1970,
liechtenstein,1970,
sri lanka,1970,5.952370005
lower middle income,1970,
low & middle income,1970,
lesotho,1970,0.714286
late-demographic dividend,1970,
lithuania,1970,
luxembourg,1970,50.00000005
latvia,1970,
"macao sar, china",1970,6.051403508
st. martin (french part),1970,5.554190005
morocco,1970,5.060490004
monaco,1970,5.554190005
moldova,1970,
madagascar,1970,55.54190006
maldives,1970,4.749999999
"middle east, north africa, afghanistan & pakistan",1970,
mexico,1970,0.0125
marshall islands,1970,1.0
middle income,1970,
north macedonia,1970,
mali,1970,276.403137
malta,1970,0.416666999
myanmar,1970,4.761900004
"middle east, north africa, afghanistan & pakistan (excluding high income)",1970,
montenegro,1970,
mongolia,1970,
northern mariana islands,1970,1.0
mozambique,1970,0.02875
mauritania,1970,5.554190005
mauritius,1970,5.555550005
malawi,1970,0.833333
malaysia,1970,3.061220002
north america,1970,
namibia,1970,0.71641352
new caledonia,1970,100.9850001
niger,1970,276.403137
nigeria,1970,0.714286
nicaragua,1970,2.06e-09
netherlands,1970,3.620000003
norway,1970,7.142860006
nepal,1970,10.12500001
nauru,1970,0.892857
new zealand,1970,0.892857
oecd members,1970,
oman,1970,0.416666999
other small states,1970,
pakistan,1970,4.761900004
panama,1970,1.0
peru,1970,3.87e-08
philippines,1970,5.904349999
palau,1970,
papua new guinea,1970,0.892857
poland,1970,0.0004
pre-demographic dividend,1970,
puerto rico (us),1970,1.0
"korea, dem. people's rep.",1970,
portugal,1970,28.75000003
paraguay,1970,126.0
west bank and gaza,1970,
pacific island small states,1970,
post-demographic dividend,1970,
french polynesia,1970,100.9850001
qatar,1970,4.761900004
romania,1970,0.0006
russian federation,1970,
rwanda,1970,99.9999999
south asia,1970,
saudi arabia,1970,4.500000004
sudan,1970,0.0003482
senegal,1970,276.403137
singapore,1970,3.061220002
solomon islands,1970,0.892857
sierra leone,1970,0.000833333
el salvador,1970,2.500000002
san marino,1970,
"somalia, fed. rep.",1970,7.142860006
serbia,1970,
sub-saharan africa (excluding high income),1970,
south sudan,1970,
sub-saharan africa,1970,
small states,1970,
sao tome and principe,1970,0.02875
suriname,1970,0.001885
slovak republic,1970,
slovenia,1970,
sweden,1970,5.173210004
eswatini,1970,0.714286
sint maarten (dutch part),1970,
seychelles,1970,5.555546103
syrian arab republic,1970,3.819999999
turks and caicos islands,1970,1.0
chad,1970,276.403137
east asia & pacific (ida & ibrd countries),1970,
europe & central asia (ida & ibrd countries),1970,
togo,1970,276.403137
thailand,1970,20.80000002
tajikistan,1970,
turkmenistan,1970,
latin america & the caribbean (ida & ibrd countries),1970,
timor-leste,1970,1.0
"middle east, north africa, afghanistan & pakistan (ida & ibrd)",1970,
tonga,1970,0.892857
south asia (ida & ibrd),1970,
sub-saharan africa (ida & ibrd countries),1970,
trinidad and tobago,1970,2.000000001
tunisia,1970,0.525
turkiye,1970,1.13e-05
tuvalu,1970,
tanzania,1970,7.142860006
uganda,1970,0.07143
ukraine,1970,
upper middle income,1970,
uruguay,1970,0.000248
united states,1970,1.0
uzbekistan,1970,
st. vincent and the grenadines,1970,2.000000001
"venezuela, rb",1970,0.0044
british virgin islands,1970,
virgin islands (u.s.),1970,1.0
viet nam,1970,
vanuatu,1970,100.9850001
world,1970,
samoa,1970,0.72107
kosovo,1970,
"yemen, rep.",1970,
south africa,1970,0.714286
zambia,1970,0.714286
zimbabwe,1970,0.000714286
aruba,1971,
africa eastern and southern,1971,
afghanistan,1971,38.69226155
africa western and central,1971,
angola,1971,2.82e-08
albania,1971,
andorra,1971,
arab world,1971,
united arab emirates,1971,4.747962885
argentina,1971,4.52e-11
armenia,1971,
american samoa,1971,1.0
antigua and barbuda,1971,1.974872733
australia,1971,0.882670259
austria,1971,24.9855839
azerbaijan,1971,
burundi,1971,87.50000008
belgium,1971,49.05697742
benin,1971,275.3564567
burkina faso,1971,275.3564567
bangladesh,1971,7.868842585
bulgaria,1971,0.00117
bahrain,1971,0.474796288
"bahamas, the",1971,1.0
bosnia and herzegovina,1971,
belarus,1971,
belize,1971,1.643682118
bermuda,1971,1.0
bolivia,1971,1.19e-05
brazil,1971,2.29e-12
barbados,1971,1.974876152
brunei darussalam,1971,3.05226043
bhutan,1971,7.491935231
botswana,1971,0.712443762
central african republic,1971,275.3564567
canada,1971,1.009810544
central europe and the baltics,1971,
switzerland,1971,4.133854168
channel islands,1971,0.410920237
chile,1971,0.012208644
china,1971,2.461808899
cote d'ivoire,1971,275.3564567
cameroon,1971,275.3564567
"congo, dem. rep.",1971,1.67e-12
"congo, rep.",1971,275.3564567
colombia,1971,19.93333333
comoros,1971,275.3543126
cabo verde,1971,28.36017029
costa rica,1971,6.625833338
caribbean small states,1971,
cuba,1971,0.999999999
curacao,1971,
cayman islands,1971,0.832759413
cyprus,1971,0.410730598
czechia,1971,
germany,1971,3.50739351
djibouti,1971,213.7787502
dominica,1971,1.974872733
denmark,1971,7.426337969
dominican republic,1971,1.0
algeria,1971,4.912638337
east asia & pacific (excluding high income),1971,
early-demographic dividend,1971,
east asia & pacific,1971,
europe & central asia (excluding high income),1971,
europe & central asia,1971,
ecuador,1971,25.00000002
"egypt, arab rep.",1971,0.434782641
euro area,1971,
eritrea,1971,2.495673435
spain,1971,69.46866671
estonia,1971,
ethiopia,1971,2.493475001
european union,1971,
fragile and conflict affected situations,1971,
finland,1971,4.184417791
fiji,1971,0.858823231
france,1971,5.540601355
faroe islands,1971,7.426337969
"micronesia, fed. sts.",1971,1.0
gabon,1971,275.3564567
united kingdom,1971,0.410920237
georgia,1971,
ghana,1971,0.000103429
gibraltar,1971,0.410920237
guinea,1971,24.61275202
"gambia, the",1971,2.054598274
guinea-bissau,1971,275.3564567
equatorial guinea,1971,275.3564567
greece,1971,30.00000003
grenada,1971,1.974872733
greenland,1971,7.417595656
guatemala,1971,1.0
guam,1971,1.0
guyana,1971,1.988660245
high income,1971,
"hong kong sar, china",1971,5.98041047
honduras,1971,2.000000001
heavily indebted poor countries (hipc),1971,
croatia,1971,
haiti,1971,5.000000004
hungary,1971,59.82161667
ibrd only,1971,
ida & ibrd total,1971,
ida total,1971,
ida blend,1971,
indonesia,1971,391.875
ida only,1971,
isle of man,1971,0.410920237
india,1971,7.491935231
not classified,1971,
ireland,1971,0.41092022
"iran, islamic rep.",1971,75.75000007
iraq,1971,935.617835
iceland,1971,0.88
israel,1971,0.000379166
italy,1971,620.3592893
jamaica,1971,0.83280175
jordan,1971,0.357142999
japan,1971,350.6776935
kazakhstan,1971,
kenya,1971,7.142859998
kyrgyz republic,1971,
cambodia,1971,75.82166667
kiribati,1971,0.882670259
st. kitts and nevis,1971,1.974872733
"korea, rep.",1971,347.1475
kuwait,1971,0.356097714
latin america & caribbean (excluding high income),1971,
lao pdr,1971,240.0004642
lebanon,1971,3.227733332
liberia,1971,1.0
libya,1971,0.356325749
st. lucia,1971,1.974872733
latin america & caribbean,1971,
least developed countries: un classification,1971,
low income,1971,
liechtenstein,1971,
sri lanka,1971,5.934948621
lower middle income,1971,
low & middle income,1971,
lesotho,1971,0.715216916
late-demographic dividend,1971,
lithuania,1971,
luxembourg,1971,49.05697742
latvia,1971,
"macao sar, china",1971,5.947368421
st. martin (french part),1971,5.540601355
morocco,1971,5.049958854
monaco,1971,5.540601355
moldova,1971,
madagascar,1971,55.42632505
maldives,1971,4.734416666
"middle east, north africa, afghanistan & pakistan",1971,
mexico,1971,0.0125
marshall islands,1971,1.0
middle income,1971,
north macedonia,1971,
mali,1971,275.3564567
malta,1971,0.407107526
myanmar,1971,4.764842629
"middle east, north africa, afghanistan & pakistan (excluding high income)",1971,
montenegro,1971,
mongolia,1971,
northern mariana islands,1971,1.0
mozambique,1971,0.028312083
mauritania,1971,5.542632505
mauritius,1971,5.485758923
malawi,1971,0.830894003
malaysia,1971,3.05226043
north america,1971,
namibia,1971,0.713047572
new caledonia,1971,100.6894512
niger,1971,275.3564567
nigeria,1971,0.712855833
nicaragua,1971,2.06e-09
netherlands,1971,3.517080539
norway,1971,7.055905471
nepal,1971,10.12500403
nauru,1971,0.882670259
new zealand,1971,0.880607195
oecd members,1971,
oman,1971,0.415447499
other small states,1971,
pakistan,1971,4.761900003
panama,1971,1.0
peru,1971,3.87e-08
philippines,1971,6.431708332
palau,1971,
papua new guinea,1971,0.882758271
poland,1971,0.000389333
pre-demographic dividend,1971,
puerto rico (us),1971,1.0
"korea, dem. people's rep.",1971,
portugal,1971,28.36017029
paraguay,1971,126.0
west bank and gaza,1971,
pacific island small states,1971,
post-demographic dividend,1971,
french polynesia,1971,100.6894512
qatar,1971,4.747962885
romania,1971,0.0006
russian federation,1971,
rwanda,1971,99.70733323
south asia,1971,
saudi arabia,1971,4.486829413
sudan,1971,0.0003482
senegal,1971,275.3564567
singapore,1971,3.050701668
solomon islands,1971,0.881616454
sierra leone,1971,0.000830894
el salvador,1971,2.500000001
san marino,1971,
"somalia, fed. rep.",1971,7.128558339
serbia,1971,
sub-saharan africa (excluding high income),1971,
south sudan,1971,
sub-saharan africa,1971,
small states,1971,
sao tome and principe,1971,0.02836017
suriname,1971,0.001883583
slovak republic,1971,
slovenia,1971,
sweden,1971,5.125905248
eswatini,1971,0.715216916
sint maarten (dutch part),1971,
seychelles,1971,5.485762755
syrian arab republic,1971,3.819999999
turks and caicos islands,1971,1.0
chad,1971,275.3564567
east asia & pacific (ida & ibrd countries),1971,
europe & central asia (ida & ibrd countries),1971,
togo,1971,275.3564567
thailand,1971,20.80000002
tajikistan,1971,
turkmenistan,1971,
latin america & the caribbean (ida & ibrd countries),1971,
timor-leste,1971,1.0
"middle east, north africa, afghanistan & pakistan (ida & ibrd)",1971,
tonga,1971,0.880607842
south asia (ida & ibrd),1971,
sub-saharan africa (ida & ibrd countries),1971,
trinidad and tobago,1971,1.974876152
tunisia,1971,0.522916666
turkiye,1971,1.49e-05
tuvalu,1971,
tanzania,1971,7.142860006
uganda,1971,0.071429996
ukraine,1971,
upper middle income,1971,
uruguay,1971,0.000248
united states,1971,1.0
uzbekistan,1971,
st. vincent and the grenadines,1971,1.974872733
"venezuela, rb",1971,0.0044
british virgin islands,1971,
virgin islands (u.s.),1971,1.0
viet nam,1971,
vanuatu,1971,100.6894512
world,1971,
samoa,1971,0.718959734
kosovo,1971,
"yemen, rep.",1971,
south africa,1971,0.715216916
zambia,1971,0.714285999
zimbabwe,1971,0.000712195
aruba,1972,
africa eastern and southern,1972,
afghanistan,1972,38.69226155
africa western and central,1972,
angola,1972,2.71e-08
albania,1972,
andorra,1972,
arab world,1972,
united arab emirates,1972,4.385977843
argentina,1972,5e-11
armenia,1972,
american samoa,1972,1.0
antigua and barbuda,1972,1.921278149
australia,1972,0.838697807
austria,1972,23.11533333
azerbaijan,1972,
burundi,1972,87.5
belgium,1972,44.01458333
benin,1972,252.0276275
burkina faso,1972,252.0276275
bangladesh,1972,7.700184168
bulgaria,1972,0.00108
bahrain,1972,0.438597783
"bahamas, the",1972,1.0
bosnia and herzegovina,1972,
belarus,1972,
belize,1972,1.601561846
bermuda,1972,1.0
bolivia,1972,1.33e-05
brazil,1972,2.57e-12
barbados,1972,1.92128071
brunei darussalam,1972,2.819555868
bhutan,1972,7.594468374
botswana,1972,0.772828411
central african republic,1972,252.0276275
canada,1972,0.990662556
central europe and the baltics,1972,
switzerland,1972,3.819249999
channel islands,1972,0.400390462
chile,1972,0.020835225
china,1972,2.245066449
cote d'ivoire,1972,252.0276275
cameroon,1972,252.0276275
"congo, dem. rep.",1972,1.67e-12
"congo, rep.",1972,252.0276275
colombia,1972,21.86666667
comoros,1972,252.0254918
cabo verde,1972,27.05341667
costa rica,1972,6.634999999
caribbean small states,1972,
cuba,1972,0.920999999
curacao,1972,
cayman islands,1972,0.800497304
cyprus,1972,0.383572369
czechia,1972,
germany,1972,3.188641666
djibouti,1972,197.466
dominica,1972,1.921278149
denmark,1972,6.949291666
dominican republic,1972,1.0
algeria,1972,4.480514953
east asia & pacific (excluding high income),1972,
early-demographic dividend,1972,
east asia & pacific,1972,
europe & central asia (excluding high income),1972,
europe & central asia,1972,
ecuador,1972,25.00013818
"egypt, arab rep.",1972,0.434782609
euro area,1972,
eritrea,1972,2.302027853
spain,1972,64.27141667
estonia,1972,
ethiopia,1972,2.299999999
european union,1972,
fragile and conflict affected situations,1972,
finland,1972,4.146333333
fiji,1972,0.825183712
france,1972,5.044544516
faroe islands,1972,6.949291666
"micronesia, fed. sts.",1972,1.0
gabon,1972,252.0276275
united kingdom,1972,0.400390462
georgia,1972,
ghana,1972,0.000133267
gibraltar,1972,0.400390462
guinea,1972,22.73627398
"gambia, the",1972,2.001332796
guinea-bissau,1972,252.0276275
equatorial guinea,1972,252.0276275
greece,1972,30.0003
grenada,1972,1.921278149
greenland,1972,6.949291666
guatemala,1972,1.0
guam,1972,1.0
guyana,1972,2.087272963
high income,1972,
"hong kong sar, china",1972,5.641416667
honduras,1972,2.000009211
heavily indebted poor countries (hipc),1972,
croatia,1972,
haiti,1972,5.000018425
hungary,1972,55.26
ibrd only,1972,
ida & ibrd total,1972,
ida total,1972,
ida blend,1972,
indonesia,1972,415.0
ida only,1972,
isle of man,1972,0.400390462
india,1972,7.594468374
not classified,1972,
ireland,1972,0.400390462
"iran, islamic rep.",1972,75.74997013
iraq,1972,2144.567214
iceland,1972,0.882603546
israel,1972,0.00041798
italy,1972,583.2175
jamaica,1972,0.76746
jordan,1972,0.357143251
japan,1972,303.1725
kazakhstan,1972,
kenya,1972,7.142859999
kyrgyz republic,1972,
cambodia,1972,162.25
kiribati,1972,0.838697807
st. kitts and nevis,1972,1.921278149
"korea, rep.",1972,392.8941667
kuwait,1972,0.328948798
latin america & caribbean (excluding high income),1972,
lao pdr,1972,510.0009864
lebanon,1972,3.050716666
liberia,1972,1.0
libya,1972,0.328946999
st. lucia,1972,1.921278149
latin america & caribbean,1972,
least developed countries: un classification,1972,
low income,1972,
liechtenstein,1972,
sri lanka,1972,5.970317182
lower middle income,1972,
low & middle income,1972,
lesotho,1972,0.768725237
late-demographic dividend,1972,
lithuania,1972,
luxembourg,1972,44.01458333
latvia,1972,
"macao sar, china",1972,5.714561403
st. martin (french part),1972,5.044544516
morocco,1972,4.59248032
monaco,1972,5.044544516
moldova,1972,
madagascar,1972,50.40533333
maldives,1972,4.374999999
"middle east, north africa, afghanistan & pakistan",1972,
mexico,1972,0.012500023
marshall islands,1972,1.0
middle income,1972,
north macedonia,1972,
mali,1972,252.0276275
malta,1972,0.381576666
myanmar,1972,5.45949395
"middle east, north africa, afghanistan & pakistan (excluding high income)",1972,
montenegro,1972,
mongolia,1972,
northern mariana islands,1972,1.0
mozambique,1972,0.027053417
mauritania,1972,5.040533333
mauritius,1972,5.338526188
malawi,1972,0.801557909
malaysia,1972,2.819555868
north america,1972,
namibia,1972,0.772828411
new caledonia,1972,91.64596895
niger,1972,252.0276275
nigeria,1972,0.657894999
nicaragua,1972,2.06e-09
netherlands,1972,3.209499999
norway,1972,6.588249172
nepal,1972,10.125
nauru,1972,0.838697807
new zealand,1972,0.836680054
oecd members,1972,
oman,1972,0.383772999
other small states,1972,
pakistan,1972,8.681382583
panama,1972,1.0
peru,1972,3.87e-08
philippines,1972,6.674841666
palau,1972,
papua new guinea,1972,0.835038974
poland,1972,0.000368
pre-demographic dividend,1972,
puerto rico (us),1972,1.0
"korea, dem. people's rep.",1972,
portugal,1972,27.05341667
paraguay,1972,126.0
west bank and gaza,1972,
pacific island small states,1972,
post-demographic dividend,1972,
french polynesia,1972,91.64596895
qatar,1972,4.385977843
romania,1972,0.000553
russian federation,1972,
rwanda,1972,92.1049999
south asia,1972,
saudi arabia,1972,4.144753206
sudan,1972,0.0003482
senegal,1972,252.0276275
singapore,1972,2.812499999
solomon islands,1972,0.837299999
sierra leone,1972,0.000800782
el salvador,1972,2.500013817
san marino,1972,583.2175
"somalia, fed. rep.",1972,6.980124999
serbia,1972,
sub-saharan africa (excluding high income),1972,
south sudan,1972,
sub-saharan africa,1972,
small states,1972,
sao tome and principe,1972,0.027053417
suriname,1972,0.001785
slovak republic,1972,
slovenia,1972,
sweden,1972,4.762416666
eswatini,1972,0.768725237
sint maarten (dutch part),1972,
seychelles,1972,5.338533332
syrian arab republic,1972,3.819999999
turks and caicos islands,1972,1.0
chad,1972,252.0276275
east asia & pacific (ida & ibrd countries),1972,
europe & central asia (ida & ibrd countries),1972,
togo,1972,252.0276275
thailand,1972,20.80002949
tajikistan,1972,
turkmenistan,1972,
latin america & the caribbean (ida & ibrd countries),1972,
timor-leste,1972,1.0
"middle east, north africa, afghanistan & pakistan (ida & ibrd)",1972,
tonga,1972,0.819200569
south asia (ida & ibrd),1972,
sub-saharan africa (ida & ibrd countries),1972,
trinidad and tobago,1972,1.92128071
tunisia,1972,0.477083333
turkiye,1972,1.42e-05
tuvalu,1972,
tanzania,1972,7.142899999
uganda,1972,0.07143
ukraine,1972,
upper middle income,1972,
uruguay,1972,0.000530826
united states,1972,1.0
uzbekistan,1972,
st. vincent and the grenadines,1972,1.921278149
"venezuela, rb",1972,0.0043
british virgin islands,1972,
virgin islands (u.s.),1972,1.0
viet nam,1972,
vanuatu,1972,81.61090909
world,1972,
samoa,1972,0.67543
kosovo,1972,
"yemen, rep.",1972,
south africa,1972,0.768725237
zambia,1972,0.000714317
zimbabwe,1972,0.000657832
aruba,1973,
africa eastern and southern,1973,
afghanistan,1973,38.69226155
africa western and central,1973,
angola,1973,2.45e-08
albania,1973,
andorra,1973,
arab world,1973,
united arab emirates,1973,3.996271314
argentina,1973,5e-11
armenia,1973,
american samoa,1973,1.0
antigua and barbuda,1973,1.959219236
australia,1973,0.704113908
austria,1973,19.58
azerbaijan,1973,
burundi,1973,80.02608333
belgium,1973,38.9765
benin,1973,222.8891831
burkina faso,1973,222.8891831
bangladesh,1973,7.849815999
bulgaria,1973,0.000979167
bahrain,1973,0.399630307
"bahamas, the",1973,1.0
bosnia and herzegovina,1973,
belarus,1973,
belize,1973,1.632683781
bermuda,1973,1.0
bolivia,1973,2e-05
brazil,1973,2.65e-12
barbados,1973,1.959220537
brunei darussalam,1973,2.458579655
bhutan,1973,7.742038562
botswana,1973,0.694114138
central african republic,1973,222.8891831
canada,1973,1.00009014
central europe and the baltics,1973,
switzerland,1973,3.164833332
channel islands,1973,0.408170945
chile,1973,0.071641908
china,1973,1.989415525
cote d'ivoire,1973,222.8891831
cameroon,1973,222.8891831
"congo, dem. rep.",1973,1.67e-12
"congo, rep.",1973,222.8891831
colombia,1973,23.57166667
comoros,1973,222.8872943
cabo verde,1973,24.51516667
costa rica,1973,6.646758332
caribbean small states,1973,
cuba,1973,0.836666666
curacao,1973,
cayman islands,1973,0.816341891
cyprus,1973,0.349950503
czechia,1973,
germany,1973,2.672599999
djibouti,1973,179.9423333
dominica,1973,1.959219236
denmark,1973,6.049499999
dominican republic,1973,1.0
algeria,1973,3.962495412
east asia & pacific (excluding high income),1973,
early-demographic dividend,1973,
east asia & pacific,1973,
europe & central asia (excluding high income),1973,
europe & central asia,1973,
ecuador,1973,24.99997699
"egypt, arab rep.",1973,0.397956243
euro area,1973,
eritrea,1973,2.100600416
spain,1973,58.26008333
estonia,1973,
ethiopia,1973,2.098749999
european union,1973,
fragile and conflict affected situations,1973,
finland,1973,3.821166666
fiji,1973,0.794223825
france,1973,4.452779674
faroe islands,1973,6.049499999
"micronesia, fed. sts.",1973,1.0
gabon,1973,222.8891831
united kingdom,1973,0.408170945
georgia,1973,
ghana,1973,0.000116437
gibraltar,1973,0.408170945
guinea,1973,20.71609177
"gambia, the",1973,1.702404564
guinea-bissau,1973,222.8891831
equatorial guinea,1973,222.8891831
greece,1973,29.625225
grenada,1973,1.959219236
greenland,1973,6.049499999
guatemala,1973,1.0
guam,1973,1.0
guyana,1973,2.106176211
high income,1973,
"hong kong sar, china",1973,5.1465
honduras,1973,2.000000768
heavily indebted poor countries (hipc),1973,
croatia,1973,
haiti,1973,5.000008446
hungary,1973,48.966225
ibrd only,1973,
ida & ibrd total,1973,
ida total,1973,
ida blend,1973,
indonesia,1973,415.0
ida only,1973,
isle of man,1973,0.408170945
india,1973,7.742038562
not classified,1973,
ireland,1973,0.408170945
"iran, islamic rep.",1973,68.88604195
iraq,1973,1950.844448
iceland,1973,0.901341667
israel,1973,0.000419469
italy,1973,582.9958333
jamaica,1973,0.90909
jordan,1973,0.328570868
japan,1973,271.7016667
kazakhstan,1973,
kenya,1973,7.001191666
kyrgyz republic,1973,
cambodia,1973,244.9166667
kiribati,1973,0.704113908
st. kitts and nevis,1973,1.959219236
"korea, rep.",1973,398.3216667
kuwait,1973,0.296572316
latin america & caribbean (excluding high income),1973,
lao pdr,1973,600.0011604
lebanon,1973,2.610399999
liberia,1973,1.0
libya,1973,0.300025999
st. lucia,1973,1.959219236
latin america & caribbean,1973,
least developed countries: un classification,1973,
low income,1973,
liechtenstein,1973,
sri lanka,1973,6.402499999
lower middle income,1973,
low & middle income,1973,
lesotho,1973,0.693959098
late-demographic dividend,1973,
lithuania,1973,
luxembourg,1973,38.9765
latvia,1973,
"macao sar, china",1973,4.928754753
st. martin (french part),1973,4.452779674
morocco,1973,4.106920832
monaco,1973,4.452779674
moldova,1973,
madagascar,1973,44.57766667
maldives,1973,3.985666666
"middle east, north africa, afghanistan & pakistan",1973,
mexico,1973,0.012499952
marshall islands,1973,1.0
middle income,1973,
north macedonia,1973,
mali,1973,222.8891831
malta,1973,0.368796666
myanmar,1973,4.931055315
"middle east, north africa, afghanistan & pakistan (excluding high income)",1973,
montenegro,1973,
mongolia,1973,
northern mariana islands,1973,1.0
mozambique,1973,0.024515167
mauritania,1973,4.457766667
mauritius,1973,5.442265713
malawi,1973,0.819262166
malaysia,1973,2.443329655
north america,1973,
namibia,1973,0.694114138
new caledonia,1973,81.05022198
niger,1973,222.8891831
nigeria,1973,0.657894999
nicaragua,1973,2.06e-09
netherlands,1973,2.795549999
norway,1973,5.765833332
nepal,1973,10.50016667
nauru,1973,0.704113908
new zealand,1973,0.736812126
oecd members,1973,
oman,1973,0.350676166
other small states,1973,
pakistan,1973,9.99425
panama,1973,1.0
peru,1973,3.87e-08
philippines,1973,6.756283332
palau,1973,
papua new guinea,1973,0.704113908
poland,1973,0.000335
pre-demographic dividend,1973,
puerto rico (us),1973,1.0
"korea, dem. people's rep.",1973,
portugal,1973,24.51516667
paraguay,1973,126.0
west bank and gaza,1973,
pacific island small states,1973,
post-demographic dividend,1973,
french polynesia,1973,81.05022198
qatar,1973,3.99629355
romania,1973,0.001879417
russian federation,1973,
rwanda,1973,83.9219999
south asia,1973,
saudi arabia,1973,3.70658904
sudan,1973,0.0003482
senegal,1973,222.8891831
singapore,1973,2.457366666
solomon islands,1973,0.704113908
sierra leone,1973,0.000816342
el salvador,1973,2.499997698
san marino,1973,582.9958333
"somalia, fed. rep.",1973,6.281499999
serbia,1973,
sub-saharan africa (excluding high income),1973,
south sudan,1973,
sub-saharan africa,1973,
small states,1973,
sao tome and principe,1973,0.024515167
suriname,1973,0.001785
slovak republic,1973,
slovenia,1973,
sweden,1973,4.367249999
eswatini,1973,0.693959098
sint maarten (dutch part),1973,
seychelles,1973,5.442283332
syrian arab republic,1973,3.823249999
turks and caicos islands,1973,1.0
chad,1973,222.8891831
east asia & pacific (ida & ibrd countries),1973,
europe & central asia (ida & ibrd countries),1973,
togo,1973,222.8891831
thailand,1973,20.61958164
tajikistan,1973,
turkmenistan,1973,
latin america & the caribbean (ida & ibrd countries),1973,
timor-leste,1973,1.0
"middle east, north africa, afghanistan & pakistan (ida & ibrd)",1973,
tonga,1973,0.704113908
south asia (ida & ibrd),1973,
sub-saharan africa (ida & ibrd countries),1973,
trinidad and tobago,1973,1.959220537
tunisia,1973,0.421595833
turkiye,1973,1.42e-05
tuvalu,1973,
tanzania,1973,7.021446666
uganda,1973,0.0702145
ukraine,1973,
upper middle income,1973,
uruguay,1973,0.000857151
united states,1973,1.0
uzbekistan,1973,
st. vincent and the grenadines,1973,1.959219236
"venezuela, rb",1973,0.0043
british virgin islands,1973,
virgin islands (u.s.),1973,1.0
viet nam,1973,
vanuatu,1973,72.0447138
world,1973,
samoa,1973,0.6149525
kosovo,1973,
"yemen, rep.",1973,
south africa,1973,0.693959098
zambia,1973,0.000652397
zimbabwe,1973,0.000585715
aruba,1974,
africa eastern and southern,1974,
afghanistan,1974,38.37870898
africa western and central,1974,
angola,1974,2.54e-08
albania,1974,
andorra,1974,
arab world,1974,
united arab emirates,1974,3.959045156
argentina,1974,5e-11
armenia,1974,
american samoa,1974,1.0
antigua and barbuda,1974,2.053232409
australia,1974,0.696665869
austria,1974,18.6925
azerbaijan,1974,
burundi,1974,78.75
belgium,1974,38.9515
benin,1974,240.7046676
burkina faso,1974,240.7046676
bangladesh,1974,8.226002241
bulgaria,1974,0.00097
bahrain,1974,0.394739999
"bahamas, the",1974,1.0
bosnia and herzegovina,1974,
belarus,1974,
belize,1974,1.710926784
bermuda,1974,1.0
bolivia,1974,2e-05
brazil,1974,2.94e-12
barbados,1974,2.053230911
brunei darussalam,1974,2.436866666
bhutan,1974,8.101603227
botswana,1974,0.679477004
central african republic,1974,240.7046676
canada,1974,0.978017526
central europe and the baltics,1974,
switzerland,1974,2.979249999
channel islands,1974,0.42775644
chile,1974,0.592826261
china,1974,1.961107089
cote d'ivoire,1974,240.7046676
cameroon,1974,240.7046676
"congo, dem. rep.",1974,1.67e-12
"congo, rep.",1974,240.7046676
colombia,1974,26.06166667
comoros,1974,240.7026279
cabo verde,1974,25.40816667
costa rica,1974,7.929999999
caribbean small states,1974,
cuba,1974,0.821999999
curacao,1974,
cayman islands,1974,0.838825881
cyprus,1974,0.364692711
czechia,1974,
germany,1974,2.587749999
djibouti,1974,177.721
dominica,1974,2.053232409
denmark,1974,6.094899999
dominican republic,1974,1.0
algeria,1974,4.180749999
east asia & pacific (excluding high income),1974,
early-demographic dividend,1974,
east asia & pacific,1974,
europe & central asia (excluding high income),1974,
europe & central asia,1974,
ecuador,1974,24.99997929
"egypt, arab rep.",1974,0.391303667
euro area,1974,
eritrea,1974,2.071825068
spain,1974,57.6865
estonia,1974,
ethiopia,1974,2.069999999
european union,1974,
fragile and conflict affected situations,1974,
finland,1974,3.773749999
fiji,1974,0.805603828
france,1974,4.809618473
faroe islands,1974,6.094899999
"micronesia, fed. sts.",1974,1.0
gabon,1974,240.7046676
united kingdom,1974,0.42775644
georgia,1974,
ghana,1974,0.000114938
gibraltar,1974,0.42775644
guinea,1974,20.55627617
"gambia, the",1974,1.710926786
guinea-bissau,1974,240.7046676
equatorial guinea,1974,240.7046676
greece,1974,30.0003
grenada,1974,2.053232409
greenland,1974,6.094899999
guatemala,1974,1.0
guam,1974,1.0
guyana,1974,2.226855293
high income,1974,
"hong kong sar, china",1974,5.031583333
honduras,1974,2.0
heavily indebted poor countries (hipc),1974,
croatia,1974,
haiti,1974,5.000004146
hungary,1974,46.7524
ibrd only,1974,
ida & ibrd total,1974,
ida total,1974,
ida blend,1974,
indonesia,1974,415.0
ida only,1974,
isle of man,1974,0.42775644
india,1974,8.101603227
not classified,1974,
ireland,1974,0.42775644
"iran, islamic rep.",1974,67.64134225
iraq,1974,1902.265334
iceland,1974,0.999516667
israel,1974,0.000445153
italy,1974,650.3433333
jamaica,1974,0.90909
jordan,1974,0.322091666
japan,1974,292.0825
kazakhstan,1974,
kenya,1974,7.142859999
kyrgyz republic,1974,
cambodia,1974,
kiribati,1974,0.696665869
st. kitts and nevis,1974,2.053232409
"korea, rep.",1974,404.4725
kuwait,1974,0.293151416
latin america & caribbean (excluding high income),1974,
lao pdr,1974,600.0011604
lebanon,1974,2.327758332
liberia,1974,23.71936402
libya,1974,0.296050999
st. lucia,1974,2.053232409
latin america & caribbean,1974,
least developed countries: un classification,1974,
low income,1974,
liechtenstein,1974,
sri lanka,1974,6.650749999
lower middle income,1974,
low & middle income,1974,
lesotho,1974,0.679477004
late-demographic dividend,1974,
lithuania,1974,
luxembourg,1974,38.9515
latvia,1974,
"macao sar, china",1974,5.039764041
st. martin (french part),1974,4.809618473
morocco,1974,4.369766666
monaco,1974,4.809618473
moldova,1974,
madagascar,1974,48.14075
maldives,1974,3.929999999
"middle east, north africa, afghanistan & pakistan",1974,
mexico,1974,0.012499969
marshall islands,1974,1.0
middle income,1974,
north macedonia,1974,
mali,1974,240.7046676
malta,1974,0.385481666
myanmar,1974,4.862524473
"middle east, north africa, afghanistan & pakistan (excluding high income)",1974,
montenegro,1974,
mongolia,1974,
northern mariana islands,1974,1.0
mozambique,1974,0.025408167
mauritania,1974,4.533333333
mauritius,1974,5.703075073
malawi,1974,0.841203416
malaysia,1974,2.407066666
north america,1974,
namibia,1974,0.679477004
new caledonia,1974,87.52854883
niger,1974,240.7046676
nigeria,1974,0.630282046
nicaragua,1974,2.06e-09
netherlands,1974,2.688383332
norway,1974,5.539708332
nepal,1974,10.56
nauru,1974,0.696665869
new zealand,1974,0.715402589
oecd members,1974,
oman,1974,0.345399999
other small states,1974,
pakistan,1974,9.9
panama,1974,1.0
peru,1974,3.87e-08
philippines,1974,6.787874999
palau,1974,
papua new guinea,1974,0.696665869
poland,1974,0.000332
pre-demographic dividend,1974,
puerto rico (us),1974,1.0
"korea, dem. people's rep.",1974,
portugal,1974,25.40816667
paraguay,1974,126.0
west bank and gaza,1974,
pacific island small states,1974,
post-demographic dividend,1974,
french polynesia,1974,87.52854883
qatar,1974,3.947399999
romania,1974,0.002
russian federation,1974,
rwanda,1974,92.30175656
south asia,1974,
saudi arabia,1974,3.549999999
sudan,1974,0.0003482
senegal,1974,240.7046676
singapore,1974,2.436866666
solomon islands,1974,0.698085449
sierra leone,1974,0.000855461
el salvador,1974,2.499997928
san marino,1974,650.3433333
"somalia, fed. rep.",1974,6.294999999
serbia,1974,
sub-saharan africa (excluding high income),1974,
south sudan,1974,
sub-saharan africa,1974,
small states,1974,
sao tome and principe,1974,0.025408167
suriname,1974,0.001785
slovak republic,1974,
slovenia,1974,
sweden,1974,4.439424999
eswatini,1974,0.679477004
sint maarten (dutch part),1974,
seychelles,1974,5.703091666
syrian arab republic,1974,3.732916666
turks and caicos islands,1974,1.0
chad,1974,240.7046676
east asia & pacific (ida & ibrd countries),1974,
europe & central asia (ida & ibrd countries),1974,
togo,1974,240.7046676
thailand,1974,20.3751028
tajikistan,1974,
turkmenistan,1974,
latin america & the caribbean (ida & ibrd countries),1974,
timor-leste,1974,1.0
"middle east, north africa, afghanistan & pakistan (ida & ibrd)",1974,
tonga,1974,0.695845221
south asia (ida & ibrd),1974,
sub-saharan africa (ida & ibrd countries),1974,
trinidad and tobago,1974,2.053230911
tunisia,1974,0.436508332
turkiye,1974,1.39e-05
tuvalu,1974,
tanzania,1974,7.134983332
uganda,1974,0.0713595
ukraine,1974,
upper middle income,1974,
uruguay,1974,0.001182133
united states,1974,1.0
uzbekistan,1974,
st. vincent and the grenadines,1974,2.053232409
"venezuela, rb",1974,0.0043
british virgin islands,1974,
virgin islands (u.s.),1974,1.0
viet nam,1974,
vanuatu,1974,77.80323232
world,1974,
samoa,1974,0.60658
kosovo,1974,
"yemen, rep.",1974,
south africa,1974,0.679477004
zambia,1974,0.00064346
zimbabwe,1974,0.000583579
aruba,1975,
africa eastern and southern,1975,
afghanistan,1975,34.92963077
africa western and central,1975,
angola,1975,2.56e-08
albania,1975,
andorra,1975,
arab world,1975,
united arab emirates,1975,3.961284999
argentina,1975,3.66e-10
armenia,1975,
american samoa,1975,1.0
antigua and barbuda,1975,2.169795832
australia,1975,0.763871249
austria,1975,17.41675
azerbaijan,1975,
burundi,1975,78.75
belgium,1975,36.77891667
benin,1975,214.3129003
burkina faso,1975,214.3129003
bangladesh,1975,12.18618004
bulgaria,1975,
bahrain,1975,0.395499999
"bahamas, the",1975,1.0
bosnia and herzegovina,1975,
belarus,1975,
belize,1975,1.808043705
bermuda,1975,1.0
bolivia,1975,2e-05
brazil,1975,3.52e-12
barbados,1975,2.018866598
brunei darussalam,1975,2.371299999
bhutan,1975,8.375891946
botswana,1975,0.739507701
central african republic,1975,214.3129003
canada,1975,1.017159263
central europe and the baltics,1975,
switzerland,1975,2.581283332
channel islands,1975,0.452041166
chile,1975,4.910416667
china,1975,1.859823389
cote d'ivoire,1975,214.3129003
cameroon,1975,214.3129003
"congo, dem. rep.",1975,1.67e-12
"congo, rep.",1975,214.3129003
colombia,1975,30.9275
comoros,1975,214.3110843
cabo verde,1975,25.54325
costa rica,1975,8.569999999
caribbean small states,1975,
cuba,1975,
curacao,1975,
cayman islands,1975,0.83333
cyprus,1975,0.368907243
czechia,1975,
germany,1975,2.460291666
djibouti,1975,177.721
dominica,1975,2.169795832
denmark,1975,5.746149999
dominican republic,1975,0.999999999
algeria,1975,3.949408332
east asia & pacific (excluding high income),1975,
early-demographic dividend,1975,
east asia & pacific,1975,
europe & central asia (excluding high income),1975,
europe & central asia,1975,
ecuador,1975,25.0
"egypt, arab rep.",1975,0.391303667
euro area,1975,
eritrea,1975,2.071825068
spain,1975,57.40691667
estonia,1975,
ethiopia,1975,2.069999999
european union,1975,
fragile and conflict affected situations,1975,
finland,1975,3.678666666
fiji,1975,0.821883064
france,1975,4.287799515
faroe islands,1975,5.746149999
"micronesia, fed. sts.",1975,1.0
gabon,1975,214.3129003
united kingdom,1975,0.452041166
georgia,1975,
ghana,1975,0.000114938
gibraltar,1975,0.452041166
guinea,1975,20.67326493
"gambia, the",1975,1.808043707
guinea-bissau,1975,214.3129003
equatorial guinea,1975,214.3129003
greece,1975,32.051325
grenada,1975,2.169795832
greenland,1975,5.746149999
guatemala,1975,0.999999999
guam,1975,1.0
guyana,1975,2.355384154
high income,1975,
"hong kong sar, china",1975,4.935166667
honduras,1975,2.0
heavily indebted poor countries (hipc),1975,
croatia,1975,
haiti,1975,4.999999999
hungary,1975,43.97138333
ibrd only,1975,
ida & ibrd total,1975,
ida total,1975,
ida blend,1975,
indonesia,1975,415.0
ida only,1975,
isle of man,1975,0.452041166
india,1975,8.375891946
not classified,1975,
ireland,1975,0.452041166
"iran, islamic rep.",1975,67.65494553
iraq,1975,1902.265334
iceland,1975,1.53695
israel,1975,0.000633615
italy,1975,652.8491667
jamaica,1975,0.90909
jordan,1975,0.319791666
japan,1975,296.7875
kazakhstan,1975,
kenya,1975,7.343193332
kyrgyz republic,1975,
cambodia,1975,
kiribati,1975,0.763871249
st. kitts and nevis,1975,2.169795832
"korea, rep.",1975,484.0
kuwait,1975,0.290032332
latin america & caribbean (excluding high income),1975,
lao pdr,1975,725.0014022
lebanon,1975,2.301983332
liberia,1975,46.43872805
libya,1975,0.296050999
st. lucia,1975,2.169795832
latin america & caribbean,1975,
least developed countries: un classification,1975,
low income,1975,
liechtenstein,1975,
sri lanka,1975,7.007166666
lower middle income,1975,
low & middle income,1975,
lesotho,1975,0.739507755
late-demographic dividend,1975,
lithuania,1975,
luxembourg,1975,36.77891667
latvia,1975,
"macao sar, china",1975,5.126437354
st. martin (french part),1975,4.287799515
morocco,1975,4.052487499
monaco,1975,4.287799515
moldova,1975,
madagascar,1975,42.86241666
maldives,1975,5.764833332
"middle east, north africa, afghanistan & pakistan",1975,
mexico,1975,0.0125
marshall islands,1975,1.0
middle income,1975,
north macedonia,1975,
mali,1975,214.3129003
malta,1975,0.384783332
myanmar,1975,6.379399324
"middle east, north africa, afghanistan & pakistan (excluding high income)",1975,
montenegro,1975,
mongolia,1975,
northern mariana islands,1975,1.0
mozambique,1975,0.02555275
mauritania,1975,4.310425
mauritius,1975,6.026797335
malawi,1975,0.863833499
malaysia,1975,2.393783333
north america,1975,
namibia,1975,0.739507755
new caledonia,1975,77.93158872
niger,1975,214.3129003
nigeria,1975,0.615501553
nicaragua,1975,2.06e-09
netherlands,1975,2.528991666
norway,1975,5.226941666
nepal,1975,11.00283333
nauru,1975,0.763871249
new zealand,1975,0.832307219
oecd members,1975,
oman,1975,0.345399999
other small states,1975,
pakistan,1975,9.9
panama,1975,1.0
peru,1975,4.04e-08
philippines,1975,7.247899999
palau,1975,
papua new guinea,1975,0.763893332
poland,1975,0.000332
pre-demographic dividend,1975,
puerto rico (us),1975,1.0
"korea, dem. people's rep.",1975,
portugal,1975,25.55275
paraguay,1975,126.0
west bank and gaza,1975,
pacific island small states,1975,
post-demographic dividend,1975,
french polynesia,1975,77.93158872
qatar,1975,3.930716666
romania,1975,0.002
russian federation,1975,
rwanda,1975,92.27726655
south asia,1975,
saudi arabia,1975,3.517612499
sudan,1975,0.0003482
senegal,1975,214.3129003
singapore,1975,2.371299999
solomon islands,1975,0.763866667
sierra leone,1975,0.000904022
el salvador,1975,2.5
san marino,1975,652.8491667
"somalia, fed. rep.",1975,6.294999999
serbia,1975,
sub-saharan africa (excluding high income),1975,
south sudan,1975,
sub-saharan africa,1975,
small states,1975,
sao tome and principe,1975,0.02554325
suriname,1975,0.001785
slovak republic,1975,
slovenia,1975,
sweden,1975,4.152191666
eswatini,1975,0.739507755
sint maarten (dutch part),1975,
seychelles,1975,6.026799999
syrian arab republic,1975,3.699999999
turks and caicos islands,1975,1.0
chad,1975,214.3129003
east asia & pacific (ida & ibrd countries),1975,
europe & central asia (ida & ibrd countries),1975,
togo,1975,214.3129003
thailand,1975,20.37926949
tajikistan,1975,
turkmenistan,1975,
latin america & the caribbean (ida & ibrd countries),1975,
timor-leste,1975,1.0
"middle east, north africa, afghanistan & pakistan (ida & ibrd)",1975,
tonga,1975,0.76390188
south asia (ida & ibrd),1975,
sub-saharan africa (ida & ibrd countries),1975,
trinidad and tobago,1975,2.169797595
tunisia,1975,0.402266666
turkiye,1975,1.44e-05
tuvalu,1975,
tanzania,1975,7.366791666
uganda,1975,0.07421925
ukraine,1975,
upper middle income,1975,
uruguay,1975,0.002235833
united states,1975,1.0
uzbekistan,1975,
st. vincent and the grenadines,1975,2.169795832
"venezuela, rb",1975,0.0043
british virgin islands,1975,
virgin islands (u.s.),1975,1.0
viet nam,1975,
vanuatu,1975,69.27259259
world,1975,
samoa,1975,0.632788583
kosovo,1975,
"yemen, rep.",1975,
south africa,1975,0.739507755
zambia,1975,0.00064323
zimbabwe,1975,0.000570764
aruba,1976,
africa eastern and southern,1976,
afghanistan,1976,34.92963077
africa western and central,1976,
angola,1976,2.94e-08
albania,1976,
andorra,1976,
arab world,1976,
united arab emirates,1976,3.953072499
argentina,1976,1.4e-09
armenia,1976,
american samoa,1976,1.0
antigua and barbuda,1976,2.614670833
australia,1976,0.818284082
austria,1976,17.93966667
azerbaijan,1976,
burundi,1976,86.25
belgium,1976,38.60516667
benin,1976,238.9504943
burkina faso,1976,238.9504943
bangladesh,1976,15.3991686
bulgaria,1976,
bahrain,1976,0.395599166
"bahamas, the",1976,1.0
bosnia and herzegovina,1976,
belarus,1976,
belize,1976,2.225673132
bermuda,1976,1.0
bolivia,1976,2e-05
brazil,1976,4.62e-12
barbados,1976,2.0
brunei darussalam,1976,2.470841666
bhutan,1976,8.960412728
botswana,1976,0.869564999
central african republic,1976,238.9504943
canada,1976,0.986028304
central europe and the baltics,1976,
switzerland,1976,2.499641666
channel islands,1976,0.556509832
chile,1976,13.05416667
china,1976,1.941415351
cote d'ivoire,1976,238.9504943
cameroon,1976,238.9504943
"congo, dem. rep.",1976,2.64e-12
"congo, rep.",1976,238.9504943
colombia,1976,34.695
comoros,1976,238.9484694
cabo verde,1976,30.22908333
costa rica,1976,8.569999999
caribbean small states,1976,
cuba,1976,
curacao,1976,
cayman islands,1976,0.83333
cyprus,1976,0.410495692
czechia,1976,
germany,1976,2.517999999
djibouti,1976,177.721
dominica,1976,2.614670833
denmark,1976,6.045024999
dominican republic,1976,0.999999999
algeria,1976,4.163824999
east asia & pacific (excluding high income),1976,
early-demographic dividend,1976,
east asia & pacific,1976,
europe & central asia (excluding high income),1976,
europe & central asia,1976,
ecuador,1976,25.0
"egypt, arab rep.",1976,0.391303667
euro area,1976,
eritrea,1976,2.071825068
spain,1976,66.90291667
estonia,1976,
ethiopia,1976,2.069999999
european union,1976,
fragile and conflict affected situations,1976,
finland,1976,3.864416666
fiji,1976,0.897715403
france,1976,4.802878363
faroe islands,1976,6.045024999
"micronesia, fed. sts.",1976,1.0
gabon,1976,238.9504943
united kingdom,1976,0.556509832
georgia,1976,
ghana,1976,0.000114938
gibraltar,1976,0.556509832
guinea,1976,21.38195694
"gambia, the",1976,2.225673135
guinea-bissau,1976,238.9504943
equatorial guinea,1976,238.9504943
greece,1976,36.51758333
grenada,1976,2.614670833
greenland,1976,6.045024999
guatemala,1976,0.999999999
guam,1976,1.0
guyana,1976,2.549999999
high income,1976,
"hong kong sar, china",1976,4.90475
honduras,1976,2.0
heavily indebted poor countries (hipc),1976,
croatia,1976,
haiti,1976,4.999999999
hungary,1976,41.57526667
ibrd only,1976,
ida & ibrd total,1976,
ida total,1976,
ida blend,1976,
indonesia,1976,415.0
ida only,1976,
isle of man,1976,0.556509832
india,1976,8.960412728
not classified,1976,
ireland,1976,0.556509832
"iran, islamic rep.",1976,70.23906986
iraq,1976,1902.265334
iceland,1976,1.821716666
israel,1976,0.000792557
italy,1976,832.335
jamaica,1976,0.90909
jordan,1976,0.331983332
japan,1976,296.5525
kazakhstan,1976,
kenya,1976,8.367144999
kyrgyz republic,1976,
cambodia,1976,
kiribati,1976,0.818284082
st. kitts and nevis,1976,2.614670833
"korea, rep.",1976,484.0
kuwait,1976,0.292387416
latin america & caribbean (excluding high income),1976,
lao pdr,1976,429.1672679
lebanon,1976,2.871591666
liberia,1976,46.43872805
libya,1976,0.296050999
st. lucia,1976,2.614670833
latin america & caribbean,1976,
least developed countries: un classification,1976,
low income,1976,
liechtenstein,1976,
sri lanka,1976,8.411999999
lower middle income,1976,
low & middle income,1976,
lesotho,1976,0.869565218
late-demographic dividend,1976,
lithuania,1976,
luxembourg,1976,38.60516667
latvia,1976,
"macao sar, china",1976,6.061448986
st. martin (french part),1976,4.802878363
morocco,1976,4.419312499
monaco,1976,4.802878363
moldova,1976,
madagascar,1976,47.78991666
maldives,1976,8.364666666
"middle east, north africa, afghanistan & pakistan",1976,
mexico,1976,0.01542585
marshall islands,1976,1.0
middle income,1976,
north macedonia,1976,
mali,1976,238.9504943
malta,1976,0.425135832
myanmar,1976,6.706749356
"middle east, north africa, afghanistan & pakistan (excluding high income)",1976,
montenegro,1976,
mongolia,1976,
northern mariana islands,1976,1.0
mozambique,1976,0.030229083
mauritania,1976,4.502225
mauritius,1976,6.681524999
malawi,1976,0.913011416
malaysia,1976,2.541574999
north america,1976,
namibia,1976,0.869565218
new caledonia,1976,86.89067067
niger,1976,238.9504943
nigeria,1976,0.626601004
nicaragua,1976,2.06e-09
netherlands,1976,2.643941666
norway,1976,5.456516666
nepal,1976,12.5
nauru,1976,0.818284082
new zealand,1976,1.00488879
oecd members,1976,
oman,1976,0.345399999
other small states,1976,
pakistan,1976,9.9
panama,1976,1.0
peru,1976,5.58e-08
philippines,1976,7.440258332
palau,1976,
papua new guinea,1976,0.792807499
poland,1976,0.000332
pre-demographic dividend,1976,
puerto rico (us),1976,1.0
"korea, dem. people's rep.",1976,
portugal,1976,30.22908333
paraguay,1976,126.0
west bank and gaza,1976,
pacific island small states,1976,
post-demographic dividend,1976,
french polynesia,1976,86.89067067
qatar,1976,3.963433332
romania,1976,0.002
russian federation,1976,
rwanda,1976,97.01234655
south asia,1976,
saudi arabia,1976,3.529999999
sudan,1976,0.0003482
senegal,1976,238.9504943
singapore,1976,2.470841666
solomon islands,1976,0.818283333
sierra leone,1976,0.001112841
el salvador,1976,2.5
san marino,1976,832.335
"somalia, fed. rep.",1976,6.294999999
serbia,1976,
sub-saharan africa (excluding high income),1976,
south sudan,1976,
sub-saharan africa,1976,
small states,1976,
sao tome and principe,1976,0.030229083
suriname,1976,0.001785
slovak republic,1976,
slovenia,1976,
sweden,1976,4.355891666
eswatini,1976,0.869565218
sint maarten (dutch part),1976,
seychelles,1976,7.418883332
syrian arab republic,1976,3.852666666
turks and caicos islands,1976,1.0
chad,1976,238.9504943
east asia & pacific (ida & ibrd countries),1976,
europe & central asia (ida & ibrd countries),1976,
togo,1976,238.9504943
thailand,1976,20.40010292
tajikistan,1976,
turkmenistan,1976,
latin america & the caribbean (ida & ibrd countries),1976,
timor-leste,1976,1.0
"middle east, north africa, afghanistan & pakistan (ida & ibrd)",1976,
tonga,1976,0.818316895
south asia (ida & ibrd),1976,
sub-saharan africa (ida & ibrd countries),1976,
trinidad and tobago,1976,2.435786432
tunisia,1976,0.428774999
turkiye,1976,1.61e-05
tuvalu,1976,
tanzania,1976,8.376774999
uganda,1976,0.082661667
ukraine,1976,
upper middle income,1976,
uruguay,1976,0.0033025
united states,1976,1.0
uzbekistan,1976,
st. vincent and the grenadines,1976,2.614670833
"venezuela, rb",1976,0.0043
british virgin islands,1976,
virgin islands (u.s.),1976,1.0
viet nam,1976,
vanuatu,1976,77.23622896
world,1976,
samoa,1976,0.795365499
kosovo,1976,
"yemen, rep.",1976,
south africa,1976,0.869565218
zambia,1976,0.000700984
zimbabwe,1976,0.000626077
aruba,1977,
africa eastern and southern,1977,
afghanistan,1977,34.92963077
africa western and central,1977,
angola,1977,2.99e-08
albania,1977,
andorra,1977,
arab world,1977,
united arab emirates,1977,3.903247499
argentina,1977,4.08e-09
armenia,1977,
american samoa,1977,1.0
antigua and barbuda,1977,2.7
australia,1977,0.901824999
austria,1977,16.52691667
azerbaijan,1977,
burundi,1977,90.0
belgium,1977,35.84275
benin,1977,245.6796866
burkina faso,1977,245.6796866
bangladesh,1977,15.3751
bulgaria,1977,
bahrain,1977,0.395649999
"bahamas, the",1977,1.0
bosnia and herzegovina,1977,
belarus,1977,
belize,1977,2.0
bermuda,1977,1.0
bolivia,1977,2e-05
brazil,1977,6.12e-12
barbados,1977,2.0
brunei darussalam,1977,2.439399999
bhutan,1977,8.738576171
botswana,1977,0.841959666
central african republic,1977,245.6796866
canada,1977,1.063441611
central europe and the baltics,1977,
switzerland,1977,2.403524999
channel islands,1977,0.573271999
chile,1977,21.53583333
china,1977,1.857823382
cote d'ivoire,1977,245.6796866
cameroon,1977,245.6796866
"congo, dem. rep.",1977,2.86e-12
"congo, rep.",1977,245.6796866
colombia,1977,36.77416667
comoros,1977,245.6776047
cabo verde,1977,34.04649167
costa rica,1977,8.569999999
caribbean small states,1977,
cuba,1977,
curacao,1977,
cayman islands,1977,0.83333
cyprus,1977,0.408121577
czechia,1977,
germany,1977,2.322183332
djibouti,1977,177.721
dominica,1977,2.7
denmark,1977,6.003191666
dominican republic,1977,0.999999999
algeria,1977,4.146758332
east asia & pacific (excluding high income),1977,
early-demographic dividend,1977,
east asia & pacific,1977,
europe & central asia (excluding high income),1977,
europe & central asia,1977,
ecuador,1977,25.0
"egypt, arab rep.",1977,0.391303667
euro area,1977,
eritrea,1977,2.071825068
spain,1977,75.96183333
estonia,1977,
ethiopia,1977,2.069999999
european union,1977,
fragile and conflict affected situations,1977,
finland,1977,4.029416666
fiji,1977,0.917440332
france,1977,4.905173323
faroe islands,1977,6.003191666
"micronesia, fed. sts.",1977,1.0
gabon,1977,245.6796866
united kingdom,1977,0.573271999
georgia,1977,
ghana,1977,0.000114938
gibraltar,1977,0.573271999
guinea,1977,21.14448267
"gambia, the",1977,2.293018881
guinea-bissau,1977,245.6796866
equatorial guinea,1977,245.6796866
greece,1977,36.83841667
grenada,1977,2.7
greenland,1977,6.003191666
guatemala,1977,0.999999999
guam,1977,1.0
guyana,1977,2.549999999
high income,1977,
"hong kong sar, china",1977,4.662
honduras,1977,2.0
heavily indebted poor countries (hipc),1977,
croatia,1977,
haiti,1977,4.999999999
hungary,1977,40.96075
ibrd only,1977,
ida & ibrd total,1977,
ida total,1977,
ida blend,1977,
indonesia,1977,415.0
ida only,1977,
isle of man,1977,0.573271999
india,1977,8.738576171
not classified,1977,
ireland,1977,0.573271999
"iran, islamic rep.",1977,70.63373188
iraq,1977,1902.265334
iceland,1977,1.9887
israel,1977,0.001044546
italy,1977,882.3883333
jamaica,1977,0.90909
jordan,1977,0.329266666
japan,1977,268.51
kazakhstan,1977,
kenya,1977,8.276560832
kyrgyz republic,1977,
cambodia,1977,
kiribati,1977,0.901824999
st. kitts and nevis,1977,2.7
"korea, rep.",1977,484.0
kuwait,1977,0.286565999
latin america & caribbean (excluding high income),1977,
lao pdr,1977,199.9999947
lebanon,1977,3.068958332
liberia,1977,46.43872805
libya,1977,0.296050999
st. lucia,1977,2.7
latin america & caribbean,1977,
least developed countries: un classification,1977,
low income,1977,
liechtenstein,1977,
sri lanka,1977,8.872833333
lower middle income,1977,
low & middle income,1977,
lesotho,1977,0.869565218
late-demographic dividend,1977,
lithuania,1977,
luxembourg,1977,35.84275
latvia,1977,
"macao sar, china",1977,5.57378531
st. martin (french part),1977,4.905173323
morocco,1977,4.503345832
monaco,1977,4.905173323
moldova,1977,
madagascar,1977,49.13574999
maldives,1977,8.76675
"middle east, north africa, afghanistan & pakistan",1977,
mexico,1977,0.022572867
marshall islands,1977,1.0
middle income,1977,
north macedonia,1977,
mali,1977,245.6796866
malta,1977,0.422309166
myanmar,1977,7.067599759
"middle east, north africa, afghanistan & pakistan (excluding high income)",1977,
montenegro,1977,
mongolia,1977,
northern mariana islands,1977,1.0
mozambique,1977,0.03040725
mauritania,1977,4.558708333
mauritius,1977,6.607308332
malawi,1977,0.902928082
malaysia,1977,2.461283332
north america,1977,
namibia,1977,0.869565218
new caledonia,1977,89.33763792
niger,1977,245.6796866
nigeria,1977,0.644701062
nicaragua,1977,2.06e-09
netherlands,1977,2.454249999
norway,1977,5.323499999
nepal,1977,12.5
nauru,1977,0.901824999
new zealand,1977,1.030311651
oecd members,1977,
oman,1977,0.345399999
other small states,1977,
pakistan,1977,9.9
panama,1977,1.0
peru,1977,8.42e-08
philippines,1977,7.402824999
palau,1977,
papua new guinea,1977,0.791408332
poland,1977,0.000332
pre-demographic dividend,1977,
puerto rico (us),1977,1.0
"korea, dem. people's rep.",1977,
portugal,1977,38.27695
paraguay,1977,126.0
west bank and gaza,1977,
pacific island small states,1977,
post-demographic dividend,1977,
french polynesia,1977,89.33763792
qatar,1977,3.959016666
romania,1977,0.002
russian federation,1977,
rwanda,1977,95.93509322
south asia,1977,
saudi arabia,1977,3.525064999
sudan,1977,0.000348206
senegal,1977,245.6796866
singapore,1977,2.439399999
solomon islands,1977,0.901816667
sierra leone,1977,0.001146497
el salvador,1977,2.5
san marino,1977,882.3883333
"somalia, fed. rep.",1977,6.294999999
serbia,1977,
sub-saharan africa (excluding high income),1977,
south sudan,1977,
sub-saharan africa,1977,
small states,1977,
sao tome and principe,1977,0.037558071
suriname,1977,0.001785
slovak republic,1977,
slovenia,1977,
sweden,1977,4.481641666
eswatini,1977,0.869565218
sint maarten (dutch part),1977,
seychelles,1977,7.643383332
syrian arab republic,1977,3.924999999
turks and caicos islands,1977,1.0
chad,1977,245.6796866
east asia & pacific (ida & ibrd countries),1977,
europe & central asia (ida & ibrd countries),1977,
togo,1977,245.6796866
thailand,1977,20.40010292
tajikistan,1977,
turkmenistan,1977,
latin america & the caribbean (ida & ibrd countries),1977,
timor-leste,1977,1.0
"middle east, north africa, afghanistan & pakistan (ida & ibrd)",1977,
tonga,1977,0.901861161
south asia (ida & ibrd),1977,
sub-saharan africa (ida & ibrd countries),1977,
trinidad and tobago,1977,2.399999999
tunisia,1977,0.428949999
turkiye,1977,1.8e-05
tuvalu,1977,
tanzania,1977,8.289208333
uganda,1977,0.08259
ukraine,1977,
upper middle income,1977,
uruguay,1977,0.004646667
united states,1977,1.0
uzbekistan,1977,
st. vincent and the grenadines,1977,2.7
"venezuela, rb",1977,0.0043
british virgin islands,1977,
virgin islands (u.s.),1977,1.0
viet nam,1977,
vanuatu,1977,79.41131313
world,1977,
samoa,1977,0.786077499
kosovo,1977,
"yemen, rep.",1977,
south africa,1977,0.869565218
zambia,1977,0.000789728
zimbabwe,1977,0.000629064
aruba,1978,
africa eastern and southern,1978,
afghanistan,1978,34.92963077
africa western and central,1978,
angola,1978,2.99e-08
albania,1978,
andorra,1978,
arab world,1978,
united arab emirates,1978,3.871210832
argentina,1978,7.96e-09
armenia,1978,
american samoa,1978,1.0
antigua and barbuda,1978,2.7
australia,1978,0.873659249
austria,1978,14.52166667
azerbaijan,1978,
burundi,1978,90.0
belgium,1978,31.49208333
benin,1978,225.6558602
burkina faso,1978,225.6558602
bangladesh,1978,15.01611667
bulgaria,1978,
bahrain,1978,0.387453332
"bahamas, the",1978,1.0
bosnia and herzegovina,1978,
belarus,1978,
belize,1978,2.0
bermuda,1978,1.0
bolivia,1978,2e-05
brazil,1978,7.82e-12
barbados,1978,2.0
brunei darussalam,1978,2.274024999
bhutan,1978,8.192840348
botswana,1978,0.828156999
central african republic,1978,225.6558602
canada,1978,1.140659171
central europe and the baltics,1978,
switzerland,1978,1.788024999
channel islands,1978,0.521504582
chile,1978,31.65583333
china,1978,1.683589419
cote d'ivoire,1978,225.6558602
cameroon,1978,225.6558602
"congo, dem. rep.",1978,2.79e-12
"congo, rep.",1978,225.6558602
colombia,1978,39.095
comoros,1978,225.653948
cabo verde,1978,35.50075
costa rica,1978,8.569999999
caribbean small states,1978,
cuba,1978,
curacao,1978,
cayman islands,1978,0.83333
cyprus,1978,0.373512583
czechia,1978,
germany,1978,2.008624999
djibouti,1978,177.721
dominica,1978,2.7
denmark,1978,5.514624999
dominican republic,1978,0.999999999
algeria,1978,3.965899999
east asia & pacific (excluding high income),1978,
early-demographic dividend,1978,
east asia & pacific,1978,
europe & central asia (excluding high income),1978,
europe & central asia,1978,
ecuador,1978,25.0
"egypt, arab rep.",1978,0.391303667
euro area,1978,
eritrea,1978,2.071825068
spain,1978,76.66783333
estonia,1978,
ethiopia,1978,2.069999999
european union,1978,
fragile and conflict affected situations,1978,
finland,1978,4.117333333
fiji,1978,0.846770749
france,1978,4.513099999
faroe islands,1978,5.514624999
"micronesia, fed. sts.",1978,1.0
gabon,1978,225.6558602
united kingdom,1978,0.521504582
georgia,1978,
ghana,1978,0.000176263
gibraltar,1978,0.521504582
guinea,1978,19.72354076
"gambia, the",1978,2.085745297
guinea-bissau,1978,225.6558602
equatorial guinea,1978,225.6558602
greece,1978,36.74541667
grenada,1978,2.7
greenland,1978,5.514624999
guatemala,1978,0.999999999
guam,1978,1.0
guyana,1978,2.549999999
high income,1978,
"hong kong sar, china",1978,4.683666667
honduras,1978,2.0
heavily indebted poor countries (hipc),1978,
croatia,1978,
haiti,1978,4.999999999
hungary,1978,37.91135
ibrd only,1978,
ida & ibrd total,1978,
ida total,1978,
ida blend,1978,
indonesia,1978,442.0454167
ida only,1978,
isle of man,1978,0.521504582
india,1978,8.192840348
not classified,1978,
ireland,1978,0.521504582
"iran, islamic rep.",1978,70.49203098
iraq,1978,1902.265334
iceland,1978,2.711108333
israel,1978,0.001743537
italy,1978,848.6633333
jamaica,1978,1.413258333
jordan,1978,0.305624999
japan,1978,210.4416667
kazakhstan,1978,
kenya,1978,7.729383332
kyrgyz republic,1978,
cambodia,1978,
kiribati,1978,0.873659249
st. kitts and nevis,1978,2.7
"korea, rep.",1978,484.0
kuwait,1978,0.275052749
latin america & caribbean (excluding high income),1978,
lao pdr,1978,333.3333244
lebanon,1978,2.955374999
liberia,1978,46.43872805
libya,1978,0.296050999
st. lucia,1978,2.7
latin america & caribbean,1978,
least developed countries: un classification,1978,
low income,1978,
liechtenstein,1978,
sri lanka,1978,15.61066667
lower middle income,1978,
low & middle income,1978,
lesotho,1978,0.869565218
late-demographic dividend,1978,
lithuania,1978,
luxembourg,1978,31.49208333
latvia,1978,
"macao sar, china",1978,5.029166666
st. martin (french part),1978,4.513099999
morocco,1978,4.166670832
monaco,1978,4.513099999
moldova,1978,
madagascar,1978,45.13099999
maldives,1978,8.968749999
"middle east, north africa, afghanistan & pakistan",1978,
mexico,1978,0.022767283
marshall islands,1978,1.0
middle income,1978,
north macedonia,1978,
mali,1978,225.6558602
malta,1978,0.385383332
myanmar,1978,6.798260431
"middle east, north africa, afghanistan & pakistan (excluding high income)",1978,
montenegro,1978,
mongolia,1978,
northern mariana islands,1978,1.0
mozambique,1978,0.03
mauritania,1978,4.61625
mauritius,1978,6.163274999
malawi,1978,0.843745082
malaysia,1978,2.316041666
north america,1978,
namibia,1978,0.869565218
new caledonia,1978,82.05628156
niger,1978,225.6558602
nigeria,1978,0.635271994
nicaragua,1978,2.06e-09
netherlands,1978,2.163583333
norway,1978,5.242249999
nepal,1978,12.1105
nauru,1978,0.873659249
new zealand,1978,0.964424999
oecd members,1978,
oman,1978,0.345399999
other small states,1978,
pakistan,1978,9.9
panama,1978,1.0
peru,1978,1.56e-07
philippines,1978,7.365758333
palau,1978,
papua new guinea,1978,0.708924999
poland,1978,0.000581
pre-demographic dividend,1978,
puerto rico (us),1978,1.0
"korea, dem. people's rep.",1978,
portugal,1978,43.93733333
paraguay,1978,126.0
west bank and gaza,1978,
pacific island small states,1978,
post-demographic dividend,1978,
french polynesia,1978,82.05628156
qatar,1978,3.876899999
romania,1978,0.001836025
russian federation,1978,
rwanda,1978,89.48790655
south asia,1978,
saudi arabia,1978,3.399561666
sudan,1978,0.000377452
senegal,1978,225.6558602
singapore,1978,2.274024999
solomon islands,1978,0.873658333
sierra leone,1978,0.001047043
el salvador,1978,2.5
san marino,1978,848.6633333
"somalia, fed. rep.",1978,6.294999999
serbia,1978,
sub-saharan africa (excluding high income),1978,
south sudan,1978,
sub-saharan africa,1978,
small states,1978,
sao tome and principe,1978,0.036154724
suriname,1978,0.001785
slovak republic,1978,
slovenia,1978,
sweden,1978,4.518474999
eswatini,1978,0.869565218
sint maarten (dutch part),1978,
seychelles,1978,6.952466666
syrian arab republic,1978,3.924999999
turks and caicos islands,1978,1.0
chad,1978,225.6558602
east asia & pacific (ida & ibrd countries),1978,
europe & central asia (ida & ibrd countries),1978,
togo,1978,225.6558602
thailand,1978,20.3361026
tajikistan,1978,
turkmenistan,1978,
latin america & the caribbean (ida & ibrd countries),1978,
timor-leste,1978,1.0
"middle east, north africa, afghanistan & pakistan (ida & ibrd)",1978,
tonga,1978,0.873694282
south asia (ida & ibrd),1978,
sub-saharan africa (ida & ibrd countries),1978,
trinidad and tobago,1978,2.399999999
tunisia,1978,0.416170832
turkiye,1978,2.43e-05
tuvalu,1978,
tanzania,1978,7.712049999
uganda,1978,0.077356667
ukraine,1978,
upper middle income,1978,
uruguay,1978,0.006023333
united states,1978,1.0
uzbekistan,1978,
st. vincent and the grenadines,1978,2.7
"venezuela, rb",1978,0.0043
british virgin islands,1978,
virgin islands (u.s.),1978,1.0
viet nam,1978,
vanuatu,1978,72.9389899
world,1978,
samoa,1978,0.736332832
kosovo,1978,
"yemen, rep.",1978,
south africa,1978,0.869565218
zambia,1978,0.000800667
zimbabwe,1978,0.000674824
aruba,1979,
africa eastern and southern,1979,
afghanistan,1979,33.84616432
africa western and central,1979,
angola,1979,2.99e-08
albania,1979,
andorra,1979,
arab world,1979,
united arab emirates,1979,3.815675832
argentina,1979,1.32e-08
armenia,1979,
american samoa,1979,1.0
antigua and barbuda,1979,2.7
australia,1979,0.894640916
austria,1979,13.3675
azerbaijan,1979,
burundi,1979,90.0
belgium,1979,29.31866667
benin,1979,212.7216443
burkina faso,1979,212.7216443
bangladesh,1979,15.551925
bulgaria,1979,
bahrain,1979,0.381617499
"bahamas, the",1979,1.0
bosnia and herzegovina,1979,
belarus,1979,
belize,1979,2.0
bermuda,1979,1.0
bolivia,1979,2.04e-05
brazil,1979,1.17e-11
barbados,1979,2.0
brunei darussalam,1979,2.174558333
bhutan,1979,8.125790946
botswana,1979,0.815006666
central african republic,1979,212.7216443
canada,1979,1.171424496
central europe and the baltics,1979,
switzerland,1979,1.662724999
channel islands,1979,0.472181166
chile,1979,37.24583333
china,1979,1.554938954
cote d'ivoire,1979,212.7216443
cameroon,1979,212.7216443
"congo, dem. rep.",1979,5.76e-12
"congo, rep.",1979,212.7216443
colombia,1979,42.54833333
comoros,1979,212.7198417
cabo verde,1979,37.433
costa rica,1979,8.569999999
caribbean small states,1979,
cuba,1979,
curacao,1979,
cayman islands,1979,0.83333
cyprus,1979,0.354443864
czechia,1979,
germany,1979,1.832883333
djibouti,1979,177.721
dominica,1979,2.7
denmark,1979,5.260958332
dominican republic,1979,0.999999999
algeria,1979,3.853266666
east asia & pacific (excluding high income),1979,
early-demographic dividend,1979,
east asia & pacific,1979,
europe & central asia (excluding high income),1979,
europe & central asia,1979,
ecuador,1979,25.0
"egypt, arab rep.",1979,0.7000007
euro area,1979,
eritrea,1979,2.071825068
spain,1979,67.125
estonia,1979,
ethiopia,1979,2.069999999
european union,1979,
fragile and conflict affected situations,1979,
finland,1979,3.895333333
fiji,1979,0.835743249
france,1979,4.254416666
faroe islands,1979,5.260958332
"micronesia, fed. sts.",1979,1.0
gabon,1979,212.7216443
united kingdom,1979,0.472181166
georgia,1979,
ghana,1979,0.000274852
gibraltar,1979,0.472181166
guinea,1979,19.10701332
"gambia, the",1979,1.8884158
guinea-bissau,1979,212.7216443
equatorial guinea,1979,212.7216443
greece,1979,37.03841667
grenada,1979,2.7
greenland,1979,5.260958332
guatemala,1979,0.999999999
guam,1979,1.0
guyana,1979,2.549999999
high income,1979,
"hong kong sar, china",1979,5.002666666
honduras,1979,2.0
heavily indebted poor countries (hipc),1979,
croatia,1979,
haiti,1979,4.999999999
hungary,1979,35.578
ibrd only,1979,
ida & ibrd total,1979,
ida total,1979,
ida blend,1979,
indonesia,1979,623.0555
ida only,1979,
isle of man,1979,0.472181166
india,1979,8.125790946
not classified,1979,
ireland,1979,0.488594874
"iran, islamic rep.",1979,70.49203098
iraq,1979,1902.265334
iceland,1979,3.525999999
israel,1979,0.002540637
italy,1979,830.8616667
jamaica,1979,1.764778333
jordan,1979,0.300333332
japan,1979,219.14
kazakhstan,1979,
kenya,1979,7.475309166
kyrgyz republic,1979,
cambodia,1979,
kiribati,1979,0.894640916
st. kitts and nevis,1979,2.7
"korea, rep.",1979,484.0
kuwait,1979,0.276366082
latin america & caribbean (excluding high income),1979,
lao pdr,1979,367.4999902
lebanon,1979,3.242749999
liberia,1979,46.43872805
libya,1979,0.296050999
st. lucia,1979,2.7
latin america & caribbean,1979,
least developed countries: un classification,1979,
low income,1979,
liechtenstein,1979,
sri lanka,1979,15.57183333
lower middle income,1979,
low & middle income,1979,
lesotho,1979,0.842022602
late-demographic dividend,1979,
lithuania,1979,
luxembourg,1979,29.31866667
latvia,1979,
"macao sar, china",1979,5.176666666
st. martin (french part),1979,4.254416666
morocco,1979,3.899134166
monaco,1979,4.254416666
moldova,1979,
madagascar,1979,42.54416666
maldives,1979,7.488583332
"middle east, north africa, afghanistan & pakistan",1979,
mexico,1979,0.022805383
marshall islands,1979,1.0
middle income,1979,
north macedonia,1979,
mali,1979,212.7216443
malta,1979,0.358469999
myanmar,1979,6.585761393
"middle east, north africa, afghanistan & pakistan (excluding high income)",1979,
montenegro,1979,
mongolia,1979,
northern mariana islands,1979,1.0
mozambique,1979,0.03
mauritania,1979,4.58925
mauritius,1979,6.308108332
malawi,1979,0.816877916
malaysia,1979,2.188441666
north america,1979,
namibia,1979,0.842022602
new caledonia,1979,77.35295294
niger,1979,212.7216443
nigeria,1979,0.604007374
nicaragua,1979,2.79e-09
netherlands,1979,2.005991666
norway,1979,5.064066666
nepal,1979,12.0
nauru,1979,0.894640916
new zealand,1979,0.978502499
oecd members,1979,
oman,1979,0.345399999
other small states,1979,
pakistan,1979,9.9
panama,1979,1.0
peru,1979,2.25e-07
philippines,1979,7.377549999
palau,1979,
papua new guinea,1979,0.711757499
poland,1979,0.00332
pre-demographic dividend,1979,
puerto rico (us),1979,1.0
"korea, dem. people's rep.",1979,
portugal,1979,48.92346667
paraguay,1979,126.0
west bank and gaza,1979,
pacific island small states,1979,
post-demographic dividend,1979,
french polynesia,1979,77.35295294
qatar,1979,3.773324999
romania,1979,0.0018
russian federation,1979,
rwanda,1979,86.69070655
south asia,1979,
saudi arabia,1979,3.360836666
sudan,1979,0.000429167
senegal,1979,212.7216443
singapore,1979,2.174558333
solomon islands,1979,0.865964322
sierra leone,1979,0.001056973
el salvador,1979,2.5
san marino,1979,830.8616667
"somalia, fed. rep.",1979,6.294999999
serbia,1979,
sub-saharan africa (excluding high income),1979,
south sudan,1979,
sub-saharan africa,1979,
small states,1979,
sao tome and principe,1979,0.035024584
suriname,1979,0.001785
slovak republic,1979,
slovenia,1979,
sweden,1979,4.287083332
eswatini,1979,0.842022602
sint maarten (dutch part),1979,
seychelles,1979,6.332649999
syrian arab republic,1979,3.924999999
turks and caicos islands,1979,1.0
chad,1979,212.7216443
east asia & pacific (ida & ibrd countries),1979,
europe & central asia (ida & ibrd countries),1979,
togo,1979,212.7216443
thailand,1979,20.41893635
tajikistan,1979,
turkmenistan,1979,
latin america & the caribbean (ida & ibrd countries),1979,
timor-leste,1979,1.0
"middle east, north africa, afghanistan & pakistan (ida & ibrd)",1979,
tonga,1979,0.89467679
south asia (ida & ibrd),1979,
sub-saharan africa (ida & ibrd countries),1979,
trinidad and tobago,1979,2.399999999
tunisia,1979,0.406462499
turkiye,1979,3.11e-05
tuvalu,1979,
tanzania,1979,8.216624999
uganda,1979,0.074828333
ukraine,1979,
upper middle income,1979,
uruguay,1979,0.007838333
united states,1979,1.0
uzbekistan,1979,
st. vincent and the grenadines,1979,2.7
"venezuela, rb",1979,0.0043
british virgin islands,1979,
virgin islands (u.s.),1979,1.0
viet nam,1979,
vanuatu,1979,68.75824916
world,1979,
samoa,1979,0.826158332
kosovo,1979,
"yemen, rep.",1979,
south africa,1979,0.842022602
zambia,1979,0.000793333
zimbabwe,1979,0.000680497
aruba,1980,
africa eastern and southern,1980,
afghanistan,1980,34.3694584
africa western and central,1980,
angola,1980,2.99e-08
albania,1980,
andorra,1980,
arab world,1980,
united arab emirates,1980,3.707364999
argentina,1980,1.84e-08
armenia,1980,
american samoa,1980,1.0
antigua and barbuda,1980,2.7
australia,1980,0.878244332
austria,1980,12.938
azerbaijan,1980,
burundi,1980,90.0
belgium,1980,29.24166667
benin,1980,211.2795554
burkina faso,1980,211.2795554
bangladesh,1980,15.45405833
bulgaria,1980,
bahrain,1980,0.377000235
"bahamas, the",1980,1.0
bosnia and herzegovina,1980,
belarus,1980,
belize,1980,2.0
bermuda,1980,1.0
bolivia,1980,2.45e-05
brazil,1980,2.28e-11
barbados,1980,2.0
brunei darussalam,1980,2.141208333
bhutan,1980,7.862944701
botswana,1980,0.777224999
central african republic,1980,211.2795554
canada,1980,1.169226867
central europe and the baltics,1980,
switzerland,1980,1.675708333
channel islands,1980,0.430294999
chile,1980,39.0
china,1980,1.498386058
cote d'ivoire,1980,211.2795554
cameroon,1980,211.2795554
"congo, dem. rep.",1980,9.33e-12
"congo, rep.",1980,211.2795554
colombia,1980,47.27833333
comoros,1980,211.277765
cabo verde,1980,40.17491667
costa rica,1980,8.569999999
caribbean small states,1980,
cuba,1980,
curacao,1980,
cayman islands,1980,0.83333
cyprus,1980,0.353051687
czechia,1980,
germany,1980,1.817666666
djibouti,1980,177.721
dominica,1980,2.7
denmark,1980,5.635941666
dominican republic,1980,0.999999999
algeria,1980,3.837449999
east asia & pacific (excluding high income),1980,
early-demographic dividend,1980,
east asia & pacific,1980,
europe & central asia (excluding high income),1980,
europe & central asia,1980,
ecuador,1980,25.0
"egypt, arab rep.",1980,0.7000007
euro area,1980,
eritrea,1980,2.071825068
spain,1980,71.70191667
estonia,1980,
ethiopia,1980,2.069999999
european union,1980,
fragile and conflict affected situations,1980,
finland,1980,3.730083333
fiji,1980,0.817964666
france,1980,4.225574999
faroe islands,1980,5.635941666
"micronesia, fed. sts.",1980,1.0
gabon,1980,211.2795554
united kingdom,1980,0.430294999
georgia,1980,
ghana,1980,0.000274852
gibraltar,1980,0.430294999
guinea,1980,18.96889304
"gambia, the",1980,1.72098284
guinea-bissau,1980,211.2795554
equatorial guinea,1980,211.2795554
greece,1980,42.61658333
grenada,1980,2.7
greenland,1980,5.635941666
guatemala,1980,0.999999999
guam,1980,1.0
guyana,1980,2.549999999
high income,1980,
"hong kong sar, china",1980,4.976083333
honduras,1980,2.0
heavily indebted poor countries (hipc),1980,
croatia,1980,
haiti,1980,4.999999999
hungary,1980,32.53228333
ibrd only,1980,
ida & ibrd total,1980,
ida total,1980,
ida blend,1980,
indonesia,1980,626.994
ida only,1980,
isle of man,1980,0.430294999
india,1980,7.862944701
not classified,1980,
ireland,1980,0.486645277
"iran, islamic rep.",1980,70.63184809
iraq,1980,1902.265334
iceland,1980,4.797641666
israel,1980,0.005124292
italy,1980,856.4475
jamaica,1980,1.781419999
jordan,1980,0.297924999
japan,1980,226.7408333
kazakhstan,1980,
kenya,1980,7.420187499
kyrgyz republic,1980,
cambodia,1980,
kiribati,1980,0.878244332
st. kitts and nevis,1980,2.7
"korea, rep.",1980,607.7166667
kuwait,1980,0.270297416
latin america & caribbean (excluding high income),1980,
lao pdr,1980,9.999999733
lebanon,1980,3.436108332
liberia,1980,46.43872805
libya,1980,0.296050749
st. lucia,1980,2.7
latin america & caribbean,1980,
least developed countries: un classification,1980,
low income,1980,
liechtenstein,1980,
sri lanka,1980,16.53441667
lower middle income,1980,
low & middle income,1980,
lesotho,1980,0.778833737
late-demographic dividend,1980,
lithuania,1980,
luxembourg,1980,29.24166667
latvia,1980,
"macao sar, china",1980,5.094999999
st. martin (french part),1980,4.225574999
morocco,1980,3.936645832
monaco,1980,4.225574999
moldova,1980,
madagascar,1980,42.25574999
maldives,1980,7.549999999
"middle east, north africa, afghanistan & pakistan",1980,
mexico,1980,0.022951008
marshall islands,1980,1.0
middle income,1980,
north macedonia,1980,
mali,1980,211.2795554
malta,1980,0.345426666
myanmar,1980,6.538142322
"middle east, north africa, afghanistan & pakistan (excluding high income)",1980,
montenegro,1980,
mongolia,1980,
northern mariana islands,1980,1.0
mozambique,1980,0.03240025
mauritania,1980,4.591408333
mauritius,1980,7.684291666
malawi,1980,0.812095666
malaysia,1980,2.176883332
north america,1980,
namibia,1980,0.778833737
new caledonia,1980,76.82855951
niger,1980,211.2795554
nigeria,1980,0.546780892
nicaragua,1980,2.95e-09
netherlands,1980,1.988116666
norway,1980,4.939224999
nepal,1980,12.0
nauru,1980,0.878244332
new zealand,1980,1.026679999
oecd members,1980,
oman,1980,0.345399999
other small states,1980,
pakistan,1980,9.9
panama,1980,1.0
peru,1980,2.89e-07
philippines,1980,7.511433332
palau,1980,
papua new guinea,1980,0.670945832
poland,1980,0.004421667
pre-demographic dividend,1980,
puerto rico (us),1980,1.0
"korea, dem. people's rep.",1980,
portugal,1980,50.06213333
paraguay,1980,126.0
west bank and gaza,1980,
pacific island small states,1980,
post-demographic dividend,1980,
french polynesia,1980,76.82855951
qatar,1980,3.656966666
romania,1980,0.0018
russian federation,1980,
rwanda,1980,86.06387989
south asia,1980,
saudi arabia,1980,3.326741666
sudan,1980,0.0005
senegal,1980,211.2795554
singapore,1980,2.141208333
solomon islands,1980,0.829827237
sierra leone,1980,0.001049798
el salvador,1980,2.5
san marino,1980,856.4475
"somalia, fed. rep.",1980,6.294999999
serbia,1980,
sub-saharan africa (excluding high income),1980,
south sudan,1980,
sub-saharan africa,1980,
small states,1980,
sao tome and principe,1980,0.034771399
suriname,1980,0.001785
slovak republic,1980,
slovenia,1980,
sweden,1980,4.229574999
eswatini,1980,0.778833737
sint maarten (dutch part),1980,
seychelles,1980,6.391949999
syrian arab republic,1980,3.924999999
turks and caicos islands,1980,1.0
chad,1980,211.2795554
east asia & pacific (ida & ibrd countries),1980,
europe & central asia (ida & ibrd countries),1980,
togo,1980,211.2795554
thailand,1980,20.47635331
tajikistan,1980,
turkmenistan,1980,
latin america & the caribbean (ida & ibrd countries),1980,
timor-leste,1980,1.0
"middle east, north africa, afghanistan & pakistan (ida & ibrd)",1980,
tonga,1980,0.878279549
south asia (ida & ibrd),1980,
sub-saharan africa (ida & ibrd countries),1980,
trinidad and tobago,1980,2.399999999
tunisia,1980,0.404954166
turkiye,1980,7.6e-05
tuvalu,1980,
tanzania,1980,8.196591666
uganda,1980,0.07417
ukraine,1980,
upper middle income,1980,
uruguay,1980,0.0090725
united states,1980,1.0
uzbekistan,1980,
st. vincent and the grenadines,1980,2.7
"venezuela, rb",1980,0.0043
british virgin islands,1980,
virgin islands (u.s.),1980,1.0
viet nam,1980,
vanuatu,1980,68.29212121
world,1980,
samoa,1980,0.919306666
kosovo,1980,
"yemen, rep.",1980,
south africa,1980,0.778833737
zambia,1980,0.000788667
zimbabwe,1980,0.000645291
aruba,1981,
africa eastern and southern,1981,
afghanistan,1981,38.56165852
africa western and central,1981,
angola,1981,2.99e-08
albania,1981,
andorra,1981,
arab world,1981,
united arab emirates,1981,3.670999999
argentina,1981,4.4e-08
armenia,1981,
american samoa,1981,1.0
antigua and barbuda,1981,2.7
australia,1981,0.870214582
austria,1981,15.92683333
azerbaijan,1981,
burundi,1981,90.0
belgium,1981,37.12925
benin,1981,271.7314526
burkina faso,1981,271.7314526
bangladesh,1981,17.98669167
bulgaria,1981,
bahrain,1981,0.375999999
"bahamas, the",1981,1.0
bosnia and herzegovina,1981,
belarus,1981,
belize,1981,2.0
bermuda,1981,1.0
bolivia,1981,2.45e-05
brazil,1981,4.03e-11
barbados,1981,2.0
brunei darussalam,1981,2.112691666
bhutan,1981,8.658522817
botswana,1981,0.836738332
central african republic,1981,271.7314526
canada,1981,1.198903121
central europe and the baltics,1981,
switzerland,1981,1.964241666
channel islands,1981,0.497641332
chile,1981,39.0
china,1981,1.704541666
cote d'ivoire,1981,271.7314526
cameroon,1981,271.7314526
"congo, dem. rep.",1981,1.46e-11
"congo, rep.",1981,271.7314526
colombia,1981,54.48916667
comoros,1981,271.7291499
cabo verde,1981,48.69466667
costa rica,1981,21.76333333
caribbean small states,1981,
cuba,1981,
curacao,1981,
cayman islands,1981,0.83333
cyprus,1981,0.421430759
czechia,1981,
germany,1981,2.259999999
djibouti,1981,177.721
dominica,1981,2.7
denmark,1981,7.123366666
dominican republic,1981,0.999999999
algeria,1981,4.315808332
east asia & pacific (excluding high income),1981,
early-demographic dividend,1981,
east asia & pacific,1981,
europe & central asia (excluding high income),1981,
europe & central asia,1981,
ecuador,1981,25.0
"egypt, arab rep.",1981,0.7000007
euro area,1981,
eritrea,1981,2.071825068
spain,1981,92.32183333
estonia,1981,
ethiopia,1981,2.069999999
european union,1981,
fragile and conflict affected situations,1981,
finland,1981,4.315249999
fiji,1981,0.854626582
france,1981,5.434608333
faroe islands,1981,7.123366666
"micronesia, fed. sts.",1981,1.0
gabon,1981,271.7314526
united kingdom,1981,0.497641332
georgia,1981,
ghana,1981,0.000274852
gibraltar,1981,0.497641332
guinea,1981,20.94811712
"gambia, the",1981,1.990170209
guinea-bissau,1981,271.7314526
equatorial guinea,1981,271.7314526
greece,1981,55.40841667
grenada,1981,2.7
greenland,1981,7.123366666
guatemala,1981,0.999999999
guam,1981,1.0
guyana,1981,2.812499999
high income,1981,
"hong kong sar, china",1981,5.589333333
honduras,1981,2.0
heavily indebted poor countries (hipc),1981,
croatia,1981,
haiti,1981,4.999999999
hungary,1981,34.31429167
ibrd only,1981,
ida & ibrd total,1981,
ida total,1981,
ida blend,1981,
indonesia,1981,631.7566667
ida only,1981,
isle of man,1981,0.497641332
india,1981,8.658522817
not classified,1981,
ireland,1981,0.621298067
"iran, islamic rep.",1981,78.34684538
iraq,1981,1902.265334
iceland,1981,7.224183332
israel,1981,0.011430575
italy,1981,1136.765
jamaica,1981,1.781419999
jordan,1981,0.330433332
japan,1981,220.5358333
kazakhstan,1981,
kenya,1981,9.047498333
kyrgyz republic,1981,
cambodia,1981,
kiribati,1981,0.870214582
st. kitts and nevis,1981,2.7
"korea, rep.",1981,681.0283333
kuwait,1981,0.278785332
latin america & caribbean (excluding high income),1981,
lao pdr,1981,21.66666609
lebanon,1981,4.313874999
liberia,1981,46.43872805
libya,1981,0.296051749
st. lucia,1981,2.7
latin america & caribbean,1981,
least developed countries: un classification,1981,
low income,1981,
liechtenstein,1981,
sri lanka,1981,19.24575
lower middle income,1981,
low & middle income,1981,
lesotho,1981,0.877578943
late-demographic dividend,1981,
lithuania,1981,
luxembourg,1981,37.12925
latvia,1981,
"macao sar, china",1981,5.751666666
st. martin (french part),1981,5.434608333
morocco,1981,5.172295832
monaco,1981,5.434608333
moldova,1981,
madagascar,1981,54.34608333
maldives,1981,7.549999999
"middle east, north africa, afghanistan & pakistan",1981,
mexico,1981,0.0245146
marshall islands,1981,1.0
middle income,1981,
north macedonia,1981,
mali,1981,271.7314526
malta,1981,0.386700832
myanmar,1981,7.220337266
"middle east, north africa, afghanistan & pakistan (excluding high income)",1981,
montenegro,1981,
mongolia,1981,
northern mariana islands,1981,1.0
mozambique,1981,0.0353495
mauritania,1981,4.829583333
mauritius,1981,8.936541666
malawi,1981,0.895299082
malaysia,1981,2.304124999
north america,1981,
namibia,1981,0.877578943
new caledonia,1981,98.81096178
niger,1981,271.7314526
nigeria,1981,0.617708175
nicaragua,1981,2.95e-09
netherlands,1981,2.495199999
norway,1981,5.739508332
nepal,1981,12.33633333
nauru,1981,0.870214582
new zealand,1981,1.152794999
oecd members,1981,
oman,1981,0.345399999
other small states,1981,
pakistan,1981,9.9
panama,1981,1.0
peru,1981,4.22e-07
philippines,1981,7.899649999
palau,1981,
papua new guinea,1981,0.672967499
poland,1981,0.00511525
pre-demographic dividend,1981,
puerto rico (us),1981,1.0
"korea, dem. people's rep.",1981,
portugal,1981,61.546375
paraguay,1981,126.0
west bank and gaza,1981,
pacific island small states,1981,
post-demographic dividend,1981,
french polynesia,1981,98.81096178
qatar,1981,3.639999999
romania,1981,0.0015
russian federation,1981,
rwanda,1981,87.16030504
south asia,1981,
saudi arabia,1981,3.382508333
sudan,1981,0.000558858
senegal,1981,271.7314526
singapore,1981,2.112691666
solomon islands,1981,0.870166288
sierra leone,1981,0.001159098
el salvador,1981,2.5
san marino,1981,1136.765
"somalia, fed. rep.",1981,6.294999999
serbia,1981,
sub-saharan africa (excluding high income),1981,
south sudan,1981,
sub-saharan africa,1981,
small states,1981,
sao tome and principe,1981,0.038399464
suriname,1981,0.001785
slovak republic,1981,
slovenia,1981,
sweden,1981,5.063441666
eswatini,1981,0.877578943
sint maarten (dutch part),1981,
seychelles,1981,6.314924999
syrian arab republic,1981,3.924999999
turks and caicos islands,1981,1.0
chad,1981,271.7314526
east asia & pacific (ida & ibrd countries),1981,
europe & central asia (ida & ibrd countries),1981,
togo,1981,271.7314526
thailand,1981,21.82044342
tajikistan,1981,
turkmenistan,1981,
latin america & the caribbean (ida & ibrd countries),1981,
timor-leste,1981,1.0
"middle east, north africa, afghanistan & pakistan (ida & ibrd)",1981,
tonga,1981,0.870249477
south asia (ida & ibrd),1981,
sub-saharan africa (ida & ibrd countries),1981,
trinidad and tobago,1981,2.399999999
tunisia,1981,0.493804166
turkiye,1981,0.000111219
tuvalu,1981,
tanzania,1981,8.283508333
uganda,1981,0.500523333
ukraine,1981,
upper middle income,1981,
uruguay,1981,0.010793333
united states,1981,1.0
uzbekistan,1981,
st. vincent and the grenadines,1981,2.7
"venezuela, rb",1981,0.0043
british virgin islands,1981,
virgin islands (u.s.),1981,1.0
viet nam,1981,
vanuatu,1981,87.82592593
world,1981,
samoa,1981,1.034084999
kosovo,1981,
"yemen, rep.",1981,
south africa,1981,0.877578943
zambia,1981,0.000869583
zimbabwe,1981,0.000690976
aruba,1982,
africa eastern and southern,1982,
afghanistan,1982,39.27642927
africa western and central,1982,
angola,1982,2.99e-08
albania,1982,
andorra,1982,
arab world,1982,
united arab emirates,1982,3.670999999
argentina,1982,2.59e-07
armenia,1982,
american samoa,1982,1.0
antigua and barbuda,1982,2.7
australia,1982,0.985862832
austria,1982,17.05925
azerbaijan,1982,
burundi,1982,90.0
belgium,1982,45.69058333
benin,1982,328.6062527
burkina faso,1982,328.6062527
bangladesh,1982,22.11788333
bulgaria,1982,
bahrain,1982,0.375999999
"bahamas, the",1982,1.0
bosnia and herzegovina,1982,
belarus,1982,
belize,1982,2.0
bermuda,1982,1.0
bolivia,1982,6.41e-05
brazil,1982,7.77e-11
barbados,1982,2.0
brunei darussalam,1982,2.140024999
bhutan,1982,9.455131933
botswana,1982,1.029660833
central african republic,1982,328.6062527
canada,1982,1.233734912
central europe and the baltics,1982,
switzerland,1982,2.030274999
channel islands,1982,0.572446832
chile,1982,50.90833333
china,1982,1.892541666
cote d'ivoire,1982,328.6062527
cameroon,1982,328.6062527
"congo, dem. rep.",1982,1.92e-11
"congo, rep.",1982,328.6062527
colombia,1982,64.08583333
comoros,1982,328.6034681
cabo verde,1982,58.29333333
costa rica,1982,37.40666667
caribbean small states,1982,
cuba,1982,
curacao,1982,
cayman islands,1982,0.83333
cyprus,1982,0.475385896
czechia,1982,
germany,1982,2.426591666
djibouti,1982,177.721
dominica,1982,2.7
denmark,1982,8.332441666
dominican republic,1982,0.999999999
algeria,1982,4.592191666
east asia & pacific (excluding high income),1982,
early-demographic dividend,1982,
east asia & pacific,1982,
europe & central asia (excluding high income),1982,
europe & central asia,1982,
ecuador,1982,30.02583333
"egypt, arab rep.",1982,0.7000007
euro area,1982,
eritrea,1982,2.071825068
spain,1982,109.8591667
estonia,1982,
ethiopia,1982,2.069999999
european union,1982,
fragile and conflict affected situations,1982,
finland,1982,4.820416666
fiji,1982,0.932448666
france,1982,6.572099999
faroe islands,1982,8.332441666
"micronesia, fed. sts.",1982,1.0
gabon,1982,328.6062527
united kingdom,1982,0.572446832
georgia,1982,
ghana,1982,0.000274852
gibraltar,1982,0.572446832
guinea,1982,22.36602852
"gambia, the",1982,2.289510185
guinea-bissau,1982,328.6062527
equatorial guinea,1982,328.6062527
greece,1982,66.80316667
grenada,1982,2.7
greenland,1982,8.332441666
guatemala,1982,0.999999999
guam,1982,1.0
guyana,1982,2.999999999
high income,1982,
"hong kong sar, china",1982,6.069916667
honduras,1982,2.0
heavily indebted poor countries (hipc),1982,
croatia,1982,
haiti,1982,4.999999999
hungary,1982,36.63055
ibrd only,1982,
ida & ibrd total,1982,
ida total,1982,
ida blend,1982,
indonesia,1982,661.42075
ida only,1982,
isle of man,1982,0.572446832
india,1982,9.455131933
not classified,1982,
ireland,1982,0.704561636
"iran, islamic rep.",1982,83.62267002
iraq,1982,1922.925374
iceland,1982,12.35153333
israel,1982,0.024267
italy,1982,1352.51
jamaica,1982,1.781419999
jordan,1982,0.352491666
japan,1982,249.0766667
kazakhstan,1982,
kenya,1982,10.922325
kyrgyz republic,1982,
cambodia,1982,
kiribati,1982,0.985862832
st. kitts and nevis,1982,2.7
"korea, rep.",1982,731.1675
kuwait,1982,0.287910999
latin america & caribbean (excluding high income),1982,
lao pdr,1982,34.99999907
lebanon,1982,4.743533332
liberia,1982,46.43872805
libya,1982,0.296052999
st. lucia,1982,2.7
latin america & caribbean,1982,
least developed countries: un classification,1982,
low income,1982,
liechtenstein,1982,
sri lanka,1982,20.81225
lower middle income,1982,
low & middle income,1982,
lesotho,1982,1.085815833
late-demographic dividend,1982,
lithuania,1982,
luxembourg,1982,45.69058333
latvia,1982,
"macao sar, china",1982,6.225833333
st. martin (french part),1982,6.572099999
morocco,1982,6.023022499
monaco,1982,6.572099999
moldova,1982,
madagascar,1982,69.94716666
maldives,1982,7.173666666
"middle east, north africa, afghanistan & pakistan",1982,
mexico,1982,0.0564017
marshall islands,1982,1.0
middle income,1982,
north macedonia,1982,
mali,1982,328.6062527
malta,1982,0.412142499
myanmar,1982,7.709063783
"middle east, north africa, afghanistan & pakistan (excluding high income)",1982,
montenegro,1982,
mongolia,1982,
northern mariana islands,1982,1.0
mozambique,1982,0.03776975
mauritania,1982,5.176916667
mauritius,1982,10.87255
malawi,1982,1.055509082
malaysia,1982,2.335391666
north america,1982,
namibia,1982,1.085815833
new caledonia,1982,119.4926078
niger,1982,328.6062527
nigeria,1982,0.673461262
nicaragua,1982,2.95e-09
netherlands,1982,2.670208332
norway,1982,6.454033332
nepal,1982,13.24383333
nauru,1982,0.985862832
new zealand,1982,1.332608332
oecd members,1982,
oman,1982,0.345399999
other small states,1982,
pakistan,1982,11.84746667
panama,1982,1.0
peru,1982,6.98e-07
philippines,1982,8.539999999
palau,1982,
papua new guinea,1982,0.738458332
poland,1982,0.008482417
pre-demographic dividend,1982,
puerto rico (us),1982,1.0
"korea, dem. people's rep.",1982,
portugal,1982,79.47333333
paraguay,1982,126.0
west bank and gaza,1982,
pacific island small states,1982,
post-demographic dividend,1982,
french polynesia,1982,119.4926078
qatar,1982,3.639999999
romania,1982,0.0015
russian federation,1982,
rwanda,1982,93.05996744
south asia,1982,
saudi arabia,1982,3.428170832
sudan,1982,0.0009523
senegal,1982,328.6062527
singapore,1982,2.140024999
solomon islands,1982,0.971104382
sierra leone,1982,0.00123865
el salvador,1982,2.5
san marino,1982,1352.51
"somalia, fed. rep.",1982,10.75035
serbia,1982,
sub-saharan africa (excluding high income),1982,
south sudan,1982,
sub-saharan africa,1982,
small states,1982,
sao tome and principe,1982,0.040998602
suriname,1982,0.001785
slovak republic,1982,
slovenia,1982,
sweden,1982,6.282608332
eswatini,1982,1.085815833
sint maarten (dutch part),1982,
seychelles,1982,6.552541666
syrian arab republic,1982,3.924999999
turks and caicos islands,1982,1.0
chad,1982,328.6062527
east asia & pacific (ida & ibrd countries),1982,
europe & central asia (ida & ibrd countries),1982,
togo,1982,328.6062527
thailand,1982,23.00011604
tajikistan,1982,
turkmenistan,1982,
latin america & the caribbean (ida & ibrd countries),1982,
timor-leste,1982,1.0
"middle east, north africa, afghanistan & pakistan (ida & ibrd)",1982,
tonga,1982,0.985902365
south asia (ida & ibrd),1982,
sub-saharan africa (ida & ibrd countries),1982,
trinidad and tobago,1982,2.399999999
tunisia,1982,0.590687499
turkiye,1982,0.000162553
tuvalu,1982,
tanzania,1982,9.282591666
uganda,1982,0.940466667
ukraine,1982,
upper middle income,1982,
uruguay,1982,0.013853333
united states,1982,1.0
uzbekistan,1982,
st. vincent and the grenadines,1982,2.7
"venezuela, rb",1982,0.0043
british virgin islands,1982,
virgin islands (u.s.),1982,1.0
viet nam,1982,
vanuatu,1982,96.2075
world,1982,
samoa,1982,1.207332499
kosovo,1982,
"yemen, rep.",1982,
south africa,1982,1.085815833
zambia,1982,0.00092875
zimbabwe,1982,0.000759946
aruba,1983,
africa eastern and southern,1983,
afghanistan,1983,39.27642927
africa western and central,1983,
angola,1983,2.99e-08
albania,1983,
andorra,1983,
arab world,1983,
united arab emirates,1983,3.670999999
argentina,1983,1.05e-06
armenia,1983,
american samoa,1983,1.0
antigua and barbuda,1983,2.7
australia,1983,1.110014999
austria,1983,17.96333333
azerbaijan,1983,
burundi,1983,92.94833333
belgium,1983,51.13166667
benin,1983,381.066036
burkina faso,1983,381.066036
bangladesh,1983,24.615425
bulgaria,1983,
bahrain,1983,0.375999999
"bahamas, the",1983,1.0
bosnia and herzegovina,1983,
belarus,1983,
belize,1983,2.0
bermuda,1983,1.0
bolivia,1983,0.00023163
brazil,1983,2.5e-10
barbados,1983,2.0
brunei darussalam,1983,2.113049999
bhutan,1983,10.09889824
botswana,1983,1.096925833
central african republic,1983,381.066036
canada,1983,1.232411827
central europe and the baltics,1983,
switzerland,1983,2.099141666
channel islands,1983,0.659724582
chile,1983,78.78833333
china,1983,1.975674999
cote d'ivoire,1983,381.066036
cameroon,1983,381.066036
"congo, dem. rep.",1983,4.3e-11
"congo, rep.",1983,381.066036
colombia,1983,78.8575
comoros,1983,381.0628069
cabo verde,1983,71.68583333
costa rica,1983,41.09416667
caribbean small states,1983,
cuba,1983,
curacao,1983,
cayman islands,1983,0.83333
cyprus,1983,0.526640771
czechia,1983,
germany,1983,2.553258332
djibouti,1983,177.721
dominica,1983,2.7
denmark,1983,9.144991666
dominican republic,1983,0.999999999
algeria,1983,4.788799999
east asia & pacific (excluding high income),1983,
early-demographic dividend,1983,
east asia & pacific,1983,
europe & central asia (excluding high income),1983,
europe & central asia,1983,
ecuador,1983,44.11500833
"egypt, arab rep.",1983,0.7000007
euro area,1983,
eritrea,1983,2.071825068
spain,1983,143.4299167
estonia,1983,
ethiopia,1983,2.069999999
european union,1983,
fragile and conflict affected situations,1983,
finland,1983,5.570083333
fiji,1983,1.017020332
france,1983,7.621291666
faroe islands,1983,9.144991666
"micronesia, fed. sts.",1983,1.0
gabon,1983,381.066036
united kingdom,1983,0.659724582
georgia,1983,
ghana,1983,0.000882523
gibraltar,1983,0.659724582
guinea,1983,23.09518398
"gambia, the",1983,2.638574619
guinea-bissau,1983,381.066036
equatorial guinea,1983,381.066036
greece,1983,88.06425
grenada,1983,2.7
greenland,1983,9.144991666
guatemala,1983,0.999999999
guam,1983,1.0
guyana,1983,2.999999999
high income,1983,
"hong kong sar, china",1983,7.265166667
honduras,1983,2.0
heavily indebted poor countries (hipc),1983,
croatia,1983,
haiti,1983,4.999999999
hungary,1983,42.67115
ibrd only,1983,
ida & ibrd total,1983,
ida total,1983,
ida blend,1983,
indonesia,1983,909.2648333
ida only,1983,
isle of man,1983,0.659724582
india,1983,10.09889824
not classified,1983,
ireland,1983,0.804677923
"iran, islamic rep.",1983,86.37873589
iraq,1983,2002.385579
iceland,1983,24.84276667
israel,1983,0.056214492
italy,1983,1518.848333
jamaica,1983,1.932217499
jordan,1983,0.363079166
japan,1983,237.5116667
kazakhstan,1983,
kenya,1983,13.31151667
kyrgyz republic,1983,
cambodia,1983,
kiribati,1983,1.110014999
st. kitts and nevis,1983,2.7
"korea, rep.",1983,775.7483333
kuwait,1983,0.291476666
latin america & caribbean (excluding high income),1983,
lao pdr,1983,34.99999907
lebanon,1983,4.528166666
liberia,1983,46.43872805
libya,1983,0.296052999
st. lucia,1983,2.7
latin america & caribbean,1983,
least developed countries: un classification,1983,
low income,1983,
liechtenstein,1983,
sri lanka,1983,23.52858333
lower middle income,1983,
low & middle income,1983,
lesotho,1983,1.1141
late-demographic dividend,1983,
lithuania,1983,
luxembourg,1983,51.13166667
latvia,1983,
"macao sar, china",1983,7.464166666
st. martin (french part),1983,7.621291666
morocco,1983,7.111323332
monaco,1983,7.621291666
moldova,1983,
madagascar,1983,86.08983333
maldives,1983,7.049999999
"middle east, north africa, afghanistan & pakistan",1983,
mexico,1983,0.120093583
marshall islands,1983,1.0
middle income,1983,
north macedonia,1983,
mali,1983,381.066036
malta,1983,0.432449166
myanmar,1983,7.960396896
"middle east, north africa, afghanistan & pakistan (excluding high income)",1983,
montenegro,1983,
mongolia,1983,
northern mariana islands,1983,1.0
mozambique,1983,0.040183333
mauritania,1983,5.481166667
mauritius,1983,11.7062
malawi,1983,1.174763332
malaysia,1983,2.321249999
north america,1983,
namibia,1983,1.1141
new caledonia,1983,138.5688008
niger,1983,381.066036
nigeria,1983,0.724409851
nicaragua,1983,2.95e-09
netherlands,1983,2.854124999
norway,1983,7.296366666
nepal,1983,14.54525
nauru,1983,1.110014999
new zealand,1983,1.496773332
oecd members,1983,
oman,1983,0.345399999
other small states,1983,
pakistan,1983,13.116975
panama,1983,1.0
peru,1983,1.63e-06
philippines,1983,11.11271667
palau,1983,
papua new guinea,1983,0.836145832
poland,1983,0.009155
pre-demographic dividend,1983,
puerto rico (us),1983,1.0
"korea, dem. people's rep.",1983,
portugal,1983,110.7798333
paraguay,1983,126.0
west bank and gaza,1983,
pacific island small states,1983,
post-demographic dividend,1983,
french polynesia,1983,138.5688008
qatar,1983,3.639999999
romania,1983,0.00171785
russian federation,1983,
rwanda,1983,96.09393525
south asia,1983,
saudi arabia,1983,3.454759166
sudan,1983,0.0013
senegal,1983,381.066036
singapore,1983,2.113049999
solomon islands,1983,1.148558312
sierra leone,1983,0.00188533
el salvador,1983,2.5
san marino,1983,1518.848333
"somalia, fed. rep.",1983,15.78765833
serbia,1983,
sub-saharan africa (excluding high income),1983,
south sudan,1983,
sub-saharan africa,1983,
small states,1983,
sao tome and principe,1983,0.042335198
suriname,1983,0.001785
slovak republic,1983,
slovenia,1983,
sweden,1983,7.667108332
eswatini,1983,1.1141
sint maarten (dutch part),1983,
seychelles,1983,6.767641666
syrian arab republic,1983,3.924999999
turks and caicos islands,1983,1.0
chad,1983,381.066036
east asia & pacific (ida & ibrd countries),1983,
europe & central asia (ida & ibrd countries),1983,
togo,1983,381.066036
thailand,1983,23.00011604
tajikistan,1983,
turkmenistan,1983,
latin america & the caribbean (ida & ibrd countries),1983,
timor-leste,1983,1.0
"middle east, north africa, afghanistan & pakistan (ida & ibrd)",1983,
tonga,1983,1.11005951
south asia (ida & ibrd),1983,
sub-saharan africa (ida & ibrd countries),1983,
trinidad and tobago,1983,2.399999999
tunisia,1983,0.678766666
turkiye,1983,0.000225457
tuvalu,1983,
tanzania,1983,11.14278333
uganda,1983,1.538625
ukraine,1983,
upper middle income,1983,
uruguay,1983,0.034375833
united states,1983,1.0
uzbekistan,1983,
st. vincent and the grenadines,1983,2.7
"venezuela, rb",1983,0.0043
british virgin islands,1983,
virgin islands (u.s.),1983,1.0
viet nam,1983,1.001770923
vanuatu,1983,99.36766199
world,1983,
samoa,1983,1.549130833
kosovo,1983,
"yemen, rep.",1983,
south africa,1983,1.1141
zambia,1983,0.001259
zimbabwe,1983,0.001014234
aruba,1984,
africa eastern and southern,1984,
afghanistan,1984,39.27642927
africa western and central,1984,
angola,1984,2.99e-08
albania,1984,
andorra,1984,
arab world,1984,
united arab emirates,1984,3.671
argentina,1984,6.76e-06
armenia,1984,
american samoa,1984,1.0
antigua and barbuda,1984,2.7
australia,1984,1.139519166
austria,1984,20.00908333
azerbaijan,1984,
burundi,1984,119.7091667
belgium,1984,57.78391667
benin,1984,436.9566658
burkina faso,1984,436.9566658
bangladesh,1984,25.35393339
bulgaria,1984,
bahrain,1984,0.376
"bahamas, the",1984,1.0
bosnia and herzegovina,1984,
belarus,1984,
belize,1984,2.0
bermuda,1984,1.0
bolivia,1984,0.003135909
brazil,1984,8e-10
barbados,1984,2.0
brunei darussalam,1984,2.133083333
bhutan,1984,11.36258333
botswana,1984,1.298373333
central african republic,1984,436.9566658
canada,1984,1.295065611
central europe and the baltics,1984,
switzerland,1984,2.349683333
channel islands,1984,0.751806666
chile,1984,98.4775
china,1984,2.320041666
cote d'ivoire,1984,436.9566658
cameroon,1984,436.9566658
"congo, dem. rep.",1984,1.2e-10
"congo, rep.",1984,436.9566658
colombia,1984,100.8175
comoros,1984,436.952963
cabo verde,1984,84.87791667
costa rica,1984,44.53268333
caribbean small states,1984,
cuba,1984,
curacao,1984,
cayman islands,1984,0.83333
cyprus,1984,0.58838586
czechia,1984,
germany,1984,2.845941666
djibouti,1984,177.721
dominica,1984,2.7
denmark,1984,10.35659167
dominican republic,1984,1.0
algeria,1984,4.983375
east asia & pacific (excluding high income),1984,
early-demographic dividend,1984,
east asia & pacific,1984,
europe & central asia (excluding high income),1984,
europe & central asia,1984,
ecuador,1984,62.5359
"egypt, arab rep.",1984,0.7000007
euro area,1984,
eritrea,1984,2.071825068
spain,1984,160.761
estonia,1984,
ethiopia,1984,2.07
european union,1984,
fragile and conflict affected situations,1984,
finland,1984,6.01
fiji,1984,1.082596666
france,1984,8.7391
faroe islands,1984,10.35659167
"micronesia, fed. sts.",1984,1.0
gabon,1984,436.9566658
united kingdom,1984,0.751806666
georgia,1984,
ghana,1984,0.003596684
gibraltar,1984,0.751806666
guinea,1984,24.0899437
"gambia, the",1984,3.584058013
guinea-bissau,1984,436.9566658
equatorial guinea,1984,436.9566658
greece,1984,112.7165833
grenada,1984,2.7
greenland,1984,10.35659167
guatemala,1984,1.0
guam,1984,1.0
guyana,1984,3.831571666
high income,1984,
"hong kong sar, china",1984,7.818
honduras,1984,2.0
heavily indebted poor countries (hipc),1984,
croatia,1984,
haiti,1984,5.0
hungary,1984,48.04220833
ibrd only,1984,
ida & ibrd total,1984,
ida total,1984,
ida blend,1984,
indonesia,1984,1025.944833
ida only,1984,
isle of man,1984,0.751806666
india,1984,11.36258333
not classified,1984,
ireland,1984,0.9225535
"iran, islamic rep.",1984,90.05143989
iraq,1984,2002.385583
iceland,1984,31.69374167
israel,1984,0.293209667
italy,1984,1756.960833
jamaica,1984,3.942804166
jordan,1984,0.384464999
japan,1984,237.5225
kazakhstan,1984,
kenya,1984,14.413875
kyrgyz republic,1984,
cambodia,1984,
kiribati,1984,1.139519166
st. kitts and nevis,1984,2.7
"korea, rep.",1984,805.9708333
kuwait,1984,0.296061916
latin america & caribbean (excluding high income),1984,
lao pdr,1984,34.99999907
lebanon,1984,6.511091666
liberia,1984,46.43872807
libya,1984,0.296053
st. lucia,1984,2.7
latin america & caribbean,1984,
least developed countries: un classification,1984,
low income,1984,
liechtenstein,1984,
sri lanka,1984,25.43816667
lower middle income,1984,
low & middle income,1984,
lesotho,1984,1.4752775
late-demographic dividend,1984,
lithuania,1984,
luxembourg,1984,57.78391667
latvia,1984,
"macao sar, china",1984,8.03535
st. martin (french part),1984,8.7391
morocco,1984,8.810535833
monaco,1984,8.7391
moldova,1984,
madagascar,1984,115.3285
maldives,1984,7.05
"middle east, north africa, afghanistan & pakistan",1984,
mexico,1984,0.167827583
marshall islands,1984,1.0
middle income,1984,
north macedonia,1984,
mali,1984,436.9566658
malta,1984,0.461034166
myanmar,1984,8.303266971
"middle east, north africa, afghanistan & pakistan (excluding high income)",1984,
montenegro,1984,
mongolia,1984,
northern mariana islands,1984,1.0
mozambique,1984,0.04244275
mauritania,1984,6.380333333
mauritius,1984,13.80033333
malawi,1984,1.41338
malaysia,1984,2.343641666
north america,1984,
namibia,1984,1.4752775
new caledonia,1984,158.8925684
niger,1984,436.9566658
nigeria,1984,0.766527449
nicaragua,1984,2.95e-09
netherlands,1984,3.208683333
norway,1984,8.161458333
nepal,1984,16.45941667
nauru,1984,1.139519166
new zealand,1984,1.763992499
oecd members,1984,
oman,1984,0.3453975
other small states,1984,
pakistan,1984,14.04633333
panama,1984,1.0
peru,1984,3.47e-06
philippines,1984,16.69870833
palau,1984,
papua new guinea,1984,0.898551666
poland,1984,0.011324
pre-demographic dividend,1984,
puerto rico (us),1984,1.0
"korea, dem. people's rep.",1984,
portugal,1984,146.3903333
paraguay,1984,201.0
west bank and gaza,1984,
pacific island small states,1984,
post-demographic dividend,1984,
french polynesia,1984,158.8925684
qatar,1984,3.64
romania,1984,0.002128017
russian federation,1984,
rwanda,1984,100.2328915
south asia,1984,
saudi arabia,1984,3.523810833
sudan,1984,0.0013
senegal,1984,436.9566658
singapore,1984,2.133083333
solomon islands,1984,1.273715139
sierra leone,1984,0.00250995
el salvador,1984,2.5
san marino,1984,1756.960833
"somalia, fed. rep.",1984,20.01855
serbia,1984,
sub-saharan africa (excluding high income),1984,
south sudan,1984,
sub-saharan africa,1984,
small states,1984,
sao tome and principe,1984,0.044158667
suriname,1984,0.001785
slovak republic,1984,
slovenia,1984,
sweden,1984,8.271799999
eswatini,1984,1.4752775
sint maarten (dutch part),1984,
seychelles,1984,7.058866666
syrian arab republic,1984,3.925
turks and caicos islands,1984,1.0
chad,1984,436.9566658
east asia & pacific (ida & ibrd countries),1984,
europe & central asia (ida & ibrd countries),1984,
togo,1984,436.9566658
thailand,1984,23.63936927
tajikistan,1984,
turkmenistan,1984,
latin america & the caribbean (ida & ibrd countries),1984,
timor-leste,1984,1.0
"middle east, north africa, afghanistan & pakistan (ida & ibrd)",1984,
tonga,1984,1.13956486
south asia (ida & ibrd),1984,
sub-saharan africa (ida & ibrd countries),1984,
trinidad and tobago,1984,2.4
tunisia,1984,0.776833333
turkiye,1984,0.000366678
tuvalu,1984,
tanzania,1984,15.29225
uganda,1984,3.597025
ukraine,1984,
upper middle income,1984,
uruguay,1984,0.055893333
united states,1984,1.0
uzbekistan,1984,
st. vincent and the grenadines,1984,2.7
"venezuela, rb",1984,0.007016667
british virgin islands,1984,
virgin islands (u.s.),1984,1.0
viet nam,1984,
vanuatu,1984,99.23333333
world,1984,
samoa,1984,1.862305833
kosovo,1984,
"yemen, rep.",1984,
south africa,1984,1.4752775
zambia,1984,0.001813188
zimbabwe,1984,0.001258937
aruba,1985,
africa eastern and southern,1985,
afghanistan,1985,39.27642927
africa western and central,1985,
angola,1985,2.99e-08
albania,1985,
andorra,1985,
arab world,1985,
united arab emirates,1985,3.671
argentina,1985,6.02e-05
armenia,1985,
american samoa,1985,1.0
antigua and barbuda,1985,2.7
australia,1985,1.431895
austria,1985,20.6895
azerbaijan,1985,
burundi,1985,120.69075
belgium,1985,59.378
benin,1985,449.2629627
burkina faso,1985,449.2629627
bangladesh,1985,27.99459167
bulgaria,1985,
bahrain,1985,0.376
"bahamas, the",1985,1.0
bosnia and herzegovina,1985,
belarus,1985,
belize,1985,2.0
bermuda,1985,1.0
bolivia,1985,0.440029008
brazil,1985,2.68e-09
barbados,1985,2.0
brunei darussalam,1985,2.20015
bhutan,1985,12.36875
botswana,1985,1.902566666
central african republic,1985,449.2629627
canada,1985,1.365507392
central europe and the baltics,1985,
switzerland,1985,2.457125
channel islands,1985,0.779246
chile,1985,160.86
china,1985,2.936658333
cote d'ivoire,1985,449.2629627
cameroon,1985,449.2629627
"congo, dem. rep.",1985,1.66e-10
"congo, rep.",1985,449.2629627
colombia,1985,142.3116667
comoros,1985,449.2591557
cabo verde,1985,91.63166667
costa rica,1985,50.45335
caribbean small states,1985,
cuba,1985,
curacao,1985,
cayman islands,1985,0.83333
cyprus,1985,0.612552316
czechia,1985,
germany,1985,2.943966667
djibouti,1985,177.721
dominica,1985,2.7
denmark,1985,10.59639167
dominican republic,1985,3.112608333
algeria,1985,5.0278
east asia & pacific (excluding high income),1985,
early-demographic dividend,1985,
east asia & pacific,1985,
europe & central asia (excluding high income),1985,
europe & central asia,1985,
ecuador,1985,69.55625
"egypt, arab rep.",1985,0.7000007
euro area,1985,
eritrea,1985,2.071825068
spain,1985,170.0440833
estonia,1985,
ethiopia,1985,2.07
european union,1985,
fragile and conflict affected situations,1985,
finland,1985,6.197895833
fiji,1985,1.153554166
france,1985,8.985225
faroe islands,1985,10.59639167
"micronesia, fed. sts.",1985,1.0
gabon,1985,449.2629627
united kingdom,1985,0.779246
georgia,1985,
ghana,1985,0.005433577
gibraltar,1985,0.779246
guinea,1985,24.33309879
"gambia, the",1985,3.893873804
guinea-bissau,1985,449.2629627
equatorial guinea,1985,449.2629627
greece,1985,138.1190833
grenada,1985,2.7
greenland,1985,10.59639167
guatemala,1985,1.0
guam,1985,1.0
guyana,1985,4.251855
high income,1985,
"hong kong sar, china",1985,7.79075
honduras,1985,2.0
heavily indebted poor countries (hipc),1985,
croatia,1985,
haiti,1985,5.0
hungary,1985,50.1194
ibrd only,1985,
ida & ibrd total,1985,
ida total,1985,
ida blend,1985,
indonesia,1985,1110.58
ida only,1985,
isle of man,1985,0.779246
india,1985,12.36875
not classified,1985,
ireland,1985,0.945615
"iran, islamic rep.",1985,91.07358684
iraq,1985,2002.385586
iceland,1985,41.50766667
israel,1985,1.178849333
italy,1985,1909.439167
jamaica,1985,5.558558333
jordan,1985,0.394625
japan,1985,238.5358333
kazakhstan,1985,
kenya,1985,16.43211667
kyrgyz republic,1985,
cambodia,1985,
kiribati,1985,1.431895
st. kitts and nevis,1985,2.7
"korea, rep.",1985,870.02
kuwait,1985,0.30075325
latin america & caribbean (excluding high income),1985,
lao pdr,1985,54.99999853
lebanon,1985,16.417025
liberia,1985,46.43872809
libya,1985,0.296053
st. lucia,1985,2.7
latin america & caribbean,1985,
least developed countries: un classification,1985,
low income,1985,
liechtenstein,1985,
sri lanka,1985,27.16258333
lower middle income,1985,
low & middle income,1985,
lesotho,1985,2.228674999
late-demographic dividend,1985,
lithuania,1985,
luxembourg,1985,59.378
latvia,1985,
"macao sar, china",1985,7.998841667
st. martin (french part),1985,8.985225
morocco,1985,10.06249417
monaco,1985,8.985225
moldova,1985,
madagascar,1985,132.4955
maldives,1985,7.098083333
"middle east, north africa, afghanistan & pakistan",1985,
mexico,1985,0.256871583
marshall islands,1985,1.0
middle income,1985,
north macedonia,1985,
mali,1985,449.2629627
malta,1985,0.469155
myanmar,1985,8.474849999
"middle east, north africa, afghanistan & pakistan (excluding high income)",1985,
montenegro,1985,
mongolia,1985,
northern mariana islands,1985,1.0
mozambique,1985,0.043180667
mauritania,1985,7.7085
mauritius,1985,15.44248333
malawi,1985,1.719096666
malaysia,1985,2.483041667
north america,1985,
namibia,1985,2.228674999
new caledonia,1985,163.3675639
niger,1985,449.2629627
nigeria,1985,0.893774083
nicaragua,1985,7.77e-09
netherlands,1985,3.3214
norway,1985,8.597233333
nepal,1985,18.24641667
nauru,1985,1.431895
new zealand,1985,2.0233725
oecd members,1985,
oman,1985,0.345395
other small states,1985,
pakistan,1985,15.92839167
panama,1985,1.0
peru,1985,1.1e-05
philippines,1985,18.60734167
palau,1985,
papua new guinea,1985,1.000314166
poland,1985,0.014714167
pre-demographic dividend,1985,
puerto rico (us),1985,1.0
"korea, dem. people's rep.",1985,
portugal,1985,170.3946667
paraguay,1985,306.6666667
west bank and gaza,1985,
pacific island small states,1985,
post-demographic dividend,1985,
french polynesia,1985,163.3675639
qatar,1985,3.64
romania,1985,0.001714142
russian federation,1985,
rwanda,1985,101.2446706
south asia,1985,
saudi arabia,1985,3.622135833
sudan,1985,0.002304025
senegal,1985,449.2629627
singapore,1985,2.20015
solomon islands,1985,1.480766667
sierra leone,1985,0.005094163
el salvador,1985,2.5
san marino,1985,1909.439167
"somalia, fed. rep.",1985,39.48714167
serbia,1985,
sub-saharan africa (excluding high income),1985,
south sudan,1985,
sub-saharan africa,1985,
small states,1985,
sao tome and principe,1985,0.044604389
suriname,1985,0.001785
slovak republic,1985,
slovenia,1985,
sweden,1985,8.603925
eswatini,1985,2.228674999
sint maarten (dutch part),1985,
seychelles,1985,7.134333333
syrian arab republic,1985,3.925
turks and caicos islands,1985,1.0
chad,1985,449.2629627
east asia & pacific (ida & ibrd countries),1985,
europe & central asia (ida & ibrd countries),1985,
togo,1985,449.2629627
thailand,1985,27.15888702
tajikistan,1985,
turkmenistan,1985,
latin america & the caribbean (ida & ibrd countries),1985,
timor-leste,1985,1.0
"middle east, north africa, afghanistan & pakistan (ida & ibrd)",1985,
tonga,1985,1.431952417
south asia (ida & ibrd),1985,
sub-saharan africa (ida & ibrd countries),1985,
trinidad and tobago,1985,2.45
tunisia,1985,0.834495833
turkiye,1985,0.000521983
tuvalu,1985,
tanzania,1985,17.47233333
uganda,1985,6.7202
ukraine,1985,
upper middle income,1985,
uruguay,1985,0.101155833
united states,1985,1.0
uzbekistan,1985,
st. vincent and the grenadines,1985,2.7
"venezuela, rb",1985,0.0075
british virgin islands,1985,
virgin islands (u.s.),1985,1.0
viet nam,1985,
vanuatu,1985,106.0316667
world,1985,
samoa,1985,2.245273333
kosovo,1985,
"yemen, rep.",1985,
south africa,1985,2.228674999
zambia,1985,0.003139642
zimbabwe,1985,0.001615516
aruba,1986,1.79
africa eastern and southern,1986,
afghanistan,1986,39.27642927
africa western and central,1986,
angola,1986,2.99e-08
albania,1986,
andorra,1986,
arab world,1986,
united arab emirates,1986,3.671
argentina,1986,9.43e-05
armenia,1986,
american samoa,1986,1.0
antigua and barbuda,1986,2.7
australia,1986,1.495974166
austria,1986,15.26713333
azerbaijan,1986,
burundi,1986,114.1710833
belgium,1986,44.67191667
benin,1986,346.3059036
burkina faso,1986,346.3059036
bangladesh,1986,30.4069
bulgaria,1986,
bahrain,1986,0.376
"bahamas, the",1986,1.0
bosnia and herzegovina,1986,
belarus,1986,
belize,1986,2.0
bermuda,1986,1.0
bolivia,1986,1.921958333
brazil,1986,5.91e-09
barbados,1986,2.0
brunei darussalam,1986,2.177416667
bhutan,1986,12.61083333
botswana,1986,1.879144167
central african republic,1986,346.3059036
canada,1986,1.389471059
central europe and the baltics,1986,
switzerland,1986,1.798916667
channel islands,1986,0.682197333
chile,1986,192.93
china,1986,3.452791667
cote d'ivoire,1986,346.3059036
cameroon,1986,346.3059036
"congo, dem. rep.",1986,1.99e-10
"congo, rep.",1986,346.3059036
colombia,1986,194.2608333
comoros,1986,346.302969
cabo verde,1986,80.14491667
costa rica,1986,55.98589167
caribbean small states,1986,
cuba,1986,
curacao,1986,
cayman islands,1986,0.83333
cyprus,1986,0.518143083
czechia,1986,
germany,1986,2.171483333
djibouti,1986,177.721
dominica,1986,2.7
denmark,1986,8.090991667
dominican republic,1986,2.904333333
algeria,1986,4.702316667
east asia & pacific (excluding high income),1986,
early-demographic dividend,1986,
east asia & pacific,1986,
europe & central asia (excluding high income),1986,
europe & central asia,1986,
ecuador,1986,122.7792417
"egypt, arab rep.",1986,0.7000007
euro area,1986,
eritrea,1986,2.071825068
spain,1986,140.0483754
estonia,1986,
ethiopia,1986,2.07
european union,1986,
fragile and conflict affected situations,1986,
finland,1986,5.06952
fiji,1986,1.132865833
france,1986,6.926091667
faroe islands,1986,8.090991667
"micronesia, fed. sts.",1986,1.0
gabon,1986,346.3059036
united kingdom,1986,0.682197333
georgia,1986,
ghana,1986,0.008915621
gibraltar,1986,0.682197333
guinea,1986,333.4525
"gambia, the",1986,6.924971088
guinea-bissau,1986,346.3059036
equatorial guinea,1986,346.3059036
greece,1986,139.9811667
grenada,1986,2.7
greenland,1986,8.090991667
guatemala,1986,1.875
guam,1986,1.0
guyana,1986,4.272416667
high income,1986,
"hong kong sar, china",1986,7.803333333
honduras,1986,2.0
heavily indebted poor countries (hipc),1986,
croatia,1986,
haiti,1986,5.0
hungary,1986,45.83215
ibrd only,1986,
ida & ibrd total,1986,
ida total,1986,
ida blend,1986,
indonesia,1986,1282.56
ida only,1986,
isle of man,1986,0.682197333
india,1986,12.61083333
not classified,1986,
ireland,1986,0.743128333
"iran, islamic rep.",1986,78.77878307
iraq,1986,2002.385586
iceland,1986,41.10415833
israel,1986,1.487841667
italy,1986,1490.81
jamaica,1986,5.477833333
jordan,1986,0.349965833
japan,1986,168.5198333
kazakhstan,1986,
kenya,1986,16.22574167
kyrgyz republic,1986,
cambodia,1986,
kiribati,1986,1.495974166
st. kitts and nevis,1986,2.7
"korea, rep.",1986,881.4558333
kuwait,1986,0.290594667
latin america & caribbean (excluding high income),1986,
lao pdr,1986,94.99999746
lebanon,1986,38.36991667
liberia,1986,46.43872809
libya,1986,0.315395803
st. lucia,1986,2.7
latin america & caribbean,1986,
least developed countries: un classification,1986,
low income,1986,
liechtenstein,1986,
sri lanka,1986,28.01733333
lower middle income,1986,
low & middle income,1986,
lesotho,1986,2.285031666
late-demographic dividend,1986,
lithuania,1986,
luxembourg,1986,44.67191667
latvia,1986,
"macao sar, china",1986,8.013158333
st. martin (french part),1986,6.926091667
morocco,1986,9.104441666
monaco,1986,6.926091667
moldova,1986,
madagascar,1986,135.2681667
maldives,1986,7.150733333
"middle east, north africa, afghanistan & pakistan",1986,
mexico,1986,0.611772583
marshall islands,1986,1.0
middle income,1986,
north macedonia,1986,
mali,1986,346.3059036
malta,1986,0.3929925
myanmar,1986,7.330375
"middle east, north africa, afghanistan & pakistan (excluding high income)",1986,
montenegro,1986,
mongolia,1986,
northern mariana islands,1986,1.0
mozambique,1986,0.040428917
mauritania,1986,7.4375
mauritius,1986,13.46635833
malawi,1986,1.861073333
malaysia,1986,2.581441667
north america,1986,
namibia,1986,2.285031666
new caledonia,1986,125.9288135
niger,1986,346.3059036
nigeria,1986,1.754523004
nicaragua,1986,1.95e-08
netherlands,1986,2.450025
norway,1986,7.394741667
nepal,1986,21.22983333
nauru,1986,1.495974166
new zealand,1986,1.913160833
oecd members,1986,
oman,1986,0.381981917
other small states,1986,
pakistan,1986,16.64750833
panama,1986,1.0
peru,1986,1.39e-05
philippines,1986,20.38568333
palau,1986,
papua new guinea,1986,0.971414167
poland,1986,0.017528667
pre-demographic dividend,1986,
puerto rico (us),1986,1.0
"korea, dem. people's rep.",1986,
portugal,1986,149.58675
paraguay,1986,339.1666667
west bank and gaza,1986,
pacific island small states,1986,
post-demographic dividend,1986,
french polynesia,1986,125.9288135
qatar,1986,3.64
romania,1986,0.001615342
russian federation,1986,
rwanda,1986,87.59091682
south asia,1986,
saudi arabia,1986,3.70625
sudan,1986,0.0025
senegal,1986,346.3059036
singapore,1986,2.177416667
solomon islands,1986,1.7415
sierra leone,1986,0.016092133
el salvador,1986,4.85215
san marino,1986,1490.81
"somalia, fed. rep.",1986,72.0
serbia,1986,
sub-saharan africa (excluding high income),1986,
south sudan,1986,
sub-saharan africa,1986,
small states,1986,
sao tome and principe,1986,0.038589012
suriname,1986,0.001785
slovak republic,1986,
slovenia,1986,
sweden,1986,7.123583333
eswatini,1986,2.285031666
sint maarten (dutch part),1986,
seychelles,1986,6.176791667
syrian arab republic,1986,3.925
turks and caicos islands,1986,1.0
chad,1986,346.3059036
east asia & pacific (ida & ibrd countries),1986,
europe & central asia (ida & ibrd countries),1986,
togo,1986,346.3059036
thailand,1986,26.29888269
tajikistan,1986,
turkmenistan,1986,
latin america & the caribbean (ida & ibrd countries),1986,
timor-leste,1986,1.0
"middle east, north africa, afghanistan & pakistan (ida & ibrd)",1986,
tonga,1986,1.496034154
south asia (ida & ibrd),1986,
sub-saharan africa (ida & ibrd countries),1986,
trinidad and tobago,1986,3.6
tunisia,1986,0.794029167
turkiye,1986,0.000674512
tuvalu,1986,
tanzania,1986,32.69801667
uganda,1986,14.0
ukraine,1986,
upper middle income,1986,
uruguay,1986,0.151434167
united states,1986,1.0
uzbekistan,1986,
st. vincent and the grenadines,1986,2.7
"venezuela, rb",1986,0.008083333
british virgin islands,1986,
virgin islands (u.s.),1986,1.0
viet nam,1986,22.93672826
vanuatu,1986,106.0758333
world,1986,
samoa,1986,2.23576
kosovo,1986,
"yemen, rep.",1986,
south africa,1986,2.285031666
zambia,1986,0.007788449
zimbabwe,1986,0.001668476
aruba,1987,1.79
africa eastern and southern,1987,
afghanistan,1987,39.27642927
africa western and central,1987,
angola,1987,2.99e-08
albania,1987,
andorra,1987,
arab world,1987,
united arab emirates,1987,3.671
argentina,1987,0.00021443
armenia,1987,
american samoa,1987,1.0
antigua and barbuda,1987,2.7
australia,1987,1.42818
austria,1987,12.6425
azerbaijan,1987,
burundi,1987,123.5638333
belgium,1987,37.33408333
benin,1987,300.5365624
burkina faso,1987,300.5365624
bangladesh,1987,30.94983333
bulgaria,1987,
bahrain,1987,0.376
"bahamas, the",1987,1.0
bosnia and herzegovina,1987,
belarus,1987,
belize,1987,2.0
bermuda,1987,1.0
bolivia,1987,2.05485
brazil,1987,1.7e-08
barbados,1987,2.0
brunei darussalam,1987,2.105983333
bhutan,1987,12.9615
botswana,1987,1.678940833
central african republic,1987,300.5365624
canada,1987,1.325982582
central europe and the baltics,1987,
switzerland,1987,1.491191667
channel islands,1987,0.6119265
chile,1987,219.4066667
china,1987,3.7221
cote d'ivoire,1987,300.5365624
cameroon,1987,300.5365624
"congo, dem. rep.",1987,3.75e-10
"congo, rep.",1987,300.5365624
colombia,1987,242.6066667
comoros,1987,300.5340157
cabo verde,1987,72.46583333
costa rica,1987,62.7762
caribbean small states,1987,
cuba,1987,
curacao,1987,
cayman islands,1987,0.83333
cyprus,1987,0.481096583
czechia,1987,
germany,1987,1.797391667
djibouti,1987,177.721
dominica,1987,2.7
denmark,1987,6.840316667
dominican republic,1987,3.844758333
algeria,1987,4.849741667
east asia & pacific (excluding high income),1987,
early-demographic dividend,1987,
east asia & pacific,1987,
europe & central asia (excluding high income),1987,
europe & central asia,1987,
ecuador,1987,170.4616667
"egypt, arab rep.",1987,0.7000007
euro area,1987,
eritrea,1987,2.071825068
spain,1987,123.4783333
estonia,1987,
ethiopia,1987,2.07
european union,1987,
fragile and conflict affected situations,1987,
finland,1987,4.395565
fiji,1987,1.243858333
france,1987,6.010708333
faroe islands,1987,6.840316667
"micronesia, fed. sts.",1987,1.0
gabon,1987,300.5365624
united kingdom,1987,0.6119265
georgia,1987,
ghana,1987,0.015365068
gibraltar,1987,0.6119265
guinea,1987,428.4025
"gambia, the",1987,7.074400105
guinea-bissau,1987,300.5365624
equatorial guinea,1987,300.5365624
greece,1987,135.4295
grenada,1987,2.7
greenland,1987,6.840316667
guatemala,1987,2.5
guam,1987,1.0
guyana,1987,9.755833333
high income,1987,
"hong kong sar, china",1987,7.79825
honduras,1987,2.0
heavily indebted poor countries (hipc),1987,
croatia,1987,
haiti,1987,5.0
hungary,1987,46.97054167
ibrd only,1987,
ida & ibrd total,1987,
ida total,1987,
ida blend,1987,
indonesia,1987,1643.848333
ida only,1987,
isle of man,1987,0.6119265
india,1987,12.9615
not classified,1987,
ireland,1987,0.672916667
"iran, islamic rep.",1987,71.47743572
iraq,1987,2002.385586
iceland,1987,38.67718333
israel,1987,1.594641667
italy,1987,1296.07
jamaica,1987,5.486666667
jordan,1987,0.33845875
japan,1987,144.6375
kazakhstan,1987,
kenya,1987,16.45449167
kyrgyz republic,1987,
cambodia,1987,
kiribati,1987,1.42818
st. kitts and nevis,1987,2.7
"korea, rep.",1987,822.5641667
kuwait,1987,0.27866325
latin america & caribbean (excluding high income),1987,
lao pdr,1987,187.499995
lebanon,1987,224.5963333
liberia,1987,46.43872809
libya,1987,0.297028644
st. lucia,1987,2.7
latin america & caribbean,1987,
least developed countries: un classification,1987,
low income,1987,
liechtenstein,1987,
sri lanka,1987,29.44475
lower middle income,1987,
low & middle income,1987,
lesotho,1987,2.036033333
late-demographic dividend,1987,
lithuania,1987,
luxembourg,1987,37.33408333
latvia,1987,
"macao sar, china",1987,8.009808333
st. martin (french part),1987,6.010708333
morocco,1987,8.359225
monaco,1987,6.010708333
moldova,1987,
madagascar,1987,213.8426667
maldives,1987,9.223
"middle east, north africa, afghanistan & pakistan",1987,
mexico,1987,1.3781825
marshall islands,1987,1.0
middle income,1987,
north macedonia,1987,
mali,1987,300.5365624
malta,1987,0.345491667
myanmar,1987,6.65345
"middle east, north africa, afghanistan & pakistan (excluding high income)",1987,
montenegro,1987,
mongolia,1987,
northern mariana islands,1987,1.0
mozambique,1987,0.29073125
mauritania,1987,7.387833333
mauritius,1987,12.87821667
malawi,1987,2.2087425
malaysia,1987,2.519638333
north america,1987,
namibia,1987,2.036033333
new caledonia,1987,109.2854968
niger,1987,300.5365624
nigeria,1987,4.016037344
nicaragua,1987,2.05e-08
netherlands,1987,2.0257
norway,1987,6.73745
nepal,1987,21.81916667
nauru,1987,1.42818
new zealand,1987,1.694560833
oecd members,1987,
oman,1987,0.3845
other small states,1987,
pakistan,1987,17.3988
panama,1987,1.0
peru,1987,1.68e-05
philippines,1987,20.567675
palau,1987,
papua new guinea,1987,0.907899167
poland,1987,0.02650825
pre-demographic dividend,1987,
puerto rico (us),1987,1.0
"korea, dem. people's rep.",1987,
portugal,1987,140.8824167
paraguay,1987,550.0
west bank and gaza,1987,
pacific island small states,1987,
post-demographic dividend,1987,
french polynesia,1987,109.2854968
qatar,1987,3.64
romania,1987,0.0014557
russian federation,1987,
rwanda,1987,79.46064999
south asia,1987,
saudi arabia,1987,3.75
sudan,1987,0.003
senegal,1987,300.5365624
singapore,1987,2.105983333
solomon islands,1987,2.003291667
sierra leone,1987,0.034042525
el salvador,1987,5.0
san marino,1987,1296.07
"somalia, fed. rep.",1987,105.1770833
serbia,1987,
sub-saharan africa (excluding high income),1987,
south sudan,1987,
sub-saharan africa,1987,
small states,1987,
sao tome and principe,1987,0.054211215
suriname,1987,0.001785
slovak republic,1987,
slovenia,1987,
sweden,1987,6.340441667
eswatini,1987,2.036033333
sint maarten (dutch part),1987,
seychelles,1987,5.600008333
syrian arab republic,1987,3.925
turks and caicos islands,1987,1.0
chad,1987,300.5365624
east asia & pacific (ida & ibrd countries),1987,
europe & central asia (ida & ibrd countries),1987,
togo,1987,300.5365624
thailand,1987,25.72279645
tajikistan,1987,
turkmenistan,1987,
latin america & the caribbean (ida & ibrd countries),1987,
timor-leste,1987,1.0
"middle east, north africa, afghanistan & pakistan (ida & ibrd)",1987,
tonga,1987,1.428237269
south asia (ida & ibrd),1987,
sub-saharan africa (ida & ibrd countries),1987,
trinidad and tobago,1987,3.6
tunisia,1987,0.8286625
turkiye,1987,0.000857214
tuvalu,1987,
tanzania,1987,64.26035
uganda,1987,42.84126667
ukraine,1987,
upper middle income,1987,
uruguay,1987,0.225521667
united states,1987,1.0
uzbekistan,1987,
st. vincent and the grenadines,1987,2.7
"venezuela, rb",1987,0.0145
british virgin islands,1987,
virgin islands (u.s.),1987,1.0
viet nam,1987,78.95331572
vanuatu,1987,109.8491667
world,1987,
samoa,1987,2.121748333
kosovo,1987,
"yemen, rep.",1987,
south africa,1987,2.036033333
zambia,1987,0.009519475
zimbabwe,1987,0.001663462
aruba,1988,1.79
africa eastern and southern,1988,
afghanistan,1988,39.27642927
africa western and central,1988,
angola,1988,2.99e-08
albania,1988,
andorra,1988,
arab world,1988,
united arab emirates,1988,3.671
argentina,1988,0.00087526
armenia,1988,
american samoa,1988,1.0
antigua and barbuda,1988,2.7
australia,1988,1.279908333
austria,1988,12.34766667
azerbaijan,1988,
burundi,1988,140.395
belgium,1988,36.76833333
benin,1988,297.8482188
burkina faso,1988,297.8482188
bangladesh,1988,31.7332486
bulgaria,1988,
bahrain,1988,0.376
"bahamas, the",1988,1.0
bosnia and herzegovina,1988,
belarus,1988,
belize,1988,2.0
bermuda,1988,1.0
bolivia,1988,2.350241667
brazil,1988,1.14e-07
barbados,1988,2.0
brunei darussalam,1988,2.012425
bhutan,1988,13.91708333
botswana,1988,1.8285875
central african republic,1988,297.8482188
canada,1988,1.230700847
central europe and the baltics,1988,
switzerland,1988,1.4633
channel islands,1988,0.562170167
chile,1988,245.0116667
china,1988,3.7221
cote d'ivoire,1988,297.8482188
cameroon,1988,297.8482188
"congo, dem. rep.",1988,6.23e-10
"congo, rep.",1988,297.8482188
colombia,1988,299.1733333
comoros,1988,297.8456949
cabo verde,1988,72.0675
costa rica,1988,75.80473333
caribbean small states,1988,
cuba,1988,
curacao,1988,
cayman islands,1988,0.83333
cyprus,1988,0.466628833
czechia,1988,
germany,1988,1.756225
djibouti,1988,177.721
dominica,1988,2.7
denmark,1988,6.731525
dominican republic,1988,6.112516667
algeria,1988,5.914766667
east asia & pacific (excluding high income),1988,
early-demographic dividend,1988,
east asia & pacific,1988,
europe & central asia (excluding high income),1988,
europe & central asia,1988,
ecuador,1988,301.6108333
"egypt, arab rep.",1988,0.7000007
euro area,1988,
eritrea,1988,2.071825068
spain,1988,116.4868333
estonia,1988,
ethiopia,1988,2.07
european union,1988,
fragile and conflict affected situations,1988,
finland,1988,4.182833333
fiji,1988,1.430258333
france,1988,5.956941667
faroe islands,1988,6.731525
"micronesia, fed. sts.",1988,1.0
gabon,1988,297.8482188
united kingdom,1988,0.562170167
georgia,1988,
ghana,1988,0.020223705
gibraltar,1988,0.562170167
guinea,1988,474.3958333
"gambia, the",1988,6.708423238
guinea-bissau,1988,297.8482188
equatorial guinea,1988,297.8482188
greece,1988,141.8605
grenada,1988,2.7
greenland,1988,6.731525
guatemala,1988,2.619583333
guam,1988,1.0
guyana,1988,10.0
high income,1988,
"hong kong sar, china",1988,7.806
honduras,1988,2.0
heavily indebted poor countries (hipc),1988,
croatia,1988,
haiti,1988,5.0
hungary,1988,50.41320833
ibrd only,1988,
ida & ibrd total,1988,
ida total,1988,
ida blend,1988,
indonesia,1988,1685.704167
ida only,1988,
isle of man,1988,0.562170167
india,1988,13.91708333
not classified,1988,
ireland,1988,0.6564675
"iran, islamic rep.",1988,68.69976463
iraq,1988,2002.385586
iceland,1988,43.01398333
israel,1988,1.598933333
italy,1988,1301.6275
jamaica,1988,5.488554167
jordan,1988,0.3742925
japan,1988,128.1516667
kazakhstan,1988,
kenya,1988,17.7471
kyrgyz republic,1988,
cambodia,1988,
kiribati,1988,1.279908333
st. kitts and nevis,1988,2.7
"korea, rep.",1988,731.4633333
kuwait,1988,0.27902925
latin america & caribbean (excluding high income),1988,
lao pdr,1988,400.3749893
lebanon,1988,409.23
liberia,1988,46.43872809
libya,1988,0.285766199
st. lucia,1988,2.7
latin america & caribbean,1988,
least developed countries: un classification,1988,
low income,1988,
liechtenstein,1988,
sri lanka,1988,31.80675
lower middle income,1988,
low & middle income,1988,
lesotho,1988,2.2734675
late-demographic dividend,1988,
lithuania,1988,
luxembourg,1988,36.76833333
latvia,1988,
"macao sar, china",1988,8.040591667
st. martin (french part),1988,5.956941667
morocco,1988,8.20915
monaco,1988,5.956941667
moldova,1988,
madagascar,1988,281.4213333
maldives,1988,8.784583333
"middle east, north africa, afghanistan & pakistan",1988,
mexico,1988,2.273105
marshall islands,1988,1.0
middle income,1988,
north macedonia,1988,
mali,1988,297.8482188
malta,1988,0.330856667
myanmar,1988,6.394541667
"middle east, north africa, afghanistan & pakistan (excluding high income)",1988,
montenegro,1988,
mongolia,1988,
northern mariana islands,1988,1.0
mozambique,1988,0.524644667
mauritania,1988,7.526083333
mauritius,1988,13.437725
malawi,1988,2.561300833
malaysia,1988,2.618783333
north america,1988,
namibia,1988,2.2734675
new caledonia,1988,108.307922
niger,1988,297.8482188
nigeria,1988,4.536966667
nicaragua,1988,5.39e-05
netherlands,1988,1.976583333
norway,1988,6.516983333
nepal,1988,23.28925
nauru,1988,1.279908333
new zealand,1988,1.526400833
oecd members,1988,
oman,1988,0.3845
other small states,1988,
pakistan,1988,18.00329167
panama,1988,1.0
peru,1988,0.000128832
philippines,1988,21.094675
palau,1988,
papua new guinea,1988,0.8670525
poland,1988,0.043054583
pre-demographic dividend,1988,
puerto rico (us),1988,1.0
"korea, dem. people's rep.",1988,
portugal,1988,143.9539167
paraguay,1988,550.0
west bank and gaza,1988,
pacific island small states,1988,
post-demographic dividend,1988,
french polynesia,1988,108.307922
qatar,1988,3.64
romania,1988,0.001427692
russian federation,1988,
rwanda,1988,76.44773773
south asia,1988,
saudi arabia,1988,3.75
sudan,1988,0.0045
senegal,1988,297.8482188
singapore,1988,2.012425
solomon islands,1988,2.082516667
sierra leone,1988,0.032514083
el salvador,1988,5.0
san marino,1988,1301.6275
"somalia, fed. rep.",1988,170.45275
serbia,1988,
sub-saharan africa (excluding high income),1988,
south sudan,1988,
sub-saharan africa,1988,
small states,1988,
sao tome and principe,1988,0.086343333
suriname,1988,0.001785
slovak republic,1988,
slovenia,1988,
sweden,1988,6.12715
eswatini,1988,2.2734675
sint maarten (dutch part),1988,
seychelles,1988,5.383566667
syrian arab republic,1988,11.225
turks and caicos islands,1988,1.0
chad,1988,297.8482188
east asia & pacific (ida & ibrd countries),1988,
europe & central asia (ida & ibrd countries),1988,
togo,1988,297.8482188
thailand,1988,25.29387761
tajikistan,1988,
turkmenistan,1988,
latin america & the caribbean (ida & ibrd countries),1988,
timor-leste,1988,1.0
"middle east, north africa, afghanistan & pakistan (ida & ibrd)",1988,
tonga,1988,1.279736405
south asia (ida & ibrd),1988,
sub-saharan africa (ida & ibrd countries),1988,
trinidad and tobago,1988,3.84375
tunisia,1988,0.857804167
turkiye,1988,0.001422346
tuvalu,1988,
tanzania,1988,99.29210833
uganda,1988,106.1358333
ukraine,1988,
upper middle income,1988,
uruguay,1988,0.3585075
united states,1988,1.0
uzbekistan,1988,
st. vincent and the grenadines,1988,2.7
"venezuela, rb",1988,0.0145
british virgin islands,1988,
virgin islands (u.s.),1988,1.0
viet nam,1988,611.646087
vanuatu,1988,104.4258333
world,1988,
samoa,1988,2.080436667
kosovo,1988,
"yemen, rep.",1988,
south africa,1988,2.2734675
zambia,1988,0.008266025
zimbabwe,1988,0.001807734
aruba,1989,1.79
africa eastern and southern,1989,
afghanistan,1989,39.27642927
africa western and central,1989,
angola,1989,2.99e-08
albania,1989,
andorra,1989,
arab world,1989,
united arab emirates,1989,3.671
argentina,1989,0.042333961
armenia,1989,
american samoa,1989,1.0
antigua and barbuda,1989,2.7
australia,1989,1.264596667
austria,1989,13.23066667
azerbaijan,1989,
burundi,1989,158.6666667
belgium,1989,39.404
benin,1989,319.0082995
burkina faso,1989,319.0082995
bangladesh,1989,32.27
bulgaria,1989,
bahrain,1989,0.376
"bahamas, the",1989,1.0
bosnia and herzegovina,1989,
belarus,1989,
belize,1989,2.0
bermuda,1989,1.0
bolivia,1989,2.691683333
brazil,1989,1.23e-06
barbados,1989,2.0
brunei darussalam,1989,1.950258333
bhutan,1989,16.2255
botswana,1989,2.014885833
central african republic,1989,319.0082995
canada,1989,1.183972084
central europe and the baltics,1989,
switzerland,1989,1.635925
channel islands,1989,0.61117275
chile,1989,266.9541667
china,1989,3.765108333
cote d'ivoire,1989,319.0082995
cameroon,1989,319.0082995
"congo, dem. rep.",1989,1.27e-09
"congo, rep.",1989,319.0082995
colombia,1989,382.5666667
comoros,1989,319.0055962
cabo verde,1989,77.97808333
costa rica,1989,81.50420833
caribbean small states,1989,
cuba,1989,
curacao,1989,
cayman islands,1989,0.83333
cyprus,1989,0.494624917
czechia,1989,
germany,1989,1.880041667
djibouti,1989,177.721
dominica,1989,2.7
denmark,1989,7.310175
dominican republic,1989,6.34
algeria,1989,7.608558333
east asia & pacific (excluding high income),1989,
early-demographic dividend,1989,
east asia & pacific,1989,
europe & central asia (excluding high income),1989,
europe & central asia,1989,
ecuador,1989,526.3483333
"egypt, arab rep.",1989,0.866666667
euro area,1989,
eritrea,1989,2.071825068
spain,1989,118.3776667
estonia,1989,
ethiopia,1989,2.07
european union,1989,
fragile and conflict affected situations,1989,
finland,1989,4.291215833
fiji,1989,1.483333333
france,1989,6.380141667
faroe islands,1989,7.310175
"micronesia, fed. sts.",1989,1.0
gabon,1989,319.0082995
united kingdom,1989,0.61117275
georgia,1989,
ghana,1989,0.026985484
gibraltar,1989,0.61117275
guinea,1989,591.6458333
"gambia, the",1989,7.58358294
guinea-bissau,1989,319.0082995
equatorial guinea,1989,319.0082995
greece,1989,162.4165833
grenada,1989,2.7
greenland,1989,7.310175
guatemala,1989,2.816116667
guam,1989,1.0
guyana,1989,27.15875
high income,1989,
"hong kong sar, china",1989,7.799916667
honduras,1989,2.0
heavily indebted poor countries (hipc),1989,
croatia,1989,
haiti,1989,5.0
hungary,1989,59.06634167
ibrd only,1989,
ida & ibrd total,1989,
ida total,1989,
ida blend,1989,
indonesia,1989,1770.059167
ida only,1989,
isle of man,1989,0.61117275
india,1989,16.2255
not classified,1989,
ireland,1989,0.705543333
"iran, islamic rep.",1989,72.03223643
iraq,1989,2002.385586
iceland,1989,57.04179167
israel,1989,1.916416667
italy,1989,1372.093333
jamaica,1989,5.744641667
jordan,1989,0.574575833
japan,1989,137.9644167
kazakhstan,1989,
kenya,1989,20.57246667
kyrgyz republic,1989,
cambodia,1989,
kiribati,1989,1.264596667
st. kitts and nevis,1989,2.7
"korea, rep.",1989,671.4558333
kuwait,1989,0.293779417
latin america & caribbean (excluding high income),1989,
lao pdr,1989,591.4999842
lebanon,1989,496.6891667
liberia,1989,46.43872809
libya,1989,0.299601656
st. lucia,1989,2.7
latin america & caribbean,1989,
least developed countries: un classification,1989,
low income,1989,
liechtenstein,1989,
sri lanka,1989,36.04708333
lower middle income,1989,
low & middle income,1989,
lesotho,1989,2.6226775
late-demographic dividend,1989,
lithuania,1989,
luxembourg,1989,39.404
latvia,1989,
"macao sar, china",1989,8.033883333
st. martin (french part),1989,6.380141667
morocco,1989,8.48817
monaco,1989,6.380141667
moldova,1989,
madagascar,1989,320.6875
maldives,1989,9.040833333
"middle east, north africa, afghanistan & pakistan",1989,
mexico,1989,2.4614725
marshall islands,1989,1.0
middle income,1989,
north macedonia,1989,
mali,1989,319.0082995
malta,1989,0.3484925
myanmar,1989,6.7049
"middle east, north africa, afghanistan & pakistan (excluding high income)",1989,
montenegro,1989,
mongolia,1989,
northern mariana islands,1989,1.0
mozambique,1989,0.744918083
mauritania,1989,8.3051
mauritius,1989,15.24976667
malawi,1989,2.759524167
malaysia,1989,2.708841667
north america,1989,
namibia,1989,2.6226775
new caledonia,1989,116.0024598
niger,1989,319.0082995
nigeria,1989,7.364735
nicaragua,1989,0.0031309
netherlands,1989,2.1207375
norway,1989,6.9045
nepal,1989,27.18883333
nauru,1989,1.264596667
new zealand,1989,1.672148333
oecd members,1989,
oman,1989,0.3845
other small states,1989,
pakistan,1989,20.54149167
panama,1989,1.0
peru,1989,0.002666188
philippines,1989,21.73668333
palau,1989,
papua new guinea,1989,0.8587975
poland,1989,0.143918417
pre-demographic dividend,1989,
puerto rico (us),1989,1.0
"korea, dem. people's rep.",1989,
portugal,1989,157.45825
paraguay,1989,1056.216667
west bank and gaza,1989,
pacific island small states,1989,
post-demographic dividend,1989,
french polynesia,1989,116.0024598
qatar,1989,3.64
romania,1989,0.001492158
russian federation,1989,
rwanda,1989,80.14897818
south asia,1989,
saudi arabia,1989,3.75
sudan,1989,0.0045
senegal,1989,319.0082995
singapore,1989,1.950258333
solomon islands,1989,2.293241667
sierra leone,1989,0.059812758
el salvador,1989,5.0
san marino,1989,1372.093333
"somalia, fed. rep.",1989,490.6751667
serbia,1989,
sub-saharan africa (excluding high income),1989,
south sudan,1989,
sub-saharan africa,1989,
small states,1989,
sao tome and principe,1989,0.12467225
suriname,1989,0.001785
slovak republic,1989,
slovenia,1989,
sweden,1989,6.446875833
eswatini,1989,2.6226775
sint maarten (dutch part),1989,
seychelles,1989,5.645716667
syrian arab republic,1989,11.225
turks and caicos islands,1989,1.0
chad,1989,319.0082995
east asia & pacific (ida & ibrd countries),1989,
europe & central asia (ida & ibrd countries),1989,
togo,1989,319.0082995
thailand,1989,25.70204634
tajikistan,1989,
turkmenistan,1989,
latin america & the caribbean (ida & ibrd countries),1989,
timor-leste,1989,1.0
"middle east, north africa, afghanistan & pakistan (ida & ibrd)",1989,
tonga,1989,1.263744068
south asia (ida & ibrd),1989,
sub-saharan africa (ida & ibrd countries),1989,
trinidad and tobago,1989,4.25
tunisia,1989,0.949320833
turkiye,1989,0.002121679
tuvalu,1989,
tanzania,1989,143.3769167
uganda,1989,223.0916063
ukraine,1989,
upper middle income,1989,
uruguay,1989,0.621178333
united states,1989,1.0
uzbekistan,1989,
st. vincent and the grenadines,1989,2.7
"venezuela, rb",1989,0.034691667
british virgin islands,1989,
virgin islands (u.s.),1989,1.0
viet nam,1989,4501.686529
vanuatu,1989,116.0416667
world,1989,
samoa,1989,2.270191667
kosovo,1989,
"yemen, rep.",1989,
south africa,1989,2.6226775
zambia,1989,0.013813696
zimbabwe,1989,0.00212134
aruba,1990,1.79
africa eastern and southern,1990,
afghanistan,1990,39.27642927
africa western and central,1990,
angola,1990,2.99e-08
albania,1990,
andorra,1990,
arab world,1990,
united arab emirates,1990,3.671
argentina,1990,0.487589083
armenia,1990,
american samoa,1990,1.0
antigua and barbuda,1990,2.7
australia,1990,1.281056667
austria,1990,11.36983333
azerbaijan,1990,
burundi,1990,171.2554167
belgium,1990,33.41791667
benin,1990,272.264788
burkina faso,1990,272.264788
bangladesh,1990,34.56880833
bulgaria,1990,
bahrain,1990,0.376
"bahamas, the",1990,1.0
bosnia and herzegovina,1990,
belarus,1990,
belize,1990,2.0
bermuda,1990,1.0
bolivia,1990,3.17265
brazil,1990,2.96e-05
barbados,1990,2.0
brunei darussalam,1990,1.812533333
bhutan,1990,17.5035
botswana,1990,1.860465833
central african republic,1990,272.264788
canada,1990,1.166773627
central europe and the baltics,1990,
switzerland,1990,1.389158333
channel islands,1990,0.563177167
chile,1990,304.9033333
china,1990,4.783208333
cote d'ivoire,1990,272.264788
cameroon,1990,272.264788
"congo, dem. rep.",1990,2.39e-09
"congo, rep.",1990,272.264788
colombia,1990,502.26
comoros,1990,272.2624808
cabo verde,1990,70.03133333
costa rica,1990,91.57929167
caribbean small states,1990,
cuba,1990,
curacao,1990,
cayman islands,1990,0.83333
cyprus,1990,0.458079917
czechia,1990,
germany,1990,1.615733333
djibouti,1990,177.721
dominica,1990,2.7
denmark,1990,6.188558333
dominican republic,1990,8.5253
algeria,1990,8.957508333
east asia & pacific (excluding high income),1990,
early-demographic dividend,1990,
east asia & pacific,1990,
europe & central asia (excluding high income),1990,
europe & central asia,1990,
ecuador,1990,767.7508333
"egypt, arab rep.",1990,1.55
euro area,1990,
eritrea,1990,2.071825068
spain,1990,101.9339167
estonia,1990,
ethiopia,1990,2.07
european union,1990,
fragile and conflict affected situations,1990,
finland,1990,3.823505
fiji,1990,1.480908333
france,1990,5.445275
faroe islands,1990,6.188558333
"micronesia, fed. sts.",1990,1.0
gabon,1990,272.264788
united kingdom,1990,0.563177167
georgia,1990,
ghana,1990,0.032615622
gibraltar,1990,0.563177167
guinea,1990,660.1666667
"gambia, the",1990,7.878992181
guinea-bissau,1990,272.264788
equatorial guinea,1990,272.264788
greece,1990,158.5139167
grenada,1990,2.7
greenland,1990,6.188558333
guatemala,1990,4.485758333
guam,1990,1.0
guyana,1990,39.53333333
high income,1990,
"hong kong sar, china",1990,7.78975
honduras,1990,
heavily indebted poor countries (hipc),1990,
croatia,1990,
haiti,1990,5.0
hungary,1990,63.20586667
ibrd only,1990,
ida & ibrd total,1990,
ida total,1990,
ida blend,1990,
indonesia,1990,1842.813333
ida only,1990,
isle of man,1990,0.563177167
india,1990,17.5035
not classified,1990,
ireland,1990,0.604588333
"iran, islamic rep.",1990,68.11237271
iraq,1990,2002.385586
iceland,1990,58.283775
israel,1990,2.016175
italy,1990,1198.101667
jamaica,1990,7.184025
jordan,1990,0.663711667
japan,1990,144.7925
kazakhstan,1990,
kenya,1990,22.91476667
kyrgyz republic,1990,
cambodia,1990,426.25
kiribati,1990,1.281056667
st. kitts and nevis,1990,2.7
"korea, rep.",1990,707.7658333
kuwait,1990,
latin america & caribbean (excluding high income),1990,
lao pdr,1990,707.7499811
lebanon,1990,695.0891667
liberia,1990,46.43872809
libya,1990,0.28317719
st. lucia,1990,2.7
latin america & caribbean,1990,
least developed countries: un classification,1990,
low income,1990,
liechtenstein,1990,
sri lanka,1990,40.06291667
lower middle income,1990,
low & middle income,1990,
lesotho,1990,2.587320833
late-demographic dividend,1990,
lithuania,1990,
luxembourg,1990,33.41791667
latvia,1990,
"macao sar, china",1990,8.020991667
st. martin (french part),1990,5.445275
morocco,1990,8.242341667
monaco,1990,5.445275
moldova,1990,
madagascar,1990,298.8293333
maldives,1990,9.551741667
"middle east, north africa, afghanistan & pakistan",1990,
mexico,1990,2.812599167
marshall islands,1990,1.0
middle income,1990,
north macedonia,1990,
mali,1990,272.264788
malta,1990,0.31779
myanmar,1990,6.338558333
"middle east, north africa, afghanistan & pakistan (excluding high income)",1990,
montenegro,1990,
mongolia,1990,
northern mariana islands,1990,1.0
mozambique,1990,0.929088833
mauritania,1990,8.0609
mauritius,1990,14.86346667
malawi,1990,2.728881667
malaysia,1990,2.704875
north america,1990,
namibia,1990,2.587320833
new caledonia,1990,99.004901
niger,1990,272.264788
nigeria,1990,8.038285
nicaragua,1990,0.140922417
netherlands,1990,1.820941667
norway,1990,6.259741667
nepal,1990,29.36916667
nauru,1990,1.281056667
new zealand,1990,1.676203333
oecd members,1990,
oman,1990,0.3845
other small states,1990,
pakistan,1990,21.707375
panama,1990,1.0
peru,1990,0.187885579
philippines,1990,24.3105
palau,1990,
papua new guinea,1990,0.955
poland,1990,0.95
pre-demographic dividend,1990,
puerto rico (us),1990,1.0
"korea, dem. people's rep.",1990,
portugal,1990,142.55475
paraguay,1990,1229.808333
west bank and gaza,1990,
pacific island small states,1990,
post-demographic dividend,1990,
french polynesia,1990,99.004901
qatar,1990,3.64
romania,1990,0.002243208
russian federation,1990,
rwanda,1990,83.70409756
south asia,1990,
saudi arabia,1990,3.75
sudan,1990,0.0045
senegal,1990,272.264788
singapore,1990,1.812533333
solomon islands,1990,2.528783333
sierra leone,1990,0.151445833
el salvador,1990,6.848333333
san marino,1990,1198.101667
"somalia, fed. rep.",1990,
serbia,1990,
sub-saharan africa (excluding high income),1990,
south sudan,1990,
sub-saharan africa,1990,
small states,1990,
sao tome and principe,1990,0.143330917
suriname,1990,0.001785
slovak republic,1990,
slovenia,1990,
sweden,1990,5.91879
eswatini,1990,2.587320833
sint maarten (dutch part),1990,
seychelles,1990,5.3369
syrian arab republic,1990,11.225
turks and caicos islands,1990,1.0
chad,1990,272.264788
east asia & pacific (ida & ibrd countries),1990,
europe & central asia (ida & ibrd countries),1990,
togo,1990,272.264788
thailand,1990,25.58546242
tajikistan,1990,
turkmenistan,1990,
latin america & the caribbean (ida & ibrd countries),1990,
timor-leste,1990,1.0
"middle east, north africa, afghanistan & pakistan (ida & ibrd)",1990,
tonga,1990,1.280928838
south asia (ida & ibrd),1990,
sub-saharan africa (ida & ibrd countries),1990,
trinidad and tobago,1990,4.25
tunisia,1990,0.878333333
turkiye,1990,0.002608642
tuvalu,1990,
tanzania,1990,195.0559167
uganda,1990,428.8546667
ukraine,1990,
upper middle income,1990,
uruguay,1990,1.169484167
united states,1990,1.0
uzbekistan,1990,
st. vincent and the grenadines,1990,2.7
"venezuela, rb",1990,0.046891667
british virgin islands,1990,
virgin islands (u.s.),1990,1.0
viet nam,1990,6537.604686
vanuatu,1990,117.06125
world,1990,
samoa,1990,2.309851667
kosovo,1990,
"yemen, rep.",1990,12.0100612
south africa,1990,2.587320833
zambia,1990,0.030289108
zimbabwe,1990,0.002454518
aruba,1991,1.79
africa eastern and southern,1991,
afghanistan,1991,39.27642927
africa western and central,1991,
angola,1991,5.51e-08
albania,1991,
andorra,1991,
arab world,1991,
united arab emirates,1991,3.671
argentina,1991,0.953554417
armenia,1991,
american samoa,1991,1.0
antigua and barbuda,1991,2.7
australia,1991,1.283755833
austria,1991,11.67591667
azerbaijan,1991,
burundi,1991,181.5125833
belgium,1991,34.14825
benin,1991,282.1069088
burkina faso,1991,282.1069088
bangladesh,1991,36.59618333
bulgaria,1991,0.01778825
bahrain,1991,0.376
"bahamas, the",1991,1.0
bosnia and herzegovina,1991,
belarus,1991,
belize,1991,2.0
bermuda,1991,1.0
bolivia,1991,3.580608333
brazil,1991,0.000175961
barbados,1991,2.0
brunei darussalam,1991,1.72755
bhutan,1991,22.74243333
botswana,1991,2.021556667
central african republic,1991,282.1069088
canada,1991,1.145725844
central europe and the baltics,1991,
switzerland,1991,1.433991667
channel islands,1991,0.567015333
chile,1991,349.2158333
china,1991,5.323391667
cote d'ivoire,1991,282.1069088
cameroon,1991,282.1069088
"congo, dem. rep.",1991,5.19e-08
"congo, rep.",1991,282.1069088
colombia,1991,627.1525
comoros,1991,282.1045183
cabo verde,1991,71.40833333
costa rica,1991,122.4324167
caribbean small states,1991,
cuba,1991,
curacao,1991,
cayman islands,1991,0.83333
cyprus,1991,0.4644285
czechia,1991,
germany,1991,1.659541667
djibouti,1991,177.721
dominica,1991,2.7
denmark,1991,6.396458333
dominican republic,1991,12.57591896
algeria,1991,18.472875
east asia & pacific (excluding high income),1991,
early-demographic dividend,1991,
east asia & pacific,1991,
europe & central asia (excluding high income),1991,
europe & central asia,1991,
ecuador,1991,1046.249333
"egypt, arab rep.",1991,3.138008333
euro area,1991,
eritrea,1991,2.071825068
spain,1991,103.9115833
estonia,1991,
ethiopia,1991,2.07
european union,1991,
fragile and conflict affected situations,1991,
finland,1991,4.043979167
fiji,1991,1.4755575
france,1991,5.642116667
faroe islands,1991,6.396458333
"micronesia, fed. sts.",1991,1.0
gabon,1991,282.1069088
united kingdom,1991,0.567015333
georgia,1991,
ghana,1991,0.036763307
gibraltar,1991,0.567015333
guinea,1991,753.8580833
"gambia, the",1991,8.73314084
guinea-bissau,1991,282.1069088
equatorial guinea,1991,282.1069088
greece,1991,182.2664167
grenada,1991,2.7
greenland,1991,6.396458333
guatemala,1991,5.02888
guam,1991,1.0
guyana,1991,111.8106667
high income,1991,
"hong kong sar, china",1991,7.771166667
honduras,1991,
heavily indebted poor countries (hipc),1991,
croatia,1991,
haiti,1991,6.034166667
hungary,1991,74.73538333
ibrd only,1991,
ida & ibrd total,1991,
ida total,1991,
ida blend,1991,
indonesia,1991,1950.3175
ida only,1991,
isle of man,1991,0.567015333
india,1991,22.74243333
not classified,1991,
ireland,1991,0.6212975
"iran, islamic rep.",1991,67.52173001
iraq,1991,2002.385586
iceland,1991,58.99634167
israel,1991,2.279108333
italy,1991,1240.613333
jamaica,1991,12.115875
jordan,1991,0.680865833
japan,1991,134.7066667
kazakhstan,1991,
kenya,1991,27.50786667
kyrgyz republic,1991,
cambodia,1991,718.3333333
kiribati,1991,1.283755833
st. kitts and nevis,1991,2.7
"korea, rep.",1991,733.3291667
kuwait,1991,
latin america & caribbean (excluding high income),1991,
lao pdr,1991,702.0833146
lebanon,1991,928.2275
liberia,1991,46.43872809
libya,1991,0.280728317
st. lucia,1991,2.7
latin america & caribbean,1991,
least developed countries: un classification,1991,
low income,1991,
liechtenstein,1991,
sri lanka,1991,41.3715
lower middle income,1991,
low & middle income,1991,
lesotho,1991,2.761315
late-demographic dividend,1991,
lithuania,1991,
luxembourg,1991,34.14825
latvia,1991,
"macao sar, china",1991,8.00425
st. martin (french part),1991,5.642116667
morocco,1991,8.70655
monaco,1991,5.642116667
moldova,1991,
madagascar,1991,367.072
maldives,1991,10.25266667
"middle east, north africa, afghanistan & pakistan",1991,
mexico,1991,3.01843
marshall islands,1991,1.0
middle income,1991,
north macedonia,1991,
mali,1991,282.1069088
malta,1991,0.3232425
myanmar,1991,6.2837
"middle east, north africa, afghanistan & pakistan (excluding high income)",1991,
montenegro,1991,
mongolia,1991,8.011666667
northern mariana islands,1991,1.0
mozambique,1991,1.4344675
mauritania,1991,8.194583333
mauritius,1991,15.65230833
malawi,1991,2.8033125
malaysia,1991,2.750066667
north america,1991,
namibia,1991,2.761315
new caledonia,1991,102.5838368
niger,1991,282.1069088
nigeria,1991,9.909491667
nicaragua,1991,4.270828283
netherlands,1991,1.869666667
norway,1991,6.4829425
nepal,1991,37.255
nauru,1991,1.283755833
new zealand,1991,1.733514167
oecd members,1991,
oman,1991,0.3845
other small states,1991,
pakistan,1991,23.80076667
panama,1991,1.0
peru,1991,0.7725
philippines,1991,27.47863333
palau,1991,
papua new guinea,1991,0.951709167
poland,1991,1.057605833
pre-demographic dividend,1991,
puerto rico (us),1991,1.0
"korea, dem. people's rep.",1991,
portugal,1991,144.482
paraguay,1991,1325.183333
west bank and gaza,1991,
pacific island small states,1991,
post-demographic dividend,1991,
french polynesia,1991,102.5838368
qatar,1991,3.64
romania,1991,0.007638725
russian federation,1991,
rwanda,1991,125.1642483
south asia,1991,
saudi arabia,1991,3.75
sudan,1991,0.006955642
senegal,1991,282.1069088
singapore,1991,1.72755
solomon islands,1991,2.71475
sierra leone,1991,0.295344167
el salvador,1991,8.016666667
san marino,1991,1240.613333
"somalia, fed. rep.",1991,
serbia,1991,
sub-saharan africa (excluding high income),1991,
south sudan,1991,
sub-saharan africa,1991,
small states,1991,
sao tome and principe,1991,
suriname,1991,0.001785
slovak republic,1991,
slovenia,1991,27.5712
sweden,1991,6.047466667
eswatini,1991,2.761315
sint maarten (dutch part),1991,
seychelles,1991,5.289308333
syrian arab republic,1991,11.225
turks and caicos islands,1991,1.0
chad,1991,282.1069088
east asia & pacific (ida & ibrd countries),1991,
europe & central asia (ida & ibrd countries),1991,
togo,1991,282.1069088
thailand,1991,25.51679541
tajikistan,1991,
turkmenistan,1991,
latin america & the caribbean (ida & ibrd countries),1991,
timor-leste,1991,1.0
"middle east, north africa, afghanistan & pakistan (ida & ibrd)",1991,
tonga,1991,1.296114589
south asia (ida & ibrd),1991,
sub-saharan africa (ida & ibrd countries),1991,
trinidad and tobago,1991,4.25
tunisia,1991,0.924620833
turkiye,1991,0.004171816
tuvalu,1991,
tanzania,1991,219.1574167
uganda,1991,734.0099167
ukraine,1991,
upper middle income,1991,
uruguay,1991,2.017663333
united states,1991,1.0
uzbekistan,1991,
st. vincent and the grenadines,1991,2.7
"venezuela, rb",1991,0.056825
british virgin islands,1991,
virgin islands (u.s.),1991,1.0
viet nam,1991,10121.89323
vanuatu,1991,111.675
world,1991,
samoa,1991,2.399622333
kosovo,1991,
"yemen, rep.",1991,12.01000017
south africa,1991,2.761315
zambia,1991,0.064639708
zimbabwe,1991,0.003625489
aruba,1992,1.79
africa eastern and southern,1992,
afghanistan,1992,39.27642927
africa western and central,1992,
angola,1992,2.51e-07
albania,1992,75.0325
andorra,1992,
arab world,1992,
united arab emirates,1992,3.671
argentina,1992,0.990641667
armenia,1992,
american samoa,1992,1.0
antigua and barbuda,1992,2.7
australia,1992,1.361648333
austria,1992,10.98933333
azerbaijan,1992,0.01084
burundi,1992,208.3026667
belgium,1992,32.1495
benin,1992,264.6918008
burkina faso,1992,264.6918008
bangladesh,1992,38.95075833
bulgaria,1992,0.023341167
bahrain,1992,0.376
"bahamas, the",1992,1.0
bosnia and herzegovina,1992,
belarus,1992,
belize,1992,2.0
bermuda,1992,1.0
bolivia,1992,3.900516667
brazil,1992,0.001953024
barbados,1992,2.0
brunei darussalam,1992,1.628966667
bhutan,1992,25.91808333
botswana,1992,2.109725
central african republic,1992,264.6918008
canada,1992,1.20872292
central europe and the baltics,1992,
switzerland,1992,1.406218333
channel islands,1992,0.569774167
chile,1992,362.5758333
china,1992,5.514591667
cote d'ivoire,1992,264.6918008
cameroon,1992,264.6918008
"congo, dem. rep.",1992,2.15e-06
"congo, rep.",1992,264.6918008
colombia,1992,680.3858333
comoros,1992,264.6895578
cabo verde,1992,68.01758333
costa rica,1992,134.5063333
caribbean small states,1992,
cuba,1992,
curacao,1992,
cayman islands,1992,0.83333
cyprus,1992,0.449548583
czechia,1992,
germany,1992,1.56165
djibouti,1992,177.721
dominica,1992,2.7
denmark,1992,6.036133333
dominican republic,1992,12.5
algeria,1992,21.836075
east asia & pacific (excluding high income),1992,
early-demographic dividend,1992,
east asia & pacific,1992,
europe & central asia (excluding high income),1992,
europe & central asia,1992,
ecuador,1992,1533.961667
"egypt, arab rep.",1992,3.321748333
euro area,1992,
eritrea,1992,2.804970895
spain,1992,102.3790833
estonia,1992,
ethiopia,1992,2.8025
european union,1992,
fragile and conflict affected situations,1992,
finland,1992,4.47944
fiji,1992,1.502990833
france,1992,5.293815833
faroe islands,1992,6.036133333
"micronesia, fed. sts.",1992,1.0
gabon,1992,264.6918008
united kingdom,1992,0.569774167
georgia,1992,
ghana,1992,0.043685167
gibraltar,1992,0.569774167
guinea,1992,902.0013333
"gambia, the",1992,8.895714913
guinea-bissau,1992,264.6918008
equatorial guinea,1992,264.6918008
greece,1992,190.62425
grenada,1992,2.7
greenland,1992,6.036133333
guatemala,1992,5.17063
guam,1992,1.0
guyana,1992,125.0025
high income,1992,
"hong kong sar, china",1992,7.740583333
honduras,1992,
heavily indebted poor countries (hipc),1992,
croatia,1992,0.26329825
haiti,1992,9.801666667
hungary,1992,78.98839167
ibrd only,1992,
ida & ibrd total,1992,
ida total,1992,
ida blend,1992,
indonesia,1992,2029.920833
ida only,1992,
isle of man,1992,0.569774167
india,1992,25.91808333
not classified,1992,
ireland,1992,0.587720833
"iran, islamic rep.",1992,65.56784129
iraq,1992,2002.385586
iceland,1992,57.54593333
israel,1992,2.459083333
italy,1992,1232.405833
jamaica,1992,22.96035
jordan,1992,0.679818333
japan,1992,126.6513333
kazakhstan,1992,
kenya,1992,32.21683333
kyrgyz republic,1992,
cambodia,1992,1266.583333
kiribati,1992,1.361648333
st. kitts and nevis,1992,2.7
"korea, rep.",1992,780.6708333
kuwait,1992,0.293222667
latin america & caribbean (excluding high income),1992,
lao pdr,1992,716.0833142
lebanon,1992,1712.790833
liberia,1992,46.43872809
libya,1992,0.281553354
st. lucia,1992,2.7
latin america & caribbean,1992,
least developed countries: un classification,1992,
low income,1992,
liechtenstein,1992,
sri lanka,1992,43.829625
lower middle income,1992,
low & middle income,1992,
lesotho,1992,2.852014167
late-demographic dividend,1992,
lithuania,1992,1.77275
luxembourg,1992,32.1495
latvia,1992,0.736466667
"macao sar, china",1992,7.972341667
st. martin (french part),1992,5.293815833
morocco,1992,8.537875
monaco,1992,5.293815833
moldova,1992,
madagascar,1992,372.7933333
maldives,1992,10.56916667
"middle east, north africa, afghanistan & pakistan",1992,
mexico,1992,3.094898333
marshall islands,1992,1.0
middle income,1992,
north macedonia,1992,
mali,1992,264.6918008
malta,1992,0.318923333
myanmar,1992,6.104533333
"middle east, north africa, afghanistan & pakistan (excluding high income)",1992,
montenegro,1992,
mongolia,1992,35.83333333
northern mariana islands,1992,1.0
mozambique,1992,2.516554167
mauritania,1992,8.702675
mauritius,1992,15.56320833
malawi,1992,3.603275417
malaysia,1992,2.547383333
north america,1992,
namibia,1992,2.852014167
new caledonia,1992,96.25110072
niger,1992,264.6918008
nigeria,1992,17.298425
nicaragua,1992,5.0
netherlands,1992,1.758466333
norway,1992,6.214500833
nepal,1992,42.7175
nauru,1992,1.361648333
new zealand,1992,1.861791667
oecd members,1992,
oman,1992,0.3845
other small states,1992,
pakistan,1992,25.08279167
panama,1992,1.0
peru,1992,1.245833333
philippines,1992,25.51249167
palau,1992,
papua new guinea,1992,0.964663333
poland,1992,1.362643333
pre-demographic dividend,1992,
puerto rico (us),1992,1.0
"korea, dem. people's rep.",1992,
portugal,1992,134.9978333
paraguay,1992,1500.258333
west bank and gaza,1992,
pacific island small states,1992,
post-demographic dividend,1992,
french polynesia,1992,96.25110072
qatar,1992,3.64
romania,1992,0.030795333
russian federation,1992,
rwanda,1992,133.9385833
south asia,1992,
saudi arabia,1992,3.75
sudan,1992,0.097431667
senegal,1992,264.6918008
singapore,1992,1.628966667
solomon islands,1992,2.9281
sierra leone,1992,0.499441833
el salvador,1992,8.360833333
san marino,1992,1232.405833
"somalia, fed. rep.",1992,
serbia,1992,
sub-saharan africa (excluding high income),1992,
south sudan,1992,
sub-saharan africa,1992,
small states,1992,
sao tome and principe,1992,0.321337083
suriname,1992,0.001785
slovak republic,1992,
slovenia,1992,81.28699167
sweden,1992,5.823833333
eswatini,1992,2.852014167
sint maarten (dutch part),1992,
seychelles,1992,5.121983333
syrian arab republic,1992,11.225
turks and caicos islands,1992,1.0
chad,1992,264.6918008
east asia & pacific (ida & ibrd countries),1992,
europe & central asia (ida & ibrd countries),1992,
togo,1992,264.6918008
thailand,1992,25.40012815
tajikistan,1992,0.002468518
turkmenistan,1992,
latin america & the caribbean (ida & ibrd countries),1992,
timor-leste,1992,1.0
"middle east, north africa, afghanistan & pakistan (ida & ibrd)",1992,
tonga,1992,1.347170685
south asia (ida & ibrd),1992,
sub-saharan africa (ida & ibrd countries),1992,
trinidad and tobago,1992,4.25
tunisia,1992,0.884433333
turkiye,1992,0.006872423
tuvalu,1992,
tanzania,1992,297.7080833
uganda,1992,1133.834333
ukraine,1992,
upper middle income,1992,
uruguay,1992,3.024811667
united states,1992,1.0
uzbekistan,1992,
st. vincent and the grenadines,1992,2.7
"venezuela, rb",1992,0.068383333
british virgin islands,1992,
virgin islands (u.s.),1992,1.0
viet nam,1992,11202.19167
vanuatu,1992,113.3916667
world,1992,
samoa,1992,2.466308333
kosovo,1992,
"yemen, rep.",1992,12.01000017
south africa,1992,2.852014167
zambia,1992,0.172213783
zimbabwe,1992,0.005104267
aruba,1993,1.79
africa eastern and southern,1993,
afghanistan,1993,39.27642927
africa western and central,1993,
angola,1993,2.66e-06
albania,1993,102.0625
andorra,1993,
arab world,1993,
united arab emirates,1993,3.671
argentina,1993,0.998945833
armenia,1993,9.105
american samoa,1993,1.0
antigua and barbuda,1993,2.7
australia,1993,1.47056
austria,1993,11.6321825
azerbaijan,1993,0.019995
burundi,1993,242.78
belgium,1993,34.59652083
benin,1993,283.1625795
burkina faso,1993,283.1625795
bangladesh,1993,39.5672575
bulgaria,1993,0.027593583
bahrain,1993,0.375999989
"bahamas, the",1993,1.0
bosnia and herzegovina,1993,
belarus,1993,
belize,1993,2.0
bermuda,1993,1.0
bolivia,1993,4.265083333
brazil,1993,0.038276611
barbados,1993,2.0
brunei darussalam,1993,1.615790833
bhutan,1993,30.49329167
botswana,1993,2.423075
central african republic,1993,283.1625795
canada,1993,1.290087882
central europe and the baltics,1993,
switzerland,1993,1.477616667
channel islands,1993,0.666756553
chile,1993,404.1658333
china,1993,5.761958333
cote d'ivoire,1993,283.1625795
cameroon,1993,283.1625795
"congo, dem. rep.",1993,2.51e-05
"congo, rep.",1993,283.1625795
colombia,1993,786.3466667
comoros,1993,283.16018
cabo verde,1993,80.42659736
costa rica,1993,142.1716667
caribbean small states,1993,
cuba,1993,
curacao,1993,
cayman islands,1993,0.83333
cyprus,1993,0.497405167
czechia,1993,29.15283333
germany,1993,1.653320833
djibouti,1993,177.721
dominica,1993,2.7
denmark,1993,6.483939167
dominican republic,1993,12.5
algeria,1993,23.34540667
east asia & pacific (excluding high income),1993,
early-demographic dividend,1993,
east asia & pacific,1993,
europe & central asia (excluding high income),1993,
europe & central asia,1993,
ecuador,1993,1919.105
"egypt, arab rep.",1993,3.3525175
euro area,1993,
eritrea,1993,5.004408376
spain,1993,127.2604167
estonia,1993,13.22275
ethiopia,1993,5.0
european union,1993,
fragile and conflict affected situations,1993,
finland,1993,5.712291667
fiji,1993,1.541775
france,1993,5.66323
faroe islands,1993,6.483939167
"micronesia, fed. sts.",1993,1.0
gabon,1993,283.1625795
united kingdom,1993,0.666756553
georgia,1993,
ghana,1993,0.064871188
gibraltar,1993,0.666756553
guinea,1993,955.4903333
"gambia, the",1993,9.114419472
guinea-bissau,1993,283.1625795
equatorial guinea,1993,283.1625795
greece,1993,229.2498433
grenada,1993,2.7
greenland,1993,6.483939167
guatemala,1993,5.6353625
guam,1993,1.0
guyana,1993,126.7304417
high income,1993,
"hong kong sar, china",1993,7.735583333
honduras,1993,
heavily indebted poor countries (hipc),1993,
croatia,1993,3.579148917
haiti,1993,12.8225
hungary,1993,91.93318333
ibrd only,1993,
ida & ibrd total,1993,
ida total,1993,
ida blend,1993,
indonesia,1993,2087.103867
ida only,1993,
isle of man,1993,0.666756553
india,1993,30.49329167
not classified,1993,
ireland,1993,0.677249307
"iran, islamic rep.",1993,1268.078761
iraq,1993,2002.386294
iceland,1993,67.60318167
israel,1993,2.830083333
italy,1993,1573.665867
jamaica,1993,24.94855
jordan,1993,0.692850833
japan,1993,111.1977858
kazakhstan,1993,
kenya,1993,58.00133333
kyrgyz republic,1993,
cambodia,1993,2689.0
kiribati,1993,1.47056
st. kitts and nevis,1993,2.7
"korea, rep.",1993,802.5383333
kuwait,1993,0.3018386
latin america & caribbean (excluding high income),1993,
lao pdr,1993,716.2499809
lebanon,1993,1741.363333
liberia,1993,46.43872809
libya,1993,0.304370219
st. lucia,1993,2.7
latin america & caribbean,1993,
least developed countries: un classification,1993,
low income,1993,
liechtenstein,1993,
sri lanka,1993,48.3221675
lower middle income,1993,
low & middle income,1993,
lesotho,1993,3.267741583
late-demographic dividend,1993,
lithuania,1993,4.344063333
luxembourg,1993,34.59652083
latvia,1993,0.675333333
"macao sar, china",1993,7.96755
st. martin (french part),1993,5.66323
morocco,1993,9.298709167
monaco,1993,5.66323
moldova,1993,
madagascar,1993,382.7565
maldives,1993,10.95699167
"middle east, north africa, afghanistan & pakistan",1993,
mexico,1993,3.115616667
marshall islands,1993,1.0
middle income,1993,
north macedonia,1993,
mali,1993,283.1625795
malta,1993,0.382289333
myanmar,1993,6.156966667
"middle east, north africa, afghanistan & pakistan (excluding high income)",1993,
montenegro,1993,
mongolia,1993,295.0105258
northern mariana islands,1993,1.0
mozambique,1993,3.874236667
mauritania,1993,12.08058333
mauritius,1993,17.648025
malawi,1993,4.402778333
malaysia,1993,2.574095
north america,1993,
namibia,1993,3.267741583
new caledonia,1993,102.9677152
niger,1993,283.1625795
nigeria,1993,22.0654
nicaragua,1993,5.620408333
netherlands,1993,1.857305167
norway,1993,7.094129167
nepal,1993,48.607165
nauru,1993,1.47056
new zealand,1993,1.850513333
oecd members,1993,
oman,1993,0.3845
other small states,1993,
pakistan,1993,28.10718333
panama,1993,1.0
peru,1993,1.988318917
philippines,1993,27.11984167
palau,1993,
papua new guinea,1993,0.978176667
poland,1993,1.811496667
pre-demographic dividend,1993,
puerto rico (us),1993,1.0
"korea, dem. people's rep.",1993,
portugal,1993,160.8001858
paraguay,1993,1744.345833
west bank and gaza,1993,
pacific island small states,1993,
post-demographic dividend,1993,
french polynesia,1993,102.9677152
qatar,1993,3.64
romania,1993,0.076005083
russian federation,1993,0.991666667
rwanda,1993,144.2370205
south asia,1993,
saudi arabia,1993,3.75
sudan,1993,0.159313917
senegal,1993,283.1625795
singapore,1993,1.615790833
solomon islands,1993,3.187733333
sierra leone,1993,0.567458583
el salvador,1993,8.702508333
san marino,1993,1573.665867
"somalia, fed. rep.",1993,
serbia,1993,
sub-saharan africa (excluding high income),1993,
south sudan,1993,
sub-saharan africa,1993,
small states,1993,
sao tome and principe,1993,0.429854167
suriname,1993,0.001785
slovak republic,1993,30.76958333
slovenia,1993,113.2418833
sweden,1993,7.783426667
eswatini,1993,3.267741583
sint maarten (dutch part),1993,
seychelles,1993,5.181533333
syrian arab republic,1993,11.225
turks and caicos islands,1993,1.0
chad,1993,283.1625795
east asia & pacific (ida & ibrd countries),1993,
europe & central asia (ida & ibrd countries),1993,
togo,1993,283.1625795
thailand,1993,25.31961108
tajikistan,1993,0.010357405
turkmenistan,1993,
latin america & the caribbean (ida & ibrd countries),1993,
timor-leste,1993,1.0
"middle east, north africa, afghanistan & pakistan (ida & ibrd)",1993,
tonga,1993,1.384088832
south asia (ida & ibrd),1993,
sub-saharan africa (ida & ibrd countries),1993,
trinidad and tobago,1993,5.351096667
tunisia,1993,1.003741667
turkiye,1993,0.010984628
tuvalu,1993,
tanzania,1993,405.2740167
uganda,1993,1195.01675
ukraine,1993,0.045325
upper middle income,1993,
uruguay,1993,3.941091667
united states,1993,1.0
uzbekistan,1993,
st. vincent and the grenadines,1993,2.7
"venezuela, rb",1993,0.090841667
british virgin islands,1993,
virgin islands (u.s.),1993,1.0
viet nam,1993,10640.95833
vanuatu,1993,121.5808333
world,1993,
samoa,1993,2.568603417
kosovo,1993,
"yemen, rep.",1993,12.01000017
south africa,1993,3.267741583
zambia,1993,0.452762667
zimbabwe,1993,0.006490494
aruba,1994,1.79
africa eastern and southern,1994,
afghanistan,1994,38.818463
africa western and central,1994,
angola,1994,5.95e-05
albania,1994,94.62333333
andorra,1994,
arab world,1994,
united arab emirates,1994,3.671
argentina,1994,0.999008333
armenia,1994,288.6508333
american samoa,1994,1.0
antigua and barbuda,1994,2.7
australia,1994,1.367750833
austria,1994,11.42182492
azerbaijan,1994,0.314045
burundi,1994,252.6625
belgium,1994,33.4564975
benin,1994,555.2046957
burkina faso,1994,555.2046957
bangladesh,1994,40.21173917
bulgaria,1994,0.054133667
bahrain,1994,0.375999965
"bahamas, the",1994,1.0
bosnia and herzegovina,1994,
belarus,1994,0.000364111
belize,1994,2.0
bermuda,1994,1.0
bolivia,1994,4.620516667
brazil,1994,0.664683514
barbados,1994,2.0
brunei darussalam,1994,1.527444167
bhutan,1994,31.3737425
botswana,1994,2.6846455
central african republic,1994,555.2046957
canada,1994,1.365673448
central europe and the baltics,1994,
switzerland,1994,1.3676925
channel islands,1994,0.653426604
chile,1994,420.1766667
china,1994,8.618742667
cote d'ivoire,1994,555.2046957
cameroon,1994,555.2046957
"congo, dem. rep.",1994,0.011941192
"congo, rep.",1994,555.2046957
colombia,1994,826.54
comoros,1994,416.398821
cabo verde,1994,81.89083333
costa rica,1994,157.0666667
caribbean small states,1994,
cuba,1994,
curacao,1994,
cayman islands,1994,0.83333
cyprus,1994,0.492191
czechia,1994,28.78508333
germany,1994,1.622794167
djibouti,1994,177.721
dominica,1994,2.7
denmark,1994,6.360551667
dominican republic,1994,12.6167803
algeria,1994,35.05850083
east asia & pacific (excluding high income),1994,
early-demographic dividend,1994,
east asia & pacific,1994,
europe & central asia (excluding high income),1994,
europe & central asia,1994,
ecuador,1994,2196.728333
"egypt, arab rep.",1994,3.385133333
euro area,1994,
eritrea,1994,5.469818355
spain,1994,133.957955
estonia,1994,12.99125
ethiopia,1994,5.465
european union,1994,
fragile and conflict affected situations,1994,
finland,1994,5.2235125
fiji,1994,1.464125
france,1994,5.552045
faroe islands,1994,6.360551667
"micronesia, fed. sts.",1994,1.0
gabon,1994,555.2046957
united kingdom,1994,0.653426604
georgia,1994,
ghana,1994,0.095568239
gibraltar,1994,0.653426604
guinea,1994,976.6364167
"gambia, the",1994,9.58177096
guinea-bissau,1994,555.2046957
equatorial guinea,1994,555.2046957
greece,1994,242.6028175
grenada,1994,2.7
greenland,1994,6.360551667
guatemala,1994,5.751200833
guam,1994,1.0
guyana,1994,138.2902408
high income,1994,
"hong kong sar, china",1994,7.728416667
honduras,1994,
heavily indebted poor countries (hipc),1994,
croatia,1994,5.998011417
haiti,1994,15.04
hungary,1994,105.1604583
ibrd only,1994,
ida & ibrd total,1994,
ida total,1994,
ida blend,1994,
indonesia,1994,2160.753675
ida only,1994,
isle of man,1994,0.653426604
india,1994,31.3737425
not classified,1994,
ireland,1994,0.668628102
"iran, islamic rep.",1994,1749.173736
iraq,1994,2002.387389
iceland,1994,69.94437833
israel,1994,3.011055208
italy,1994,1612.444983
jamaica,1994,33.08593333
jordan,1994,0.698764167
japan,1994,102.2078058
kazakhstan,1994,35.53833333
kenya,1994,56.050575
kyrgyz republic,1994,10.84168333
cambodia,1994,2545.25
kiribati,1994,1.367750833
st. kitts and nevis,1994,2.7
"korea, rep.",1994,803.7716667
kuwait,1994,0.296870315
latin america & caribbean (excluding high income),1994,
lao pdr,1994,717.6666475
lebanon,1994,1680.073333
liberia,1994,46.43872809
libya,1994,0.34836821
st. lucia,1994,2.7
latin america & caribbean,1994,
least developed countries: un classification,1994,
low income,1994,
liechtenstein,1994,
sri lanka,1994,49.41514167
lower middle income,1994,
low & middle income,1994,
lesotho,1994,3.550798333
late-demographic dividend,1994,
lithuania,1994,3.97775
luxembourg,1994,33.4564975
latvia,1994,0.55975
"macao sar, china",1994,7.960283333
st. martin (french part),1994,5.552045
morocco,1994,9.202715
monaco,1994,5.552045
moldova,1994,
madagascar,1994,613.4671667
maldives,1994,11.58575
"middle east, north africa, afghanistan & pakistan",1994,
mexico,1994,3.375116667
marshall islands,1994,1.0
middle income,1994,
north macedonia,1994,43.26318333
mali,1994,555.2046957
malta,1994,0.377921083
myanmar,1994,5.9749125
"middle east, north africa, afghanistan & pakistan (excluding high income)",1994,
montenegro,1994,
mongolia,1994,412.7214167
northern mariana islands,1994,1.0
mozambique,1994,6.038588333
mauritania,1994,12.3575
mauritius,1994,17.96036667
malawi,1994,8.736405
malaysia,1994,2.624256667
north america,1994,
namibia,1994,3.550798333
new caledonia,1994,100.9461718
niger,1994,555.2046957
nigeria,1994,21.996
nicaragua,1994,6.722875
netherlands,1994,1.819995083
norway,1994,7.057584167
nepal,1994,49.39751833
nauru,1994,1.367750833
new zealand,1994,1.686521667
oecd members,1994,
oman,1994,0.3845
other small states,1994,
pakistan,1994,30.56659167
panama,1994,1.0
peru,1994,2.195
philippines,1994,26.41716667
palau,1994,
papua new guinea,1994,1.01134
poland,1994,2.272276667
pre-demographic dividend,1994,
puerto rico (us),1994,1.0
"korea, dem. people's rep.",1994,
portugal,1994,165.9927767
paraguay,1994,1904.760833
west bank and gaza,1994,
pacific island small states,1994,
post-demographic dividend,1994,
french polynesia,1994,100.9461718
qatar,1994,3.64
romania,1994,0.165508583
russian federation,1994,
rwanda,1994,140.7038475
south asia,1994,
saudi arabia,1994,3.75
sudan,1994,0.289608917
senegal,1994,555.2046957
singapore,1994,1.527444167
solomon islands,1994,3.291358333
sierra leone,1994,0.586739708
el salvador,1994,8.72875
san marino,1994,1612.444983
"somalia, fed. rep.",1994,
serbia,1994,
sub-saharan africa (excluding high income),1994,
south sudan,1994,
sub-saharan africa,1994,
small states,1994,
sao tome and principe,1994,0.732628167
suriname,1994,0.222460758
slovak republic,1994,32.04483333
slovenia,1994,128.8085583
sweden,1994,7.71597
eswatini,1994,3.550798333
sint maarten (dutch part),1994,
seychelles,1994,5.055858333
syrian arab republic,1994,11.225
turks and caicos islands,1994,1.0
chad,1994,555.2046957
east asia & pacific (ida & ibrd countries),1994,
europe & central asia (ida & ibrd countries),1994,
togo,1994,555.2046957
thailand,1994,25.14995189
tajikistan,1994,0.024494348
turkmenistan,1994,19.19833333
latin america & the caribbean (ida & ibrd countries),1994,
timor-leste,1994,1.0
"middle east, north africa, afghanistan & pakistan (ida & ibrd)",1994,
tonga,1994,1.320219604
south asia (ida & ibrd),1994,
sub-saharan africa (ida & ibrd countries),1994,
trinidad and tobago,1994,5.924929167
tunisia,1994,1.011554167
turkiye,1994,0.029608676
tuvalu,1994,
tanzania,1994,509.630875
uganda,1994,979.4454167
ukraine,1994,0.327514167
upper middle income,1994,
uruguay,1994,5.043916667
united states,1994,1.0
uzbekistan,1994,
st. vincent and the grenadines,1994,2.7
"venezuela, rb",1994,0.146858333
british virgin islands,1994,
virgin islands (u.s.),1994,1.0
viet nam,1994,10965.66667
vanuatu,1994,116.405
world,1994,
samoa,1994,2.535037167
kosovo,1994,
"yemen, rep.",1994,12.01000017
south africa,1994,3.550798333
zambia,1994,0.669370622
zimbabwe,1994,0.008160799
aruba,1995,1.79
africa eastern and southern,1995,
afghanistan,1995,36.56714462
africa western and central,1995,
angola,1995,0.00275023
albania,1995,92.6975
andorra,1995,
arab world,1995,
united arab emirates,1995,3.671
argentina,1995,0.99975
armenia,1995,405.9083333
american samoa,1995,1.0
antigua and barbuda,1995,2.7
australia,1995,1.3490325
austria,1995,10.08149583
azerbaijan,1995,0.8827085
burundi,1995,249.7575
belgium,1995,29.48001667
benin,1995,499.1484259
burkina faso,1995,499.1484259
bangladesh,1995,40.27831833
bulgaria,1995,0.067170833
bahrain,1995,0.375999971
"bahamas, the",1995,1.0
bosnia and herzegovina,1995,
belarus,1995,0.001152097
belize,1995,2.0
bermuda,1995,1.0
bolivia,1995,4.800341667
brazil,1995,0.917666667
barbados,1995,2.0
brunei darussalam,1995,1.417375
bhutan,1995,32.42707667
botswana,1995,2.772206667
central african republic,1995,499.1484259
canada,1995,1.372445418
central europe and the baltics,1995,
switzerland,1995,1.182469167
channel islands,1995,0.63366812
chile,1995,396.7733333
china,1995,8.351416667
cote d'ivoire,1995,499.1484259
cameroon,1995,499.1484259
"congo, dem. rep.",1995,0.070244717
"congo, rep.",1995,499.1484259
colombia,1995,912.895
comoros,1995,374.3570933
cabo verde,1995,76.85333333
costa rica,1995,179.7291667
caribbean small states,1995,
cuba,1995,
curacao,1995,
cayman islands,1995,0.83333
cyprus,1995,0.452420167
czechia,1995,26.54066667
germany,1995,1.4331325
djibouti,1995,177.721
dominica,1995,2.7
denmark,1995,5.602366667
dominican republic,1995,12.87
algeria,1995,47.66272667
east asia & pacific (excluding high income),1995,
early-demographic dividend,1995,
east asia & pacific,1995,
europe & central asia (excluding high income),1995,
europe & central asia,1995,
ecuador,1995,2564.494167
"egypt, arab rep.",1995,3.392208333
euro area,1995,
eritrea,1995,6.163762983
spain,1995,124.689
estonia,1995,11.46475
ethiopia,1995,6.158333333
european union,1995,
fragile and conflict affected situations,1995,
finland,1995,4.366666667
fiji,1995,1.406333333
france,1995,4.9914825
faroe islands,1995,5.602366667
"micronesia, fed. sts.",1995,1.0
gabon,1995,499.1484259
united kingdom,1995,0.63366812
georgia,1995,
ghana,1995,0.119913873
gibraltar,1995,0.63366812
guinea,1995,991.4115
"gambia, the",1995,9.544264819
guinea-bissau,1995,499.1484259
equatorial guinea,1995,499.1484259
greece,1995,231.6627358
grenada,1995,2.7
greenland,1995,5.602366667
guatemala,1995,5.8103425
guam,1995,1.0
guyana,1995,141.9891667
high income,1995,
"hong kong sar, china",1995,7.735833333
honduras,1995,
heavily indebted poor countries (hipc),1995,
croatia,1995,5.230756083
haiti,1995,15.10973333
hungary,1995,125.681425
ibrd only,1995,
ida & ibrd total,1995,
ida total,1995,
ida blend,1995,
indonesia,1995,2248.607975
ida only,1995,
isle of man,1995,0.63366812
india,1995,32.42707667
not classified,1995,
ireland,1995,0.623733075
"iran, islamic rep.",1995,1748.350246
iraq,1995,2002.387228
iceland,1995,64.69166667
israel,1995,3.011291667
italy,1995,1628.933158
jamaica,1995,35.14211667
jordan,1995,0.7003775
japan,1995,94.05957917
kazakhstan,1995,60.95
kenya,1995,51.42983333
kyrgyz republic,1995,10.82188333
cambodia,1995,2450.833333
kiribati,1995,1.3490325
st. kitts and nevis,1995,2.7
"korea, rep.",1995,771.2541667
kuwait,1995,0.298447721
latin america & caribbean (excluding high income),1995,
lao pdr,1995,804.6908201
lebanon,1995,1621.413333
liberia,1995,49.83833333
libya,1995,0.418144934
st. lucia,1995,2.7
latin america & caribbean,1995,
least developed countries: un classification,1995,
low income,1995,
liechtenstein,1995,
sri lanka,1995,51.25158917
lower middle income,1995,
low & middle income,1995,
lesotho,1995,3.627085
late-demographic dividend,1995,
lithuania,1995,4.0
luxembourg,1995,29.48001667
latvia,1995,0.527583333
"macao sar, china",1995,7.967758333
st. martin (french part),1995,4.9914825
morocco,1995,8.540235833
monaco,1995,4.9914825
moldova,1995,4.4958
madagascar,1995,853.1263333
maldives,1995,11.77
"middle east, north africa, afghanistan & pakistan",1995,
mexico,1995,6.419425
marshall islands,1995,1.0
middle income,1995,
north macedonia,1995,37.88175833
mali,1995,499.1484259
malta,1995,0.35305875
myanmar,1995,5.667041667
"middle east, north africa, afghanistan & pakistan (excluding high income)",1995,
montenegro,1995,
mongolia,1995,448.6126333
northern mariana islands,1995,1.0
mozambique,1995,9.024333333
mauritania,1995,12.97683333
mauritius,1995,17.38631667
malawi,1995,15.28374167
malaysia,1995,2.504404167
north america,1995,
namibia,1995,3.627085
new caledonia,1995,90.75413652
niger,1995,499.1484259
nigeria,1995,21.89525833
nicaragua,1995,7.545591667
netherlands,1995,1.60567525
norway,1995,6.335156667
nepal,1995,51.89033333
nauru,1995,1.3490325
new zealand,1995,1.523876667
oecd members,1995,
oman,1995,0.3845
other small states,1995,
pakistan,1995,31.64268333
panama,1995,1.0
peru,1995,2.253333333
philippines,1995,25.71446667
palau,1995,
papua new guinea,1995,1.279841667
poland,1995,2.424983333
pre-demographic dividend,1995,
puerto rico (us),1995,1.0
"korea, dem. people's rep.",1995,
portugal,1995,151.1055283
paraguay,1995,1963.019167
west bank and gaza,1995,
pacific island small states,1995,
post-demographic dividend,1995,
french polynesia,1995,90.75413652
qatar,1995,3.64
romania,1995,0.203327583
russian federation,1995,
rwanda,1995,262.1822633
south asia,1995,
saudi arabia,1995,3.75
sudan,1995,0.58087375
senegal,1995,499.1484259
singapore,1995,1.417375
solomon islands,1995,3.4059
sierra leone,1995,0.755215833
el salvador,1995,8.754583333
san marino,1995,1628.933158
"somalia, fed. rep.",1995,
serbia,1995,
sub-saharan africa (excluding high income),1995,
south sudan,1995,
sub-saharan africa,1995,
small states,1995,
sao tome and principe,1995,1.420341833
suriname,1995,0.442771989
slovak republic,1995,29.71341667
slovenia,1995,118.5184667
sweden,1995,7.133268333
eswatini,1995,3.627085
sint maarten (dutch part),1995,
seychelles,1995,4.761975
syrian arab republic,1995,11.225
turks and caicos islands,1995,1.0
chad,1995,499.1484259
east asia & pacific (ida & ibrd countries),1995,
europe & central asia (ida & ibrd countries),1995,
togo,1995,499.1484259
thailand,1995,24.9151757
tajikistan,1995,0.122858703
turkmenistan,1995,110.9166667
latin america & the caribbean (ida & ibrd countries),1995,
timor-leste,1995,1.0
"middle east, north africa, afghanistan & pakistan (ida & ibrd)",1995,
tonga,1995,1.270942628
south asia (ida & ibrd),1995,
sub-saharan africa (ida & ibrd countries),1995,
trinidad and tobago,1995,5.947795833
tunisia,1995,0.94575
turkiye,1995,0.045845061
tuvalu,1995,
tanzania,1995,574.7617417
uganda,1995,968.9166667
ukraine,1995,1.473075
upper middle income,1995,
uruguay,1995,6.349
united states,1995,1.0
uzbekistan,1995,29.775
st. vincent and the grenadines,1995,2.7
"venezuela, rb",1995,0.176841667
british virgin islands,1995,
virgin islands (u.s.),1995,1.0
viet nam,1995,11038.25
vanuatu,1995,112.1116667
world,1995,
samoa,1995,2.473404167
kosovo,1995,
"yemen, rep.",1995,40.83916676
south africa,1995,3.627085
zambia,1995,0.864119167
zimbabwe,1995,0.008675219
aruba,1996,1.79
africa eastern and southern,1996,
afghanistan,1996,47.5
africa western and central,1996,
angola,1996,0.128029167
albania,1996,104.4989167
andorra,1996,
arab world,1996,
united arab emirates,1996,3.671
argentina,1996,0.9996625
armenia,1996,414.0415
american samoa,1996,1.0
antigua and barbuda,1996,2.7
australia,1996,1.277863333
austria,1996,10.5865575
azerbaijan,1996,0.860252833
burundi,1996,302.7466667
belgium,1996,30.96151333
benin,1996,511.5524303
burkina faso,1996,511.5524303
bangladesh,1996,41.79416833
bulgaria,1996,0.177888667
bahrain,1996,0.375999968
"bahamas, the",1996,1.0
bosnia and herzegovina,1996,
belarus,1996,0.001322988
belize,1996,2.0
bermuda,1996,1.0
bolivia,1996,5.0746125
brazil,1996,1.0051
barbados,1996,2.0
brunei darussalam,1996,1.410040833
bhutan,1996,35.43317333
botswana,1996,3.324196667
central african republic,1996,511.5524303
canada,1996,1.363521636
central europe and the baltics,1996,
switzerland,1996,1.23601
channel islands,1996,0.640958255
chile,1996,412.2666667
china,1996,8.314175
cote d'ivoire,1996,511.5524303
cameroon,1996,511.5524303
"congo, dem. rep.",1996,0.501849175
"congo, rep.",1996,511.5524303
colombia,1996,1036.6225
comoros,1996,383.6599915
cabo verde,1996,82.59146667
costa rica,1996,207.6891667
caribbean small states,1996,
cuba,1996,
curacao,1996,
cayman islands,1996,0.83333
cyprus,1996,0.46631125
czechia,1996,27.14491667
germany,1996,1.504774167
djibouti,1996,177.721
dominica,1996,2.7
denmark,1996,5.798671667
dominican republic,1996,12.89634921
algeria,1996,54.74893333
east asia & pacific (excluding high income),1996,
early-demographic dividend,1996,
east asia & pacific,1996,
europe & central asia (excluding high income),1996,
europe & central asia,1996,
ecuador,1996,3189.474167
"egypt, arab rep.",1996,3.391483333
euro area,1996,
eritrea,1996,6.357275114
spain,1996,126.6615833
estonia,1996,12.038
ethiopia,1996,6.351675
european union,1996,
fragile and conflict affected situations,1996,
finland,1996,4.59355
fiji,1996,1.4033
france,1996,5.1155225
faroe islands,1996,5.798671667
"micronesia, fed. sts.",1996,1.0
gabon,1996,511.5524303
united kingdom,1996,0.640958255
georgia,1996,1.2628
ghana,1996,0.163547168
gibraltar,1996,0.640958255
guinea,1996,1004.016583
"gambia, the",1996,9.79717347
guinea-bissau,1996,511.5524303
equatorial guinea,1996,511.5524303
greece,1996,240.7115425
grenada,1996,2.7
greenland,1996,5.798671667
guatemala,1996,6.0495125
guam,1996,1.0
guyana,1996,140.375
high income,1996,
"hong kong sar, china",1996,7.734254167
honduras,1996,
heavily indebted poor countries (hipc),1996,
croatia,1996,5.434161167
haiti,1996,15.70115
hungary,1996,152.6466667
ibrd only,1996,
ida & ibrd total,1996,
ida total,1996,
ida blend,1996,
indonesia,1996,2342.296292
ida only,1996,
isle of man,1996,0.640958255
india,1996,35.43317333
not classified,1996,
ireland,1996,0.625028368
"iran, islamic rep.",1996,1751.186356
iraq,1996,2002.387212
iceland,1996,66.5
israel,1996,3.19165
italy,1996,1542.946967
jamaica,1996,37.11955833
jordan,1996,0.709
japan,1996,108.7790567
kazakhstan,1996,67.30333333
kenya,1996,57.11486667
kyrgyz republic,1996,12.80955833
cambodia,1996,2624.083333
kiribati,1996,1.277863333
st. kitts and nevis,1996,2.7
"korea, rep.",1996,804.4575
kuwait,1996,0.299408563
latin america & caribbean (excluding high income),1996,
lao pdr,1996,921.0216667
lebanon,1996,1571.444167
liberia,1996,46.8375
libya,1996,0.436799769
st. lucia,1996,2.7
latin america & caribbean,1996,
least developed countries: un classification,1996,
low income,1996,
liechtenstein,1996,
sri lanka,1996,55.27144417
lower middle income,1996,
low & middle income,1996,
lesotho,1996,4.299349167
late-demographic dividend,1996,
lithuania,1996,4.0
luxembourg,1996,30.96151333
latvia,1996,0.55075
"macao sar, china",1996,7.9664
st. martin (french part),1996,5.1155225
morocco,1996,8.715875833
monaco,1996,5.1155225
moldova,1996,4.604483333
madagascar,1996,812.2503333
maldives,1996,11.77
"middle east, north africa, afghanistan & pakistan",1996,
mexico,1996,7.599448417
marshall islands,1996,1.0
middle income,1996,
north macedonia,1996,39.981075
mali,1996,511.5524303
malta,1996,0.360455868
myanmar,1996,5.917566667
"middle east, north africa, afghanistan & pakistan (excluding high income)",1996,
montenegro,1996,
mongolia,1996,548.4033333
northern mariana islands,1996,1.0
mozambique,1996,11.29375
mauritania,1996,13.72216667
mauritius,1996,17.94806667
malawi,1996,15.30846667
malaysia,1996,2.5159425
north america,1996,
namibia,1996,4.299349167
new caledonia,1996,93.00940699
niger,1996,511.5524303
nigeria,1996,21.884425
nicaragua,1996,8.4355
netherlands,1996,1.68589675
norway,1996,6.449808333
nepal,1996,56.6919525
nauru,1996,1.277863333
new zealand,1996,1.4548475
oecd members,1996,
oman,1996,0.3845
other small states,1996,
pakistan,1996,36.07868333
panama,1996,1.0
peru,1996,2.453333333
philippines,1996,26.2161
palau,1996,
papua new guinea,1996,1.319075
poland,1996,2.6961
pre-demographic dividend,1996,
puerto rico (us),1996,1.0
"korea, dem. people's rep.",1996,
portugal,1996,154.2436617
paraguay,1996,2056.811667
west bank and gaza,1996,
pacific island small states,1996,
post-demographic dividend,1996,
french polynesia,1996,93.00940699
qatar,1996,3.64
romania,1996,0.30842175
russian federation,1996,5.120833333
rwanda,1996,306.82
south asia,1996,
saudi arabia,1996,3.75
sudan,1996,1.250791667
senegal,1996,511.5524303
singapore,1996,1.410040833
solomon islands,1996,3.566358333
sierra leone,1996,0.9207325
el salvador,1996,8.755
san marino,1996,1542.946967
"somalia, fed. rep.",1996,
serbia,1996,
sub-saharan africa (excluding high income),1996,
south sudan,1996,
sub-saharan africa,1996,
small states,1996,
sao tome and principe,1996,2.203163583
suriname,1996,0.401018354
slovak republic,1996,30.65375
slovenia,1996,135.3643083
sweden,1996,6.705955833
eswatini,1996,4.299349167
sint maarten (dutch part),1996,
seychelles,1996,4.969983333
syrian arab republic,1996,11.225
turks and caicos islands,1996,1.0
chad,1996,511.5524303
east asia & pacific (ida & ibrd countries),1996,
europe & central asia (ida & ibrd countries),1996,
togo,1996,511.5524303
thailand,1996,25.34268286
tajikistan,1996,0.2955
turkmenistan,1996,3257.666667
latin america & the caribbean (ida & ibrd countries),1996,
timor-leste,1996,1.0
"middle east, north africa, afghanistan & pakistan (ida & ibrd)",1996,
tonga,1996,1.231974399
south asia (ida & ibrd),1996,
sub-saharan africa (ida & ibrd countries),1996,
trinidad and tobago,1996,6.005065833
tunisia,1996,0.973408333
turkiye,1996,0.081404892
tuvalu,1996,
tanzania,1996,579.9766667
uganda,1996,1046.08475
ukraine,1996,1.829468558
upper middle income,1996,
uruguay,1996,7.971833333
united states,1996,1.0
uzbekistan,1996,40.06666667
st. vincent and the grenadines,1996,2.7
"venezuela, rb",1996,0.41735
british virgin islands,1996,
virgin islands (u.s.),1996,1.0
viet nam,1996,11032.58333
vanuatu,1996,111.7191667
world,1996,
samoa,1996,2.462172917
kosovo,1996,
"yemen, rep.",1996,94.15666672
south africa,1996,4.299349167
zambia,1996,1.2079
zimbabwe,1996,0.010013713
aruba,1997,1.79
africa eastern and southern,1997,
afghanistan,1997,47.5
africa western and central,1997,
angola,1997,0.229040083
albania,1997,148.9329167
andorra,1997,
arab world,1997,
united arab emirates,1997,3.671125
argentina,1997,0.9995
armenia,1997,490.8467858
american samoa,1997,1.0
antigua and barbuda,1997,2.7
australia,1997,1.34738
austria,1997,12.20424417
azerbaijan,1997,0.797075
burundi,1997,352.3508333
belgium,1997,35.77389083
benin,1997,583.6693724
burkina faso,1997,583.6693724
bangladesh,1997,43.89211583
bulgaria,1997,1.681879167
bahrain,1997,0.375999965
"bahamas, the",1997,1.0
bosnia and herzegovina,1997,1.734055833
belarus,1997,0.002602055
belize,1997,2.0
bermuda,1997,1.0
bolivia,1997,5.254258333
brazil,1997,1.077991667
barbados,1997,2.0
brunei darussalam,1997,1.484805833
bhutan,1997,36.31328583
botswana,1997,3.650763333
central african republic,1997,583.6693724
canada,1997,1.384598028
central europe and the baltics,1997,
switzerland,1997,1.4513125
channel islands,1997,0.610836114
chile,1997,419.295
china,1997,8.289816667
cote d'ivoire,1997,583.6693724
cameroon,1997,583.6693724
"congo, dem. rep.",1997,1.3134476
"congo, rep.",1997,583.6693724
colombia,1997,1141.116667
comoros,1997,437.7470875
cabo verde,1997,93.17666667
costa rica,1997,232.5975
caribbean small states,1997,
cuba,1997,
curacao,1997,
cayman islands,1997,0.83333
cyprus,1997,0.513897333
czechia,1997,31.69841667
germany,1997,1.734055833
djibouti,1997,177.721
dominica,1997,2.7
denmark,1997,6.604459167
dominican republic,1997,14.00592105
algeria,1997,57.70735
east asia & pacific (excluding high income),1997,
early-demographic dividend,1997,
east asia & pacific,1997,
europe & central asia (excluding high income),1997,
europe & central asia,1997,
ecuador,1997,3998.266667
"egypt, arab rep.",1997,3.38875
euro area,1997,
eritrea,1997,6.758821784
spain,1997,146.4136283
estonia,1997,13.88175
ethiopia,1997,6.709341667
european union,1997,
fragile and conflict affected situations,1997,
finland,1997,5.191435
fiji,1997,1.443675
france,1997,5.836691667
faroe islands,1997,6.604459167
"micronesia, fed. sts.",1997,1.0
gabon,1997,583.6693724
united kingdom,1997,0.610836114
georgia,1997,1.2975
ghana,1997,0.204796278
gibraltar,1997,0.610836114
guinea,1997,1095.3255
"gambia, the",1997,10.20016667
guinea-bissau,1997,583.6693724
equatorial guinea,1997,583.6693724
greece,1997,273.0578533
grenada,1997,2.7
greenland,1997,6.604459167
guatemala,1997,6.065269167
guam,1997,1.0
guyana,1997,142.4008333
high income,1997,
"hong kong sar, china",1997,7.742083333
honduras,1997,
heavily indebted poor countries (hipc),1997,
croatia,1997,6.160582583
haiti,1997,16.6545
hungary,1997,186.7891667
ibrd only,1997,
ida & ibrd total,1997,
ida total,1997,
ida blend,1997,
indonesia,1997,2909.38
ida only,1997,
isle of man,1997,0.610836114
india,1997,36.31328583
not classified,1997,
ireland,1997,0.659643127
"iran, islamic rep.",1997,1753.345477
iraq,1997,2002.387212
iceland,1997,70.90429083
israel,1997,3.44935
italy,1997,1703.096908
jamaica,1997,35.40446667
jordan,1997,0.709
japan,1997,120.9908625
kazakhstan,1997,75.4375
kenya,1997,58.73184167
kyrgyz republic,1997,17.36249167
cambodia,1997,2946.25
kiribati,1997,1.34738
st. kitts and nevis,1997,2.7
"korea, rep.",1997,949.89
kuwait,1997,0.303348835
latin america & caribbean (excluding high income),1997,
lao pdr,1997,1259.979167
lebanon,1997,1539.45
liberia,1997,50.57
libya,1997,0.460866115
st. lucia,1997,2.7
latin america & caribbean,1997,
least developed countries: un classification,1997,
low income,1997,
liechtenstein,1997,
sri lanka,1997,58.994605
lower middle income,1997,
low & middle income,1997,
lesotho,1997,4.607961667
late-demographic dividend,1997,
lithuania,1997,4.0
luxembourg,1997,35.77389083
latvia,1997,0.580916667
"macao sar, china",1997,7.975291667
st. martin (french part),1997,5.836691667
morocco,1997,9.527106667
monaco,1997,5.836691667
moldova,1997,4.623583333
madagascar,1997,1018.177167
maldives,1997,11.77
"middle east, north africa, afghanistan & pakistan",1997,
mexico,1997,7.91846
marshall islands,1997,1.0
middle income,1997,
north macedonia,1997,50.00355
mali,1997,583.6693724
malta,1997,0.385966125
myanmar,1997,6.241833333
"middle east, north africa, afghanistan & pakistan (excluding high income)",1997,
montenegro,1997,
mongolia,1997,789.9925
northern mariana islands,1997,1.0
mozambique,1997,11.54358333
mauritania,1997,15.18533333
mauritius,1997,21.05725833
malawi,1997,16.444175
malaysia,1997,2.813191667
north america,1997,
namibia,1997,4.607961667
new caledonia,1997,106.1215605
niger,1997,583.6693724
nigeria,1997,21.88605
nicaragua,1997,9.448083333
netherlands,1997,1.951269917
norway,1997,7.073400833
nepal,1997,58.00954917
nauru,1997,1.34738
new zealand,1997,1.512420833
oecd members,1997,
oman,1997,0.3845
other small states,1997,
pakistan,1997,41.111525
panama,1997,1.0
peru,1997,2.664166667
philippines,1997,29.47065833
palau,1997,
papua new guinea,1997,1.437971667
poland,1997,3.279291667
pre-demographic dividend,1997,
puerto rico (us),1997,1.0
"korea, dem. people's rep.",1997,
portugal,1997,175.312445
paraguay,1997,2177.8625
west bank and gaza,1997,
pacific island small states,1997,
post-demographic dividend,1997,
french polynesia,1997,106.1215605
qatar,1997,3.64
romania,1997,0.716794333
russian federation,1997,5.784833333
rwanda,1997,301.5298167
south asia,1997,
saudi arabia,1997,3.75
sudan,1997,1.5757425
senegal,1997,583.6693724
singapore,1997,1.484805833
solomon islands,1997,3.716941667
sierra leone,1997,0.9814825
el salvador,1997,8.75625
san marino,1997,1703.096908
"somalia, fed. rep.",1997,
serbia,1997,5.9123
sub-saharan africa (excluding high income),1997,
south sudan,1997,
sub-saharan africa,1997,
small states,1997,
sao tome and principe,1997,4.552505917
suriname,1997,0.401566152
slovak republic,1997,33.61616667
slovenia,1997,159.6883333
sweden,1997,7.634894167
eswatini,1997,4.607961667
sint maarten (dutch part),1997,
seychelles,1997,5.026341667
syrian arab republic,1997,11.225
turks and caicos islands,1997,1.0
chad,1997,583.6693724
east asia & pacific (ida & ibrd countries),1997,
europe & central asia (ida & ibrd countries),1997,
togo,1997,583.6693724
thailand,1997,31.36433445
tajikistan,1997,0.562333333
turkmenistan,1997,4143.416667
latin america & the caribbean (ida & ibrd countries),1997,
timor-leste,1997,1.0
"middle east, north africa, afghanistan & pakistan (ida & ibrd)",1997,
tonga,1997,1.263518428
south asia (ida & ibrd),1997,
sub-saharan africa (ida & ibrd countries),1997,
trinidad and tobago,1997,6.251678333
tunisia,1997,1.105908333
turkiye,1997,0.151865
tuvalu,1997,
tanzania,1997,612.1225
uganda,1997,1083.008667
ukraine,1997,1.861658333
upper middle income,1997,
uruguay,1997,9.441833333
united states,1997,1.0
uzbekistan,1997,62.91666667
st. vincent and the grenadines,1997,2.7
"venezuela, rb",1997,0.488633333
british virgin islands,1997,
virgin islands (u.s.),1997,1.0
viet nam,1997,11683.33333
vanuatu,1997,115.8733333
world,1997,
samoa,1997,2.559371667
kosovo,1997,
"yemen, rep.",1997,129.2808333
south africa,1997,4.607961667
zambia,1997,1.3144975
zimbabwe,1997,0.012125047
aruba,1998,1.79
africa eastern and southern,1998,
afghanistan,1998,47.5
africa western and central,1998,
angola,1998,0.392823518
albania,1998,150.6333333
andorra,1998,
arab world,1998,
united arab emirates,1998,3.6725
argentina,1998,0.9995
armenia,1998,504.915
american samoa,1998,1.0
antigua and barbuda,1998,2.7
australia,1998,1.591828333
austria,1998,12.379065
azerbaijan,1998,0.773799687
burundi,1998,447.7658333
belgium,1998,36.29864083
benin,1998,589.9517746
burkina faso,1998,589.9517746
bangladesh,1998,46.90565167
bulgaria,1998,1.760358333
bahrain,1998,0.375999963
"bahamas, the",1998,1.0
bosnia and herzegovina,1998,1.759667583
belarus,1998,0.004612762
belize,1998,2.0
bermuda,1998,1.0
bolivia,1998,5.510133333
brazil,1998,1.160516667
barbados,1998,2.0
brunei darussalam,1998,1.673601667
bhutan,1998,41.259365
botswana,1998,4.22588
central african republic,1998,589.9517746
canada,1998,1.483505302
central europe and the baltics,1998,
switzerland,1998,1.449813308
channel islands,1998,0.603823594
chile,1998,460.2875
china,1998,8.278958333
cote d'ivoire,1998,589.9517746
cameroon,1998,589.9517746
"congo, dem. rep.",1998,1.606659883
"congo, rep.",1998,589.9517746
colombia,1998,1426.424167
comoros,1998,442.4588359
cabo verde,1998,98.1575
costa rica,1998,257.2291667
caribbean small states,1998,
cuba,1998,
curacao,1998,
cayman islands,1998,0.83333
cyprus,1998,0.517825583
czechia,1998,32.28116667
germany,1998,1.7596676
djibouti,1998,177.721
dominica,1998,2.7
denmark,1998,6.700826667
dominican republic,1998,14.70311084
algeria,1998,58.73895833
east asia & pacific (excluding high income),1998,
early-demographic dividend,1998,
east asia & pacific,1998,
europe & central asia (excluding high income),1998,
europe & central asia,1998,
ecuador,1998,5446.5729
"egypt, arab rep.",1998,3.388
euro area,1998,
eritrea,1998,7.361930417
spain,1998,149.3953317
estonia,1998,14.07466667
ethiopia,1998,7.115908333
european union,1998,
fragile and conflict affected situations,1998,
finland,1998,5.344065833
fiji,1998,1.986816667
france,1998,5.899515667
faroe islands,1998,6.700826667
"micronesia, fed. sts.",1998,1.0
gabon,1998,589.9517746
united kingdom,1998,0.603823594
georgia,1998,1.389816667
ghana,1998,0.231165901
gibraltar,1998,0.603823594
guinea,1998,1236.83175
"gambia, the",1998,10.6431
guinea-bissau,1998,589.9517746
equatorial guinea,1998,589.9517746
greece,1998,295.529105
grenada,1998,2.7
greenland,1998,6.700826667
guatemala,1998,6.394653333
guam,1998,1.0
guyana,1998,150.5191667
high income,1998,
"hong kong sar, china",1998,7.745333333
honduras,1998,
heavily indebted poor countries (hipc),1998,
croatia,1998,6.363285667
haiti,1998,16.76566667
hungary,1998,214.4016667
ibrd only,1998,
ida & ibrd total,1998,
ida total,1998,
ida blend,1998,
indonesia,1998,10013.6225
ida only,1998,
isle of man,1998,0.603823594
india,1998,41.259365
not classified,1998,
ireland,1998,0.702270998
"iran, islamic rep.",1998,1752.285995
iraq,1998,2002.387245
iceland,1998,70.95833333
israel,1998,3.800075
italy,1998,1736.207383
jamaica,1998,36.55
jordan,1998,0.709
japan,1998,130.9053007
kazakhstan,1998,78.30333333
kenya,1998,60.3667
kyrgyz republic,1998,20.83756667
cambodia,1998,3744.416667
kiribati,1998,1.591828333
st. kitts and nevis,1998,2.7
"korea, rep.",1998,1403.183333
kuwait,1998,0.30475564
latin america & caribbean (excluding high income),1998,
lao pdr,1998,3298.333333
lebanon,1998,1516.131667
liberia,1998,41.5075
libya,1998,0.467574437
st. lucia,1998,2.7
latin america & caribbean,1998,
least developed countries: un classification,1998,
low income,1998,
liechtenstein,1998,
sri lanka,1998,64.45011833
lower middle income,1998,
low & middle income,1998,
lesotho,1998,5.528284167
late-demographic dividend,1998,
lithuania,1998,4.0
luxembourg,1998,36.29864083
latvia,1998,0.589833333
"macao sar, china",1998,7.978766667
st. martin (french part),1998,5.899515667
morocco,1998,9.604415833
monaco,1998,5.899515667
moldova,1998,5.3707
madagascar,1998,1088.279667
maldives,1998,11.77
"middle east, north africa, afghanistan & pakistan",1998,
mexico,1998,9.13604175
marshall islands,1998,1.0
middle income,1998,
north macedonia,1998,54.46173333
mali,1998,589.9517746
malta,1998,0.388459511
myanmar,1998,6.343158333
"middle east, north africa, afghanistan & pakistan (excluding high income)",1998,
montenegro,1998,
mongolia,1998,840.8283333
northern mariana islands,1998,1.0
mozambique,1998,11.87458333
mauritania,1998,18.84758333
mauritius,1998,23.99265
malawi,1998,31.07268333
malaysia,1998,3.924375
north america,1998,
namibia,1998,5.528284167
new caledonia,1998,107.2638139
niger,1998,589.9517746
nigeria,1998,21.886
nicaragua,1998,10.58191667
netherlands,1998,1.983733
norway,1998,7.5450975
nepal,1998,65.9757875
nauru,1998,1.591828333
new zealand,1998,1.868249167
oecd members,1998,
oman,1998,0.3845
other small states,1998,
pakistan,1998,45.04666667
panama,1998,1.0
peru,1998,2.93
philippines,1998,40.89305
palau,1998,
papua new guinea,1998,2.073591667
poland,1998,3.4754
pre-demographic dividend,1998,
puerto rico (us),1998,1.0
"korea, dem. people's rep.",1998,
portugal,1998,180.10448
paraguay,1998,2726.49
west bank and gaza,1998,
pacific island small states,1998,
post-demographic dividend,1998,
french polynesia,1998,107.2638139
qatar,1998,3.64
romania,1998,0.887557583
russian federation,1998,9.705083333
rwanda,1998,312.3140917
south asia,1998,
saudi arabia,1998,3.75
sudan,1998,2.008019167
senegal,1998,589.9517746
singapore,1998,1.673601667
solomon islands,1998,4.815649167
sierra leone,1998,1.563618
el salvador,1998,8.755
san marino,1998,1736.207383
"somalia, fed. rep.",1998,
serbia,1998,10.0308
sub-saharan africa (excluding high income),1998,
south sudan,1998,
sub-saharan africa,1998,
small states,1998,
sao tome and principe,1998,6.883242833
suriname,1998,0.401606426
slovak republic,1998,35.23341667
slovenia,1998,166.1341667
sweden,1998,7.949868167
eswatini,1998,5.528284167
sint maarten (dutch part),1998,
seychelles,1998,5.262191667
syrian arab republic,1998,11.225
turks and caicos islands,1998,1.0
chad,1998,589.9517746
east asia & pacific (ida & ibrd countries),1998,
europe & central asia (ida & ibrd countries),1998,
togo,1998,589.9517746
thailand,1998,41.3593875
tajikistan,1998,0.776625
turkmenistan,1998,4890.166667
latin america & the caribbean (ida & ibrd countries),1998,
timor-leste,1998,1.0
"middle east, north africa, afghanistan & pakistan (ida & ibrd)",1998,
tonga,1998,1.49205537
south asia (ida & ibrd),1998,
sub-saharan africa (ida & ibrd countries),1998,
trinidad and tobago,1998,6.2983075
tunisia,1998,1.138725
turkiye,1998,0.26072425
tuvalu,1998,
tanzania,1998,664.6712083
uganda,1998,1240.305833
ukraine,1998,2.449541667
upper middle income,1998,
uruguay,1998,10.47191667
united states,1998,1.0
uzbekistan,1998,94.49166667
st. vincent and the grenadines,1998,2.7
"venezuela, rb",1998,0.547566667
british virgin islands,1998,
virgin islands (u.s.),1998,1.0
viet nam,1998,13268.0
vanuatu,1998,127.5175
world,1998,
samoa,1998,2.947686833
kosovo,1998,
"yemen, rep.",1998,135.8816667
south africa,1998,5.528284167
zambia,1998,1.862069167
zimbabwe,1998,0.023706013
aruba,1999,1.79
africa eastern and southern,1999,
afghanistan,1999,46.61953108
africa western and central,1999,
angola,1999,2.790706167
albania,1999,137.6905833
andorra,1999,
arab world,1999,
united arab emirates,1999,3.6725
argentina,1999,0.9995
armenia,1999,535.0618333
american samoa,1999,1.0
antigua and barbuda,1999,2.7
australia,1999,1.54995
austria,1999,0.938283072
azerbaijan,1999,0.824033333
burundi,1999,563.5625
belgium,1999,0.938283072
benin,1999,615.4733493
burkina faso,1999,615.4733493
bangladesh,1999,49.0854
bulgaria,1999,1.836383333
bahrain,1999,0.375999979
"bahamas, the",1999,1.0
bosnia and herzegovina,1999,1.835795385
belarus,1999,0.024929533
belize,1999,2.0
bermuda,1999,1.0
bolivia,1999,5.812408333
brazil,1999,1.813932847
barbados,1999,2.0
brunei darussalam,1999,1.694956667
bhutan,1999,43.05542833
botswana,1999,4.62439525
central african republic,1999,615.4733493
canada,1999,1.485704819
central europe and the baltics,1999,
switzerland,1999,1.502155
channel islands,1999,0.618056845
chile,1999,508.7766667
china,1999,8.27825
cote d'ivoire,1999,615.4733493
cameroon,1999,615.4733493
"congo, dem. rep.",1999,4.018333332
"congo, rep.",1999,615.4733493
colombia,1999,1756.685833
comoros,1999,461.7929985
cabo verde,1999,102.7
costa rica,1999,285.6846948
caribbean small states,1999,
cuba,1999,
curacao,1999,
cayman islands,1999,0.83333
cyprus,1999,0.54294775
czechia,1999,34.56925
germany,1999,0.938283072
djibouti,1999,177.721
dominica,1999,2.7
denmark,1999,6.97624
dominican republic,1999,15.83442991
algeria,1999,66.573875
east asia & pacific (excluding high income),1999,
early-demographic dividend,1999,
east asia & pacific,1999,
europe & central asia (excluding high income),1999,
europe & central asia,1999,
ecuador,1999,11786.80167
"egypt, arab rep.",1999,3.39525
euro area,1999,0.938283072
eritrea,1999,8.152633333
spain,1999,0.938283072
estonia,1999,14.67758333
ethiopia,1999,7.94225
european union,1999,
fragile and conflict affected situations,1999,
finland,1999,0.938283072
fiji,1999,1.969625
france,1999,0.938283072
faroe islands,1999,6.97624
"micronesia, fed. sts.",1999,1.0
gabon,1999,615.4733493
united kingdom,1999,0.618056845
georgia,1999,2.024516667
ghana,1999,0.266642972
gibraltar,1999,0.618056845
guinea,1999,1387.401333
"gambia, the",1999,11.39509167
guinea-bissau,1999,615.4733493
equatorial guinea,1999,615.4733493
greece,1999,305.6466042
grenada,1999,2.7
greenland,1999,6.97624
guatemala,1999,7.38561
guam,1999,1.0
guyana,1999,177.995
high income,1999,
"hong kong sar, china",1999,7.7575
honduras,1999,
heavily indebted poor countries (hipc),1999,
croatia,1999,7.111742833
haiti,1999,16.93789167
hungary,1999,237.1458333
ibrd only,1999,
ida & ibrd total,1999,
ida total,1999,
ida blend,1999,
indonesia,1999,7855.15
ida only,1999,
isle of man,1999,0.618056845
india,1999,43.05542833
not classified,1999,
ireland,1999,0.938283072
"iran, islamic rep.",1999,1753.35495
iraq,1999,2002.389773
iceland,1999,72.33529333
israel,1999,4.139716667
italy,1999,0.938283072
jamaica,1999,39.04351667
jordan,1999,0.709
japan,1999,113.906805
kazakhstan,1999,119.5233333
kenya,1999,70.32621667
kyrgyz republic,1999,39.00773333
cambodia,1999,3807.833333
kiribati,1999,1.54995
st. kitts and nevis,1999,2.7
"korea, rep.",1999,1189.439167
kuwait,1999,0.304414667
latin america & caribbean (excluding high income),1999,
lao pdr,1999,7102.025
lebanon,1999,1507.5
liberia,1999,41.9025
libya,1999,0.463810769
st. lucia,1999,2.7
latin america & caribbean,1999,
least developed countries: un classification,1999,
low income,1999,
liechtenstein,1999,
sri lanka,1999,70.63545
lower middle income,1999,
low & middle income,1999,
lesotho,1999,6.109484167
late-demographic dividend,1999,
lithuania,1999,4.0
luxembourg,1999,0.938283072
latvia,1999,0.585166667
"macao sar, china",1999,7.99185
st. martin (french part),1999,0.938283072
morocco,1999,9.804419167
monaco,1999,0.938283072
moldova,1999,10.51580833
madagascar,1999,1256.755
maldives,1999,11.77
"middle east, north africa, afghanistan & pakistan",1999,
mexico,1999,9.5603975
marshall islands,1999,1.0
middle income,1999,
north macedonia,1999,56.90182833
mali,1999,615.4733493
malta,1999,0.398898395
myanmar,1999,6.285791667
"middle east, north africa, afghanistan & pakistan (excluding high income)",1999,
montenegro,1999,0.938283072
mongolia,1999,1021.8675
northern mariana islands,1999,1.0
mozambique,1999,12.77511167
mauritania,1999,20.95141667
mauritius,1999,25.18580833
malawi,1999,44.08814167
malaysia,1999,3.8
north america,1999,
namibia,1999,6.109484167
new caledonia,1999,111.9669141
niger,1999,615.4733493
nigeria,1999,92.3381
nicaragua,1999,11.80925
netherlands,1999,0.938283072
norway,1999,7.799171667
nepal,1999,68.23937083
nauru,1999,1.54995
new zealand,1999,1.889613899
oecd members,1999,
oman,1999,0.3845
other small states,1999,
pakistan,1999,49.50069158
panama,1999,1.0
peru,1999,3.383333333
philippines,1999,39.08898333
palau,1999,
papua new guinea,1999,2.5707725
poland,1999,3.967108333
pre-demographic dividend,1999,
puerto rico (us),1999,1.0
"korea, dem. people's rep.",1999,
portugal,1999,0.938283072
paraguay,1999,3119.073333
west bank and gaza,1999,
pacific island small states,1999,
post-demographic dividend,1999,
french polynesia,1999,111.9669141
qatar,1999,3.64
romania,1999,1.53328375
russian federation,1999,24.6199
rwanda,1999,333.941925
south asia,1999,
saudi arabia,1999,3.75
sudan,1999,2.525504167
senegal,1999,615.4733493
singapore,1999,1.694956667
solomon islands,1999,4.838141667
sierra leone,1999,1.804195
el salvador,1999,8.755
san marino,1999,0.938283072
"somalia, fed. rep.",1999,
serbia,1999,11.6615
sub-saharan africa (excluding high income),1999,
south sudan,1999,
sub-saharan africa,1999,
small states,1999,
sao tome and principe,1999,7.118958333
suriname,1999,0.834084264
slovak republic,1999,41.36283333
slovenia,1999,181.7691933
sweden,1999,8.262428333
eswatini,1999,6.109484167
sint maarten (dutch part),1999,
seychelles,1999,5.342583333
syrian arab republic,1999,11.225
turks and caicos islands,1999,1.0
chad,1999,615.4733493
east asia & pacific (ida & ibrd countries),1999,
europe & central asia (ida & ibrd countries),1999,
togo,1999,615.4733493
thailand,1999,37.81365583
tajikistan,1999,1.237791667
turkmenistan,1999,5200.0
latin america & the caribbean (ida & ibrd countries),1999,
timor-leste,1999,1.0
"middle east, north africa, afghanistan & pakistan (ida & ibrd)",1999,
tonga,1999,1.599132372
south asia (ida & ibrd),1999,
sub-saharan africa (ida & ibrd countries),1999,
trinidad and tobago,1999,6.2989
tunisia,1999,1.186225
turkiye,1999,0.418782917
tuvalu,1999,
tanzania,1999,744.759075
uganda,1999,1454.827167
ukraine,1999,4.130441667
upper middle income,1999,
uruguay,1999,11.3393
united states,1999,1.0
uzbekistan,1999,124.625
st. vincent and the grenadines,1999,2.7
"venezuela, rb",1999,0.605725
british virgin islands,1999,
virgin islands (u.s.),1999,1.0
viet nam,1999,13943.16667
vanuatu,1999,129.075
world,1999,
samoa,1999,3.013152
kosovo,1999,
"yemen, rep.",1999,155.7183333
south africa,1999,6.109484167
zambia,1999,2.388019167
zimbabwe,1999,0.03834471
aruba,2000,1.79
africa eastern and southern,2000,
afghanistan,2000,47.35757473
africa western and central,2000,
angola,2000,10.04054417
albania,2000,143.7094167
andorra,2000,
arab world,2000,
united arab emirates,2000,3.6725
argentina,2000,0.9995
armenia,2000,539.5258333
american samoa,2000,1.0
antigua and barbuda,2000,2.7
australia,2000,1.724826667
austria,2000,1.082705081
azerbaijan,2000,0.89483075
burundi,2000,720.6733333
belgium,2000,1.082705081
benin,2000,710.207977
burkina faso,2000,710.207977
bangladesh,2000,52.14166667
bulgaria,2000,2.123275
bahrain,2000,0.376
"bahamas, the",2000,1.0
bosnia and herzegovina,2000,2.122859512
belarus,2000,0.087675
belize,2000,2.0
bermuda,2000,1.0
bolivia,2000,6.183541667
brazil,2000,1.829423122
barbados,2000,2.0
brunei darussalam,2000,1.723963333
bhutan,2000,44.941605
botswana,2000,5.102241667
central african republic,2000,710.207977
canada,2000,1.485394095
central europe and the baltics,2000,
switzerland,2000,1.6888425
channel islands,2000,0.660930833
chile,2000,539.5875
china,2000,8.278504167
cote d'ivoire,2000,710.207977
cameroon,2000,710.207977
"congo, dem. rep.",2000,21.81833333
"congo, rep.",2000,710.207977
colombia,2000,2087.918333
comoros,2000,532.6559828
cabo verde,2000,115.8765516
costa rica,2000,308.1866667
caribbean small states,2000,
cuba,2000,
curacao,2000,
cayman islands,2000,0.83333
cyprus,2000,0.622409117
czechia,2000,38.59841667
germany,2000,1.082705081
djibouti,2000,177.721
dominica,2000,2.7
denmark,2000,8.083144167
dominican republic,2000,16.18145768
algeria,2000,75.25979167
east asia & pacific (excluding high income),2000,
early-demographic dividend,2000,
east asia & pacific,2000,
europe & central asia (excluding high income),2000,
europe & central asia,2000,
ecuador,2000,1.0
"egypt, arab rep.",2000,3.47205
euro area,2000,1.082705081
eritrea,2000,9.625
spain,2000,1.082705081
estonia,2000,16.96863667
ethiopia,2000,8.217258333
european union,2000,
fragile and conflict affected situations,2000,
finland,2000,1.082705081
fiji,2000,2.128625
france,2000,1.082705081
faroe islands,2000,8.083144167
"micronesia, fed. sts.",2000,1.0
gabon,2000,710.207977
united kingdom,2000,0.660930833
georgia,2000,1.976166667
ghana,2000,0.544919176
gibraltar,2000,0.660930833
guinea,2000,1746.869917
"gambia, the",2000,12.7876251
guinea-bissau,2000,710.207977
equatorial guinea,2000,710.207977
greece,2000,365.3985608
grenada,2000,2.7
greenland,2000,8.083144167
guatemala,2000,7.763159167
guam,2000,1.0
guyana,2000,182.43
high income,2000,
"hong kong sar, china",2000,7.791166667
honduras,2000,14.840625
heavily indebted poor countries (hipc),2000,
croatia,2000,8.277666417
haiti,2000,21.17066667
hungary,2000,282.1791667
ibrd only,2000,
ida & ibrd total,2000,
ida total,2000,
ida blend,2000,
indonesia,2000,8421.775
ida only,2000,
isle of man,2000,0.660930833
india,2000,44.941605
not classified,2000,
ireland,2000,1.082705081
"iran, islamic rep.",2000,1764.856069
iraq,2000,2002.403407
iceland,2000,78.61594667
israel,2000,4.077333333
italy,2000,1.082705081
jamaica,2000,42.9857
jordan,2000,0.709
japan,2000,107.7654983
kazakhstan,2000,142.1333333
kenya,2000,76.17554167
kyrgyz republic,2000,47.70383333
cambodia,2000,3840.75
kiribati,2000,1.724826667
st. kitts and nevis,2000,2.7
"korea, rep.",2000,1130.3625
kuwait,2000,0.306751583
latin america & caribbean (excluding high income),2000,
lao pdr,2000,7887.643333
lebanon,2000,1507.5
liberia,2000,40.9025
libya,2000,0.512189613
st. lucia,2000,2.7
latin america & caribbean,2000,
least developed countries: un classification,2000,
low income,2000,
liechtenstein,2000,
sri lanka,2000,77.00511667
lower middle income,2000,
low & middle income,2000,
lesotho,2000,6.939828333
late-demographic dividend,2000,
lithuania,2000,4.0
luxembourg,2000,1.082705081
latvia,2000,0.6065
"macao sar, china",2000,8.0259
st. martin (french part),2000,1.082705081
morocco,2000,10.62563617
monaco,2000,1.082705081
moldova,2000,12.43421667
madagascar,2000,1353.496167
maldives,2000,11.77
"middle east, north africa, afghanistan & pakistan",2000,
mexico,2000,9.455558333
marshall islands,2000,1.0
middle income,2000,
north macedonia,2000,65.90386667
mali,2000,710.207977
malta,2000,0.438149992
myanmar,2000,6.516725
"middle east, north africa, afghanistan & pakistan (excluding high income)",2000,
montenegro,2000,1.082705081
mongolia,2000,1076.666667
northern mariana islands,2000,1.0
mozambique,2000,15.22725
mauritania,2000,23.89233333
mauritius,2000,26.24955833
malawi,2000,59.54380833
malaysia,2000,3.8
north america,2000,
namibia,2000,6.939828333
new caledonia,2000,129.201038
niger,2000,710.207977
nigeria,2000,101.6973333
nicaragua,2000,12.68439167
netherlands,2000,1.082705081
norway,2000,8.801841667
nepal,2000,71.09379583
nauru,2000,1.724826667
new zealand,2000,2.201149167
oecd members,2000,
oman,2000,0.3845
other small states,2000,
pakistan,2000,53.6481865
panama,2000,1.0
peru,2000,3.49
philippines,2000,44.19225
palau,2000,
papua new guinea,2000,2.782156667
poland,2000,4.346075
pre-demographic dividend,2000,
puerto rico (us),2000,1.0
"korea, dem. people's rep.",2000,
portugal,2000,1.082705081
paraguay,2000,3486.353333
west bank and gaza,2000,
pacific island small states,2000,
post-demographic dividend,2000,
french polynesia,2000,129.201038
qatar,2000,3.64
romania,2000,2.170872083
russian federation,2000,28.12916667
rwanda,2000,389.6962167
south asia,2000,
saudi arabia,2000,3.75
sudan,2000,2.571225
senegal,2000,710.207977
singapore,2000,1.723963333
solomon islands,2000,5.088930833
sierra leone,2000,2.092125
el salvador,2000,8.755
san marino,2000,1.082705081
"somalia, fed. rep.",2000,
serbia,2000,63.1659
sub-saharan africa (excluding high income),2000,
south sudan,2000,
sub-saharan africa,2000,
small states,2000,
sao tome and principe,2000,7.978171667
suriname,2000,1.322490515
slovak republic,2000,46.03516667
slovenia,2000,222.6560858
sweden,2000,9.162244167
eswatini,2000,6.939828333
sint maarten (dutch part),2000,
seychelles,2000,5.713816667
syrian arab republic,2000,11.225
turks and caicos islands,2000,1.0
chad,2000,710.207977
east asia & pacific (ida & ibrd countries),2000,
europe & central asia (ida & ibrd countries),2000,
togo,2000,710.207977
thailand,2000,40.11180333
tajikistan,2000,2.07625
turkmenistan,2000,5200.0
latin america & the caribbean (ida & ibrd countries),2000,
timor-leste,2000,1.0
"middle east, north africa, afghanistan & pakistan (ida & ibrd)",2000,
tonga,2000,1.758502604
south asia (ida & ibrd),2000,
sub-saharan africa (ida & ibrd countries),2000,
trinidad and tobago,2000,6.299796667
tunisia,2000,1.370683333
turkiye,2000,0.6252185
tuvalu,2000,
tanzania,2000,800.4085167
uganda,2000,1644.475333
ukraine,2000,5.440233333
upper middle income,2000,
uruguay,2000,12.09959167
united states,2000,1.0
uzbekistan,2000,236.6083333
st. vincent and the grenadines,2000,2.7
"venezuela, rb",2000,0.679966667
british virgin islands,2000,
virgin islands (u.s.),2000,1.0
viet nam,2000,14167.75
vanuatu,2000,137.6433333
world,2000,
samoa,2000,3.286361525
kosovo,2000,
"yemen, rep.",2000,161.7183333
south africa,2000,6.939828333
zambia,2000,3.110844167
zimbabwe,2000,0.044468376
aruba,2001,1.79
africa eastern and southern,2001,
afghanistan,2001,47.50001452
africa western and central,2001,
angola,2001,22.05786167
albania,2001,143.4848333
andorra,2001,
arab world,2001,
united arab emirates,2001,3.6725
argentina,2001,0.9995
armenia,2001,555.0782583
american samoa,2001,1.0
antigua and barbuda,2001,2.7
australia,2001,1.9334425
austria,2001,1.116533086
azerbaijan,2001,0.931316667
burundi,2001,830.3533333
belgium,2001,1.116533086
benin,2001,732.3976933
burkina faso,2001,732.3976933
bangladesh,2001,55.80666667
bulgaria,2001,2.184708333
bahrain,2001,0.376
"bahamas, the",2001,1.0
bosnia and herzegovina,2001,2.185659583
belarus,2001,0.139
belize,2001,2.0
bermuda,2001,1.0
bolivia,2001,6.606916667
brazil,2001,2.349631709
barbados,2001,2.0
brunei darussalam,2001,1.7917225
bhutan,2001,47.18641417
botswana,2001,5.841416667
central african republic,2001,732.3976933
canada,2001,1.548839955
central europe and the baltics,2001,
switzerland,2001,1.687615
channel islands,2001,0.694655
chile,2001,634.9383333
china,2001,8.277068333
cote d'ivoire,2001,732.3976933
cameroon,2001,732.3976933
"congo, dem. rep.",2001,206.6174999
"congo, rep.",2001,732.3976933
colombia,2001,2299.893333
comoros,2001,549.2982699
cabo verde,2001,123.2133333
costa rica,2001,328.8708333
caribbean small states,2001,
cuba,2001,
curacao,2001,
cayman islands,2001,0.83333
cyprus,2001,0.643107026
czechia,2001,38.03532833
germany,2001,1.116533086
djibouti,2001,177.721
dominica,2001,2.7
denmark,2001,8.3228175
dominican republic,2001,16.69096152
algeria,2001,77.21502083
east asia & pacific (excluding high income),2001,
early-demographic dividend,2001,
east asia & pacific,2001,
europe & central asia (excluding high income),2001,
europe & central asia,2001,
ecuador,2001,1.0
"egypt, arab rep.",2001,3.973
euro area,2001,1.116533086
eritrea,2001,11.30945208
spain,2001,1.116533086
estonia,2001,17.47807153
ethiopia,2001,8.457491667
european union,2001,
fragile and conflict affected situations,2001,
finland,2001,1.116533086
fiji,2001,2.276602946
france,2001,1.116533086
faroe islands,2001,8.3228175
"micronesia, fed. sts.",2001,1.0
gabon,2001,732.3976933
united kingdom,2001,0.694655
georgia,2001,2.073016667
ghana,2001,0.716305158
gibraltar,2001,0.694655
guinea,2001,1950.558333
"gambia, the",2001,15.68715833
guinea-bissau,2001,732.3976933
equatorial guinea,2001,732.3976933
greece,2001,1.116533086
grenada,2001,2.7
greenland,2001,8.3228175
guatemala,2001,7.8585925
guam,2001,1.0
guyana,2001,187.3208333
high income,2001,
"hong kong sar, china",2001,7.79875
honduras,2001,15.476825
heavily indebted poor countries (hipc),2001,
croatia,2001,8.341541
haiti,2001,24.42908333
hungary,2001,286.49
ibrd only,2001,
ida & ibrd total,2001,
ida total,2001,
ida blend,2001,
indonesia,2001,10260.85
ida only,2001,
isle of man,2001,0.694655
india,2001,47.18641417
not classified,2001,
ireland,2001,1.116533086
"iran, islamic rep.",2001,1753.985685
iraq,2001,2002.40491
iceland,2001,97.42460333
israel,2001,4.20565
italy,2001,1.116533086
jamaica,2001,45.99625
jordan,2001,0.708983174
japan,2001,121.5289475
kazakhstan,2001,146.7358333
kenya,2001,78.563195
kyrgyz republic,2001,48.37795833
cambodia,2001,3916.333333
kiribati,2001,1.9334425
st. kitts and nevis,2001,2.7
"korea, rep.",2001,1290.79
kuwait,2001,0.306681667
latin america & caribbean (excluding high income),2001,
lao pdr,2001,8954.583333
lebanon,2001,1507.5
liberia,2001,48.59190899
libya,2001,0.605064254
st. lucia,2001,2.7
latin america & caribbean,2001,
least developed countries: un classification,2001,
low income,2001,
liechtenstein,2001,
sri lanka,2001,89.38301333
lower middle income,2001,
low & middle income,2001,
lesotho,2001,8.609180833
late-demographic dividend,2001,
lithuania,2001,4.0
luxembourg,2001,1.116533086
latvia,2001,0.627916667
"macao sar, china",2001,8.0335
st. martin (french part),2001,1.116533086
morocco,2001,11.302975
monaco,2001,1.116533086
moldova,2001,12.86514167
madagascar,2001,1317.698833
maldives,2001,12.24208333
"middle east, north africa, afghanistan & pakistan",2001,
mexico,2001,9.342341667
marshall islands,2001,1.0
middle income,2001,
north macedonia,2001,68.03713333
mali,2001,732.3976933
malta,2001,0.450041567
myanmar,2001,6.748908333
"middle east, north africa, afghanistan & pakistan (excluding high income)",2001,
montenegro,2001,1.116533086
mongolia,2001,1097.6975
northern mariana islands,2001,1.0
mozambique,2001,20.70364083
mauritania,2001,25.56291667
mauritius,2001,29.12925833
malawi,2001,72.19733333
malaysia,2001,3.8
north america,2001,
namibia,2001,8.609180833
new caledonia,2001,133.2377912
niger,2001,732.3976933
nigeria,2001,111.23125
nicaragua,2001,13.37194167
netherlands,2001,1.116533086
norway,2001,8.991654167
nepal,2001,74.94925
nauru,2001,1.9334425
new zealand,2001,2.378750833
oecd members,2001,
oman,2001,0.3845
other small states,2001,
pakistan,2001,61.92716167
panama,2001,1.0
peru,2001,3.506833333
philippines,2001,50.99265
palau,2001,
papua new guinea,2001,3.388715065
poland,2001,4.0939
pre-demographic dividend,2001,
puerto rico (us),2001,1.0
"korea, dem. people's rep.",2001,
portugal,2001,1.116533086
paraguay,2001,4105.925
west bank and gaza,2001,
pacific island small states,2001,
post-demographic dividend,2001,
french polynesia,2001,133.2377912
qatar,2001,3.64
romania,2001,2.906079167
russian federation,2001,29.168525
rwanda,2001,442.9918917
south asia,2001,
saudi arabia,2001,3.75
sudan,2001,2.587021042
senegal,2001,732.3976933
singapore,2001,1.7917225
solomon islands,2001,5.277984953
sierra leone,2001,1.986154167
el salvador,2001,1.0
san marino,2001,1.116533086
"somalia, fed. rep.",2001,
serbia,2001,66.91366
sub-saharan africa (excluding high income),2001,
south sudan,2001,
sub-saharan africa,2001,
small states,2001,
sao tome and principe,2001,8.842109167
suriname,2001,2.178182254
slovak republic,2001,48.35483333
slovenia,2001,242.748835
sweden,2001,10.32913583
eswatini,2001,8.609180833
sint maarten (dutch part),2001,
seychelles,2001,5.857541667
syrian arab republic,2001,11.225
turks and caicos islands,2001,1.0
chad,2001,732.3976933
east asia & pacific (ida & ibrd countries),2001,
europe & central asia (ida & ibrd countries),2001,
togo,2001,732.3976933
thailand,2001,44.4319
tajikistan,2001,2.372191667
turkmenistan,2001,5200.0
latin america & the caribbean (ida & ibrd countries),2001,
timor-leste,2001,1.0
"middle east, north africa, afghanistan & pakistan (ida & ibrd)",2001,
tonga,2001,2.123574169
south asia (ida & ibrd),2001,
sub-saharan africa (ida & ibrd countries),2001,
trinidad and tobago,2001,6.233216667
tunisia,2001,1.4387125
turkiye,2001,1.225588083
tuvalu,2001,
tanzania,2001,876.4116667
uganda,2001,1755.65875
ukraine,2001,5.372158333
upper middle income,2001,
uruguay,2001,13.31911667
united states,2001,1.0
uzbekistan,2001,
st. vincent and the grenadines,2001,2.7
"venezuela, rb",2001,0.723658333
british virgin islands,2001,
virgin islands (u.s.),2001,1.0
viet nam,2001,14725.16667
vanuatu,2001,145.3125
world,2001,
samoa,2001,3.478040072
kosovo,2001,
"yemen, rep.",2001,168.6716667
south africa,2001,8.609180833
zambia,2001,3.610935
zimbabwe,2001,0.05511466
aruba,2002,1.79
africa eastern and southern,2002,
afghanistan,2002,47.263
africa western and central,2002,
angola,2002,43.53020667
albania,2002,140.1545159
andorra,2002,
arab world,2002,
united arab emirates,2002,3.6725
argentina,2002,3.063256667
armenia,2002,573.3533333
american samoa,2002,1.0
antigua and barbuda,2002,2.7
australia,2002,1.8405625
austria,2002,1.057558996
azerbaijan,2002,0.972164167
burundi,2002,930.7491667
belgium,2002,1.057558996
benin,2002,693.7132265
burkina faso,2002,693.7132265
bangladesh,2002,57.888
bulgaria,2002,2.076975
bahrain,2002,0.376
"bahamas, the",2002,1.0
bosnia and herzegovina,2002,2.078170426
belarus,2002,0.179091667
belize,2002,2.0
bermuda,2002,1.0
bolivia,2002,7.17
brazil,2002,2.920363018
barbados,2002,2.0
brunei darussalam,2002,1.790588333
bhutan,2002,48.61031917
botswana,2002,6.327791667
central african republic,2002,693.7132265
canada,2002,1.570342834
central europe and the baltics,2002,
switzerland,2002,1.5586075
channel islands,2002,0.667223333
chile,2002,688.9366667
china,2002,8.2769575
cote d'ivoire,2002,693.7132265
cameroon,2002,693.7132265
"congo, dem. rep.",2002,346.4849999
"congo, rep.",2002,693.7132265
colombia,2002,2504.680833
comoros,2002,520.2849199
cabo verde,2002,117.2558333
costa rica,2002,359.8175269
caribbean small states,2002,
cuba,2002,
curacao,2002,
cayman islands,2002,0.83333
cyprus,2002,0.61065999
czechia,2002,32.73851833
germany,2002,1.057558996
djibouti,2002,177.721
dominica,2002,2.7
denmark,2002,7.894714167
dominican republic,2002,17.59304369
algeria,2002,79.6819
east asia & pacific (excluding high income),2002,
early-demographic dividend,2002,
east asia & pacific,2002,
europe & central asia (excluding high income),2002,
europe & central asia,2002,
ecuador,2002,1.0
"egypt, arab rep.",2002,4.499666667
euro area,2002,1.057558996
eritrea,2002,13.95819417
spain,2002,1.057558996
estonia,2002,16.61179167
ethiopia,2002,8.56775
european union,2002,
fragile and conflict affected situations,2002,
finland,2002,1.057558996
fiji,2002,2.18678335
france,2002,1.057558996
faroe islands,2002,7.894714167
"micronesia, fed. sts.",2002,1.0
gabon,2002,693.7132265
united kingdom,2002,0.667223333
georgia,2002,2.195675
ghana,2002,0.792417084
gibraltar,2002,0.667223333
guinea,2002,1975.84375
"gambia, the",2002,19.917825
guinea-bissau,2002,693.7132265
equatorial guinea,2002,693.7132265
greece,2002,1.057558996
grenada,2002,2.7
greenland,2002,7.894714167
guatemala,2002,7.821645
guam,2002,1.0
guyana,2002,190.665
high income,2002,
"hong kong sar, china",2002,7.798916667
honduras,2002,16.43705833
heavily indebted poor countries (hipc),2002,
croatia,2002,7.8716825
haiti,2002,29.25048333
hungary,2002,257.8866667
ibrd only,2002,
ida & ibrd total,2002,
ida total,2002,
ida blend,2002,
indonesia,2002,9311.191667
ida only,2002,
isle of man,2002,0.667223333
india,2002,48.61031917
not classified,2002,
ireland,2002,1.057558996
"iran, islamic rep.",2002,6907.034456
iraq,2002,2002.372703
iceland,2002,91.66166667
israel,2002,4.737825
italy,2002,1.057558996
jamaica,2002,48.41594167
jordan,2002,0.708999833
japan,2002,125.3880192
kazakhstan,2002,153.2791667
kenya,2002,78.74914167
kyrgyz republic,2002,46.93706667
cambodia,2002,3912.083333
kiribati,2002,1.8405625
st. kitts and nevis,2002,2.7
"korea, rep.",2002,1251.6025
kuwait,2002,0.303914252
latin america & caribbean (excluding high income),2002,
lao pdr,2002,10056.33333
lebanon,2002,1507.5
liberia,2002,61.75416667
libya,2002,1.270679174
st. lucia,2002,2.7
latin america & caribbean,2002,
least developed countries: un classification,2002,
low income,2002,
liechtenstein,2002,
sri lanka,2002,95.662065
lower middle income,2002,
low & middle income,2002,
lesotho,2002,10.54074667
late-demographic dividend,2002,
lithuania,2002,3.676958333
luxembourg,2002,1.057558996
latvia,2002,0.618191667
"macao sar, china",2002,8.033433333
st. martin (french part),2002,1.057558996
morocco,2002,11.02058333
monaco,2002,1.057558996
moldova,2002,13.5704975
madagascar,2002,1366.391167
maldives,2002,12.8
"middle east, north africa, afghanistan & pakistan",2002,
mexico,2002,9.655958333
marshall islands,2002,1.0
middle income,2002,
north macedonia,2002,64.34979167
mali,2002,693.7132265
malta,2002,0.433620338
myanmar,2002,6.642083333
"middle east, north africa, afghanistan & pakistan (excluding high income)",2002,
montenegro,2002,1.057558996
mongolia,2002,1110.31
northern mariana islands,2002,1.0
mozambique,2002,23.67795667
mauritania,2002,27.17391667
mauritius,2002,29.962
malawi,2002,76.68660833
malaysia,2002,3.8
north america,2002,
namibia,2002,10.54074667
new caledonia,2002,126.2003129
niger,2002,693.7132265
nigeria,2002,120.5781583
nicaragua,2002,14.25132525
netherlands,2002,1.057558996
norway,2002,7.983778833
nepal,2002,77.87661917
nauru,2002,1.8405625
new zealand,2002,2.162190833
oecd members,2002,
oman,2002,0.3845
other small states,2002,
pakistan,2002,59.72378167
panama,2002,1.0
peru,2002,3.5165
philippines,2002,51.60356667
palau,2002,
papua new guinea,2002,3.895220802
poland,2002,4.080033333
pre-demographic dividend,2002,
puerto rico (us),2002,1.0
"korea, dem. people's rep.",2002,
portugal,2002,1.057558996
paraguay,2002,5716.258333
west bank and gaza,2002,
pacific island small states,2002,
post-demographic dividend,2002,
french polynesia,2002,126.2003129
qatar,2002,3.64
romania,2002,3.305543
russian federation,2002,31.34848333
rwanda,2002,475.3652417
south asia,2002,
saudi arabia,2002,3.75
sudan,2002,2.633058333
senegal,2002,693.7132265
singapore,2002,1.790588333
solomon islands,2002,6.748772103
sierra leone,2002,2.099033866
el salvador,2002,1.0
san marino,2002,1.057558996
"somalia, fed. rep.",2002,
serbia,2002,64.405225
sub-saharan africa (excluding high income),2002,
south sudan,2002,
sub-saharan africa,2002,
small states,2002,
sao tome and principe,2002,9.088325
suriname,2002,2.34675
slovak republic,2002,45.32675
slovenia,2002,240.248215
sweden,2002,9.737123333
eswatini,2002,10.54074667
sint maarten (dutch part),2002,
seychelles,2002,5.480033333
syrian arab republic,2002,11.225
turks and caicos islands,2002,1.0
chad,2002,693.7132265
east asia & pacific (ida & ibrd countries),2002,
europe & central asia (ida & ibrd countries),2002,
togo,2002,693.7132265
thailand,2002,42.96008333
tajikistan,2002,2.764133333
turkmenistan,2002,
latin america & the caribbean (ida & ibrd countries),2002,
timor-leste,2002,1.0
"middle east, north africa, afghanistan & pakistan (ida & ibrd)",2002,
tonga,2002,2.195187335
south asia (ida & ibrd),2002,
sub-saharan africa (ida & ibrd countries),2002,
trinidad and tobago,2002,6.248683333
tunisia,2002,1.421733333
turkiye,2002,1.507226417
tuvalu,2002,
tanzania,2002,966.5827843
uganda,2002,1797.5505
ukraine,2002,5.326625
upper middle income,2002,
uruguay,2002,21.25696667
united states,2002,1.0
uzbekistan,2002,
st. vincent and the grenadines,2002,2.7
"venezuela, rb",2002,1.16095
british virgin islands,2002,
virgin islands (u.s.),2002,1.0
viet nam,2002,15279.5
vanuatu,2002,139.1983333
world,2002,
samoa,2002,3.376258103
kosovo,2002,1.057558996
"yemen, rep.",2002,175.625
south africa,2002,10.54074667
zambia,2002,4.398595
zimbabwe,2002,0.055098291
aruba,2003,1.79
africa eastern and southern,2003,
afghanistan,2003,48.76275358
africa western and central,2003,
angola,2003,74.60630083
albania,2003,121.86325
andorra,2003,
arab world,2003,
united arab emirates,2003,3.6725
argentina,2003,2.900629167
armenia,2003,578.7629545
american samoa,2003,1.0
antigua and barbuda,2003,2.7
australia,2003,1.541914167
austria,2003,0.884047927
azerbaijan,2003,0.982146
burundi,2003,1082.62
belgium,2003,0.884047927
benin,2003,579.8974262
burkina faso,2003,579.8974262
bangladesh,2003,58.15004
bulgaria,2003,1.732701667
bahrain,2003,0.376
"bahamas, the",2003,1.0
bosnia and herzegovina,2003,1.732932204
belarus,2003,0.205127083
belize,2003,2.0
bermuda,2003,1.0
bolivia,2003,7.659166667
brazil,2003,3.077475118
barbados,2003,2.0
brunei darussalam,2003,1.742183333
bhutan,2003,46.58328417
botswana,2003,4.949666667
central african republic,2003,579.8974262
canada,2003,1.401014548
central europe and the baltics,2003,
switzerland,2003,1.346650833
channel islands,2003,0.6124725
chile,2003,691.3975
china,2003,8.277036667
cote d'ivoire,2003,579.8974262
cameroon,2003,579.8974262
"congo, dem. rep.",2003,405.1781832
"congo, rep.",2003,579.8974262
colombia,2003,2877.543333
comoros,2003,434.9230696
cabo verde,2003,97.7875
costa rica,2003,398.6622222
caribbean small states,2003,
cuba,2003,
curacao,2003,
cayman islands,2003,0.83333
cyprus,2003,0.517443262
czechia,2003,28.209
germany,2003,0.884047927
djibouti,2003,177.721
dominica,2003,2.7
denmark,2003,6.587673333
dominican republic,2003,29.36999962
algeria,2003,77.394975
east asia & pacific (excluding high income),2003,
early-demographic dividend,2003,
east asia & pacific,2003,
europe & central asia (excluding high income),2003,
europe & central asia,2003,
ecuador,2003,1.0
"egypt, arab rep.",2003,5.850875
euro area,2003,0.884047927
eritrea,2003,13.87789058
spain,2003,0.884047927
estonia,2003,13.8564114
ethiopia,2003,8.599683333
european union,2003,
fragile and conflict affected situations,2003,
finland,2003,0.884047927
fiji,2003,1.895768382
france,2003,0.884047927
faroe islands,2003,6.587673333
"micronesia, fed. sts.",2003,1.0
gabon,2003,579.8974262
united kingdom,2003,0.6124725
georgia,2003,2.14565
ghana,2003,0.866764327
gibraltar,2003,0.6124725
guinea,2003,1984.93125
"gambia, the",2003,28.53050833
guinea-bissau,2003,579.8974262
equatorial guinea,2003,579.8974262
greece,2003,0.884047927
grenada,2003,2.7
greenland,2003,6.587673333
guatemala,2003,7.940846667
guam,2003,1.0
guyana,2003,193.8783333
high income,2003,
"hong kong sar, china",2003,7.78675
honduras,2003,17.35249167
heavily indebted poor countries (hipc),2003,
croatia,2003,6.704968833
haiti,2003,42.36675833
hungary,2003,224.3066667
ibrd only,2003,
ida & ibrd total,2003,
ida total,2003,
ida blend,2003,
indonesia,2003,8577.133333
ida only,2003,
isle of man,2003,0.6124725
india,2003,46.58328417
not classified,2003,
ireland,2003,0.884047927
"iran, islamic rep.",2003,8193.887519
iraq,2003,
iceland,2003,76.7089825
israel,2003,4.554133333
italy,2003,0.884047927
jamaica,2003,57.74087375
jordan,2003,0.709
japan,2003,115.9334642
kazakhstan,2003,149.5758333
kenya,2003,75.93556944
kyrgyz republic,2003,43.648375
cambodia,2003,3973.333333
kiribati,2003,1.541914167
st. kitts and nevis,2003,2.7
"korea, rep.",2003,1191.645833
kuwait,2003,0.298011521
latin america & caribbean (excluding high income),2003,
lao pdr,2003,10569.0375
lebanon,2003,1507.5
liberia,2003,59.37883333
libya,2003,1.292944128
st. lucia,2003,2.7
latin america & caribbean,2003,
least developed countries: un classification,2003,
low income,2003,
liechtenstein,2003,
sri lanka,2003,96.52095083
lower middle income,2003,
low & middle income,2003,
lesotho,2003,7.564749167
late-demographic dividend,2003,
lithuania,2003,3.060866667
luxembourg,2003,0.884047927
latvia,2003,0.571475
"macao sar, china",2003,8.021241167
st. martin (french part),2003,0.884047927
morocco,2003,9.574383333
monaco,2003,0.884047927
moldova,2003,13.94488333
madagascar,2003,1238.327667
maldives,2003,12.8
"middle east, north africa, afghanistan & pakistan",2003,
mexico,2003,10.78901917
marshall islands,2003,1.0
middle income,2003,
north macedonia,2003,54.32225833
mali,2003,579.8974262
malta,2003,0.377233333
myanmar,2003,6.138925
"middle east, north africa, afghanistan & pakistan (excluding high income)",2003,
montenegro,2003,0.884047927
mongolia,2003,1146.5425
northern mariana islands,2003,1.0
mozambique,2003,23.7822675
mauritania,2003,26.303
mauritius,2003,27.901475
malawi,2003,97.432475
malaysia,2003,3.8
north america,2003,
namibia,2003,7.564749167
new caledonia,2003,105.494942
niger,2003,579.8974262
nigeria,2003,129.22235
nicaragua,2003,15.10464333
netherlands,2003,0.884047927
norway,2003,7.080216667
nepal,2003,76.1414475
nauru,2003,1.541914167
new zealand,2003,1.722099146
oecd members,2003,
oman,2003,0.3845
other small states,2003,
pakistan,2003,57.75199667
panama,2003,1.0
peru,2003,3.478467
philippines,2003,54.20333333
palau,2003,
papua new guinea,2003,3.563452875
poland,2003,3.889075
pre-demographic dividend,2003,
puerto rico (us),2003,1.0
"korea, dem. people's rep.",2003,
portugal,2003,0.884047927
paraguay,2003,6424.339167
west bank and gaza,2003,
pacific island small states,2003,
post-demographic dividend,2003,
french polynesia,2003,105.494942
qatar,2003,3.64
romania,2003,3.320007083
russian federation,2003,30.692025
rwanda,2003,537.6549848
south asia,2003,
saudi arabia,2003,3.75
sudan,2003,2.609834333
senegal,2003,579.8974262
singapore,2003,1.742183333
solomon islands,2003,7.505943749
sierra leone,2003,2.347941667
el salvador,2003,1.0
san marino,2003,0.884047927
"somalia, fed. rep.",2003,
serbia,2003,57.59004167
sub-saharan africa (excluding high income),2003,
south sudan,2003,
sub-saharan africa,2003,
small states,2003,
sao tome and principe,2003,9.347583333
suriname,2003,2.601333333
slovak republic,2003,36.77291667
slovenia,2003,207.1137157
sweden,2003,8.086304167
eswatini,2003,7.564749167
sint maarten (dutch part),2003,
seychelles,2003,5.400716667
syrian arab republic,2003,11.225
turks and caicos islands,2003,1.0
chad,2003,579.8974262
east asia & pacific (ida & ibrd countries),2003,
europe & central asia (ida & ibrd countries),2003,
togo,2003,579.8974262
thailand,2003,41.48461667
tajikistan,2003,3.061366667
turkmenistan,2003,
latin america & the caribbean (ida & ibrd countries),2003,
timor-leste,2003,1.0
"middle east, north africa, afghanistan & pakistan (ida & ibrd)",2003,
tonga,2003,2.145892252
south asia (ida & ibrd),2003,
sub-saharan africa (ida & ibrd countries),2003,
trinidad and tobago,2003,6.2951
tunisia,2003,1.288458333
turkiye,2003,1.500885209
tuvalu,2003,
tanzania,2003,1038.419007
uganda,2003,1963.720083
ukraine,2003,5.332688333
upper middle income,2003,
uruguay,2003,28.20868333
united states,2003,1.0
uzbekistan,2003,
st. vincent and the grenadines,2003,2.7
"venezuela, rb",2003,1.606958333
british virgin islands,2003,
virgin islands (u.s.),2003,1.0
viet nam,2003,15509.58333
vanuatu,2003,122.1891667
world,2003,
samoa,2003,2.973237658
kosovo,2003,0.884047927
"yemen, rep.",2003,183.4483333
south africa,2003,7.564749167
zambia,2003,4.733271046
zimbabwe,2003,0.698216071
aruba,2004,1.79
africa eastern and southern,2004,
afghanistan,2004,47.8453125
africa western and central,2004,
angola,2004,83.5413625
albania,2004,102.7800512
andorra,2004,
arab world,2004,
united arab emirates,2004,3.6725
argentina,2004,2.923300819
armenia,2004,533.4508333
american samoa,2004,1.0
antigua and barbuda,2004,2.7
australia,2004,1.3597525
austria,2004,0.803921648
azerbaijan,2004,0.9826955
burundi,2004,1100.9
belgium,2004,0.803921648
benin,2004,527.3380323
burkina faso,2004,527.3380323
bangladesh,2004,59.51265833
bulgaria,2004,1.575108917
bahrain,2004,0.376
"bahamas, the",2004,1.0
bosnia and herzegovina,2004,1.575157028
belarus,2004,0.21602575
belize,2004,2.0
bermuda,2004,1.0
bolivia,2004,7.936266667
brazil,2004,2.92511945
barbados,2004,2.0
brunei darussalam,2004,1.690228333
bhutan,2004,45.31646667
botswana,2004,4.693833333
central african republic,2004,527.3380323
canada,2004,1.301281595
central europe and the baltics,2004,
switzerland,2004,1.243495833
channel islands,2004,0.54618
chile,2004,609.5291667
china,2004,8.276800833
cote d'ivoire,2004,527.3380323
cameroon,2004,527.3380323
"congo, dem. rep.",2004,399.4757917
"congo, rep.",2004,527.3380323
colombia,2004,2628.368333
comoros,2004,395.5035242
cabo verde,2004,88.7479249
costa rica,2004,437.935
caribbean small states,2004,
cuba,2004,
curacao,2004,
cayman islands,2004,0.83333
cyprus,2004,0.468600552
czechia,2004,25.69975
germany,2004,0.803921648
djibouti,2004,177.721
dominica,2004,2.7
denmark,2004,5.991056667
dominican republic,2004,41.93031457
algeria,2004,72.06065
east asia & pacific (excluding high income),2004,
early-demographic dividend,2004,
east asia & pacific,2004,
europe & central asia (excluding high income),2004,
europe & central asia,2004,
ecuador,2004,1.0
"egypt, arab rep.",2004,6.196241667
euro area,2004,0.803921648
eritrea,2004,13.7875
spain,2004,0.803921648
estonia,2004,12.59556359
ethiopia,2004,8.635583333
european union,2004,
fragile and conflict affected situations,2004,
finland,2004,0.803921648
fiji,2004,1.733101678
france,2004,0.803921648
faroe islands,2004,5.991056667
"micronesia, fed. sts.",2004,1.0
gabon,2004,527.3380323
united kingdom,2004,0.54618
georgia,2004,1.91665
ghana,2004,0.899494854
gibraltar,2004,0.54618
guinea,2004,2243.93125
"gambia, the",2004,30.03008333
guinea-bissau,2004,527.3380323
equatorial guinea,2004,527.3380323
greece,2004,0.803921648
grenada,2004,2.7
greenland,2004,5.991056667
guatemala,2004,7.946495833
guam,2004,1.0
guyana,2004,198.3075
high income,2004,
"hong kong sar, china",2004,7.788
honduras,2004,18.209725
heavily indebted poor countries (hipc),2004,
croatia,2004,6.034340667
haiti,2004,38.35203333
hungary,2004,202.7458333
ibrd only,2004,
ida & ibrd total,2004,
ida total,2004,
ida blend,2004,
indonesia,2004,8938.85
ida only,2004,
isle of man,2004,0.54618
india,2004,45.31646667
not classified,2004,
ireland,2004,0.803921648
"iran, islamic rep.",2004,8613.989421
iraq,2004,1453.416667
iceland,2004,70.19166667
israel,2004,4.481983333
italy,2004,0.803921648
jamaica,2004,61.1972
jordan,2004,0.709
japan,2004,108.1925692
kazakhstan,2004,136.035
kenya,2004,79.17387606
kyrgyz republic,2004,42.64994167
cambodia,2004,4016.25
kiribati,2004,1.3597525
st. kitts and nevis,2004,2.7
"korea, rep.",2004,1146.249167
kuwait,2004,0.2947
latin america & caribbean (excluding high income),2004,
lao pdr,2004,10585.375
lebanon,2004,1507.5
liberia,2004,54.90583333
libya,2004,1.304966144
st. lucia,2004,2.7
latin america & caribbean,2004,
least developed countries: un classification,2004,
low income,2004,
liechtenstein,2004,
sri lanka,2004,101.1944575
lower middle income,2004,
low & middle income,2004,
lesotho,2004,6.4596925
late-demographic dividend,2004,
lithuania,2004,2.780591667
luxembourg,2004,0.803921648
latvia,2004,0.540233333
"macao sar, china",2004,8.022171083
st. martin (french part),2004,0.803921648
morocco,2004,8.868016667
monaco,2004,0.803921648
moldova,2004,12.32971667
madagascar,2004,1868.857833
maldives,2004,12.8
"middle east, north africa, afghanistan & pakistan",2004,
mexico,2004,11.28596667
marshall islands,2004,1.0
middle income,2004,
north macedonia,2004,49.40993333
mali,2004,527.3380323
malta,2004,0.34466318
myanmar,2004,5.805833333
"middle east, north africa, afghanistan & pakistan (excluding high income)",2004,
montenegro,2004,0.803921648
mongolia,2004,1185.2975
northern mariana islands,2004,1.0
mozambique,2004,22.5813425
mauritania,2004,
mauritius,2004,27.49851667
malawi,2004,108.8975083
malaysia,2004,3.8
north america,2004,
namibia,2004,6.4596925
new caledonia,2004,95.93333689
niger,2004,527.3380323
nigeria,2004,132.888025
nicaragua,2004,15.93724732
netherlands,2004,0.803921648
norway,2004,6.740833333
nepal,2004,73.67359667
nauru,2004,1.3597525
new zealand,2004,1.508681271
oecd members,2004,
oman,2004,0.3845
other small states,2004,
pakistan,2004,58.25786333
panama,2004,1.0
peru,2004,3.413175
philippines,2004,56.03991667
palau,2004,
papua new guinea,2004,3.222540104
poland,2004,3.657641667
pre-demographic dividend,2004,
puerto rico (us),2004,1.0
"korea, dem. people's rep.",2004,
portugal,2004,0.803921648
paraguay,2004,5974.5775
west bank and gaza,2004,
pacific island small states,2004,
post-demographic dividend,2004,
french polynesia,2004,95.93333689
qatar,2004,3.64
romania,2004,3.263656833
russian federation,2004,28.81374167
rwanda,2004,577.4489746
south asia,2004,
saudi arabia,2004,3.75
sudan,2004,2.57905
senegal,2004,527.3380323
singapore,2004,1.690228333
solomon islands,2004,7.484743906
sierra leone,2004,2.701296667
el salvador,2004,1.0
san marino,2004,0.803921648
"somalia, fed. rep.",2004,
serbia,2004,58.37570833
sub-saharan africa (excluding high income),2004,
south sudan,2004,
sub-saharan africa,2004,
small states,2004,
sao tome and principe,2004,9.902324167
suriname,2004,2.733582976
slovak republic,2004,32.25691667
slovenia,2004,192.3811243
sweden,2004,7.348886667
eswatini,2004,6.4596925
sint maarten (dutch part),2004,
seychelles,2004,5.5
syrian arab republic,2004,11.225
turks and caicos islands,2004,1.0
chad,2004,527.3380323
east asia & pacific (ida & ibrd countries),2004,
europe & central asia (ida & ibrd countries),2004,
togo,2004,527.3380323
thailand,2004,40.22241492
tajikistan,2004,2.970508333
turkmenistan,2004,
latin america & the caribbean (ida & ibrd countries),2004,
timor-leste,2004,1.0
"middle east, north africa, afghanistan & pakistan (ida & ibrd)",2004,
tonga,2004,1.971562793
south asia (ida & ibrd),2004,
sub-saharan africa (ida & ibrd countries),2004,
trinidad and tobago,2004,6.298991667
tunisia,2004,1.245466667
turkiye,2004,1.42553725
tuvalu,2004,
tanzania,2004,1089.334771
uganda,2004,1810.304714
ukraine,2004,5.319180667
upper middle income,2004,
uruguay,2004,28.70373333
united states,2004,1.0
uzbekistan,2004,
st. vincent and the grenadines,2004,2.7
"venezuela, rb",2004,1.891333333
british virgin islands,2004,
virgin islands (u.s.),2004,1.0
viet nam,2004,15746.0
vanuatu,2004,111.79
world,2004,
samoa,2004,2.780723431
kosovo,2004,0.803921648
"yemen, rep.",2004,184.7758333
south africa,2004,6.4596925
zambia,2004,4.778875386
zimbabwe,2004,5.074419415
aruba,2005,1.79
africa eastern and southern,2005,
afghanistan,2005,49.4945975
africa western and central,2005,
angola,2005,87.15914167
albania,2005,99.87025448
andorra,2005,
arab world,2005,
united arab emirates,2005,3.6725
argentina,2005,2.9036575
armenia,2005,457.6869406
american samoa,2005,1.0
antigua and barbuda,2005,2.7
australia,2005,1.309473333
austria,2005,0.803800192
azerbaijan,2005,0.945421
burundi,2005,1081.577167
belgium,2005,0.803800192
benin,2005,527.2583626
burkina faso,2005,527.2583626
bangladesh,2005,64.327475
bulgaria,2005,1.574133333
bahrain,2005,0.376
"bahamas, the",2005,1.0
bosnia and herzegovina,2005,1.57272202
belarus,2005,0.215382
belize,2005,2.0
bermuda,2005,1.0
bolivia,2005,8.0660625
brazil,2005,2.434390036
barbados,2005,2.0
brunei darussalam,2005,1.6643975
bhutan,2005,44.099975
botswana,2005,5.11675
central african republic,2005,527.2583626
canada,2005,1.211405134
central europe and the baltics,2005,
switzerland,2005,1.245176667
channel islands,2005,0.549998333
chile,2005,559.7675
china,2005,8.194316667
cote d'ivoire,2005,527.2583626
cameroon,2005,527.2583626
"congo, dem. rep.",2005,473.9080083
"congo, rep.",2005,527.2583626
colombia,2005,2321.131667
comoros,2005,395.443772
cabo verde,2005,88.64616853
costa rica,2005,477.7867415
caribbean small states,2005,
cuba,2005,
curacao,2005,
cayman islands,2005,0.83333
cyprus,2005,0.464070507
czechia,2005,23.95741667
germany,2005,0.803800192
djibouti,2005,177.721
dominica,2005,2.7
denmark,2005,5.99691
dominican republic,2005,30.28280818
algeria,2005,73.27630833
east asia & pacific (excluding high income),2005,
early-demographic dividend,2005,
east asia & pacific,2005,
europe & central asia (excluding high income),2005,
europe & central asia,2005,
ecuador,2005,1.0
"egypt, arab rep.",2005,5.778833333
euro area,2005,0.803800192
eritrea,2005,15.36791667
spain,2005,0.803800192
estonia,2005,12.58378659
ethiopia,2005,8.666441667
european union,2005,
fragile and conflict affected situations,2005,
finland,2005,0.803800192
fiji,2005,1.691046216
france,2005,0.803800192
faroe islands,2005,5.99691
"micronesia, fed. sts.",2005,1.0
gabon,2005,527.2583626
united kingdom,2005,0.549998333
georgia,2005,1.812675
ghana,2005,0.905209486
gibraltar,2005,0.549998333
guinea,2005,3644.333333
"gambia, the",2005,28.57543333
guinea-bissau,2005,527.2583626
equatorial guinea,2005,527.2583626
greece,2005,0.803800192
grenada,2005,2.7
greenland,2005,5.99691
guatemala,2005,7.633944167
guam,2005,1.0
guyana,2005,199.875
high income,2005,
"hong kong sar, china",2005,7.777333333
honduras,2005,18.83234167
heavily indebted poor countries (hipc),2005,
croatia,2005,5.949236917
haiti,2005,40.44855
hungary,2005,199.5825
ibrd only,2005,
ida & ibrd total,2005,
ida total,2005,
ida blend,2005,
indonesia,2005,9704.741667
ida only,2005,
isle of man,2005,0.549998333
india,2005,44.099975
not classified,2005,
ireland,2005,0.803800192
"iran, islamic rep.",2005,8963.958907
iraq,2005,1472.0
iceland,2005,62.98166667
israel,2005,4.4877
italy,2005,0.803800192
jamaica,2005,62.28071494
jordan,2005,0.709
japan,2005,110.2182117
kazakhstan,2005,132.88
kenya,2005,75.55410945
kyrgyz republic,2005,41.01182051
cambodia,2005,4092.5
kiribati,2005,1.309473333
st. kitts and nevis,2005,2.7
"korea, rep.",2005,1024.328333
kuwait,2005,0.292
latin america & caribbean (excluding high income),2005,
lao pdr,2005,10655.16667
lebanon,2005,1507.5
liberia,2005,57.09583333
libya,2005,1.308384824
st. lucia,2005,2.7
latin america & caribbean,2005,
least developed countries: un classification,2005,
low income,2005,
liechtenstein,2005,
sri lanka,2005,100.4980517
lower middle income,2005,
low & middle income,2005,
lesotho,2005,6.359328333
late-demographic dividend,2005,
lithuania,2005,2.774025
luxembourg,2005,0.803800192
latvia,2005,0.564716667
"macao sar, china",2005,8.011064583
st. martin (french part),2005,0.803800192
morocco,2005,8.865008333
monaco,2005,0.803800192
moldova,2005,12.599625
madagascar,2005,2003.025833
maldives,2005,12.8
"middle east, north africa, afghanistan & pakistan",2005,
mexico,2005,10.89789167
marshall islands,2005,1.0
middle income,2005,
north macedonia,2005,49.28368333
mali,2005,527.2583626
malta,2005,0.345777392
myanmar,2005,5.818166667
"middle east, north africa, afghanistan & pakistan (excluding high income)",2005,
montenegro,2005,0.803800192
mongolia,2005,1205.246667
northern mariana islands,2005,1.0
mozambique,2005,23.060965
mauritania,2005,26.55283333
mauritius,2005,29.49623333
malawi,2005,118.42
malaysia,2005,3.787091667
north america,2005,
namibia,2005,6.377116667
new caledonia,2005,95.91884339
niger,2005,527.2583626
nigeria,2005,131.2743333
nicaragua,2005,16.73332953
netherlands,2005,0.803800192
norway,2005,6.4425
nepal,2005,71.3675
nauru,2005,1.309473333
new zealand,2005,1.420273457
oecd members,2005,
oman,2005,0.3845
other small states,2005,
pakistan,2005,59.514475
panama,2005,1.0
peru,2005,3.295841667
philippines,2005,55.08549167
palau,2005,1.0
papua new guinea,2005,3.1019498
poland,2005,3.235483333
pre-demographic dividend,2005,
puerto rico (us),2005,1.0
"korea, dem. people's rep.",2005,
portugal,2005,0.803800192
paraguay,2005,6177.934947
west bank and gaza,2005,
pacific island small states,2005,
post-demographic dividend,2005,
french polynesia,2005,95.91884339
qatar,2005,3.64
romania,2005,2.913653167
russian federation,2005,28.28444167
rwanda,2005,557.8226408
south asia,2005,
saudi arabia,2005,3.75
sudan,2005,2.436058333
senegal,2005,527.2583626
singapore,2005,1.6643975
solomon islands,2005,7.529873025
sierra leone,2005,2.8895875
el salvador,2005,1.0
san marino,2005,0.803800192
"somalia, fed. rep.",2005,
serbia,2005,66.717825
sub-saharan africa (excluding high income),2005,
south sudan,2005,
sub-saharan africa,2005,
small states,2005,
sao tome and principe,2005,10.55797033
suriname,2005,2.731666665
slovak republic,2005,31.01825
slovenia,2005,192.705468
sweden,2005,7.473088333
eswatini,2005,6.359328333
sint maarten (dutch part),2005,
seychelles,2005,5.5
syrian arab republic,2005,11.225
turks and caicos islands,2005,1.0
chad,2005,527.2583626
east asia & pacific (ida & ibrd countries),2005,
europe & central asia (ida & ibrd countries),2005,
togo,2005,527.2583626
thailand,2005,40.22013021
tajikistan,2005,3.116566667
turkmenistan,2005,
latin america & the caribbean (ida & ibrd countries),2005,
timor-leste,2005,1.0
"middle east, north africa, afghanistan & pakistan (ida & ibrd)",2005,
tonga,2005,1.943036217
south asia (ida & ibrd),2005,
sub-saharan africa (ida & ibrd countries),2005,
trinidad and tobago,2005,6.299558333
tunisia,2005,1.297433333
turkiye,2005,1.343583108
tuvalu,2005,
tanzania,2005,1128.934179
uganda,2005,1780.540261
ukraine,2005,5.124729
upper middle income,2005,
uruguay,2005,24.4786
united states,2005,1.0
uzbekistan,2005,
st. vincent and the grenadines,2005,2.7
"venezuela, rb",2005,2.08975
british virgin islands,2005,
virgin islands (u.s.),2005,1.0
viet nam,2005,15858.91667
vanuatu,2005,109.2458333
world,2005,
samoa,2005,2.710336734
kosovo,2005,0.803800192
"yemen, rep.",2005,191.5091667
south africa,2005,6.359328333
zambia,2005,4.465
zimbabwe,2005,22.3890396
aruba,2006,1.79
africa eastern and southern,2006,
afghanistan,2006,49.92533083
africa western and central,2006,
angola,2006,80.36807206
albania,2006,98.10337709
andorra,2006,
arab world,2006,
united arab emirates,2006,3.6725
argentina,2006,3.054313333
armenia,2006,416.0403697
american samoa,2006,1.0
antigua and barbuda,2006,2.7
australia,2006,1.327973441
austria,2006,0.796432731
azerbaijan,2006,0.893445
burundi,2006,1028.683553
belgium,2006,0.796432731
benin,2006,522.4256249
burkina faso,2006,522.4256249
bangladesh,2006,68.93323333
bulgaria,2006,1.559266667
bahrain,2006,0.376
"bahamas, the",2006,1.0
bosnia and herzegovina,2006,1.559071956
belarus,2006,0.214456417
belize,2006,2.0
bermuda,2006,1.0
bolivia,2006,8.011616667
brazil,2006,2.175326667
barbados,2006,2.0
brunei darussalam,2006,1.588933333
bhutan,2006,45.30700833
botswana,2006,5.8303
central african republic,2006,522.4256249
canada,2006,1.134344726
central europe and the baltics,2006,
switzerland,2006,1.253843333
channel islands,2006,0.543486667
chile,2006,530.275
china,2006,7.973438333
cote d'ivoire,2006,522.4256249
cameroon,2006,522.4256249
"congo, dem. rep.",2006,468.278825
"congo, rep.",2006,522.4256249
colombia,2006,2358.594605
comoros,2006,391.8192187
cabo verde,2006,87.92606491
costa rica,2006,511.3018179
caribbean small states,2006,
cuba,2006,
curacao,2006,
cayman islands,2006,0.83333
cyprus,2006,0.458915947
czechia,2006,22.59558333
germany,2006,0.796432731
djibouti,2006,177.721
dominica,2006,2.7
denmark,2006,5.946778333
dominican republic,2006,33.3000352
algeria,2006,72.64661667
east asia & pacific (excluding high income),2006,
early-demographic dividend,2006,
east asia & pacific,2006,
europe & central asia (excluding high income),2006,
europe & central asia,2006,
ecuador,2006,1.0
"egypt, arab rep.",2006,5.733166667
euro area,2006,0.796432731
eritrea,2006,15.375
spain,2006,0.796432731
estonia,2006,12.46548376
ethiopia,2006,8.698615833
european union,2006,
fragile and conflict affected situations,2006,
finland,2006,0.796432731
fiji,2006,1.731264933
france,2006,0.796432731
faroe islands,2006,5.946778333
"micronesia, fed. sts.",2006,1.0
gabon,2006,522.4256249
united kingdom,2006,0.543486667
georgia,2006,1.780433333
ghana,2006,0.915106799
gibraltar,2006,0.543486667
guinea,2006,5148.75
"gambia, the",2006,28.065725
guinea-bissau,2006,522.4256249
equatorial guinea,2006,522.4256249
greece,2006,0.796432731
grenada,2006,2.7
greenland,2006,5.946778333
guatemala,2006,7.602630833
guam,2006,1.0
guyana,2006,200.1883333
high income,2006,
"hong kong sar, china",2006,7.767833333
honduras,2006,18.89520833
heavily indebted poor countries (hipc),2006,
croatia,2006,5.83779325
haiti,2006,40.40851667
hungary,2006,210.39
ibrd only,2006,
ida & ibrd total,2006,
ida total,2006,
ida blend,2006,
indonesia,2006,9159.316667
ida only,2006,
isle of man,2006,0.543486667
india,2006,45.30700833
not classified,2006,
ireland,2006,0.796432731
"iran, islamic rep.",2006,9170.942878
iraq,2006,1467.416667
iceland,2006,70.18
israel,2006,4.455808333
italy,2006,0.796432731
jamaica,2006,65.74385754
jordan,2006,0.709
japan,2006,116.2993117
kazakhstan,2006,126.0894306
kenya,2006,72.10083502
kyrgyz republic,2006,40.15289995
cambodia,2006,4103.25
kiribati,2006,1.327973441
st. kitts and nevis,2006,2.7
"korea, rep.",2006,955.3408333
kuwait,2006,0.290176225
latin america & caribbean (excluding high income),2006,
lao pdr,2006,10153.62408
lebanon,2006,1507.5
liberia,2006,58.01333333
libya,2006,1.313571625
st. lucia,2006,2.7
latin america & caribbean,2006,
least developed countries: un classification,2006,
low income,2006,
liechtenstein,2006,
sri lanka,2006,103.9144458
lower middle income,2006,
low & middle income,2006,
lesotho,2006,6.771549167
late-demographic dividend,2006,
lithuania,2006,2.752225
luxembourg,2006,0.796432731
latvia,2006,0.560408333
"macao sar, china",2006,8.001426167
st. martin (french part),2006,0.796432731
morocco,2006,8.795583333
monaco,2006,0.796432731
moldova,2006,13.13105833
madagascar,2006,2142.301667
maldives,2006,12.8
"middle east, north africa, afghanistan & pakistan",2006,
mexico,2006,10.89924167
marshall islands,2006,1.0
middle income,2006,
north macedonia,2006,48.80176667
mali,2006,522.4256249
malta,2006,0.340893886
myanmar,2006,5.842941667
"middle east, north africa, afghanistan & pakistan (excluding high income)",2006,
montenegro,2006,0.796432731
mongolia,2006,1179.699167
northern mariana islands,2006,1.0
mozambique,2006,25.40077917
mauritania,2006,26.86
mauritius,2006,31.70806667
malawi,2006,136.0125
malaysia,2006,3.668176958
north america,2006,
namibia,2006,6.76715
new caledonia,2006,95.03967172
niger,2006,522.4256249
nigeria,2006,128.6516667
nicaragua,2006,17.56999843
netherlands,2006,0.796432731
norway,2006,6.413333333
nepal,2006,72.75560583
nauru,2006,1.327973441
new zealand,2006,1.542055757
oecd members,2006,
oman,2006,0.3845
other small states,2006,
pakistan,2006,60.271335
panama,2006,1.0
peru,2006,3.274032503
philippines,2006,51.3142725
palau,2006,1.0
papua new guinea,2006,3.056734787
poland,2006,3.103158333
pre-demographic dividend,2006,
puerto rico (us),2006,1.0
"korea, dem. people's rep.",2006,
portugal,2006,0.796432731
paraguay,2006,5635.093939
west bank and gaza,2006,
pacific island small states,2006,
post-demographic dividend,2006,
french polynesia,2006,95.03967172
qatar,2006,3.64
romania,2006,2.808983333
russian federation,2006,27.19095833
rwanda,2006,551.7103333
south asia,2006,
saudi arabia,2006,3.75
sudan,2006,2.171533333
senegal,2006,522.4256249
singapore,2006,1.588933333
solomon islands,2006,7.609458333
sierra leone,2006,2.961909167
el salvador,2006,1.0
san marino,2006,0.796432731
"somalia, fed. rep.",2006,
serbia,2006,67.155125
sub-saharan africa (excluding high income),2006,
south sudan,2006,
sub-saharan africa,2006,
small states,2006,
sao tome and principe,2006,12.4486425
suriname,2006,2.74375
slovak republic,2006,29.69725
slovenia,2006,191.0282578
sweden,2006,7.378249167
eswatini,2006,6.771549167
sint maarten (dutch part),2006,
seychelles,2006,5.519691667
syrian arab republic,2006,11.225
turks and caicos islands,2006,1.0
chad,2006,522.4256249
east asia & pacific (ida & ibrd countries),2006,
europe & central asia (ida & ibrd countries),2006,
togo,2006,522.4256249
thailand,2006,37.88198322
tajikistan,2006,3.298408333
turkmenistan,2006,
latin america & the caribbean (ida & ibrd countries),2006,
timor-leste,2006,1.0
"middle east, north africa, afghanistan & pakistan (ida & ibrd)",2006,
tonga,2006,2.025880795
south asia (ida & ibrd),2006,
sub-saharan africa (ida & ibrd countries),2006,
trinidad and tobago,2006,6.312283333
tunisia,2006,1.331025
turkiye,2006,1.428453413
tuvalu,2006,
tanzania,2006,1251.899973
uganda,2006,1831.451851
ukraine,2006,5.05
upper middle income,2006,
uruguay,2006,24.07335833
united states,2006,1.0
uzbekistan,2006,
st. vincent and the grenadines,2006,2.7
"venezuela, rb",2006,2.147
british virgin islands,2006,
virgin islands (u.s.),2006,1.0
viet nam,2006,15994.25
vanuatu,2006,110.6408333
world,2006,
samoa,2006,2.779294045
kosovo,2006,0.796432731
"yemen, rep.",2006,197.0491667
south africa,2006,6.771549167
zambia,2006,3.601666667
zimbabwe,2006,164.5473565
aruba,2007,1.79
africa eastern and southern,2007,
afghanistan,2007,49.96201777
africa western and central,2007,
angola,2007,76.70614275
albania,2007,90.42789383
andorra,2007,
arab world,2007,
united arab emirates,2007,3.6725
argentina,2007,3.095648849
armenia,2007,342.0791162
american samoa,2007,1.0
antigua and barbuda,2007,2.7
australia,2007,1.1950725
austria,2007,0.7296724
azerbaijan,2007,0.858123808
burundi,2007,1081.869683
belgium,2007,0.7296724
benin,2007,478.6337185
burkina faso,2007,478.6337185
bangladesh,2007,68.874875
bulgaria,2007,1.42905
bahrain,2007,0.376
"bahamas, the",2007,1.0
bosnia and herzegovina,2007,1.429002742
belarus,2007,0.214607833
belize,2007,2.0
bermuda,2007,1.0
bolivia,2007,7.851245161
brazil,2007,1.947058333
barbados,2007,2.0
brunei darussalam,2007,1.507101667
bhutan,2007,41.34853333
botswana,2007,6.139408333
central african republic,2007,478.6337185
canada,2007,1.074045622
central europe and the baltics,2007,
switzerland,2007,1.200365833
channel islands,2007,0.499771667
chile,2007,522.4641667
china,2007,7.6075325
cote d'ivoire,2007,478.6337185
cameroon,2007,478.6337185
"congo, dem. rep.",2007,516.7498917
"congo, rep.",2007,478.6337185
colombia,2007,2077.810958
comoros,2007,358.9752889
cabo verde,2007,80.61502716
costa rica,2007,516.6173902
caribbean small states,2007,
cuba,2007,
curacao,2007,
cayman islands,2007,0.83333
cyprus,2007,0.426125
czechia,2007,20.29366667
germany,2007,0.7296724
djibouti,2007,177.721
dominica,2007,2.7
denmark,2007,5.443700833
dominican republic,2007,33.17187058
algeria,2007,69.2924
east asia & pacific (excluding high income),2007,
early-demographic dividend,2007,
east asia & pacific,2007,
europe & central asia (excluding high income),2007,
europe & central asia,2007,
ecuador,2007,1.0
"egypt, arab rep.",2007,5.635433333
euro area,2007,0.7296724
eritrea,2007,15.375
spain,2007,0.7296724
estonia,2007,11.433853
ethiopia,2007,8.96595
european union,2007,
fragile and conflict affected situations,2007,
finland,2007,0.7296724
fiji,2007,1.610413796
france,2007,0.7296724
faroe islands,2007,5.443700833
"micronesia, fed. sts.",2007,1.0
gabon,2007,478.6337185
united kingdom,2007,0.499771667
georgia,2007,1.670491667
ghana,2007,0.932619195
gibraltar,2007,0.499771667
guinea,2007,4197.752004
"gambia, the",2007,24.87343333
guinea-bissau,2007,478.6337185
equatorial guinea,2007,478.6337185
greece,2007,0.7296724
grenada,2007,2.7
greenland,2007,5.443700833
guatemala,2007,7.673304167
guam,2007,1.0
guyana,2007,202.3466667
high income,2007,
"hong kong sar, china",2007,7.801416667
honduras,2007,18.8951
heavily indebted poor countries (hipc),2007,
croatia,2007,5.364535667
haiti,2007,36.86141667
hungary,2007,183.6258333
ibrd only,2007,
ida & ibrd total,2007,
ida total,2007,
ida blend,2007,
indonesia,2007,9141.0
ida only,2007,
isle of man,2007,0.499771667
india,2007,41.34853333
not classified,2007,
ireland,2007,0.7296724
"iran, islamic rep.",2007,9281.151828
iraq,2007,1254.567219
iceland,2007,64.055
israel,2007,4.108082949
italy,2007,0.7296724
jamaica,2007,69.19216185
jordan,2007,0.708999767
japan,2007,117.7535292
kazakhstan,2007,122.5541667
kenya,2007,67.31763812
kyrgyz republic,2007,37.31625681
cambodia,2007,4056.166667
kiribati,2007,1.1950725
st. kitts and nevis,2007,2.7
"korea, rep.",2007,929.3758333
kuwait,2007,0.284213958
latin america & caribbean (excluding high income),2007,
lao pdr,2007,9602.728818
lebanon,2007,1507.5
liberia,2007,61.27222222
libya,2007,1.262644868
st. lucia,2007,2.7
latin america & caribbean,2007,
least developed countries: un classification,2007,
low income,2007,
liechtenstein,2007,
sri lanka,2007,110.6232333
lower middle income,2007,
low & middle income,2007,
lesotho,2007,7.045365
late-demographic dividend,2007,
lithuania,2007,2.523725
luxembourg,2007,0.7296724
latvia,2007,0.513791667
"macao sar, china",2007,8.035853917
st. martin (french part),2007,0.7296724
morocco,2007,8.192333333
monaco,2007,0.7296724
moldova,2007,12.13994497
madagascar,2007,1873.876667
maldives,2007,12.8
"middle east, north africa, afghanistan & pakistan",2007,
mexico,2007,10.92819167
marshall islands,2007,1.0
middle income,2007,
north macedonia,2007,44.72981667
mali,2007,478.6337185
malta,2007,0.311675
myanmar,2007,5.616883333
"middle east, north africa, afghanistan & pakistan (excluding high income)",2007,
montenegro,2007,0.7296724
mongolia,2007,1170.400833
northern mariana islands,2007,1.0
mozambique,2007,25.84034145
mauritania,2007,25.85866667
mauritius,2007,31.31365625
malawi,2007,139.9575
malaysia,2007,3.437569382
north america,2007,
namibia,2007,7.054391667
new caledonia,2007,87.07304793
niger,2007,478.6337185
nigeria,2007,125.8081083
nicaragua,2007,18.44850616
netherlands,2007,0.7296724
norway,2007,5.861666667
nepal,2007,66.4150275
nauru,2007,1.1950725
new zealand,2007,1.360675229
oecd members,2007,
oman,2007,0.3845
other small states,2007,
pakistan,2007,60.73851583
panama,2007,1.0
peru,2007,3.128044577
philippines,2007,46.14839118
palau,2007,1.0
papua new guinea,2007,2.965345833
poland,2007,2.76795
pre-demographic dividend,2007,
puerto rico (us),2007,1.0
"korea, dem. people's rep.",2007,
portugal,2007,0.7296724
paraguay,2007,5032.711576
west bank and gaza,2007,
pacific island small states,2007,
post-demographic dividend,2007,
french polynesia,2007,87.07304793
qatar,2007,3.64
romania,2007,2.43825
russian federation,2007,25.58084537
rwanda,2007,546.955
south asia,2007,
saudi arabia,2007,3.75
sudan,2007,2.0161
senegal,2007,478.6337185
singapore,2007,1.507101667
solomon islands,2007,7.652
sierra leone,2007,2.985185833
el salvador,2007,1.0
san marino,2007,0.7296724
"somalia, fed. rep.",2007,
serbia,2007,58.44956667
sub-saharan africa (excluding high income),2007,
south sudan,2007,
sub-saharan africa,2007,
small states,2007,
sao tome and principe,2007,13.536755
suriname,2007,2.745
slovak republic,2007,24.69433333
slovenia,2007,0.7296724
sweden,2007,6.75877
eswatini,2007,7.045365
sint maarten (dutch part),2007,
seychelles,2007,6.701059538
syrian arab republic,2007,11.225
turks and caicos islands,2007,1.0
chad,2007,478.6337185
east asia & pacific (ida & ibrd countries),2007,
europe & central asia (ida & ibrd countries),2007,
togo,2007,478.6337185
thailand,2007,34.51818059
tajikistan,2007,3.442483333
turkmenistan,2007,
latin america & the caribbean (ida & ibrd countries),2007,
timor-leste,2007,1.0
"middle east, north africa, afghanistan & pakistan (ida & ibrd)",2007,
tonga,2007,1.970933657
south asia (ida & ibrd),2007,
sub-saharan africa (ida & ibrd countries),2007,
trinidad and tobago,2007,6.328033333
tunisia,2007,1.281358333
turkiye,2007,1.302930905
tuvalu,2007,
tanzania,2007,1245.035464
uganda,2007,1723.491587
ukraine,2007,5.05
upper middle income,2007,
uruguay,2007,23.471025
united states,2007,1.0
uzbekistan,2007,
st. vincent and the grenadines,2007,2.7
"venezuela, rb",2007,2.147
british virgin islands,2007,
virgin islands (u.s.),2007,1.0
viet nam,2007,16105.125
vanuatu,2007,102.4375
world,2007,
samoa,2007,2.616572472
kosovo,2007,0.7296724
"yemen, rep.",2007,198.9533333
south africa,2007,7.045365
zambia,2007,4.001666667
zimbabwe,2007,9686.77167
aruba,2008,1.79
africa eastern and southern,2008,
afghanistan,2008,50.24961474
africa western and central,2008,
angola,2008,75.03335417
albania,2008,83.8946041
andorra,2008,
arab world,2008,
united arab emirates,2008,3.6725
argentina,2008,3.14416456
armenia,2008,305.9694003
american samoa,2008,1.0
antigua and barbuda,2008,2.7
australia,2008,1.192178333
austria,2008,0.67992268
azerbaijan,2008,0.821619579
burundi,2008,1185.690833
belgium,2008,0.67992268
benin,2008,446.0000414
burkina faso,2008,446.0000414
bangladesh,2008,68.598275
bulgaria,2008,1.337116667
bahrain,2008,0.376
"bahamas, the",2008,1.0
bosnia and herzegovina,2008,1.33519568
belarus,2008,0.21363975
belize,2008,2.0
bermuda,2008,1.0
bolivia,2008,7.238320699
brazil,2008,1.833766667
barbados,2008,2.0
brunei darussalam,2008,1.417166667
bhutan,2008,43.50518333
botswana,2008,6.826858333
central african republic,2008,446.0000414
canada,2008,1.067086918
central europe and the baltics,2008,
switzerland,2008,1.08309
channel islands,2008,0.54396625
chile,2008,522.4610358
china,2008,6.948655
cote d'ivoire,2008,446.0000414
cameroon,2008,446.0000414
"congo, dem. rep.",2008,559.2925083
"congo, rep.",2008,446.0000414
colombia,2008,1965.1375
comoros,2008,334.5000311
cabo verde,2008,75.33600384
costa rica,2008,526.2355134
caribbean small states,2008,
cuba,2008,
curacao,2008,
cayman islands,2008,0.83333
cyprus,2008,0.67992268
czechia,2008,17.07166667
germany,2008,0.67992268
djibouti,2008,177.721
dominica,2008,2.7
denmark,2008,5.098130833
dominican republic,2008,34.52936096
algeria,2008,64.5828
east asia & pacific (excluding high income),2008,
early-demographic dividend,2008,
east asia & pacific,2008,
europe & central asia (excluding high income),2008,
europe & central asia,2008,
ecuador,2008,1.0
"egypt, arab rep.",2008,5.4325
euro area,2008,0.67992268
eritrea,2008,15.375
spain,2008,0.67992268
estonia,2008,10.69444309
ethiopia,2008,9.599741667
european union,2008,
fragile and conflict affected situations,2008,
finland,2008,0.67992268
fiji,2008,1.594034411
france,2008,0.67992268
faroe islands,2008,5.098130833
"micronesia, fed. sts.",2008,1.0
gabon,2008,446.0000414
united kingdom,2008,0.54396625
georgia,2008,1.490791667
ghana,2008,1.052275
gibraltar,2008,0.54396625
guinea,2008,4601.691004
"gambia, the",2008,22.19235
guinea-bissau,2008,446.0000414
equatorial guinea,2008,446.0000414
greece,2008,0.67992268
grenada,2008,2.7
greenland,2008,5.098130833
guatemala,2008,7.560028333
guam,2008,1.0
guyana,2008,203.6333333
high income,2008,
"hong kong sar, china",2008,7.786833333
honduras,2008,18.90375833
heavily indebted poor countries (hipc),2008,
croatia,2008,4.93503975
haiti,2008,39.10759167
hungary,2008,172.1133333
ibrd only,2008,
ida & ibrd total,2008,
ida total,2008,
ida blend,2008,
indonesia,2008,9698.9625
ida only,2008,
isle of man,2008,0.54396625
india,2008,43.50518333
not classified,2008,
ireland,2008,0.67992268
"iran, islamic rep.",2008,9428.528261
iraq,2008,1193.083333
iceland,2008,87.94791667
israel,2008,3.588021194
italy,2008,0.67992268
jamaica,2008,72.75620341
jordan,2008,0.70966655
japan,2008,103.359494
kazakhstan,2008,120.2991667
kenya,2008,69.17531982
kyrgyz republic,2008,36.57459167
cambodia,2008,4054.166667
kiribati,2008,1.192178333
st. kitts and nevis,2008,2.7
"korea, rep.",2008,1100.125833
kuwait,2008,0.268828367
latin america & caribbean (excluding high income),2008,
lao pdr,2008,8740.181403
lebanon,2008,1507.5
liberia,2008,63.2075
libya,2008,1.223562393
st. lucia,2008,2.7
latin america & caribbean,2008,
least developed countries: un classification,2008,
low income,2008,
liechtenstein,2008,
sri lanka,2008,108.3337627
lower middle income,2008,
low & middle income,2008,
lesotho,2008,8.261223333
late-demographic dividend,2008,
lithuania,2008,2.357075
luxembourg,2008,0.67992268
latvia,2008,0.480816667
"macao sar, china",2008,8.020109917
st. martin (french part),2008,0.67992268
morocco,2008,7.750325
monaco,2008,0.67992268
moldova,2008,10.39204368
madagascar,2008,1708.370833
maldives,2008,12.8
"middle east, north africa, afghanistan & pakistan",2008,
mexico,2008,11.12971667
marshall islands,2008,1.0
middle income,2008,
north macedonia,2008,41.86768333
mali,2008,446.0000414
malta,2008,0.67992268
myanmar,2008,5.44145
"middle east, north africa, afghanistan & pakistan (excluding high income)",2008,
montenegro,2008,0.67992268
mongolia,2008,1165.804167
northern mariana islands,2008,1.0
mozambique,2008,24.30064247
mauritania,2008,23.82033333
mauritius,2008,28.4528375
malawi,2008,140.5216667
malaysia,2008,3.335833333
north america,2008,
namibia,2008,8.251741667
new caledonia,2008,81.13632928
niger,2008,446.0000414
nigeria,2008,118.5666667
nicaragua,2008,19.37189641
netherlands,2008,0.67992268
norway,2008,5.64
nepal,2008,69.761695
nauru,2008,1.192178333
new zealand,2008,1.42272681
oecd members,2008,
oman,2008,0.3845
other small states,2008,
pakistan,2008,70.40803333
panama,2008,1.0
peru,2008,2.924408333
philippines,2008,44.32328761
palau,2008,1.0
papua new guinea,2008,2.700088333
poland,2008,2.409241667
pre-demographic dividend,2008,
puerto rico (us),2008,1.0
"korea, dem. people's rep.",2008,
portugal,2008,0.67992268
paraguay,2008,4363.291608
west bank and gaza,2008,
pacific island small states,2008,
post-demographic dividend,2008,
french polynesia,2008,81.13632928
qatar,2008,3.64
romania,2008,2.518858333
russian federation,2008,24.852875
rwanda,2008,546.8486532
south asia,2008,
saudi arabia,2008,3.75
sudan,2008,2.090162829
senegal,2008,446.0000414
singapore,2008,1.414860833
solomon islands,2008,7.747916667
sierra leone,2008,2.981515
el salvador,2008,1.0
san marino,2008,0.67992268
"somalia, fed. rep.",2008,
serbia,2008,55.72925
sub-saharan africa (excluding high income),2008,
south sudan,2008,
sub-saharan africa,2008,
small states,2008,
sao tome and principe,2008,14.69520167
suriname,2008,2.745
slovak republic,2008,21.36141667
slovenia,2008,0.67992268
sweden,2008,6.591099167
eswatini,2008,8.261223333
sint maarten (dutch part),2008,
seychelles,2008,9.457243283
syrian arab republic,2008,11.225
turks and caicos islands,2008,1.0
chad,2008,446.0000414
east asia & pacific (ida & ibrd countries),2008,
europe & central asia (ida & ibrd countries),2008,
togo,2008,446.0000414
thailand,2008,33.31330064
tajikistan,2008,3.430725
turkmenistan,2008,
latin america & the caribbean (ida & ibrd countries),2008,
timor-leste,2008,1.0
"middle east, north africa, afghanistan & pakistan (ida & ibrd)",2008,
tonga,2008,1.942444257
south asia (ida & ibrd),2008,
sub-saharan africa (ida & ibrd countries),2008,
trinidad and tobago,2008,6.289433333
tunisia,2008,1.232141667
turkiye,2008,1.301521703
tuvalu,2008,
tanzania,2008,1196.310709
uganda,2008,1720.443879
ukraine,2008,5.267221417
upper middle income,2008,
uruguay,2008,20.94931667
united states,2008,1.0
uzbekistan,2008,
st. vincent and the grenadines,2008,2.7
"venezuela, rb",2008,2.147
british virgin islands,2008,
virgin islands (u.s.),2008,1.0
viet nam,2008,16302.25
vanuatu,2008,101.3341667
world,2008,
samoa,2008,2.64417628
kosovo,2008,0.67992268
"yemen, rep.",2008,199.7641667
south africa,2008,8.261223333
zambia,2008,3.745
zimbabwe,2008,6723052073.0
aruba,2009,1.79
africa eastern and southern,2009,
afghanistan,2009,50.325
africa western and central,2009,
angola,2009,79.32816667
albania,2009,94.97811982
andorra,2009,
arab world,2009,
united arab emirates,2009,3.6725
argentina,2009,3.710106831
armenia,2009,363.2832856
american samoa,2009,1.0
antigua and barbuda,2009,2.7
australia,2009,1.28218881
austria,2009,0.716957702
azerbaijan,2009,0.803783333
burundi,2009,1230.179167
belgium,2009,0.716957702
benin,2009,470.2934233
burkina faso,2009,470.2934233
bangladesh,2009,69.03906667
bulgaria,2009,1.406691667
bahrain,2009,0.376
"bahamas, the",2009,1.0
bosnia and herzegovina,2009,1.407891238
belarus,2009,0.279304922
belize,2009,2.0
bermuda,2009,1.0
bolivia,2009,7.02
brazil,2009,1.999428173
barbados,2009,2.0
brunei darussalam,2009,1.454569273
bhutan,2009,48.40526667
botswana,2009,7.155141667
central african republic,2009,470.2934233
canada,2009,1.141535406
central europe and the baltics,2009,
switzerland,2009,1.088141696
channel islands,2009,0.641919263
chile,2009,560.8598948
china,2009,6.831416052
cote d'ivoire,2009,470.2934233
cameroon,2009,470.2934233
"congo, dem. rep.",2009,809.7858333
"congo, rep.",2009,470.2934233
colombia,2009,2157.598333
comoros,2009,352.7200675
cabo verde,2009,80.03541773
costa rica,2009,573.2879567
caribbean small states,2009,
cuba,2009,
curacao,2009,
cayman islands,2009,0.83333
cyprus,2009,0.716957702
czechia,2009,19.063
germany,2009,0.716957702
djibouti,2009,177.721
dominica,2009,2.7
denmark,2009,5.360866667
dominican republic,2009,35.97186555
algeria,2009,72.64741667
east asia & pacific (excluding high income),2009,
early-demographic dividend,2009,
east asia & pacific,2009,
europe & central asia (excluding high income),2009,
europe & central asia,2009,
ecuador,2009,1.0
"egypt, arab rep.",2009,5.544553309
euro area,2009,0.716957702
eritrea,2009,15.375
spain,2009,0.716957702
estonia,2009,11.25743089
ethiopia,2009,11.77759967
european union,2009,
fragile and conflict affected situations,2009,
finland,2009,0.716957702
fiji,2009,1.958095035
france,2009,0.716957702
faroe islands,2009,5.360866667
"micronesia, fed. sts.",2009,1.0
gabon,2009,470.2934233
united kingdom,2009,0.641919263
georgia,2009,1.670487097
ghana,2009,1.404966667
gibraltar,2009,0.641919263
guinea,2009,4801.083238
"gambia, the",2009,26.6443612
guinea-bissau,2009,470.2934233
equatorial guinea,2009,470.2934233
greece,2009,0.716957702
grenada,2009,2.7
greenland,2009,5.360866667
guatemala,2009,8.161555417
guam,2009,1.0
guyana,2009,203.95
high income,2009,
"hong kong sar, china",2009,7.75175
honduras,2009,18.8951
heavily indebted poor countries (hipc),2009,
croatia,2009,5.283946417
haiti,2009,41.19760833
hungary,2009,202.3416667
ibrd only,2009,
ida & ibrd total,2009,
ida total,2009,
ida blend,2009,
indonesia,2009,10389.9375
ida only,2009,
isle of man,2009,0.641919263
india,2009,48.40526667
not classified,2009,
ireland,2009,0.716957702
"iran, islamic rep.",2009,9864.302456
iraq,2009,1170.0
iceland,2009,123.6383814
israel,2009,3.932335478
italy,2009,0.716957702
jamaica,2009,87.89411981
jordan,2009,0.71
japan,2009,93.57008909
kazakhstan,2009,147.4966667
kenya,2009,77.3520123
kyrgyz republic,2009,42.90410833
cambodia,2009,4139.333333
kiribati,2009,1.28218881
st. kitts and nevis,2009,2.7
"korea, rep.",2009,1277.245833
kuwait,2009,0.287785417
latin america & caribbean (excluding high income),2009,
lao pdr,2009,8511.351163
lebanon,2009,1507.5
liberia,2009,68.28666667
libya,2009,1.253534489
st. lucia,2009,2.7
latin america & caribbean,2009,
least developed countries: un classification,2009,
low income,2009,
liechtenstein,2009,
sri lanka,2009,114.9447833
lower middle income,2009,
low & middle income,2009,
lesotho,2009,8.473674158
late-demographic dividend,2009,
lithuania,2009,2.484033333
luxembourg,2009,0.716957702
latvia,2009,0.50555
"macao sar, china",2009,7.984283333
st. martin (french part),2009,0.716957702
morocco,2009,8.0571
monaco,2009,0.716957702
moldova,2009,11.10957543
madagascar,2009,1956.205833
maldives,2009,12.8
"middle east, north africa, afghanistan & pakistan",2009,
mexico,2009,13.513475
marshall islands,2009,1.0
middle income,2009,
north macedonia,2009,44.100575
mali,2009,470.2934233
malta,2009,0.716957702
myanmar,2009,5.576366667
"middle east, north africa, afghanistan & pakistan (excluding high income)",2009,
montenegro,2009,0.716957702
mongolia,2009,1437.795
northern mariana islands,2009,1.0
mozambique,2009,27.51829996
mauritania,2009,26.23658333
mauritius,2009,31.9598
malawi,2009,141.1683333
malaysia,2009,3.524502911
north america,2009,
namibia,2009,8.522819833
new caledonia,2009,85.55578141
niger,2009,470.2934233
nigeria,2009,148.88
nicaragua,2009,20.33948187
netherlands,2009,0.716957702
norway,2009,6.288333333
nepal,2009,77.57343074
nauru,2009,1.28218881
new zealand,2009,1.600877295
oecd members,2009,
oman,2009,0.3845
other small states,2009,
pakistan,2009,81.71289167
panama,2009,1.0
peru,2009,3.011508333
philippines,2009,47.67968845
palau,2009,1.0
papua new guinea,2009,2.755143333
poland,2009,3.120141667
pre-demographic dividend,2009,
puerto rico (us),2009,1.0
"korea, dem. people's rep.",2009,
portugal,2009,0.716957702
paraguay,2009,4966.682297
west bank and gaza,2009,
pacific island small states,2009,
post-demographic dividend,2009,
french polynesia,2009,85.55578141
qatar,2009,3.64
romania,2009,3.049325
russian federation,2009,31.74035833
rwanda,2009,568.2813268
south asia,2009,
saudi arabia,2009,3.75
sudan,2009,2.301533333
senegal,2009,470.2934233
singapore,2009,1.454514713
solomon islands,2009,8.055041667
sierra leone,2009,3.38565
el salvador,2009,1.0
san marino,2009,0.716957702
"somalia, fed. rep.",2009,31558.90548
serbia,2009,67.60493333
sub-saharan africa (excluding high income),2009,
south sudan,2009,
sub-saharan africa,2009,
small states,2009,
sao tome and principe,2009,16.20845125
suriname,2009,2.745
slovak republic,2009,0.716957702
slovenia,2009,0.716957702
sweden,2009,7.653819167
eswatini,2009,8.473674158
sint maarten (dutch part),2009,
seychelles,2009,13.60994045
syrian arab republic,2009,11.225
turks and caicos islands,2009,1.0
chad,2009,470.2934233
east asia & pacific (ida & ibrd countries),2009,
europe & central asia (ida & ibrd countries),2009,
togo,2009,470.2934233
thailand,2009,34.28577412
tajikistan,2009,4.142708333
turkmenistan,2009,
latin america & the caribbean (ida & ibrd countries),2009,
timor-leste,2009,1.0
"middle east, north africa, afghanistan & pakistan (ida & ibrd)",2009,
tonga,2009,2.034493613
south asia (ida & ibrd),2009,
sub-saharan africa (ida & ibrd countries),2009,
trinidad and tobago,2009,6.324908333
tunisia,2009,1.350275
turkiye,2009,1.549959776
tuvalu,2009,
tanzania,2009,1320.312061
uganda,2009,2030.488074
ukraine,2009,7.791240333
upper middle income,2009,
uruguay,2009,22.56798333
united states,2009,1.0
uzbekistan,2009,
st. vincent and the grenadines,2009,2.7
"venezuela, rb",2009,2.147
british virgin islands,2009,
virgin islands (u.s.),2009,1.0
viet nam,2009,17065.08333
vanuatu,2009,106.7408333
world,2009,
samoa,2009,2.73077851
kosovo,2009,0.716957702
"yemen, rep.",2009,202.8466667
south africa,2009,8.473674158
zambia,2009,5.045
zimbabwe,2009,
aruba,2010,1.79
africa eastern and southern,2010,
afghanistan,2010,46.452461
africa western and central,2010,
angola,2010,91.90572034
albania,2010,103.9366667
andorra,2010,
arab world,2010,
united arab emirates,2010,3.6725
argentina,2010,3.896295154
armenia,2010,373.6604667
american samoa,2010,1.0
antigua and barbuda,2010,2.7
australia,2010,1.090159486
austria,2010,0.75430899
azerbaijan,2010,0.80265
burundi,2010,1230.748333
belgium,2010,0.75430899
benin,2010,494.7942622
burkina faso,2010,494.7942622
bangladesh,2010,69.64929167
bulgaria,2010,1.477391667
bahrain,2010,0.376
"bahamas, the",2010,1.0
bosnia and herzegovina,2010,1.476739568
belarus,2010,0.297851
belize,2010,2.0
bermuda,2010,1.0
bolivia,2010,7.016666667
brazil,2010,1.759226711
barbados,2010,2.0
brunei darussalam,2010,1.363509474
bhutan,2010,45.72581212
botswana,2010,6.793625
central african republic,2010,494.7942622
canada,2010,1.030112735
central europe and the baltics,2010,
switzerland,2010,1.042905646
channel islands,2010,0.647179346
chile,2010,510.2491667
china,2010,6.770269029
cote d'ivoire,2010,494.7942622
cameroon,2010,494.7942622
"congo, dem. rep.",2010,905.9134583
"congo, rep.",2010,494.7942622
colombia,2010,1898.9975
comoros,2010,371.0956967
cabo verde,2010,83.27868938
costa rica,2010,525.8292007
caribbean small states,2010,
cuba,2010,
curacao,2010,
cayman islands,2010,0.83333
cyprus,2010,0.75430899
czechia,2010,19.09825
germany,2010,0.75430899
djibouti,2010,177.721
dominica,2010,2.7
denmark,2010,5.624075
dominican republic,2010,36.82129187
algeria,2010,74.38598333
east asia & pacific (excluding high income),2010,
early-demographic dividend,2010,
east asia & pacific,2010,
europe & central asia (excluding high income),2010,
europe & central asia,2010,
ecuador,2010,1.0
"egypt, arab rep.",2010,5.621942918
euro area,2010,0.75430899
eritrea,2010,15.375
spain,2010,0.75430899
estonia,2010,11.80684823
ethiopia,2010,14.40958981
european union,2010,
fragile and conflict affected situations,2010,
finland,2010,0.75430899
fiji,2010,1.918508678
france,2010,0.75430899
faroe islands,2010,5.624075
"micronesia, fed. sts.",2010,1.0
gabon,2010,494.7942622
united kingdom,2010,0.647179346
georgia,2010,1.782341667
ghana,2010,1.429983333
gibraltar,2010,0.647179346
guinea,2010,5726.071021
"gambia, the",2010,28.01195366
guinea-bissau,2010,494.7942622
equatorial guinea,2010,494.7942622
greece,2010,0.75430899
grenada,2010,2.7
greenland,2010,5.624075
guatemala,2010,8.057770833
guam,2010,1.0
guyana,2010,203.6358333
high income,2010,
"hong kong sar, china",2010,7.769166667
honduras,2010,18.8951
heavily indebted poor countries (hipc),2010,
croatia,2010,5.498010583
haiti,2010,39.7974
hungary,2010,207.9441667
ibrd only,2010,
ida & ibrd total,2010,
ida total,2010,
ida blend,2010,
indonesia,2010,9090.433333
ida only,2010,
isle of man,2010,0.647179346
india,2010,45.72581212
not classified,2010,
ireland,2010,0.75430899
"iran, islamic rep.",2010,10254.17647
iraq,2010,1170.0
iceland,2010,122.2418112
israel,2010,3.738975
italy,2010,0.75430899
jamaica,2010,87.19614633
jordan,2010,0.71
japan,2010,87.779875
kazakhstan,2010,147.355
kenya,2010,79.2331517
kyrgyz republic,2010,45.9642614
cambodia,2010,4184.916667
kiribati,2010,1.090159486
st. kitts and nevis,2010,2.7
"korea, rep.",2010,1156.46
kuwait,2010,0.286606592
latin america & caribbean (excluding high income),2010,
lao pdr,2010,8254.16303
lebanon,2010,1507.5
liberia,2010,71.40333333
libya,2010,1.26678941
st. lucia,2010,2.7
latin america & caribbean,2010,
least developed countries: un classification,2010,
low income,2010,
liechtenstein,2010,
sri lanka,2010,113.0644804
lower middle income,2010,
low & middle income,2010,
lesotho,2010,7.321221961
late-demographic dividend,2010,
lithuania,2010,2.606333333
luxembourg,2010,0.75430899
latvia,2010,0.530475
"macao sar, china",2010,8.002216667
st. martin (french part),2010,0.75430899
morocco,2010,8.417158333
monaco,2010,0.75430899
moldova,2010,12.36926096
madagascar,2010,2089.95
maldives,2010,12.8
"middle east, north africa, afghanistan & pakistan",2010,
mexico,2010,12.63600833
marshall islands,2010,1.0
middle income,2010,
north macedonia,2010,46.48539167
mali,2010,494.7942622
malta,2010,0.75430899
myanmar,2010,5.634883333
"middle east, north africa, afghanistan & pakistan (excluding high income)",2010,
montenegro,2010,0.75430899
mongolia,2010,1357.064167
northern mariana islands,2010,1.0
mozambique,2010,33.9600988
mauritania,2010,27.58941667
mauritius,2010,30.7844
malawi,2010,150.4858333
malaysia,2010,3.221086915
north america,2010,
namibia,2010,7.33025
new caledonia,2010,90.01297411
niger,2010,494.7942622
nigeria,2010,150.2975
nicaragua,2010,21.35644868
netherlands,2010,0.75430899
norway,2010,6.044166667
nepal,2010,73.26235902
nauru,2010,1.090159486
new zealand,2010,1.387833828
oecd members,2010,
oman,2010,0.3845
other small states,2010,
pakistan,2010,85.19381633
panama,2010,1.0
peru,2010,2.825125
philippines,2010,45.10966418
palau,2010,1.0
papua new guinea,2010,2.719294167
poland,2010,3.0153
pre-demographic dividend,2010,
puerto rico (us),2010,1.0
"korea, dem. people's rep.",2010,
portugal,2010,0.75430899
paraguay,2010,4758.430129
west bank and gaza,2010,
pacific island small states,2010,
post-demographic dividend,2010,
french polynesia,2010,90.01297411
qatar,2010,3.64
romania,2010,3.1779
russian federation,2010,30.36791534
rwanda,2010,583.1309066
south asia,2010,
saudi arabia,2010,3.75
sudan,2010,2.30600092
senegal,2010,494.7942622
singapore,2010,1.363508333
solomon islands,2010,8.064501344
sierra leone,2010,3.978086667
el salvador,2010,1.0
san marino,2010,0.75430899
"somalia, fed. rep.",2010,31269.66257
serbia,2010,77.72284167
sub-saharan africa (excluding high income),2010,
south sudan,2010,
sub-saharan africa,2010,
small states,2010,
sao tome and principe,2010,18.49860132
suriname,2010,2.745416667
slovak republic,2010,0.75430899
slovenia,2010,0.75430899
sweden,2010,7.207524167
eswatini,2010,7.321221961
sint maarten (dutch part),2010,
seychelles,2010,12.06775664
syrian arab republic,2010,11.225
turks and caicos islands,2010,1.0
chad,2010,494.7942622
east asia & pacific (ida & ibrd countries),2010,
europe & central asia (ida & ibrd countries),2010,
togo,2010,494.7942622
thailand,2010,31.685705
tajikistan,2010,4.378966667
turkmenistan,2010,
latin america & the caribbean (ida & ibrd countries),2010,
timor-leste,2010,1.0
"middle east, north africa, afghanistan & pakistan (ida & ibrd)",2010,
tonga,2010,1.905987842
south asia (ida & ibrd),2010,
sub-saharan africa (ida & ibrd countries),2010,
trinidad and tobago,2010,6.375508333
tunisia,2010,1.4314
turkiye,2010,1.50284863
tuvalu,2010,
tanzania,2010,1395.625
uganda,2010,2177.557507
ukraine,2010,7.935639417
upper middle income,2010,
uruguay,2010,20.059275
united states,2010,1.0
uzbekistan,2010,
st. vincent and the grenadines,2010,2.7
"venezuela, rb",2010,2.582060317
british virgin islands,2010,
virgin islands (u.s.),2010,1.0
viet nam,2010,18612.91667
vanuatu,2010,96.90583333
world,2010,
samoa,2010,2.484656585
kosovo,2010,0.75430899
"yemen, rep.",2010,219.59
south africa,2010,7.321221961
zambia,2010,4.7975
zimbabwe,2010,
aruba,2011,1.79
africa eastern and southern,2011,
afghanistan,2011,46.74700774
africa western and central,2011,
angola,2011,93.93475
albania,2011,100.8958333
andorra,2011,
arab world,2011,
united arab emirates,2011,3.6725
argentina,2011,4.110139576
armenia,2011,372.5008824
american samoa,2011,1.0
antigua and barbuda,2011,2.7
australia,2011,0.969463201
austria,2011,0.718413899
azerbaijan,2011,0.789686389
burundi,2011,1261.073333
belgium,2011,0.718413899
benin,2011,471.2486257
burkina faso,2011,471.2486257
bangladesh,2011,74.1524
bulgaria,2011,1.406458333
bahrain,2011,0.376
"bahamas, the",2011,1.0
bosnia and herzegovina,2011,1.406936586
belarus,2011,0.497463333
belize,2011,2.0
bermuda,2011,1.0
bolivia,2011,6.9369625
brazil,2011,1.672828755
barbados,2011,2.0
brunei darussalam,2011,1.25791302
bhutan,2011,46.67046667
botswana,2011,6.838233333
central african republic,2011,471.2486257
canada,2011,0.989258159
central europe and the baltics,2011,
switzerland,2011,0.888042028
channel islands,2011,0.624140836
chile,2011,483.6675
china,2011,6.461461327
cote d'ivoire,2011,471.2486257
cameroon,2011,471.2486257
"congo, dem. rep.",2011,919.4913
"congo, rep.",2011,471.2486257
colombia,2011,1848.016667
comoros,2011,353.4364693
cabo verde,2011,79.27688148
costa rica,2011,505.6642399
caribbean small states,2011,
cuba,2011,
curacao,2011,1.79
cayman islands,2011,0.83333
cyprus,2011,0.718413899
czechia,2011,17.69591667
germany,2011,0.718413899
djibouti,2011,177.721
dominica,2011,2.7
denmark,2011,5.368711535
dominican republic,2011,38.08758487
algeria,2011,72.93788333
east asia & pacific (excluding high income),2011,
early-demographic dividend,2011,
east asia & pacific,2011,
europe & central asia (excluding high income),2011,
europe & central asia,2011,
ecuador,2011,1.0
"egypt, arab rep.",2011,5.932827652
euro area,2011,0.718413899
eritrea,2011,15.375
spain,2011,0.718413899
estonia,2011,0.718413899
ethiopia,2011,16.89922576
european union,2011,
fragile and conflict affected situations,2011,
finland,2011,0.718413899
fiji,2011,1.790883831
france,2011,0.718413899
faroe islands,2011,5.368711535
"micronesia, fed. sts.",2011,1.0
gabon,2011,471.2486257
united kingdom,2011,0.624140836
georgia,2011,1.68649543
ghana,2011,1.520625
gibraltar,2011,0.624140836
guinea,2011,6658.031258
"gambia, the",2011,29.46152006
guinea-bissau,2011,471.2486257
equatorial guinea,2011,471.2486257
greece,2011,0.718413899
grenada,2011,2.7
greenland,2011,5.368711535
guatemala,2011,7.785418333
guam,2011,1.0
guyana,2011,204.0175
high income,2011,
"hong kong sar, china",2011,7.784
honduras,2011,18.91714167
heavily indebted poor countries (hipc),2011,
croatia,2011,5.34386975
haiti,2011,40.52282194
hungary,2011,201.055
ibrd only,2011,
ida & ibrd total,2011,
ida total,2011,
ida blend,2011,
indonesia,2011,8770.433333
ida only,2011,
isle of man,2011,0.624140836
india,2011,46.67046667
not classified,2011,
ireland,2011,0.718413899
"iran, islamic rep.",2011,10616.30664
iraq,2011,1170.0
iceland,2011,115.9540398
israel,2011,3.578129306
italy,2011,0.718413899
jamaica,2011,85.8934632
jordan,2011,0.71
japan,2011,79.80701983
kazakhstan,2011,146.6208333
kenya,2011,88.81076997
kyrgyz republic,2011,46.14390132
cambodia,2011,4058.5
kiribati,2011,0.969463201
st. kitts and nevis,2011,2.7
"korea, rep.",2011,1108.233333
kuwait,2011,0.275978944
latin america & caribbean (excluding high income),2011,
lao pdr,2011,8029.262555
lebanon,2011,1507.5
liberia,2011,72.22666667
libya,2011,1.224152495
st. lucia,2011,2.7
latin america & caribbean,2011,
least developed countries: un classification,2011,
low income,2011,
liechtenstein,2011,
sri lanka,2011,110.5652079
lower middle income,2011,
low & middle income,2011,
lesotho,2011,7.261132132
late-demographic dividend,2011,
lithuania,2011,2.4811
luxembourg,2011,0.718413899
latvia,2011,0.501233333
"macao sar, china",2011,8.018208333
st. martin (french part),2011,0.718413899
morocco,2011,8.089875
monaco,2011,0.718413899
moldova,2011,11.73861249
madagascar,2011,2025.1175
maldives,2011,14.6020084
"middle east, north africa, afghanistan & pakistan",2011,
mexico,2011,12.423325
marshall islands,2011,1.0
middle income,2011,
north macedonia,2011,44.230825
mali,2011,471.2486257
malta,2011,0.718413899
myanmar,2011,5.444108333
"middle east, north africa, afghanistan & pakistan (excluding high income)",2011,
montenegro,2011,0.718413899
mongolia,2011,1265.515833
northern mariana islands,2011,1.0
mozambique,2011,29.06759993
mauritania,2011,28.11183333
mauritius,2011,28.70595
malawi,2011,156.5158333
malaysia,2011,3.060003011
north america,2011,
namibia,2011,7.300025
new caledonia,2011,85.72955183
niger,2011,471.2486257
nigeria,2011,153.8625
nicaragua,2011,22.42427062
netherlands,2011,0.718413899
norway,2011,5.604607307
nepal,2011,74.02
nauru,2011,0.969463201
new zealand,2011,1.265810697
oecd members,2011,
oman,2011,0.3845
other small states,2011,
pakistan,2011,86.34338333
panama,2011,1.0
peru,2011,2.7541
philippines,2011,43.31313692
palau,2011,1.0
papua new guinea,2011,2.370969949
poland,2011,2.962847778
pre-demographic dividend,2011,
puerto rico (us),2011,1.0
"korea, dem. people's rep.",2011,
portugal,2011,0.718413899
paraguay,2011,4193.802308
west bank and gaza,2011,
pacific island small states,2011,
post-demographic dividend,2011,
french polynesia,2011,85.72955183
qatar,2011,3.64
romania,2011,3.048608333
russian federation,2011,29.38234137
rwanda,2011,600.3065198
south asia,2011,
saudi arabia,2011,3.75
sudan,2011,2.666619622
senegal,2011,471.2486257
singapore,2011,1.257775877
solomon islands,2011,7.64125903
sierra leone,2011,4.349161667
el salvador,2011,1.0
san marino,2011,0.718413899
"somalia, fed. rep.",2011,29966.83544
serbia,2011,73.35543333
sub-saharan africa (excluding high income),2011,
south sudan,2011,2.98895
sub-saharan africa,2011,
small states,2011,
sao tome and principe,2011,17.62293501
suriname,2011,3.268
slovak republic,2011,0.718413899
slovenia,2011,0.718413899
sweden,2011,6.493543333
eswatini,2011,7.261132132
sint maarten (dutch part),2011,1.79
seychelles,2011,12.38103191
syrian arab republic,2011,48.33666667
turks and caicos islands,2011,1.0
chad,2011,471.2486257
east asia & pacific (ida & ibrd countries),2011,
europe & central asia (ida & ibrd countries),2011,
togo,2011,471.2486257
thailand,2011,30.49173333
tajikistan,2011,4.610183333
turkmenistan,2011,
latin america & the caribbean (ida & ibrd countries),2011,
timor-leste,2011,1.0
"middle east, north africa, afghanistan & pakistan (ida & ibrd)",2011,
tonga,2011,1.72895071
south asia (ida & ibrd),2011,
sub-saharan africa (ida & ibrd countries),2011,
trinidad and tobago,2011,6.409300706
tunisia,2011,1.407783333
turkiye,2011,1.674954552
tuvalu,2011,
tanzania,2011,1557.433333
uganda,2011,2522.802033
ukraine,2011,7.967562833
upper middle income,2011,
uruguay,2011,19.31420833
united states,2011,1.0
uzbekistan,2011,
st. vincent and the grenadines,2011,2.7
"venezuela, rb",2011,4.2893
british virgin islands,2011,
virgin islands (u.s.),2011,1.0
viet nam,2011,20509.75
vanuatu,2011,89.46916667
world,2011,
samoa,2011,2.317472012
kosovo,2011,0.718413899
"yemen, rep.",2011,213.8
south africa,2011,7.261132132
zambia,2011,4.861666667
zimbabwe,2011,
aruba,2012,1.79
africa eastern and southern,2012,
afghanistan,2012,50.9214
africa western and central,2012,
angola,2012,95.46795542
albania,2012,108.1841667
andorra,2012,
arab world,2012,
united arab emirates,2012,3.6725
argentina,2012,4.53693436
armenia,2012,401.7639756
american samoa,2012,1.0
antigua and barbuda,2012,2.7
australia,2012,0.965801031
austria,2012,0.77833812
azerbaijan,2012,0.785645349
burundi,2012,1442.505625
belgium,2012,0.77833812
benin,2012,510.5563385
burkina faso,2012,510.5563385
bangladesh,2012,81.86265833
bulgaria,2012,1.52205
bahrain,2012,0.376
"bahamas, the",2012,1.0
bosnia and herzegovina,2012,1.522209974
belarus,2012,0.833689833
belize,2012,2.0
bermuda,2012,1.0
bolivia,2012,6.91
brazil,2012,1.953068611
barbados,2012,2.0
brunei darussalam,2012,1.249567016
bhutan,2012,53.43723333
botswana,2012,7.640525
central african republic,2012,510.5563385
canada,2012,0.999364744
central europe and the baltics,2012,
switzerland,2012,0.937684481
channel islands,2012,0.633046989
chile,2012,486.4713034
china,2012,6.312332827
cote d'ivoire,2012,510.5563385
cameroon,2012,510.5563385
"congo, dem. rep.",2012,919.7550167
"congo, rep.",2012,510.5563385
colombia,2012,1798.011667
comoros,2012,382.9172538
cabo verde,2012,86.31895418
costa rica,2012,502.901462
caribbean small states,2012,
cuba,2012,
curacao,2012,1.79
cayman islands,2012,0.83333
cyprus,2012,0.77833812
czechia,2012,19.5775
germany,2012,0.77833812
djibouti,2012,177.721
dominica,2012,2.7
denmark,2012,5.792475537
dominican republic,2012,39.32030084
algeria,2012,77.53596667
east asia & pacific (excluding high income),2012,
early-demographic dividend,2012,
east asia & pacific,2012,
europe & central asia (excluding high income),2012,
europe & central asia,2012,
ecuador,2012,1.0
"egypt, arab rep.",2012,6.056058333
euro area,2012,0.77833812
eritrea,2012,15.375
spain,2012,0.77833812
estonia,2012,0.77833812
ethiopia,2012,17.70476138
european union,2012,
fragile and conflict affected situations,2012,
finland,2012,0.77833812
fiji,2012,1.789892817
france,2012,0.77833812
faroe islands,2012,5.792475537
"micronesia, fed. sts.",2012,1.0
gabon,2012,510.5563385
united kingdom,2012,0.633046989
georgia,2012,1.651258333
ghana,2012,1.824866667
gibraltar,2012,0.633046989
guinea,2012,6985.829026
"gambia, the",2012,32.07713389
guinea-bissau,2012,510.5563385
equatorial guinea,2012,510.5563385
greece,2012,0.77833812
grenada,2012,2.7
greenland,2012,5.792475537
guatemala,2012,7.833605417
guam,2012,1.0
guyana,2012,204.3583333
high income,2012,
"hong kong sar, china",2012,7.756416667
honduras,2012,19.50224951
heavily indebted poor countries (hipc),2012,
croatia,2012,5.850291833
haiti,2012,41.94972295
hungary,2012,225.1041667
ibrd only,2012,
ida & ibrd total,2012,
ida total,2012,
ida blend,2012,
indonesia,2012,9386.629167
ida only,2012,
isle of man,2012,0.633046989
india,2012,53.43723333
not classified,2012,
ireland,2012,0.77833812
"iran, islamic rep.",2012,12175.54722
iraq,2012,1166.166667
iceland,2012,125.082787
israel,2012,3.855921825
italy,2012,0.77833812
jamaica,2012,88.74980239
jordan,2012,0.71
japan,2012,79.79045542
kazakhstan,2012,149.1125
kenya,2012,84.52960176
kyrgyz republic,2012,47.00447914
cambodia,2012,4033.0
kiribati,2012,0.965801031
st. kitts and nevis,2012,2.7
"korea, rep.",2012,1126.806667
kuwait,2012,0.279935558
latin america & caribbean (excluding high income),2012,
lao pdr,2012,8006.582032
lebanon,2012,1507.5
liberia,2012,73.51477208
libya,2012,1.261659638
st. lucia,2012,2.7
latin america & caribbean,2012,
least developed countries: un classification,2012,
low income,2012,
liechtenstein,2012,
sri lanka,2012,127.6033535
lower middle income,2012,
low & middle income,2012,
lesotho,2012,8.209968627
late-demographic dividend,2012,
lithuania,2012,2.686291667
luxembourg,2012,0.77833812
latvia,2012,0.546875
"macao sar, china",2012,7.9898635
st. martin (french part),2012,0.77833812
morocco,2012,8.628444583
monaco,2012,0.77833812
moldova,2012,12.11143682
madagascar,2012,2194.966667
maldives,2012,15.36483532
"middle east, north africa, afghanistan & pakistan",2012,
mexico,2012,13.16945833
marshall islands,2012,1.0
middle income,2012,
north macedonia,2012,47.89025
mali,2012,510.5563385
malta,2012,0.77833812
myanmar,2012,640.6534167
"middle east, north africa, afghanistan & pakistan (excluding high income)",2012,
montenegro,2012,0.77833812
mongolia,2012,1357.58
northern mariana islands,2012,1.0
mozambique,2012,28.37298448
mauritania,2012,29.662
mauritius,2012,30.04997167
malawi,2012,249.1066667
malaysia,2012,3.088800867
north america,2012,
namibia,2012,8.193770833
new caledonia,2012,92.88041108
niger,2012,510.5563385
nigeria,2012,157.5
nicaragua,2012,23.54666353
netherlands,2012,0.77833812
norway,2012,5.8175
nepal,2012,85.22575599
nauru,2012,0.965801031
new zealand,2012,1.234283655
oecd members,2012,
oman,2012,0.3845
other small states,2012,
pakistan,2012,93.39519722
panama,2012,1.0
peru,2012,2.637586418
philippines,2012,42.22879473
palau,2012,1.0
papua new guinea,2012,2.083648339
poland,2012,3.256541667
pre-demographic dividend,2012,
puerto rico (us),2012,1.0
"korea, dem. people's rep.",2012,
portugal,2012,0.77833812
paraguay,2012,4421.659286
west bank and gaza,2012,
pacific island small states,2012,
post-demographic dividend,2012,
french polynesia,2012,92.88041108
qatar,2012,3.64
romania,2012,3.4682
russian federation,2012,30.83983135
rwanda,2012,614.2951424
south asia,2012,
saudi arabia,2012,3.75
sudan,2012,3.572958333
senegal,2012,510.5563385
singapore,2012,1.249676204
solomon islands,2012,7.355202847
sierra leone,2012,4.344036667
el salvador,2012,1.0
san marino,2012,0.77833812
"somalia, fed. rep.",2012,22516.0003
serbia,2012,87.95880833
sub-saharan africa (excluding high income),2012,
south sudan,2012,2.95
sub-saharan africa,2012,
small states,2012,
sao tome and principe,2012,19.06841681
suriname,2012,3.3
slovak republic,2012,0.77833812
slovenia,2012,0.77833812
sweden,2012,6.775015833
eswatini,2012,8.209968627
sint maarten (dutch part),2012,1.79
seychelles,2012,13.70403121
syrian arab republic,2012,64.58083333
turks and caicos islands,2012,1.0
chad,2012,510.5563385
east asia & pacific (ida & ibrd countries),2012,
europe & central asia (ida & ibrd countries),2012,
togo,2012,510.5563385
thailand,2012,31.08309167
tajikistan,2012,4.737708333
turkmenistan,2012,
latin america & the caribbean (ida & ibrd countries),2012,
timor-leste,2012,1.0
"middle east, north africa, afghanistan & pakistan (ida & ibrd)",2012,
tonga,2012,1.719507016
south asia (ida & ibrd),2012,
sub-saharan africa (ida & ibrd countries),2012,
trinidad and tobago,2012,6.429602656
tunisia,2012,1.561891667
turkiye,2012,1.796000944
tuvalu,2012,
tanzania,2012,1571.698333
uganda,2012,2504.563078
ukraine,2012,7.991029333
upper middle income,2012,
uruguay,2012,20.310575
united states,2012,1.0
uzbekistan,2012,
st. vincent and the grenadines,2012,2.7
"venezuela, rb",2012,4.2893
british virgin islands,2012,
virgin islands (u.s.),2012,1.0
viet nam,2012,20828.0
vanuatu,2012,92.6375
world,2012,
samoa,2012,2.29231195
kosovo,2012,0.77833812
"yemen, rep.",2012,214.3491667
south africa,2012,8.209968627
zambia,2012,5.1475
zimbabwe,2012,
aruba,2013,1.79
africa eastern and southern,2013,
afghanistan,2013,55.3775
africa western and central,2013,
angola,2013,96.51827948
albania,2013,105.6691667
andorra,2013,
arab world,2013,
united arab emirates,2013,3.6725
argentina,2013,5.459352665
armenia,2013,409.6257493
american samoa,2013,1.0
antigua and barbuda,2013,2.7
australia,2013,1.035843097
austria,2013,0.752945123
azerbaijan,2013,0.784541075
burundi,2013,1555.090833
belgium,2013,0.752945123
benin,2013,493.8996239
burkina faso,2013,493.8996239
bangladesh,2013,78.103235
bulgaria,2013,1.473566667
bahrain,2013,0.376
"bahamas, the",2013,1.0
bosnia and herzegovina,2013,1.473051323
belarus,2013,0.88800525
belize,2013,2.0
bermuda,2013,1.0
bolivia,2013,6.91
brazil,2013,2.156089151
barbados,2013,2.0
brunei darussalam,2013,1.25116567
bhutan,2013,58.59784542
botswana,2013,8.398908333
central african republic,2013,493.8996239
canada,2013,1.030137364
central europe and the baltics,2013,
switzerland,2013,0.926903548
channel islands,2013,0.639660578
chile,2013,495.2728776
china,2013,6.195758346
cote d'ivoire,2013,493.8996239
cameroon,2013,493.8996239
"congo, dem. rep.",2013,919.5659074
"congo, rep.",2013,493.8996239
colombia,2013,1868.895
comoros,2013,370.4247179
cabo verde,2013,83.0725
costa rica,2013,499.7668326
caribbean small states,2013,
cuba,2013,
curacao,2013,1.79
cayman islands,2013,0.83333
cyprus,2013,0.752945123
czechia,2013,19.57058333
germany,2013,0.752945123
djibouti,2013,177.721
dominica,2013,2.7
denmark,2013,5.616311686
dominican republic,2013,41.79450343
algeria,2013,79.3684
east asia & pacific (excluding high income),2013,
early-demographic dividend,2013,
east asia & pacific,2013,
europe & central asia (excluding high income),2013,
europe & central asia,2013,
ecuador,2013,1.0
"egypt, arab rep.",2013,6.870325
euro area,2013,0.752945123
eritrea,2013,15.375
spain,2013,0.752945123
estonia,2013,0.752945123
ethiopia,2013,18.62662896
european union,2013,
fragile and conflict affected situations,2013,
finland,2013,0.752945123
fiji,2013,1.841476617
france,2013,0.752945123
faroe islands,2013,5.616311686
"micronesia, fed. sts.",2013,1.0
gabon,2013,493.8996239
united kingdom,2013,0.639660578
georgia,2013,1.66335
ghana,2013,1.98135
gibraltar,2013,0.639660578
guinea,2013,6907.87807
"gambia, the",2013,35.95758683
guinea-bissau,2013,493.8996239
equatorial guinea,2013,493.8996239
greece,2013,0.752945123
grenada,2013,2.7
greenland,2013,5.616311686
guatemala,2013,7.85681375
guam,2013,1.0
guyana,2013,205.3941667
high income,2013,
"hong kong sar, china",2013,7.756
honduras,2013,20.35377917
heavily indebted poor countries (hipc),2013,
croatia,2013,5.704880167
haiti,2013,43.46278333
hungary,2013,223.695
ibrd only,2013,
ida & ibrd total,2013,
ida total,2013,
ida blend,2013,
indonesia,2013,10461.24
ida only,2013,
isle of man,2013,0.639660578
india,2013,58.59784542
not classified,2013,
ireland,2013,0.752945123
"iran, islamic rep.",2013,18414.44801
iraq,2013,1166.0
iceland,2013,122.1791213
israel,2013,3.610758333
italy,2013,0.752945123
jamaica,2013,100.3978832
jordan,2013,0.71
japan,2013,97.59565828
kazakhstan,2013,152.1291667
kenya,2013,86.1228789
kyrgyz republic,2013,48.43805901
cambodia,2013,4027.25
kiribati,2013,1.035843097
st. kitts and nevis,2013,2.7
"korea, rep.",2013,1094.9825
kuwait,2013,0.283589442
latin america & caribbean (excluding high income),2013,
lao pdr,2013,7833.22999
lebanon,2013,1507.5
liberia,2013,77.52
libya,2013,1.271691821
st. lucia,2013,2.7
latin america & caribbean,2013,
least developed countries: un classification,2013,
low income,2013,
liechtenstein,2013,
sri lanka,2013,129.0690309
lower middle income,2013,
low & middle income,2013,
lesotho,2013,9.655056069
late-demographic dividend,2013,
lithuania,2013,2.601008333
luxembourg,2013,0.752945123
latvia,2013,0.529391667
"macao sar, china",2013,7.989255333
st. martin (french part),2013,0.752945123
morocco,2013,8.405503917
monaco,2013,0.752945123
moldova,2013,12.58675623
madagascar,2013,2206.914167
maldives,2013,15.36671003
"middle east, north africa, afghanistan & pakistan",2013,
mexico,2013,12.77199167
marshall islands,2013,1.0
middle income,2013,
north macedonia,2013,46.39534167
mali,2013,493.8996239
malta,2013,0.752945123
myanmar,2013,933.5704564
"middle east, north africa, afghanistan & pakistan (excluding high income)",2013,
montenegro,2013,0.752945123
mongolia,2013,1523.9275
northern mariana islands,2013,1.0
mozambique,2013,30.10411109
mauritania,2013,30.06816667
mauritius,2013,30.70135833
malawi,2013,364.4058333
malaysia,2013,3.15090855
north america,2013,
namibia,2013,9.750075
new caledonia,2013,89.8502215
niger,2013,493.8996239
nigeria,2013,157.3116667
nicaragua,2013,24.72276417
netherlands,2013,0.752945123
norway,2013,5.875
nepal,2013,93.08439381
nauru,2013,1.035843097
new zealand,2013,1.219407974
oecd members,2013,
oman,2013,0.3845
other small states,2013,
pakistan,2013,101.6288992
panama,2013,1.0
peru,2013,2.701899026
philippines,2013,42.44618483
palau,2013,1.0
papua new guinea,2013,2.24451
poland,2013,3.160616667
pre-demographic dividend,2013,
puerto rico (us),2013,1.0
"korea, dem. people's rep.",2013,
portugal,2013,0.752945123
paraguay,2013,4303.882566
west bank and gaza,2013,
pacific island small states,2013,
post-demographic dividend,2013,
french polynesia,2013,89.8502215
qatar,2013,3.64
romania,2013,3.327916667
russian federation,2013,31.83714364
rwanda,2013,646.6359745
south asia,2013,
saudi arabia,2013,3.75
sudan,2013,4.756760547
senegal,2013,493.8996239
singapore,2013,1.2513
solomon islands,2013,7.3021351
sierra leone,2013,4.332500833
el salvador,2013,1.0
san marino,2013,0.752945123
"somalia, fed. rep.",2013,19283.79995
serbia,2013,85.15884167
sub-saharan africa (excluding high income),2013,
south sudan,2013,2.95
sub-saharan africa,2013,
small states,2013,
sao tome and principe,2013,18.44995262
suriname,2013,3.3
slovak republic,2013,0.752945123
slovenia,2013,0.752945123
sweden,2013,6.513971667
eswatini,2013,9.655056069
sint maarten (dutch part),2013,1.79
seychelles,2013,12.05831667
syrian arab republic,2013,108.7333333
turks and caicos islands,2013,1.0
chad,2013,493.8996239
east asia & pacific (ida & ibrd countries),2013,
europe & central asia (ida & ibrd countries),2013,
togo,2013,493.8996239
thailand,2013,30.72596667
tajikistan,2013,4.764233333
turkmenistan,2013,
latin america & the caribbean (ida & ibrd countries),2013,
timor-leste,2013,1.0
"middle east, north africa, afghanistan & pakistan (ida & ibrd)",2013,
tonga,2013,1.773713119
south asia (ida & ibrd),2013,
sub-saharan africa (ida & ibrd countries),2013,
trinidad and tobago,2013,6.442629398
tunisia,2013,1.624658333
turkiye,2013,1.903768242
tuvalu,2013,
tanzania,2013,1597.555833
uganda,2013,2586.889569
ukraine,2013,7.993
upper middle income,2013,
uruguay,2013,20.48160833
united states,2013,1.0
uzbekistan,2013,2094.988465
st. vincent and the grenadines,2013,2.7
"venezuela, rb",2013,6.047961842
british virgin islands,2013,
virgin islands (u.s.),2013,1.0
viet nam,2013,20933.41667
vanuatu,2013,94.5425
world,2013,
samoa,2013,2.310900035
kosovo,2013,0.752945123
"yemen, rep.",2013,214.89
south africa,2013,9.655056069
zambia,2013,5.396483333
zimbabwe,2013,
aruba,2014,1.79
africa eastern and southern,2014,
afghanistan,2014,57.2475
africa western and central,2014,
angola,2014,98.30241686
albania,2014,105.48
andorra,2014,
arab world,2014,
united arab emirates,2014,3.6725
argentina,2014,8.075275993
armenia,2014,415.9197892
american samoa,2014,1.0
antigua and barbuda,2014,2.7
australia,2014,1.109363293
austria,2014,0.752728197
azerbaijan,2014,0.7843475
burundi,2014,1546.686667
belgium,2014,0.752728197
benin,2014,493.7573299
burkina faso,2014,493.7573299
bangladesh,2014,77.64140833
bulgaria,2014,1.474183333
bahrain,2014,0.376
"bahamas, the",2014,1.0
bosnia and herzegovina,2014,1.474169187
belarus,2014,1.02241025
belize,2014,2.0
bermuda,2014,1.0
bolivia,2014,6.91
brazil,2014,2.352951963
barbados,2014,2.0
brunei darussalam,2014,1.267040123
bhutan,2014,61.02951446
botswana,2014,8.976083333
central african republic,2014,493.7573299
canada,2014,1.104747132
central europe and the baltics,2014,
switzerland,2014,0.916151047
channel islands,2014,0.607729627
chile,2014,570.3482161
china,2014,6.143434094
cote d'ivoire,2014,493.7573299
cameroon,2014,493.7573299
"congo, dem. rep.",2014,925.2262825
"congo, rep.",2014,493.7573299
colombia,2014,2001.105
comoros,2014,370.3179974
cabo verde,2014,83.0345
costa rica,2014,538.3172003
caribbean small states,2014,
cuba,2014,
curacao,2014,1.79
cayman islands,2014,0.83333
cyprus,2014,0.752728197
czechia,2014,20.7575
germany,2014,0.752728197
djibouti,2014,177.721
dominica,2014,2.7
denmark,2014,5.612466667
dominican republic,2014,43.54967262
algeria,2014,80.57901667
east asia & pacific (excluding high income),2014,
early-demographic dividend,2014,
east asia & pacific,2014,
europe & central asia (excluding high income),2014,
europe & central asia,2014,
ecuador,2014,1.0
"egypt, arab rep.",2014,7.077608561
euro area,2014,0.752728197
eritrea,2014,15.375
spain,2014,0.752728197
estonia,2014,0.752728197
ethiopia,2014,19.58578991
european union,2014,
fragile and conflict affected situations,2014,
finland,2014,0.752728197
fiji,2014,1.887345358
france,2014,0.752728197
faroe islands,2014,5.612466667
"micronesia, fed. sts.",2014,1.0
gabon,2014,493.7573299
united kingdom,2014,0.607729627
georgia,2014,1.765666667
ghana,2014,2.896575
gibraltar,2014,0.607729627
guinea,2014,7014.118777
"gambia, the",2014,41.73296165
guinea-bissau,2014,493.7573299
equatorial guinea,2014,493.7573299
greece,2014,0.752728197
grenada,2014,2.7
greenland,2014,5.612466667
guatemala,2014,7.732233333
guam,2014,1.0
guyana,2014,206.4491667
high income,2014,
"hong kong sar, china",2014,7.754083333
honduras,2014,20.98715833
heavily indebted poor countries (hipc),2014,
croatia,2014,5.748165417
haiti,2014,45.21598089
hungary,2014,232.6016667
ibrd only,2014,
ida & ibrd total,2014,
ida total,2014,
ida blend,2014,
indonesia,2014,11865.2113
ida only,2014,
isle of man,2014,0.607729627
india,2014,61.02951446
not classified,2014,
ireland,2014,0.752728197
"iran, islamic rep.",2014,25941.66414
iraq,2014,1166.0
iceland,2014,116.7673525
israel,2014,3.577925
italy,2014,0.752728197
jamaica,2014,110.9345278
jordan,2014,0.71
japan,2014,105.944781
kazakhstan,2014,179.1916667
kenya,2014,87.92216381
kyrgyz republic,2014,53.65405831
cambodia,2014,4037.5
kiribati,2014,1.109363293
st. kitts and nevis,2014,2.7
"korea, rep.",2014,1052.84
kuwait,2014,0.284567142
latin america & caribbean (excluding high income),2014,
lao pdr,2014,8042.42157
lebanon,2014,1507.5
liberia,2014,83.8925
libya,2014,1.272402067
st. lucia,2014,2.7
latin america & caribbean,2014,
least developed countries: un classification,2014,
low income,2014,
liechtenstein,2014,
sri lanka,2014,130.5646852
lower middle income,2014,
low & middle income,2014,
lesotho,2014,10.85265557
late-demographic dividend,2014,
lithuania,2014,2.600291667
luxembourg,2014,0.752728197
latvia,2014,0.752728197
"macao sar, china",2014,7.987129
st. martin (french part),2014,0.752728197
morocco,2014,8.406336688
monaco,2014,0.752728197
moldova,2014,14.03563005
madagascar,2014,2414.811667
maldives,2014,15.38039352
"middle east, north africa, afghanistan & pakistan",2014,
mexico,2014,13.29245
marshall islands,2014,1.0
middle income,2014,
north macedonia,2014,46.43713083
mali,2014,493.7573299
malta,2014,0.752728197
myanmar,2014,984.3457476
"middle east, north africa, afghanistan & pakistan (excluding high income)",2014,
montenegro,2014,0.752728197
mongolia,2014,1817.938708
northern mariana islands,2014,1.0
mozambique,2014,31.3526877
mauritania,2014,30.2725
mauritius,2014,30.62161667
malawi,2014,424.8966667
malaysia,2014,3.272859746
north america,2014,
namibia,2014,10.8428875
new caledonia,2014,89.82433538
niger,2014,493.7573299
nigeria,2014,158.5526417
nicaragua,2014,25.95890037
netherlands,2014,0.752728197
norway,2014,6.301666667
nepal,2014,97.55484216
nauru,2014,1.109363293
new zealand,2014,1.205433333
oecd members,2014,
oman,2014,0.3845
other small states,2014,
pakistan,2014,101.1000884
panama,2014,1.0
peru,2014,2.839044138
philippines,2014,44.3951543
palau,2014,1.0
papua new guinea,2014,2.461385
poland,2014,3.154541667
pre-demographic dividend,2014,
puerto rico (us),2014,1.0
"korea, dem. people's rep.",2014,
portugal,2014,0.752728197
paraguay,2014,4462.185288
west bank and gaza,2014,
pacific island small states,2014,
post-demographic dividend,2014,
french polynesia,2014,89.82433538
qatar,2014,3.64
romania,2014,3.349175
russian federation,2014,38.37820714
rwanda,2014,682.4377954
south asia,2014,
saudi arabia,2014,3.75
sudan,2014,5.736866667
senegal,2014,493.7573299
singapore,2014,1.26705
solomon islands,2014,7.375345354
sierra leone,2014,4.524159167
el salvador,2014,1.0
san marino,2014,0.752728197
"somalia, fed. rep.",2014,20230.92913
serbia,2014,88.40530833
sub-saharan africa (excluding high income),2014,
south sudan,2014,2.95
sub-saharan africa,2014,
small states,2014,
sao tome and principe,2014,18.46640305
suriname,2014,3.3
slovak republic,2014,0.752728197
slovenia,2014,0.752728197
sweden,2014,6.860785
eswatini,2014,10.85265557
sint maarten (dutch part),2014,1.79
seychelles,2014,12.74703333
syrian arab republic,2014,154.13
turks and caicos islands,2014,1.0
chad,2014,493.7573299
east asia & pacific (ida & ibrd countries),2014,
europe & central asia (ida & ibrd countries),2014,
togo,2014,493.7573299
thailand,2014,32.47983333
tajikistan,2014,4.937566667
turkmenistan,2014,
latin america & the caribbean (ida & ibrd countries),2014,
timor-leste,2014,1.0
"middle east, north africa, afghanistan & pakistan (ida & ibrd)",2014,
tonga,2014,1.846773685
south asia (ida & ibrd),2014,
sub-saharan africa (ida & ibrd countries),2014,
trinidad and tobago,2014,6.409094578
tunisia,2014,1.697675
turkiye,2014,2.188542418
tuvalu,2014,
tanzania,2014,1653.230833
uganda,2014,2599.788201
ukraine,2014,11.88665942
upper middle income,2014,
uruguay,2014,23.246025
united states,2014,1.0
uzbekistan,2014,2310.948159
st. vincent and the grenadines,2014,2.7
"venezuela, rb",2014,6.2842
british virgin islands,2014,
virgin islands (u.s.),2014,1.0
viet nam,2014,21148.0
vanuatu,2014,97.07166667
world,2014,
samoa,2014,2.331768846
kosovo,2014,0.752728197
"yemen, rep.",2014,214.89
south africa,2014,10.85265557
zambia,2014,6.154166667
zimbabwe,2014,
aruba,2015,1.79
africa eastern and southern,2015,
afghanistan,2015,61.14346154
africa western and central,2015,
angola,2015,120.0607017
albania,2015,125.9616667
andorra,2015,
arab world,2015,
united arab emirates,2015,3.6725
argentina,2015,9.233185525
armenia,2015,477.9183066
american samoa,2015,1.0
antigua and barbuda,2015,2.7
australia,2015,1.331090262
austria,2015,0.901296423
azerbaijan,2015,1.024563819
burundi,2015,1571.898333
belgium,2015,0.901296423
benin,2015,591.211698
burkina faso,2015,591.211698
bangladesh,2015,77.94690833
bulgaria,2015,1.7644
bahrain,2015,0.376
"bahamas, the",2015,1.0
bosnia and herzegovina,2015,1.763491647
belarus,2015,1.592598833
belize,2015,2.0
bermuda,2015,1.0
bolivia,2015,6.91
brazil,2015,3.326904383
barbados,2015,2.0
brunei darussalam,2015,1.374910845
bhutan,2015,64.15194446
botswana,2015,10.12899167
central african republic,2015,591.211698
canada,2015,1.278786204
central europe and the baltics,2015,
switzerland,2015,0.962381328
channel islands,2015,0.654545479
chile,2015,654.1240843
china,2015,6.227488673
cote d'ivoire,2015,591.211698
cameroon,2015,591.211698
"congo, dem. rep.",2015,925.9849613
"congo, rep.",2015,591.211698
colombia,2015,2741.781667
comoros,2015,443.4087735
cabo verde,2015,99.38569354
costa rica,2015,534.56577
caribbean small states,2015,
cuba,2015,
curacao,2015,1.79
cayman islands,2015,0.83333
cyprus,2015,0.901296423
czechia,2015,24.59875
germany,2015,0.901296423
djibouti,2015,177.721
dominica,2015,2.7
denmark,2015,6.727906831
dominican republic,2015,45.04549907
algeria,2015,100.6914333
east asia & pacific (excluding high income),2015,
early-demographic dividend,2015,
east asia & pacific,2015,
europe & central asia (excluding high income),2015,
europe & central asia,2015,
ecuador,2015,1.0
"egypt, arab rep.",2015,7.691258333
euro area,2015,0.901296423
eritrea,2015,15.375
spain,2015,0.901296423
estonia,2015,0.901296423
ethiopia,2015,20.57684875
european union,2015,
fragile and conflict affected situations,2015,
finland,2015,0.901296423
fiji,2015,2.097629816
france,2015,0.901296423
faroe islands,2015,6.727906831
"micronesia, fed. sts.",2015,1.0
gabon,2015,591.211698
united kingdom,2015,0.654545479
georgia,2015,2.269341667
ghana,2015,3.714641667
gibraltar,2015,0.654545479
guinea,2015,7485.516742
"gambia, the",2015,42.50620809
guinea-bissau,2015,591.211698
equatorial guinea,2015,591.211698
greece,2015,0.901296423
grenada,2015,2.7
greenland,2015,6.727906831
guatemala,2015,7.654815
guam,2015,1.0
guyana,2015,206.5
high income,2015,
"hong kong sar, china",2015,7.75175
honduras,2015,21.945175
heavily indebted poor countries (hipc),2015,
croatia,2015,6.85830375
haiti,2015,50.70642667
hungary,2015,279.3325
ibrd only,2015,
ida & ibrd total,2015,
ida total,2015,
ida blend,2015,
indonesia,2015,13389.41294
ida only,2015,
isle of man,2015,0.654545479
india,2015,64.15194446
not classified,2015,
ireland,2015,0.901296423
"iran, islamic rep.",2015,29011.49138
iraq,2015,1167.333333
iceland,2015,131.9187084
israel,2015,3.886833333
italy,2015,0.901296423
jamaica,2015,116.9697766
jordan,2015,0.71
japan,2015,121.0440257
kazakhstan,2015,221.7283333
kenya,2015,98.17845333
kyrgyz republic,2015,64.46210827
cambodia,2015,4067.75
kiribati,2015,1.331090262
st. kitts and nevis,2015,2.7
"korea, rep.",2015,1130.9525
kuwait,2015,0.300852025
latin america & caribbean (excluding high income),2015,
lao pdr,2015,8127.610598
lebanon,2015,1507.5
liberia,2015,86.18836657
libya,2015,1.38120986
st. lucia,2015,2.7
latin america & caribbean,2015,
least developed countries: un classification,2015,
low income,2015,
liechtenstein,2015,
sri lanka,2015,135.8569128
lower middle income,2015,
low & middle income,2015,
lesotho,2015,12.75893088
late-demographic dividend,2015,
lithuania,2015,0.901296423
luxembourg,2015,0.901296423
latvia,2015,0.901296423
"macao sar, china",2015,7.984960417
st. martin (french part),2015,0.901296423
morocco,2015,9.76434828
monaco,2015,0.901296423
moldova,2015,18.81847515
madagascar,2015,2933.508333
maldives,2015,15.36633122
"middle east, north africa, afghanistan & pakistan",2015,
mexico,2015,15.84826667
marshall islands,2015,1.0
middle income,2015,
north macedonia,2015,55.537075
mali,2015,591.211698
malta,2015,0.901296423
myanmar,2015,1162.615329
"middle east, north africa, afghanistan & pakistan (excluding high income)",2015,
montenegro,2015,0.901296423
mongolia,2015,1970.309167
northern mariana islands,2015,1.0
mozambique,2015,39.98247415
mauritania,2015,32.46716667
mauritius,2015,35.0567
malawi,2015,499.6058333
malaysia,2015,3.905500263
north america,2015,
namibia,2015,12.88192083
new caledonia,2015,107.5532344
niger,2015,591.211698
nigeria,2015,192.4403333
nicaragua,2015,27.25684494
netherlands,2015,0.901296423
norway,2015,8.064166667
nepal,2015,102.4051343
nauru,2015,1.331090262
new zealand,2015,1.433975
oecd members,2015,
oman,2015,0.3845
other small states,2015,
pakistan,2015,102.7692716
panama,2015,1.0
peru,2015,3.184439242
philippines,2015,45.50283994
palau,2015,1.0
papua new guinea,2015,2.768411667
poland,2015,3.7695
pre-demographic dividend,2015,
puerto rico (us),2015,1.0
"korea, dem. people's rep.",2015,
portugal,2015,0.901296423
paraguay,2015,5204.920808
west bank and gaza,2015,
pacific island small states,2015,
post-demographic dividend,2015,
french polynesia,2015,107.5532344
qatar,2015,3.64
romania,2015,4.005666667
russian federation,2015,60.93765011
rwanda,2015,719.8595555
south asia,2015,
saudi arabia,2015,3.75
sudan,2015,6.025732598
senegal,2015,591.211698
singapore,2015,1.374825
solomon islands,2015,7.914688977
sierra leone,2015,5.0807475
el salvador,2015,1.0
san marino,2015,0.901296423
"somalia, fed. rep.",2015,22254.23568
serbia,2015,108.811425
sub-saharan africa (excluding high income),2015,
south sudan,2015,3.604166667
sub-saharan africa,2015,
small states,2015,
sao tome and principe,2015,22.09064456
suriname,2015,3.416666667
slovak republic,2015,0.901296423
slovenia,2015,0.901296423
sweden,2015,8.434840833
eswatini,2015,12.75893088
sint maarten (dutch part),2015,1.79
seychelles,2015,13.313925
syrian arab republic,2015,237.0291667
turks and caicos islands,2015,1.0
chad,2015,591.211698
east asia & pacific (ida & ibrd countries),2015,
europe & central asia (ida & ibrd countries),2015,
togo,2015,591.211698
thailand,2015,34.24771667
tajikistan,2015,6.163116667
turkmenistan,2015,
latin america & the caribbean (ida & ibrd countries),2015,
timor-leste,2015,1.0
"middle east, north africa, afghanistan & pakistan (ida & ibrd)",2015,
tonga,2015,2.105763257
south asia (ida & ibrd),2015,
sub-saharan africa (ida & ibrd countries),2015,
trinidad and tobago,2015,6.377441667
tunisia,2015,1.961625
turkiye,2015,2.720008528
tuvalu,2015,
tanzania,2015,1991.390833
uganda,2015,3240.64542
ukraine,2015,21.84469777
upper middle income,2015,
uruguay,2015,27.32736667
united states,2015,1.0
uzbekistan,2015,2567.987213
st. vincent and the grenadines,2015,2.7
"venezuela, rb",2015,6.2842
british virgin islands,2015,
virgin islands (u.s.),2015,1.0
viet nam,2015,21697.5675
vanuatu,2015,108.9891667
world,2015,
samoa,2015,2.560873688
kosovo,2015,0.901296423
"yemen, rep.",2015,230.8333333
south africa,2015,12.75893088
zambia,2015,8.631666667
zimbabwe,2015,
aruba,2016,1.79
africa eastern and southern,2016,
afghanistan,2016,67.86608577
africa western and central,2016,
angola,2016,163.6564341
albania,2016,124.1425
andorra,2016,
arab world,2016,
united arab emirates,2016,3.6725
argentina,2016,14.75817509
armenia,2016,480.4881508
american samoa,2016,1.0
antigua and barbuda,2016,2.7
australia,2016,1.345213976
austria,2016,0.903421436
azerbaijan,2016,1.595721573
burundi,2016,1654.626667
belgium,2016,0.903421436
benin,2016,592.6056151
burkina faso,2016,592.6056151
bangladesh,2016,78.46809167
bulgaria,2016,1.768041667
bahrain,2016,0.376
"bahamas, the",2016,1.0
bosnia and herzegovina,2016,1.768139024
belarus,2016,1.989562833
belize,2016,2.0
bermuda,2016,1.0
bolivia,2016,6.91
brazil,2016,3.491313422
barbados,2016,2.0
brunei darussalam,2016,1.381346877
bhutan,2016,67.19531281
botswana,2016,10.90115833
central african republic,2016,592.6056151
canada,2016,1.325615164
central europe and the baltics,2016,
switzerland,2016,0.985394394
channel islands,2016,0.740634464
chile,2016,676.957736
china,2016,6.644477829
cote d'ivoire,2016,592.6056151
cameroon,2016,592.6056151
"congo, dem. rep.",2016,1010.302757
"congo, rep.",2016,592.6056151
colombia,2016,3055.255
comoros,2016,444.4542113
cabo verde,2016,99.68811364
costa rica,2016,544.7393672
caribbean small states,2016,
cuba,2016,
curacao,2016,1.79
cayman islands,2016,0.83333
cyprus,2016,0.903421436
czechia,2016,24.43991667
germany,2016,0.903421436
djibouti,2016,177.721
dominica,2016,2.7
denmark,2016,6.731718257
dominican republic,2016,46.06444394
algeria,2016,109.4430667
east asia & pacific (excluding high income),2016,
early-demographic dividend,2016,
east asia & pacific,2016,
europe & central asia (excluding high income),2016,
europe & central asia,2016,
ecuador,2016,1.0
"egypt, arab rep.",2016,10.02540079
euro area,2016,0.903421436
eritrea,2016,15.35
spain,2016,0.903421436
estonia,2016,0.903421436
ethiopia,2016,21.73154722
european union,2016,
fragile and conflict affected situations,2016,
finland,2016,0.903421436
fiji,2016,2.094695939
france,2016,0.903421436
faroe islands,2016,6.731718257
"micronesia, fed. sts.",2016,1.0
gabon,2016,592.6056151
united kingdom,2016,0.740634464
georgia,2016,2.366725
ghana,2016,3.909816667
gibraltar,2016,0.740634464
guinea,2016,8967.92708
"gambia, the",2016,43.37252767
guinea-bissau,2016,592.6056151
equatorial guinea,2016,592.6056151
greece,2016,0.903421436
grenada,2016,2.7
greenland,2016,6.731718257
guatemala,2016,7.599937083
guam,2016,1.0
guyana,2016,206.5
high income,2016,
"hong kong sar, china",2016,7.76225
honduras,2016,22.83501839
heavily indebted poor countries (hipc),2016,
croatia,2016,6.805990167
haiti,2016,63.33581837
hungary,2016,281.5233333
ibrd only,2016,
ida & ibrd total,2016,
ida total,2016,
ida blend,2016,
indonesia,2016,13308.3268
ida only,2016,
isle of man,2016,0.740634464
india,2016,67.19531281
not classified,2016,
ireland,2016,0.903421436
"iran, islamic rep.",2016,30914.85244
iraq,2016,1182.0
iceland,2016,120.8115481
israel,2016,3.840566667
italy,2016,0.903421436
jamaica,2016,125.0950346
jordan,2016,0.71
japan,2016,108.7929
kazakhstan,2016,342.16
kenya,2016,101.5043695
kyrgyz republic,2016,69.91406583
cambodia,2016,4058.694579
kiribati,2016,1.345213976
st. kitts and nevis,2016,2.7
"korea, rep.",2016,1160.7675
kuwait,2016,0.302137441
latin america & caribbean (excluding high income),2016,
lao pdr,2016,8124.366756
lebanon,2016,1507.5
liberia,2016,94.42724359
libya,2016,1.390368679
st. lucia,2016,2.7
latin america & caribbean,2016,
least developed countries: un classification,2016,
low income,2016,
liechtenstein,2016,
sri lanka,2016,145.5816675
lower middle income,2016,
low & middle income,2016,
lesotho,2016,14.70961089
late-demographic dividend,2016,
lithuania,2016,0.903421436
luxembourg,2016,0.903421436
latvia,2016,0.903421436
"macao sar, china",2016,7.99506425
st. martin (french part),2016,0.903421436
morocco,2016,9.807476032
monaco,2016,0.903421436
moldova,2016,19.92382756
madagascar,2016,3176.539167
maldives,2016,15.36840768
"middle east, north africa, afghanistan & pakistan",2016,
mexico,2016,18.66405833
marshall islands,2016,1.0
middle income,2016,
north macedonia,2016,55.731725
mali,2016,592.6056151
malta,2016,0.903421436
myanmar,2016,1234.869517
"middle east, north africa, afghanistan & pakistan (excluding high income)",2016,
montenegro,2016,0.903421436
mongolia,2016,2140.290864
northern mariana islands,2016,1.0
mozambique,2016,63.05623273
mauritania,2016,35.23708333
mauritius,2016,35.54188333
malawi,2016,718.005
malaysia,2016,4.148300663
north america,2016,
namibia,2016,14.70876667
new caledonia,2016,107.8068158
niger,2016,592.6056151
nigeria,2016,253.492
nicaragua,2016,28.62096241
netherlands,2016,0.903421436
norway,2016,8.4
nepal,2016,107.3838152
nauru,2016,1.345213976
new zealand,2016,1.436525
oecd members,2016,
oman,2016,0.3845
other small states,2016,
pakistan,2016,104.769117
panama,2016,1.0
peru,2016,3.375061587
philippines,2016,47.49246386
palau,2016,1.0
papua new guinea,2016,3.133029302
poland,2016,3.942783333
pre-demographic dividend,2016,
puerto rico (us),2016,1.0
"korea, dem. people's rep.",2016,
portugal,2016,0.903421436
paraguay,2016,5670.540898
west bank and gaza,2016,
pacific island small states,2016,
post-demographic dividend,2016,
french polynesia,2016,107.8068158
qatar,2016,3.64
romania,2016,4.059183333
russian federation,2016,67.05593333
rwanda,2016,787.2515218
south asia,2016,
saudi arabia,2016,3.75
sudan,2016,6.211713646
senegal,2016,592.6056151
singapore,2016,1.381546364
solomon islands,2016,7.948152938
sierra leone,2016,6.290297415
el salvador,2016,1.0
san marino,2016,0.903421436
"somalia, fed. rep.",2016,23061.78431
serbia,2016,111.27785
sub-saharan africa (excluding high income),2016,
south sudan,2016,46.72916667
sub-saharan africa,2016,
small states,2016,
sao tome and principe,2016,22.14886063
suriname,2016,6.228630278
slovak republic,2016,0.903421436
slovenia,2016,0.903421436
sweden,2016,8.561991667
eswatini,2016,14.70961089
sint maarten (dutch part),2016,1.79
seychelles,2016,13.31911667
syrian arab republic,2016,460.2758333
turks and caicos islands,2016,1.0
chad,2016,592.6056151
east asia & pacific (ida & ibrd countries),2016,
europe & central asia (ida & ibrd countries),2016,
togo,2016,592.6056151
thailand,2016,35.29638333
tajikistan,2016,7.835675
turkmenistan,2016,
latin america & the caribbean (ida & ibrd countries),2016,
timor-leste,2016,1.0
"middle east, north africa, afghanistan & pakistan (ida & ibrd)",2016,
tonga,2016,2.215661104
south asia (ida & ibrd),2016,
sub-saharan africa (ida & ibrd countries),2016,
trinidad and tobago,2016,6.668966667
tunisia,2016,2.148033333
turkiye,2016,3.020134748
tuvalu,2016,
tanzania,2016,2177.086667
uganda,2016,3420.098007
ukraine,2016,25.55133412
upper middle income,2016,
uruguay,2016,30.1626
united states,2016,1.0
uzbekistan,2016,2965.253499
st. vincent and the grenadines,2016,2.7
"venezuela, rb",2016,9.257344444
british virgin islands,2016,
virgin islands (u.s.),2016,1.0
viet nam,2016,21935.00083
vanuatu,2016,108.475
world,2016,
samoa,2016,2.564929673
kosovo,2016,0.903421436
"yemen, rep.",2016,283.8958333
south africa,2016,14.70961089
zambia,2016,10.3075
zimbabwe,2016,
aruba,2017,1.79
africa eastern and southern,2017,
afghanistan,2017,68.02690408
africa western and central,2017,
angola,2017,165.9159507
albania,2017,119.1
andorra,2017,
arab world,2017,
united arab emirates,2017,3.6725
argentina,2017,16.56270693
armenia,2017,482.7163938
american samoa,2017,1.0
antigua and barbuda,2017,2.7
australia,2017,1.304758077
austria,2017,0.885205508
azerbaijan,2017,1.721154802
burundi,2017,1729.055
belgium,2017,0.885205508
benin,2017,580.6567496
burkina faso,2017,580.6567496
bangladesh,2017,80.43754167
bulgaria,2017,1.735458333
bahrain,2017,0.376
"bahamas, the",2017,1.0
bosnia and herzegovina,2017,1.735352713
belarus,2017,1.932341667
belize,2017,2.0
bermuda,2017,1.0
bolivia,2017,6.91
brazil,2017,3.191389446
barbados,2017,2.0
brunei darussalam,2017,1.380891164
bhutan,2017,65.12156865
botswana,2017,10.34741667
central african republic,2017,580.6567496
canada,2017,1.297935846
central europe and the baltics,2017,
switzerland,2017,0.984691667
channel islands,2017,0.776976682
chile,2017,648.8337926
china,2017,6.758755086
cote d'ivoire,2017,580.6567496
cameroon,2017,580.6567496
"congo, dem. rep.",2017,1464.417932
"congo, rep.",2017,580.6567496
colombia,2017,2951.486911
comoros,2017,435.4925622
cabo verde,2017,97.80693777
costa rica,2017,567.5130903
caribbean small states,2017,
cuba,2017,
curacao,2017,1.79
cayman islands,2017,0.83333
cyprus,2017,0.885205508
czechia,2017,23.37633333
germany,2017,0.885205508
djibouti,2017,177.721
dominica,2017,2.7
denmark,2017,6.602893466
dominican republic,2017,47.5343582
algeria,2017,110.9730167
east asia & pacific (excluding high income),2017,
early-demographic dividend,2017,
east asia & pacific,2017,
europe & central asia (excluding high income),2017,
europe & central asia,2017,
ecuador,2017,1.0
"egypt, arab rep.",2017,17.78253352
euro area,2017,0.885205508
eritrea,2017,15.075
spain,2017,0.885205508
estonia,2017,0.885205508
ethiopia,2017,23.86610446
european union,2017,
fragile and conflict affected situations,2017,
finland,2017,0.885205508
fiji,2017,2.066875304
france,2017,0.885205508
faroe islands,2017,6.602893466
"micronesia, fed. sts.",2017,1.0
gabon,2017,580.6567496
united kingdom,2017,0.776976682
georgia,2017,2.509541667
ghana,2017,4.350533333
gibraltar,2017,0.776976682
guinea,2017,9088.319496
"gambia, the",2017,46.60890946
guinea-bissau,2017,580.6567496
equatorial guinea,2017,580.6567496
greece,2017,0.885205508
grenada,2017,2.7
greenland,2017,6.602893466
guatemala,2017,7.34793875
guam,2017,1.0
guyana,2017,206.5
high income,2017,
"hong kong sar, china",2017,7.79325
honduras,2017,23.48708394
heavily indebted poor countries (hipc),2017,
croatia,2017,6.623831
haiti,2017,64.76968028
hungary,2017,274.4333333
ibrd only,2017,
ida & ibrd total,2017,
ida total,2017,
ida blend,2017,
indonesia,2017,13380.83388
ida only,2017,
isle of man,2017,0.776976682
india,2017,65.12156865
not classified,2017,
ireland,2017,0.885205508
"iran, islamic rep.",2017,33226.29815
iraq,2017,1184.0
iceland,2017,106.839572
israel,2017,3.599555548
italy,2017,0.885205508
jamaica,2017,127.9645442
jordan,2017,0.71
japan,2017,112.1661411
kazakhstan,2017,326.0010227
kenya,2017,103.4100045
kyrgyz republic,2017,68.86666786
cambodia,2017,4050.579986
kiribati,2017,1.304758077
st. kitts and nevis,2017,2.7
"korea, rep.",2017,1131.000833
kuwait,2017,0.303349758
latin america & caribbean (excluding high income),2017,
lao pdr,2017,8244.843189
lebanon,2017,1507.5
liberia,2017,112.7066667
libya,2017,1.393820011
st. lucia,2017,2.7
latin america & caribbean,2017,
least developed countries: un classification,2017,
low income,2017,
liechtenstein,2017,
sri lanka,2017,152.4464139
lower middle income,2017,
low & middle income,2017,
lesotho,2017,13.32380142
late-demographic dividend,2017,
lithuania,2017,0.885205508
luxembourg,2017,0.885205508
latvia,2017,0.885205508
"macao sar, china",2017,8.026001
st. martin (french part),2017,0.885205508
morocco,2017,9.691997889
monaco,2017,0.885205508
moldova,2017,18.49903489
madagascar,2017,3116.11
maldives,2017,15.38696851
"middle east, north africa, afghanistan & pakistan",2017,
mexico,2017,18.92651667
marshall islands,2017,1.0
middle income,2017,
north macedonia,2017,54.66545833
mali,2017,580.6567496
malta,2017,0.885205508
myanmar,2017,1360.358707
"middle east, north africa, afghanistan & pakistan (excluding high income)",2017,
montenegro,2017,0.885205508
mongolia,2017,2439.777201
northern mariana islands,2017,1.0
mozambique,2017,63.58432291
mauritania,2017,35.79441667
mauritius,2017,34.48140833
malawi,2017,730.2725
malaysia,2017,4.300440878
north america,2017,
namibia,2017,13.3129
new caledonia,2017,105.6330782
niger,2017,580.6567496
nigeria,2017,305.7901092
nicaragua,2017,30.05094134
netherlands,2017,0.885205508
norway,2017,8.271666667
nepal,2017,104.5118852
nauru,2017,1.304758077
new zealand,2017,1.407408333
oecd members,2017,
oman,2017,0.3845
other small states,2017,
pakistan,2017,105.4551621
panama,2017,1.0
peru,2017,3.260488491
philippines,2017,50.40371979
palau,2017,1.0
papua new guinea,2017,3.188788383
poland,2017,3.779333333
pre-demographic dividend,2017,
puerto rico (us),2017,1.0
"korea, dem. people's rep.",2017,
portugal,2017,0.885205508
paraguay,2017,5618.933452
west bank and gaza,2017,
pacific island small states,2017,
post-demographic dividend,2017,
french polynesia,2017,105.6330782
qatar,2017,3.64
romania,2017,4.052491667
russian federation,2017,58.34280119
rwanda,2017,831.5543398
south asia,2017,
saudi arabia,2017,3.75
sudan,2017,6.68336
senegal,2017,580.6567496
singapore,2017,1.380925
solomon islands,2017,7.887390369
sierra leone,2017,7.384432222
el salvador,2017,1.0
san marino,2017,0.885205508
"somalia, fed. rep.",2017,23097.98732
serbia,2017,107.75885
sub-saharan africa (excluding high income),2017,
south sudan,2017,113.6475
sub-saharan africa,2017,
small states,2017,
sao tome and principe,2017,21.74113836
suriname,2017,7.487661125
slovak republic,2017,0.885205508
slovenia,2017,0.885205508
sweden,2017,8.548860833
eswatini,2017,13.32380142
sint maarten (dutch part),2017,1.79
seychelles,2017,13.64784167
syrian arab republic,2017,492.6108333
turks and caicos islands,2017,1.0
chad,2017,580.6567496
east asia & pacific (ida & ibrd countries),2017,
europe & central asia (ida & ibrd countries),2017,
togo,2017,580.6567496
thailand,2017,33.93981106
tajikistan,2017,8.549741667
turkmenistan,2017,
latin america & the caribbean (ida & ibrd countries),2017,
timor-leste,2017,1.0
"middle east, north africa, afghanistan & pakistan (ida & ibrd)",2017,
tonga,2017,2.205972697
south asia (ida & ibrd),2017,
sub-saharan africa (ida & ibrd countries),2017,
trinidad and tobago,2017,6.779525
tunisia,2017,2.419425
turkiye,2017,3.648132635
tuvalu,2017,
tanzania,2017,2228.856667
uganda,2017,3611.224458
ukraine,2017,26.5966063
upper middle income,2017,
uruguay,2017,28.6764
united states,2017,1.0
uzbekistan,2017,5113.878946
st. vincent and the grenadines,2017,2.7
"venezuela, rb",2017,9.975
british virgin islands,2017,
virgin islands (u.s.),2017,1.0
viet nam,2017,22370.08667
vanuatu,2017,107.8208333
world,2017,
samoa,2017,2.554377116
kosovo,2017,0.885205508
"yemen, rep.",2017,282.195
south africa,2017,13.32380142
zambia,2017,9.5175
zimbabwe,2017,
aruba,2018,1.79
africa eastern and southern,2018,
afghanistan,2018,72.08324718
africa western and central,2018,
angola,2018,252.8557477
albania,2018,107.9891667
andorra,2018,
arab world,2018,
united arab emirates,2018,3.6725
argentina,2018,28.09499167
armenia,2018,482.9879466
american samoa,2018,1.0
antigua and barbuda,2018,2.7
australia,2018,1.338412146
austria,2018,0.846772667
azerbaijan,2018,1.700016667
burundi,2018,1782.876875
belgium,2018,0.846772667
benin,2018,555.4464584
burkina faso,2018,555.4464584
bangladesh,2018,83.46620192
bulgaria,2018,1.657041667
bahrain,2018,0.376
"bahamas, the",2018,1.0
bosnia and herzegovina,2018,1.656985441
belarus,2018,2.037608333
belize,2018,2.0
bermuda,2018,1.0
bolivia,2018,6.91
brazil,2018,3.653825361
barbados,2018,2.0
brunei darussalam,2018,1.348918565
bhutan,2018,68.38946709
botswana,2018,10.199975
central african republic,2018,555.4464584
canada,2018,1.295817928
central europe and the baltics,2018,
switzerland,2018,0.977891667
channel islands,2018,0.74953154
chile,2018,641.2768131
china,2018,6.615957177
cote d'ivoire,2018,555.4464584
cameroon,2018,555.4464584
"congo, dem. rep.",2018,1622.523502
"congo, rep.",2018,555.4464584
colombia,2018,2955.70397
comoros,2018,416.5848438
cabo verde,2018,93.41357891
costa rica,2018,576.9725012
caribbean small states,2018,
cuba,2018,
curacao,2018,1.79
cayman islands,2018,0.83333
cyprus,2018,0.846772667
czechia,2018,21.72991667
germany,2018,0.846772667
djibouti,2018,177.721
dominica,2018,2.7
denmark,2018,6.314618787
dominican republic,2018,49.50999286
algeria,2018,116.5937917
east asia & pacific (excluding high income),2018,
early-demographic dividend,2018,
east asia & pacific,2018,
europe & central asia (excluding high income),2018,
europe & central asia,2018,
ecuador,2018,1.0
"egypt, arab rep.",2018,17.76729042
euro area,2018,0.846772667
eritrea,2018,15.075
spain,2018,0.846772667
estonia,2018,0.846772667
ethiopia,2018,27.42938659
european union,2018,
fragile and conflict affected situations,2018,
finland,2018,0.846772667
fiji,2018,2.087379789
france,2018,0.846772667
faroe islands,2018,6.314618787
"micronesia, fed. sts.",2018,1.0
gabon,2018,555.4464584
united kingdom,2018,0.74953154
georgia,2018,2.534110833
ghana,2018,4.585325
gibraltar,2018,0.74953154
guinea,2018,9011.134177
"gambia, the",2018,48.15178064
guinea-bissau,2018,555.4464584
equatorial guinea,2018,555.4464584
greece,2018,0.846772667
grenada,2018,2.7
greenland,2018,6.314618787
guatemala,2018,7.519164583
guam,2018,1.0
guyana,2018,207.7166667
high income,2018,
"hong kong sar, china",2018,7.8385
honduras,2018,23.90272829
heavily indebted poor countries (hipc),2018,
croatia,2018,6.27902525
haiti,2018,68.03175398
hungary,2018,270.2116667
ibrd only,2018,
ida & ibrd total,2018,
ida total,2018,
ida blend,2018,
indonesia,2018,14236.93877
ida only,2018,
isle of man,2018,0.74953154
india,2018,68.38946709
not classified,2018,
ireland,2018,0.846772667
"iran, islamic rep.",2018,40864.32901
iraq,2018,1182.75
iceland,2018,108.3001763
israel,2018,3.590558127
italy,2018,0.846772667
jamaica,2018,128.8715191
jordan,2018,0.71
japan,2018,110.4231793
kazakhstan,2018,344.7058333
kenya,2018,101.301574
kyrgyz republic,2018,68.84032033
cambodia,2018,4051.1669
kiribati,2018,1.338412146
st. kitts and nevis,2018,2.7
"korea, rep.",2018,1100.163333
kuwait,2018,0.301956494
latin america & caribbean (excluding high income),2018,
lao pdr,2018,8401.334766
lebanon,2018,1507.5
liberia,2018,144.0555758
libya,2018,1.364966667
st. lucia,2018,2.7
latin america & caribbean,2018,
least developed countries: un classification,2018,
low income,2018,
liechtenstein,2018,
sri lanka,2018,162.4648587
lower middle income,2018,
low & middle income,2018,
lesotho,2018,13.23392647
late-demographic dividend,2018,
lithuania,2018,0.846772667
luxembourg,2018,0.846772667
latvia,2018,0.846772667
"macao sar, china",2018,8.072507417
st. martin (french part),2018,0.846772667
morocco,2018,9.386102421
monaco,2018,0.846772667
moldova,2018,16.80205172
madagascar,2018,3334.752255
maldives,2018,15.39083727
"middle east, north africa, afghanistan & pakistan",2018,
mexico,2018,19.24434167
marshall islands,2018,1.0
middle income,2018,
north macedonia,2018,52.10710833
mali,2018,555.4464584
malta,2018,0.846772667
myanmar,2018,1429.807975
"middle east, north africa, afghanistan & pakistan (excluding high income)",2018,
montenegro,2018,0.846772667
mongolia,2018,2472.484051
northern mariana islands,2018,1.0
mozambique,2018,60.32620764
mauritania,2018,35.6775
mauritius,2018,33.93445
malawi,2018,732.3333333
malaysia,2018,4.035130137
north america,2018,
namibia,2018,13.23394167
new caledonia,2018,101.0468219
niger,2018,555.4464584
nigeria,2018,306.0836882
nicaragua,2018,31.55321233
netherlands,2018,0.846772667
norway,2018,8.1325
nepal,2018,108.9301341
nauru,2018,1.338412146
new zealand,2018,1.445258333
oecd members,2018,
oman,2018,0.3845
other small states,2018,
pakistan,2018,121.8240689
panama,2018,1.0
peru,2018,3.286602698
philippines,2018,52.66142995
palau,2018,1.0
papua new guinea,2018,3.293463081
poland,2018,3.611716667
pre-demographic dividend,2018,
puerto rico (us),2018,1.0
"korea, dem. people's rep.",2018,
portugal,2018,0.846772667
paraguay,2018,5732.104556
west bank and gaza,2018,
pacific island small states,2018,
post-demographic dividend,2018,
french polynesia,2018,101.0468219
qatar,2018,3.64
romania,2018,3.941616667
russian federation,2018,62.66813333
rwanda,2018,861.0934122
south asia,2018,
saudi arabia,2018,3.75
sudan,2018,24.3289109
senegal,2018,555.4464584
singapore,2018,1.348841667
solomon islands,2018,7.952504861
sierra leone,2018,7.93163175
el salvador,2018,1.0
san marino,2018,0.846772667
"somalia, fed. rep.",2018,
serbia,2018,100.175075
sub-saharan africa (excluding high income),2018,
south sudan,2018,141.3858333
sub-saharan africa,2018,
small states,2018,
sao tome and principe,2018,20.75085924
suriname,2018,7.462511198
slovak republic,2018,0.846772667
slovenia,2018,0.846772667
sweden,2018,8.692518333
eswatini,2018,13.23392647
sint maarten (dutch part),2018,1.79
seychelles,2018,13.91111667
syrian arab republic,2018,436.5
turks and caicos islands,2018,1.0
chad,2018,555.4464584
east asia & pacific (ida & ibrd countries),2018,
europe & central asia (ida & ibrd countries),2018,
togo,2018,555.4464584
thailand,2018,32.31022574
tajikistan,2018,9.151216667
turkmenistan,2018,
latin america & the caribbean (ida & ibrd countries),2018,
timor-leste,2018,1.0
"middle east, north africa, afghanistan & pakistan (ida & ibrd)",2018,
tonga,2018,2.236571476
south asia (ida & ibrd),2018,
sub-saharan africa (ida & ibrd countries),2018,
trinidad and tobago,2018,6.770750898
tunisia,2018,2.646866667
turkiye,2018,4.828370147
tuvalu,2018,
tanzania,2018,2263.781667
uganda,2018,3727.068995
ukraine,2018,27.20049233
upper middle income,2018,
uruguay,2018,30.72525833
united states,2018,1.0
uzbekistan,2018,8069.606237
st. vincent and the grenadines,2018,2.7
"venezuela, rb",2018,
british virgin islands,2018,
virgin islands (u.s.),2018,1.0
viet nam,2018,22602.05
vanuatu,2018,110.165
world,2018,
samoa,2018,2.587279951
kosovo,2018,0.846772667
"yemen, rep.",2018,214.89
south africa,2018,13.23392647
zambia,2018,10.45833333
zimbabwe,2018,
aruba,2019,1.79
africa eastern and southern,2019,
afghanistan,2019,77.73794918
africa western and central,2019,
angola,2019,364.825805
albania,2019,109.8508333
andorra,2019,
arab world,2019,
united arab emirates,2019,3.6725
argentina,2019,48.14789167
armenia,2019,480.4451288
american samoa,2019,1.0
antigua and barbuda,2019,2.7
australia,2019,1.438506544
austria,2019,0.893276257
azerbaijan,2019,1.7
burundi,2019,1845.622891
belgium,2019,0.893276257
benin,2019,585.9508138
burkina faso,2019,585.9110132
bangladesh,2019,84.4535225
bulgaria,2019,1.747041667
bahrain,2019,0.376
"bahamas, the",2019,1.0
bosnia and herzegovina,2019,1.747086461
belarus,2019,2.091783333
belize,2019,2.0
bermuda,2019,1.0
bolivia,2019,6.91
brazil,2019,3.944471097
barbados,2019,2.0
brunei darussalam,2019,1.364218514
bhutan,2019,70.42034054
botswana,2019,10.75586667
central african republic,2019,585.9110132
canada,2019,1.326793363
central europe and the baltics,2019,
switzerland,2019,0.993709167
channel islands,2019,0.78344511
chile,2019,702.8974226
china,2019,6.90838501
cote d'ivoire,2019,585.9110132
cameroon,2019,585.9110132
"congo, dem. rep.",2019,1647.760127
"congo, rep.",2019,585.9110132
colombia,2019,3281.622194
comoros,2019,439.4631103
cabo verde,2019,98.49517859
costa rica,2019,587.2945957
caribbean small states,2019,
cuba,2019,
curacao,2019,1.79
cayman islands,2019,0.83333
cyprus,2019,0.893276257
czechia,2019,22.93225
germany,2019,0.893276257
djibouti,2019,177.721
dominica,2019,2.7
denmark,2019,6.669446615
dominican republic,2019,51.29485833
algeria,2019,119.3535583
east asia & pacific (excluding high income),2019,
early-demographic dividend,2019,
east asia & pacific,2019,
europe & central asia (excluding high income),2019,
europe & central asia,2019,
ecuador,2019,1.0
"egypt, arab rep.",2019,16.77058184
euro area,2019,0.893276257
eritrea,2019,15.075
spain,2019,0.893276257
estonia,2019,0.893276257
ethiopia,2019,29.06975
european union,2019,
fragile and conflict affected situations,2019,
finland,2019,0.893276257
fiji,2019,2.160393115
france,2019,0.893276257
faroe islands,2019,6.669446615
"micronesia, fed. sts.",2019,1.0
gabon,2019,585.9110132
united kingdom,2019,0.78344511
georgia,2019,2.818145
ghana,2019,5.217366667
gibraltar,2019,0.78344511
guinea,2019,9183.875864
"gambia, the",2019,50.06246137
guinea-bissau,2019,585.9110132
equatorial guinea,2019,585.9110132
greece,2019,0.893276257
grenada,2019,2.7
greenland,2019,6.669446615
guatemala,2019,7.696698333
guam,2019,1.0
guyana,2019,208.5
high income,2019,
"hong kong sar, china",2019,7.835916667
honduras,2019,24.50853891
heavily indebted poor countries (hipc),2019,
croatia,2019,6.622545167
haiti,2019,88.81496618
hungary,2019,290.66
ibrd only,2019,
ida & ibrd total,2019,
ida total,2019,
ida blend,2019,
indonesia,2019,14147.67136
ida only,2019,
isle of man,2019,0.78344511
india,2019,70.42034054
not classified,2019,
ireland,2019,0.893276257
"iran, islamic rep.",2019,42000.0
iraq,2019,1182.0
iceland,2019,122.6067736
israel,2019,3.564527347
italy,2019,0.893276257
jamaica,2019,133.3121183
jordan,2019,0.71
japan,2019,109.0096659
kazakhstan,2019,382.7473106
kenya,2019,101.9912984
kyrgyz republic,2019,69.78934918
cambodia,2019,4061.148963
kiribati,2019,1.438506544
st. kitts and nevis,2019,2.7
"korea, rep.",2019,1165.3575
kuwait,2019,0.303611163
latin america & caribbean (excluding high income),2019,
lao pdr,2019,8679.409093
lebanon,2019,1507.5
liberia,2019,186.4297446
libya,2019,1.398262897
st. lucia,2019,2.7
latin america & caribbean,2019,
least developed countries: un classification,2019,
low income,2019,
liechtenstein,2019,
sri lanka,2019,178.744925
lower middle income,2019,
low & middle income,2019,
lesotho,2019,14.44842705
late-demographic dividend,2019,
lithuania,2019,0.893276257
luxembourg,2019,0.893276257
latvia,2019,0.893276257
"macao sar, china",2019,8.070470333
st. martin (french part),2019,0.893276257
morocco,2019,9.6170761
monaco,2019,0.893276257
moldova,2019,17.57346887
madagascar,2019,3618.321858
maldives,2019,15.38204192
"middle east, north africa, afghanistan & pakistan",2019,
mexico,2019,19.26363333
marshall islands,2019,1.0
middle income,2019,
north macedonia,2019,54.9472
mali,2019,585.9110132
malta,2019,0.893276257
myanmar,2019,1518.255117
"middle east, north africa, afghanistan & pakistan (excluding high income)",2019,
montenegro,2019,0.893215581
mongolia,2019,2663.541398
northern mariana islands,2019,1.0
mozambique,2019,62.54833333
mauritania,2019,36.69083333
mauritius,2019,35.47351667
malawi,2019,745.5406679
malaysia,2019,4.142469736
north america,2019,
namibia,2019,14.44869042
new caledonia,2019,106.5889338
niger,2019,585.9110132
nigeria,2019,306.9209515
nicaragua,2019,33.12174527
netherlands,2019,0.893276257
norway,2019,8.8
nepal,2019,112.6094828
nauru,2019,1.438506544
new zealand,2019,1.517875
oecd members,2019,
oman,2019,0.3845
other small states,2019,
pakistan,2019,150.0362538
panama,2019,1.0
peru,2019,3.337265547
philippines,2019,51.79578265
palau,2019,1.0
papua new guinea,2019,3.387537681
poland,2019,3.839375
pre-demographic dividend,2019,
puerto rico (us),2019,1.0
"korea, dem. people's rep.",2019,
portugal,2019,0.893276257
paraguay,2019,6240.722078
west bank and gaza,2019,
pacific island small states,2019,
post-demographic dividend,2019,
french polynesia,2019,106.5889338
qatar,2019,3.64
romania,2019,4.237925
russian federation,2019,64.73765833
rwanda,2019,899.350509
south asia,2019,
saudi arabia,2019,3.75
sudan,2019,45.76704545
senegal,2019,585.9110132
singapore,2019,1.364158333
solomon islands,2019,8.173399298
sierra leone,2019,9.010221144
el salvador,2019,1.0
san marino,2019,0.893215581
"somalia, fed. rep.",2019,
serbia,2019,105.2495583
sub-saharan africa (excluding high income),2019,
south sudan,2019,157.9991667
sub-saharan africa,2019,
small states,2019,
sao tome and principe,2019,21.88474182
suriname,2019,7.458
slovak republic,2019,0.893276257
slovenia,2019,0.893276257
sweden,2019,9.458349167
eswatini,2019,14.45178923
sint maarten (dutch part),2019,1.79
seychelles,2019,14.03325
syrian arab republic,2019,436.5
turks and caicos islands,2019,1.0
chad,2019,585.9110132
east asia & pacific (ida & ibrd countries),2019,
europe & central asia (ida & ibrd countries),2019,
togo,2019,585.9110132
thailand,2019,31.04760578
tajikistan,2019,9.530366667
turkmenistan,2019,
latin america & the caribbean (ida & ibrd countries),2019,
timor-leste,2019,1.0
"middle east, north africa, afghanistan & pakistan (ida & ibrd)",2019,
tonga,2019,2.28948563
south asia (ida & ibrd),2019,
sub-saharan africa (ida & ibrd countries),2019,
trinidad and tobago,2019,6.754326683
tunisia,2019,2.934433333
turkiye,2019,5.673819308
tuvalu,2019,
tanzania,2019,2288.206667
uganda,2019,3704.049072
ukraine,2019,25.84558933
upper middle income,2019,
uruguay,2019,35.255375
united states,2019,1.0
uzbekistan,2019,8836.7875
st. vincent and the grenadines,2019,2.7
"venezuela, rb",2019,
british virgin islands,2019,
virgin islands (u.s.),2019,1.0
viet nam,2019,23050.24167
vanuatu,2019,114.7325
world,2019,
samoa,2019,2.648826322
kosovo,2019,0.893215581
"yemen, rep.",2019,486.7309229
south africa,2019,14.44842705
zambia,2019,12.89
zimbabwe,2019,
aruba,2020,1.79
africa eastern and southern,2020,
afghanistan,2020,76.81353644
africa western and central,2020,
angola,2020,578.2587803
albania,2020,108.65
andorra,2020,
arab world,2020,
united arab emirates,2020,3.6725
argentina,2020,70.53916667
armenia,2020,489.0088586
american samoa,2020,1.0
antigua and barbuda,2020,2.7
australia,2020,1.453085118
austria,2020,0.875506397
azerbaijan,2020,1.7
burundi,2020,1915.046176
belgium,2020,0.875506397
benin,2020,574.2945496
burkina faso,2020,575.5860045
bangladesh,2020,84.87139167
bulgaria,2020,1.716333333
bahrain,2020,0.376
"bahamas, the",2020,1.0
bosnia and herzegovina,2020,1.716970495
belarus,2020,2.439575
belize,2020,2.0
bermuda,2020,1.0
bolivia,2020,6.91
brazil,2020,5.155178788
barbados,2020,2.0
brunei darussalam,2020,1.37970343
bhutan,2020,74.09956688
botswana,2020,11.45624167
central african republic,2020,575.5860045
canada,2020,1.341152672
central europe and the baltics,2020,
switzerland,2020,0.938965
channel islands,2020,0.779999577
chile,2020,792.7272061
china,2020,6.900767269
cote d'ivoire,2020,575.5860045
cameroon,2020,575.5860045
"congo, dem. rep.",2020,1851.122162
"congo, rep.",2020,575.5860045
colombia,2020,3693.275833
comoros,2020,430.7209122
cabo verde,2020,96.79574279
costa rica,2020,584.900855
caribbean small states,2020,
cuba,2020,
curacao,2020,1.79
cayman islands,2020,0.83333
cyprus,2020,0.875506397
czechia,2020,23.21025
germany,2020,0.875506397
djibouti,2020,177.721
dominica,2020,2.7
denmark,2020,6.542152204
dominican republic,2020,56.52453333
algeria,2020,126.7768
east asia & pacific (excluding high income),2020,
early-demographic dividend,2020,
east asia & pacific,2020,
europe & central asia (excluding high income),2020,
europe & central asia,2020,
ecuador,2020,1.0
"egypt, arab rep.",2020,15.75917292
euro area,2020,0.875506397
eritrea,2020,15.075
spain,2020,0.875506397
estonia,2020,0.875506397
ethiopia,2020,34.9271654
european union,2020,
fragile and conflict affected situations,2020,
finland,2020,0.875506397
fiji,2020,2.168804924
france,2020,0.875506397
faroe islands,2020,6.542152204
"micronesia, fed. sts.",2020,1.0
gabon,2020,575.5860045
united kingdom,2020,0.779999577
georgia,2020,3.109016667
ghana,2020,5.595708333
gibraltar,2020,0.779999577
guinea,2020,9565.082183
"gambia, the",2020,51.50166037
guinea-bissau,2020,575.5860045
equatorial guinea,2020,575.5860045
greece,2020,0.875506397
grenada,2020,2.7
greenland,2020,6.542152204
guatemala,2020,7.72165
guam,2020,1.0
guyana,2020,208.5
high income,2020,
"hong kong sar, china",2020,7.75725
honduras,2020,24.58188052
heavily indebted poor countries (hipc),2020,
croatia,2020,6.6140555
haiti,2020,93.50980721
hungary,2020,307.9966667
ibrd only,2020,
ida & ibrd total,2020,
ida total,2020,
ida blend,2020,
indonesia,2020,14582.20347
ida only,2020,
isle of man,2020,0.779999577
india,2020,74.09956688
not classified,2020,
ireland,2020,0.875506397
"iran, islamic rep.",2020,42000.0
iraq,2020,1192.0
iceland,2020,135.4217116
israel,2020,3.442405852
italy,2020,0.875506397
jamaica,2020,142.4028328
jordan,2020,0.71
japan,2020,106.7745823
kazakhstan,2020,412.9533333
kenya,2020,106.4507802
kyrgyz republic,2020,77.3461127
cambodia,2020,4092.783219
kiribati,2020,1.453085118
st. kitts and nevis,2020,2.7
"korea, rep.",2020,1180.265833
kuwait,2020,0.306233122
latin america & caribbean (excluding high income),2020,
lao pdr,2020,9045.787834
lebanon,2020,1507.5
liberia,2020,191.5179576
libya,2020,1.388666683
st. lucia,2020,2.7
latin america & caribbean,2020,
least developed countries: un classification,2020,
low income,2020,
liechtenstein,2020,
sri lanka,2020,185.5925578
lower middle income,2020,
low & middle income,2020,
lesotho,2020,16.45910539
late-demographic dividend,2020,
lithuania,2020,0.875506397
luxembourg,2020,0.875506397
latvia,2020,0.875506397
"macao sar, china",2020,7.989061917
st. martin (french part),2020,0.875506397
morocco,2020,9.496847322
monaco,2020,0.875506397
moldova,2020,17.32183521
madagascar,2020,3787.754058
maldives,2020,15.38126953
"middle east, north africa, afghanistan & pakistan",2020,
mexico,2020,21.48560833
marshall islands,2020,1.0
middle income,2020,
north macedonia,2020,54.144325
mali,2020,575.5860045
malta,2020,0.875506397
myanmar,2020,1381.619167
"middle east, north africa, afghanistan & pakistan (excluding high income)",2020,
montenegro,2020,0.877475207
mongolia,2020,2813.289835
northern mariana islands,2020,1.0
mozambique,2020,69.465
mauritania,2020,37.18916667
mauritius,2020,39.34693333
malawi,2020,749.5274939
malaysia,2020,4.203481949
north america,2020,
namibia,2020,16.46326667
new caledonia,2020,104.7106082
niger,2020,575.5860045
nigeria,2020,358.8107973
nicaragua,2020,34.34212212
netherlands,2020,0.875506397
norway,2020,9.415833333
nepal,2020,118.3451873
nauru,2020,1.453085118
new zealand,2020,1.542058333
oecd members,2020,
oman,2020,0.3845
other small states,2020,
pakistan,2020,161.8384797
panama,2020,1.0
peru,2020,3.494941198
philippines,2020,49.624096
palau,2020,1.0
papua new guinea,2020,3.459974386
poland,2020,3.899741667
pre-demographic dividend,2020,
puerto rico (us),2020,1.0
"korea, dem. people's rep.",2020,
portugal,2020,0.875506397
paraguay,2020,6771.097425
west bank and gaza,2020,
pacific island small states,2020,
post-demographic dividend,2020,
french polynesia,2020,104.7106082
qatar,2020,3.64
romania,2020,4.243991667
russian federation,2020,72.10490833
rwanda,2020,943.2780482
south asia,2020,
saudi arabia,2020,3.75
sudan,2020,53.9960119
senegal,2020,575.5860045
singapore,2020,1.379741667
solomon islands,2020,8.21341291
sierra leone,2020,9.829926763
el salvador,2020,1.0
san marino,2020,0.877475207
"somalia, fed. rep.",2020,
serbia,2020,103.1632917
sub-saharan africa (excluding high income),2020,
south sudan,2020,165.9073167
sub-saharan africa,2020,
small states,2020,
sao tome and principe,2020,21.5070591
suriname,2020,9.309545455
slovak republic,2020,0.875506397
slovenia,2020,0.875506397
sweden,2020,9.210309028
eswatini,2020,16.47025587
sint maarten (dutch part),2020,1.79
seychelles,2020,17.61651876
syrian arab republic,2020,877.9452509
turks and caicos islands,2020,1.0
chad,2020,575.5860045
east asia & pacific (ida & ibrd countries),2020,
europe & central asia (ida & ibrd countries),2020,
togo,2020,575.5860045
thailand,2020,31.29367321
tajikistan,2020,10.32194167
turkmenistan,2020,
latin america & the caribbean (ida & ibrd countries),2020,
timor-leste,2020,1.0
"middle east, north africa, afghanistan & pakistan (ida & ibrd)",2020,
tonga,2020,2.299561508
south asia (ida & ibrd),2020,
sub-saharan africa (ida & ibrd countries),2020,
trinidad and tobago,2020,6.751052687
tunisia,2020,2.812358333
turkiye,2020,7.008605416
tuvalu,2020,
tanzania,2020,2294.146151
uganda,2020,3718.248923
ukraine,2020,26.95752438
upper middle income,2020,
uruguay,2020,42.01329167
united states,2020,1.0
uzbekistan,2020,10054.26133
st. vincent and the grenadines,2020,2.7
"venezuela, rb",2020,
british virgin islands,2020,
virgin islands (u.s.),2020,1.0
viet nam,2020,23208.36833
vanuatu,2020,115.38
world,2020,
samoa,2020,2.664960845
kosovo,2020,0.877475207
"yemen, rep.",2020,743.0059644
south africa,2020,16.45910539
zambia,2020,18.34409265
zimbabwe,2020,51.32901312
aruba,2021,1.79
africa eastern and southern,2021,
afghanistan,2021,
africa western and central,2021,
angola,2021,631.4419555
albania,2021,103.52
andorra,2021,0.845376564
arab world,2021,
united arab emirates,2021,3.6725
argentina,2021,94.99074167
armenia,2021,503.769675
american samoa,2021,1.0
antigua and barbuda,2021,2.7
australia,2021,1.33122426
austria,2021,0.845494139
azerbaijan,2021,1.7
burundi,2021,1975.950881
belgium,2021,0.845494139
benin,2021,554.6077989
burkina faso,2021,554.530675
bangladesh,2021,85.08376325
bulgaria,2021,1.653775
bahrain,2021,0.376
"bahamas, the",2021,1.0
bosnia and herzegovina,2021,1.653606154
belarus,2021,2.538675
belize,2021,2.0
bermuda,2021,1.0
bolivia,2021,6.91
brazil,2021,5.39440079
barbados,2021,2.0
brunei darussalam,2021,1.343806963
bhutan,2021,73.91801282
botswana,2021,11.08725833
central african republic,2021,554.530675
canada,2021,1.253876902
central europe and the baltics,2021,
switzerland,2021,0.913845833
channel islands,2021,0.727064945
chile,2021,758.9553787
china,2021,6.44897518
cote d'ivoire,2021,554.530675
cameroon,2021,554.530675
"congo, dem. rep.",2021,1989.391471
"congo, rep.",2021,554.530675
colombia,2021,3744.244167
comoros,2021,415.9558491
cabo verde,2021,93.21809241
costa rica,2021,620.78472
caribbean small states,2021,
cuba,2021,
curacao,2021,1.79
cayman islands,2021,0.83333
cyprus,2021,0.845494139
czechia,2021,21.67816667
germany,2021,0.845494139
djibouti,2021,177.721
dominica,2021,2.7
denmark,2021,6.287113083
dominican republic,2021,57.22111667
algeria,2021,135.0640583
east asia & pacific (excluding high income),2021,
early-demographic dividend,2021,
east asia & pacific,2021,
europe & central asia (excluding high income),2021,
europe & central asia,2021,
ecuador,2021,1.0
"egypt, arab rep.",2021,15.64452728
euro area,2021,0.845494139
eritrea,2021,15.075
spain,2021,0.845494139
estonia,2021,0.845494139
ethiopia,2021,43.73377832
european union,2021,
fragile and conflict affected situations,2021,
finland,2021,0.845494139
fiji,2021,2.070633333
france,2021,0.845494139
faroe islands,2021,6.287113083
"micronesia, fed. sts.",2021,1.0
gabon,2021,554.530675
united kingdom,2021,0.727064945
georgia,2021,3.221558333
ghana,2021,5.8057
gibraltar,2021,0.727064945
guinea,2021,
"gambia, the",2021,51.48444388
guinea-bissau,2021,554.530675
equatorial guinea,2021,554.530675
greece,2021,0.845494139
grenada,2021,2.7
greenland,2021,6.287113083
guatemala,2021,7.734388333
guam,2021,1.0
guyana,2021,208.5
high income,2021,
"hong kong sar, china",2021,7.77325
honduras,2021,24.01665532
heavily indebted poor countries (hipc),2021,
croatia,2021,6.360083167
haiti,2021,89.22663651
hungary,2021,303.1408333
ibrd only,2021,
ida & ibrd total,2021,
ida total,2021,
ida blend,2021,
indonesia,2021,14308.1439
ida only,2021,
isle of man,2021,0.727064945
india,2021,73.91801282
not classified,2021,
ireland,2021,0.845494139
"iran, islamic rep.",2021,42000.0
iraq,2021,1450.0
iceland,2021,126.9888602
israel,2021,3.230198323
italy,2021,0.845494139
jamaica,2021,150.7901059
jordan,2021,0.71
japan,2021,109.7543238
kazakhstan,2021,425.9075
kenya,2021,109.6377466
kyrgyz republic,2021,84.64082201
cambodia,2021,4098.722795
kiribati,2021,1.33122426
st. kitts and nevis,2021,2.7
"korea, rep.",2021,1143.951667
kuwait,2021,0.301643111
latin america & caribbean (excluding high income),2021,
lao pdr,2021,9697.915789
lebanon,2021,1507.5
liberia,2021,166.1537008
libya,2021,4.514425
st. lucia,2021,2.7
latin america & caribbean,2021,
least developed countries: un classification,2021,
low income,2021,
liechtenstein,2021,
sri lanka,2021,198.7643168
lower middle income,2021,
low & middle income,2021,
lesotho,2021,14.77867821
late-demographic dividend,2021,
lithuania,2021,0.845494139
luxembourg,2021,0.845494139
latvia,2021,0.845494139
"macao sar, china",2021,8.00553175
st. martin (french part),2021,0.845494139
morocco,2021,8.988484024
monaco,2021,0.845494139
moldova,2021,17.68046614
madagascar,2021,3829.977849
maldives,2021,15.37269841
"middle east, north africa, afghanistan & pakistan",2021,
mexico,2021,20.27240833
marshall islands,2021,1.0
middle income,2021,
north macedonia,2021,52.10215833
mali,2021,554.530675
malta,2021,0.845494139
myanmar,2021,
"middle east, north africa, afghanistan & pakistan (excluding high income)",2021,
montenegro,2021,0.845376564
mongolia,2021,2849.288615
northern mariana islands,2021,1.0
mozambique,2021,65.465
mauritania,2021,36.06333333
mauritius,2021,41.69213333
malawi,2021,805.8996501
malaysia,2021,4.143297598
north america,2021,
namibia,2021,14.778675
new caledonia,2021,100.8802226
niger,2021,554.530675
nigeria,2021,401.1520292
nicaragua,2021,35.17101667
netherlands,2021,0.845494139
norway,2021,8.59
nepal,2021,118.1340816
nauru,2021,1.33122426
new zealand,2021,1.4138
oecd members,2021,
oman,2021,0.3845
other small states,2021,
pakistan,2021,162.9062537
panama,2021,1.0
peru,2021,3.880554131
philippines,2021,49.25459773
palau,2021,1.0
papua new guinea,2021,3.50877193
poland,2021,3.861916667
pre-demographic dividend,2021,
puerto rico (us),2021,1.0
"korea, dem. people's rep.",2021,
portugal,2021,0.845494139
paraguay,2021,6774.162735
west bank and gaza,2021,
pacific island small states,2021,
post-demographic dividend,2021,
french polynesia,2021,100.8802226
qatar,2021,3.64
romania,2021,4.160416667
russian federation,2021,73.65435
rwanda,2021,988.6248066
south asia,2021,
saudi arabia,2021,3.75
sudan,2021,370.7905833
senegal,2021,554.530675
singapore,2021,1.343483333
solomon islands,2021,8.030102991
sierra leone,2021,10.43942532
el salvador,2021,1.0
san marino,2021,0.845376564
"somalia, fed. rep.",2021,
serbia,2021,99.39594167
sub-saharan africa (excluding high income),2021,
south sudan,2021,306.3546199
sub-saharan africa,2021,
small states,2021,
sao tome and principe,2021,20.71040152
suriname,2021,18.23866667
slovak republic,2021,0.845494139
slovenia,2021,0.845494139
sweden,2021,8.576566716
eswatini,2021,14.78343514
sint maarten (dutch part),2021,1.79
seychelles,2021,16.92052257
syrian arab republic,2021,1256.0
turks and caicos islands,2021,1.0
chad,2021,554.530675
east asia & pacific (ida & ibrd countries),2021,
europe & central asia (ida & ibrd countries),2021,
togo,2021,554.530675
thailand,2021,31.97709344
tajikistan,2021,11.30885
turkmenistan,2021,
latin america & the caribbean (ida & ibrd countries),2021,
timor-leste,2021,1.0
"middle east, north africa, afghanistan & pakistan (ida & ibrd)",2021,
tonga,2021,2.264959601
south asia (ida & ibrd),2021,
sub-saharan africa (ida & ibrd countries),2021,
trinidad and tobago,2021,6.758530049
tunisia,2021,2.794466667
turkiye,2021,8.850407549
tuvalu,2021,
tanzania,2021,2297.764226
uganda,2021,3587.051707
ukraine,2021,27.28618938
upper middle income,2021,
uruguay,2021,43.554575
united states,2021,1.0
uzbekistan,2021,10609.46439
st. vincent and the grenadines,2021,2.7
"venezuela, rb",2021,
british virgin islands,2021,
virgin islands (u.s.),2021,1.0
viet nam,2021,23159.78259
vanuatu,2021,109.4525
world,2021,
samoa,2021,2.556092342
kosovo,2021,0.845376564
"yemen, rep.",2021,1028.107754
south africa,2021,14.77867821
zambia,2021,20.01848659
zimbabwe,2021,88.55244726
aruba,2022,1.79
africa eastern and southern,2022,
afghanistan,2022,
africa western and central,2022,
angola,2022,460.5675116
albania,2022,113.0416667
andorra,2022,0.950915534
arab world,2022,
united arab emirates,2022,3.6725
argentina,2022,130.61655
armenia,2022,435.6661797
american samoa,2022,1.0
antigua and barbuda,2022,2.7
australia,2022,1.441664459
austria,2022,0.949623753
azerbaijan,2022,1.7
burundi,2022,2034.306634
belgium,2022,0.949623753
benin,2022,622.9123482
burkina faso,2022,623.7597009
bangladesh,2022,91.74545444
bulgaria,2022,1.860141667
bahrain,2022,0.376
"bahamas, the",2022,1.0
bosnia and herzegovina,2022,1.859325877
belarus,2022,2.6261
belize,2022,2.0
bermuda,2022,1.0
bolivia,2022,6.91
brazil,2022,5.163970291
barbados,2022,2.0
brunei darussalam,2022,1.378956397
bhutan,2022,78.60449058
botswana,2022,12.36880833
central african republic,2022,623.7597009
canada,2022,1.301554775
central europe and the baltics,2022,
switzerland,2022,0.9548325
channel islands,2022,0.811301716
chile,2022,873.3141895
china,2022,6.737158112
cote d'ivoire,2022,623.7597009
cameroon,2022,623.7597009
"congo, dem. rep.",2022,2006.708219
"congo, rep.",2022,623.7597009
colombia,2022,4256.194167
comoros,2022,467.1842612
cabo verde,2022,104.8630658
costa rica,2022,647.1358176
caribbean small states,2022,
cuba,2022,
curacao,2022,1.79
cayman islands,2022,0.83333
cyprus,2022,0.949623753
czechia,2022,23.357
germany,2022,0.949623753
djibouti,2022,177.721
dominica,2022,2.7
denmark,2022,7.076151863
dominican republic,2022,55.14099167
algeria,2022,141.994975
east asia & pacific (excluding high income),2022,
early-demographic dividend,2022,
east asia & pacific,2022,
europe & central asia (excluding high income),2022,
europe & central asia,2022,
ecuador,2022,1.0
"egypt, arab rep.",2022,19.16043974
euro area,2022,0.949623753
eritrea,2022,15.075
spain,2022,0.949623753
estonia,2022,0.949623753
ethiopia,2022,51.75621503
european union,2022,
fragile and conflict affected situations,2022,
finland,2022,0.949623753
fiji,2022,2.201406987
france,2022,0.949623753
faroe islands,2022,7.076151863
"micronesia, fed. sts.",2022,1.0
gabon,2022,623.7597009
united kingdom,2022,0.811301716
georgia,2022,2.9162
ghana,2022,8.2724
gibraltar,2022,0.811301716
guinea,2022,
"gambia, the",2022,54.92346736
guinea-bissau,2022,623.7597009
equatorial guinea,2022,623.7597009
greece,2022,0.949623753
grenada,2022,2.7
greenland,2022,7.076151863
guatemala,2022,7.74824375
guam,2022,1.0
guyana,2022,208.5
high income,2022,
"hong kong sar, china",2022,7.831416667
honduras,2022,24.48587373
heavily indebted poor countries (hipc),2022,
croatia,2022,7.1597415
haiti,2022,115.6307155
hungary,2022,372.5958333
ibrd only,2022,
ida & ibrd total,2022,
ida total,2022,
ida blend,2022,
indonesia,2022,14849.85394
ida only,2022,
isle of man,2022,0.811301716
india,2022,78.60449058
not classified,2022,
ireland,2022,0.949623753
"iran, islamic rep.",2022,42000.0
iraq,2022,1450.0
iceland,2022,135.279902
israel,2022,3.359614402
italy,2022,0.949623753
jamaica,2022,153.4268165
jordan,2022,0.71
japan,2022,131.4981404
kazakhstan,2022,460.165
kenya,2022,117.8659892
kyrgyz republic,2022,84.11622257
cambodia,2022,4102.037865
kiribati,2022,1.441664459
st. kitts and nevis,2022,2.7
"korea, rep.",2022,1291.446667
kuwait,2022,0.306250154
latin america & caribbean (excluding high income),2022,
lao pdr,2022,14035.22669
lebanon,2022,1507.5
liberia,2022,152.9337568
libya,2022,4.813175
st. lucia,2022,2.7
latin america & caribbean,2022,
least developed countries: un classification,2022,
low income,2022,
liechtenstein,2022,
sri lanka,2022,322.6326743
lower middle income,2022,
low & middle income,2022,
lesotho,2022,16.35585348
late-demographic dividend,2022,
lithuania,2022,0.949623753
luxembourg,2022,0.949623753
latvia,2022,0.949623753
"macao sar, china",2022,8.065206083
st. martin (french part),2022,0.949623753
morocco,2022,10.16066024
monaco,2022,0.949623753
moldova,2022,18.89718962
madagascar,2022,4096.116184
maldives,2022,15.386625
"middle east, north africa, afghanistan & pakistan",2022,
mexico,2022,20.12735
marshall islands,2022,1.0
middle income,2022,
north macedonia,2022,58.57439167
mali,2022,623.7597009
malta,2022,0.949623753
myanmar,2022,
"middle east, north africa, afghanistan & pakistan (excluding high income)",2022,
montenegro,2022,0.950915534
mongolia,2022,3140.677884
northern mariana islands,2022,1.0
mozambique,2022,63.85083333
mauritania,2022,36.935
mauritius,2022,44.182775
malawi,2022,949.0390167
malaysia,2022,4.401076345
north america,2022,
namibia,2022,16.35585833
new caledonia,2022,113.4743672
niger,2022,623.7597009
nigeria,2022,425.9791581
nicaragua,2022,35.87442114
netherlands,2022,0.949623753
norway,2022,9.614166667
nepal,2022,125.1994578
nauru,2022,1.441664459
new zealand,2022,1.577183333
oecd members,2022,
oman,2022,0.3845
other small states,2022,
pakistan,2022,204.8671875
panama,2022,1.0
peru,2022,3.835181375
philippines,2022,54.47778584
palau,2022,1.0
papua new guinea,2022,3.519229705
poland,2022,4.457758333
pre-demographic dividend,2022,
puerto rico (us),2022,1.0
"korea, dem. people's rep.",2022,
portugal,2022,0.949623753
paraguay,2022,6982.752378
west bank and gaza,2022,
pacific island small states,2022,
post-demographic dividend,2022,
french polynesia,2022,113.4743672
qatar,2022,3.64
romania,2022,4.688475
russian federation,2022,68.48494167
rwanda,2022,1030.3083
south asia,2022,
saudi arabia,2022,3.75
sudan,2022,546.75885
senegal,2022,623.7597009
singapore,2022,1.378666667
solomon islands,2022,8.155528698
sierra leone,2022,14.04764979
el salvador,2022,1.0
san marino,2022,0.950915534
"somalia, fed. rep.",2022,
serbia,2022,111.6621833
sub-saharan africa (excluding high income),2022,
south sudan,2022,534.5111887
sub-saharan africa,2022,
small states,2022,
sao tome and principe,2022,23.29040395
suriname,2022,24.70917476
slovak republic,2022,0.949623753
slovenia,2022,0.949623753
sweden,2022,10.11425128
eswatini,2022,16.36228306
sint maarten (dutch part),2022,1.79
seychelles,2022,14.27279453
syrian arab republic,2022,2505.746911
turks and caicos islands,2022,1.0
chad,2022,623.7597009
east asia & pacific (ida & ibrd countries),2022,
europe & central asia (ida & ibrd countries),2022,
togo,2022,623.7597009
thailand,2022,35.06135021
tajikistan,2022,11.031075
turkmenistan,2022,
latin america & the caribbean (ida & ibrd countries),2022,
timor-leste,2022,1.0
"middle east, north africa, afghanistan & pakistan (ida & ibrd)",2022,
tonga,2022,2.327929827
south asia (ida & ibrd),2022,
sub-saharan africa (ida & ibrd countries),2022,
trinidad and tobago,2022,6.754128961
tunisia,2022,3.1036
turkiye,2022,16.54886042
tuvalu,2022,
tanzania,2022,2303.033676
uganda,2022,3689.817386
ukraine,2022,32.3423016
upper middle income,2022,
uruguay,2022,41.17108333
united states,2022,1.0
uzbekistan,2022,11050.14542
st. vincent and the grenadines,2022,2.7
"venezuela, rb",2022,
british virgin islands,2022,
virgin islands (u.s.),2022,1.0
viet nam,2022,23271.2125
vanuatu,2022,115.3539167
world,2022,
samoa,2022,2.688997647
kosovo,2022,0.950915534
"yemen, rep.",2022,1115.002387
south africa,2022,16.35585348
zambia,2022,16.93759433
zimbabwe,2022,374.9543626
aruba,2023,1.79
africa eastern and southern,2023,
afghanistan,2023,
africa western and central,2023,
angola,2023,685.0202378
albania,2023,100.645
andorra,2023,0.924709623
arab world,2023,
united arab emirates,2023,3.6725
argentina,2023,296.2580417
armenia,2023,392.4763022
american samoa,2023,1.0
antigua and barbuda,2023,2.7
australia,2023,1.505191066
austria,2023,0.924839558
azerbaijan,2023,1.7
burundi,2023,2574.051749
belgium,2023,0.924839558
benin,2023,606.6549823
burkina faso,2023,606.5697502
bangladesh,2023,106.3094843
bulgaria,2023,1.808966667
bahrain,2023,0.376
"bahamas, the",2023,1.0
bosnia and herzegovina,2023,1.8092028
belarus,2023,3.00735
belize,2023,2.0
bermuda,2023,1.0
bolivia,2023,6.91
brazil,2023,4.994379763
barbados,2023,2.0
brunei darussalam,2023,1.343079601
bhutan,2023,82.59927645
botswana,2023,13.59638333
central african republic,2023,606.5697502
canada,2023,1.349908641
central europe and the baltics,2023,
switzerland,2023,0.89849
channel islands,2023,0.804538907
chile,2023,840.0665267
china,2023,7.083998423
cote d'ivoire,2023,606.5697502
cameroon,2023,606.5697502
"congo, dem. rep.",2023,2340.035704
"congo, rep.",2023,606.5697502
colombia,2023,4325.955
comoros,2023,454.9912367
cabo verde,2023,101.8048125
costa rica,2023,544.0507755
caribbean small states,2023,
cuba,2023,
curacao,2023,1.79
cayman islands,2023,0.83333
cyprus,2023,0.924839558
czechia,2023,22.19808333
germany,2023,0.924839558
djibouti,2023,177.721
dominica,2023,2.7
denmark,2023,6.889702586
dominican republic,2023,56.1576
algeria,2023,135.8429333
east asia & pacific (excluding high income),2023,
early-demographic dividend,2023,
east asia & pacific,2023,
europe & central asia (excluding high income),2023,
europe & central asia,2023,
ecuador,2023,1.0
"egypt, arab rep.",2023,30.6264137
euro area,2023,0.924839558
eritrea,2023,15.075
spain,2023,0.924839558
estonia,2023,0.924839558
ethiopia,2023,54.60094807
european union,2023,
fragile and conflict affected situations,2023,
finland,2023,0.924839558
fiji,2023,2.250125
france,2023,0.924839558
faroe islands,2023,6.889702586
"micronesia, fed. sts.",2023,1.0
gabon,2023,606.5697502
united kingdom,2023,0.804538907
georgia,2023,2.627958333
ghana,2023,11.02040833
gibraltar,2023,0.804538907
guinea,2023,
"gambia, the",2023,61.09633301
guinea-bissau,2023,606.5697502
equatorial guinea,2023,606.5697502
greece,2023,0.924839558
grenada,2023,2.7
greenland,2023,6.889702586
guatemala,2023,7.831974167
guam,2023,1.0
guyana,2023,208.5
high income,2023,
"hong kong sar, china",2023,7.829583333
honduras,2023,24.60164682
heavily indebted poor countries (hipc),2023,
croatia,2023,0.924839558
haiti,2023,141.0359127
hungary,2023,353.0883333
ibrd only,2023,
ida & ibrd total,2023,
ida total,2023,
ida blend,2023,
indonesia,2023,15236.88466
ida only,2023,
isle of man,2023,0.804538907
india,2023,82.59927645
not classified,2023,
ireland,2023,0.924839558
"iran, islamic rep.",2023,42000.0
iraq,2023,1312.5
iceland,2023,137.9429524
israel,2023,3.667374716
italy,2023,0.924839558
jamaica,2023,154.158779
jordan,2023,0.71
japan,2023,140.4911001
kazakhstan,2023,456.165
kenya,2023,139.8463838
kyrgyz republic,2023,87.85612559
cambodia,2023,4110.652746
kiribati,2023,1.505191066
st. kitts and nevis,2023,2.7
"korea, rep.",2023,1305.6625
kuwait,2023,0.307185351
latin america & caribbean (excluding high income),2023,
lao pdr,2023,17688.87359
lebanon,2023,13875.625
liberia,2023,174.9559828
libya,2023,4.812883333
st. lucia,2023,2.7
latin america & caribbean,2023,
least developed countries: un classification,2023,
low income,2023,
liechtenstein,2023,
sri lanka,2023,327.5065333
lower middle income,2023,
low & middle income,2023,
lesotho,2023,18.45024418
late-demographic dividend,2023,
lithuania,2023,0.924839558
luxembourg,2023,0.924839558
latvia,2023,0.924839558
"macao sar, china",2023,8.063390083
st. martin (french part),2023,0.924839558
morocco,2023,10.1314261
monaco,2023,0.924839558
moldova,2023,18.16393776
madagascar,2023,4429.579214
maldives,2023,15.38679435
"middle east, north africa, afghanistan & pakistan",2023,
mexico,2023,17.75871667
marshall islands,2023,1.0
middle income,2023,
north macedonia,2023,56.94719167
mali,2023,606.5697502
malta,2023,0.924839558
myanmar,2023,
"middle east, north africa, afghanistan & pakistan (excluding high income)",2023,
montenegro,2023,0.924709623
mongolia,2023,3465.736536
northern mariana islands,2023,1.0
mozambique,2023,63.88583333
mauritania,2023,36.48916667
mauritius,2023,45.267225
malawi,2023,1161.094367
malaysia,2023,4.560623432
north america,2023,
namibia,2023,18.44630833
new caledonia,2023,110.3471713
niger,2023,606.5697502
nigeria,2023,645.1940679
nicaragua,2023,36.44119428
netherlands,2023,0.924839558
norway,2023,10.56333333
nepal,2023,132.1154601
nauru,2023,1.505191066
new zealand,2023,1.628433333
oecd members,2023,
oman,2023,0.3845
other small states,2023,
pakistan,2023,280.3561117
panama,2023,1.0
peru,2023,3.74382621
philippines,2023,55.63036322
palau,2023,1.0
papua new guinea,2023,3.589622749
poland,2023,4.203666667
pre-demographic dividend,2023,
puerto rico (us),2023,1.0
"korea, dem. people's rep.",2023,
portugal,2023,0.924839558
paraguay,2023,7288.872054
west bank and gaza,2023,
pacific island small states,2023,
post-demographic dividend,2023,
french polynesia,2023,110.3471713
qatar,2023,3.64
romania,2023,4.574291667
russian federation,2023,85.16200833
rwanda,2023,1160.098694
south asia,2023,
saudi arabia,2023,3.75
sudan,2023,
senegal,2023,606.5697502
singapore,2023,1.342766667
solomon islands,2023,8.375596776
sierra leone,2023,21.30487511
el salvador,2023,1.0
san marino,2023,0.924709623
"somalia, fed. rep.",2023,
serbia,2023,108.4026917
sub-saharan africa (excluding high income),2023,
south sudan,2023,930.3314295
sub-saharan africa,2023,
small states,2023,
sao tome and principe,2023,22.65842479
suriname,2023,36.77586917
slovak republic,2023,0.924839558
slovenia,2023,0.924839558
sweden,2023,10.6101613
eswatini,2023,18.45359249
sint maarten (dutch part),2023,1.79
seychelles,2023,14.0181107
syrian arab republic,2023,
turks and caicos islands,2023,1.0
chad,2023,606.5697502
east asia & pacific (ida & ibrd countries),2023,
europe & central asia (ida & ibrd countries),2023,
togo,2023,606.5697502
thailand,2023,34.80218858
tajikistan,2023,10.844525
turkmenistan,2023,
latin america & the caribbean (ida & ibrd countries),2023,
timor-leste,2023,1.0
"middle east, north africa, afghanistan & pakistan (ida & ibrd)",2023,
tonga,2023,2.363698818
south asia (ida & ibrd),2023,
sub-saharan africa (ida & ibrd countries),2023,
trinidad and tobago,2023,6.750262379
tunisia,2023,3.106166667
turkiye,2023,23.73856612
tuvalu,2023,
tanzania,2023,2383.042583
uganda,2023,3726.14046
ukraine,2023,36.57380812
upper middle income,2023,
uruguay,2023,38.82391667
united states,2023,1.0
uzbekistan,2023,11734.83342
st. vincent and the grenadines,2023,2.7
"venezuela, rb",2023,
british virgin islands,2023,
virgin islands (u.s.),2023,1.0
viet nam,2023,23787.31917
vanuatu,2023,119.1125
world,2023,
samoa,2023,2.73843913
kosovo,2023,0.924709623
"yemen, rep.",2023,1355.116379
south africa,2023,18.45024418
zambia,2023,20.21201787
zimbabwe,2023,3509.17222
aruba,2024,1.79
africa eastern and southern,2024,
afghanistan,2024,
africa western and central,2024,
angola,2024,869.8461896
albania,2024,93.12333333
andorra,2024,0.924367447
arab world,2024,
united arab emirates,2024,3.6725
argentina,2024,914.6948833
armenia,2024,392.7295514
american samoa,2024,1.0
antigua and barbuda,2024,2.7
australia,2024,1.515358039
austria,2024,0.923889546
azerbaijan,2024,1.7
burundi,2024,
belgium,2024,0.923889546
benin,2024,606.3452976
burkina faso,2024,606.3452976
bangladesh,2024,115.6036538
bulgaria,2024,1.807841667
bahrain,2024,0.376
"bahamas, the",2024,1.0
bosnia and herzegovina,2024,1.807563562
belarus,2024,3.246191667
belize,2024,2.0
bermuda,2024,1.0
bolivia,2024,6.91
brazil,2024,5.388934906
barbados,2024,2.0
brunei darussalam,2024,1.336033277
bhutan,2024,83.66928158
botswana,2024,13.56313333
central african republic,2024,606.3452976
canada,2024,1.369359766
central europe and the baltics,2024,
switzerland,2024,0.880440833
channel islands,2024,0.782414581
chile,2024,943.5721674
china,2024,7.197491108
cote d'ivoire,2024,606.3452976
cameroon,2024,606.3452976
"congo, dem. rep.",2024,
"congo, rep.",2024,606.3452976
colombia,2024,4074.434167
comoros,2024,454.5238613
cabo verde,2024,101.9220108
costa rica,2024,515.1097719
caribbean small states,2024,
cuba,2024,
curacao,2024,1.79
cayman islands,2024,0.83333
cyprus,2024,0.923889546
czechia,2024,23.21683333
germany,2024,0.923889546
djibouti,2024,177.721
dominica,2024,2.7
denmark,2024,6.894481417
dominican republic,2024,59.56513333
algeria,2024,134.0532417
east asia & pacific (excluding high income),2024,
early-demographic dividend,2024,
east asia & pacific,2024,
europe & central asia (excluding high income),2024,
europe & central asia,2024,
ecuador,2024,1.0
"egypt, arab rep.",2024,45.29926
euro area,2024,0.923889546
eritrea,2024,15.075
spain,2024,0.923889546
estonia,2024,0.923889546
ethiopia,2024,
european union,2024,
fragile and conflict affected situations,2024,
finland,2024,0.923889546
fiji,2024,2.2683
france,2024,0.923889546
faroe islands,2024,6.894481417
"micronesia, fed. sts.",2024,1.0
gabon,2024,606.3452976
united kingdom,2024,0.782414581
georgia,2024,2.720616667
ghana,2024,
gibraltar,2024,0.782414581
guinea,2024,
"gambia, the",2024,67.66123826
guinea-bissau,2024,606.3452976
equatorial guinea,2024,606.3452976
greece,2024,0.923889546
grenada,2024,2.7
greenland,2024,6.894481417
guatemala,2024,7.7585375
guam,2024,1.0
guyana,2024,208.5
high income,2024,
"hong kong sar, china",2024,7.803833333
honduras,2024,24.79928244
heavily indebted poor countries (hipc),2024,
croatia,2024,0.923889546
haiti,2024,131.8109917
hungary,2024,365.6908333
ibrd only,2024,
ida & ibrd total,2024,
ida total,2024,
ida blend,2024,
indonesia,2024,15855.44829
ida only,2024,
isle of man,2024,0.782414581
india,2024,83.66928158
not classified,2024,
ireland,2024,0.923889546
"iran, islamic rep.",2024,
iraq,2024,1300.0
iceland,2024,137.958026
israel,2024,3.69971965
italy,2024,0.923889546
jamaica,2024,156.4395401
jordan,2024,0.71
japan,2024,151.3662913
kazakhstan,2024,468.9625
kenya,2024,134.8224833
kyrgyz republic,2024,87.15031264
cambodia,2024,4072.397239
kiribati,2024,1.515358039
st. kitts and nevis,2024,2.7
"korea, rep.",2024,1363.375
kuwait,2024,0.306690649
latin america & caribbean (excluding high income),2024,
lao pdr,2024,
lebanon,2024,89500.0
liberia,2024,
libya,2024,4.832208333
st. lucia,2024,2.7
latin america & caribbean,2024,
least developed countries: un classification,2024,
low income,2024,
liechtenstein,2024,0.880440833
sri lanka,2024,
lower middle income,2024,
low & middle income,2024,
lesotho,2024,18.32865755
late-demographic dividend,2024,
lithuania,2024,0.923889546
luxembourg,2024,0.923889546
latvia,2024,0.923889546
"macao sar, china",2024,8.03683075
st. martin (french part),2024,0.923889546
morocco,2024,9.942359217
monaco,2024,0.923889546
moldova,2024,17.79190769
madagascar,2024,4525.424721
maldives,2024,15.38919633
"middle east, north africa, afghanistan & pakistan",2024,
mexico,2024,18.30485833
marshall islands,2024,1.0
middle income,2024,
north macedonia,2024,56.87263333
mali,2024,606.3452976
malta,2024,0.923889546
myanmar,2024,
"middle east, north africa, afghanistan & pakistan (excluding high income)",2024,
montenegro,2024,0.924367447
mongolia,2024,3389.98152
northern mariana islands,2024,1.0
mozambique,2024,63.905
mauritania,2024,
mauritius,2024,46.414675
malawi,2024,
malaysia,2024,4.576427911
north america,2024,
namibia,2024,18.32865833
new caledonia,2024,110.3063389
niger,2024,606.3452976
nigeria,2024,1478.965197
nicaragua,2024,36.6243
netherlands,2024,0.923889546
norway,2024,10.74583333
nepal,2024,133.7266443
nauru,2024,1.515358039
new zealand,2024,1.652308333
oecd members,2024,
oman,2024,0.3845
other small states,2024,
pakistan,2024,278.5807162
panama,2024,1.0
peru,2024,3.7525
philippines,2024,57.29065507
palau,2024,1.0
papua new guinea,2024,3.852750268
poland,2024,3.980783333
pre-demographic dividend,2024,
puerto rico (us),2024,1.0
"korea, dem. people's rep.",2024,
portugal,2024,0.923889546
paraguay,2024,7560.247588
west bank and gaza,2024,
pacific island small states,2024,
post-demographic dividend,2024,
french polynesia,2024,110.3063389
qatar,2024,3.64
romania,2024,4.598375
russian federation,2024,
rwanda,2024,1318.128357
south asia,2024,
saudi arabia,2024,3.75
sudan,2024,
senegal,2024,606.3452976
singapore,2024,1.336233333
solomon islands,2024,8.454835602
sierra leone,2024,
el salvador,2024,1.0
san marino,2024,0.924367447
"somalia, fed. rep.",2024,
serbia,2024,108.2077417
sub-saharan africa (excluding high income),2024,
south sudan,2024,2163.103873
sub-saharan africa,2024,
small states,2024,
sao tome and principe,2024,
suriname,2024,33.18055167
slovak republic,2024,0.923889546
slovenia,2024,0.923889546
sweden,2024,10.56763643
eswatini,2024,18.31768683
sint maarten (dutch part),2024,1.79
seychelles,2024,14.52969319
syrian arab republic,2024,
turks and caicos islands,2024,1.0
chad,2024,606.3452976
east asia & pacific (ida & ibrd countries),2024,
europe & central asia (ida & ibrd countries),2024,
togo,2024,606.3452976
thailand,2024,35.29353808
tajikistan,2024,10.79949167
turkmenistan,2024,
latin america & the caribbean (ida & ibrd countries),2024,
timor-leste,2024,1.0
"middle east, north africa, afghanistan & pakistan (ida & ibrd)",2024,
tonga,2024,2.373041574
south asia (ida & ibrd),2024,
sub-saharan africa (ida & ibrd countries),2024,
trinidad and tobago,2024,6.750123249
tunisia,2024,3.10745
turkiye,2024,32.80586144
tuvalu,2024,1.515358039
tanzania,2024,2597.900417
uganda,2024,3757.262535
ukraine,2024,40.15208272
upper middle income,2024,
uruguay,2024,40.2127875
united states,2024,1.0
uzbekistan,2024,12652.28682
st. vincent and the grenadines,2024,2.7
"venezuela, rb",2024,
british virgin islands,2024,
virgin islands (u.s.),2024,1.0
viet nam,2024,24164.88583
vanuatu,2024,119.1666667
world,2024,
samoa,2024,2.753953705
kosovo,2024,0.924367447
"yemen, rep.",2024,
south africa,2024,18.32865755
zambia,2024,26.16641878
zimbabwe,2024,3266.331913
taiwan,2020,29.5
taiwan,2021,28.0
taiwan,2022,29.5
taiwan,2023,30.8
taiwan,2024,31.5
