country_norm,year,inflation_rate
aruba,1960,
africa eastern and southern,1960,
afghanistan,1960,
africa western and central,1960,
angola,1960,
albania,1960,
andorra,1960,
arab world,1960,
united arab emirates,1960,
argentina,1960,
armenia,1960,
american samoa,1960,
antigua and barbuda,1960,
australia,1960,3.728813559
austria,1960,1.945749352
azerbaijan,1960,
burundi,1960,
belgium,1960,0.299467255
benin,1960,
burkina faso,1960,
bangladesh,1960,
bulgaria,1960,
bahrain,1960,
"bahamas, the",1960,
bosnia and herzegovina,1960,
belarus,1960,
belize,1960,
bermuda,1960,
bolivia,1960,
brazil,1960,
barbados,1960,
brunei darussalam,1960,
bhutan,1960,
botswana,1960,
central african republic,1960,
canada,1960,1.358695652
central europe and the baltics,1960,
switzerland,1960,1.438794703
channel islands,1960,
chile,1960,
china,1960,
cote d'ivoire,1960,
cameroon,1960,
"congo, dem. rep.",1960,
"congo, rep.",1960,
colombia,1960,
comoros,1960,
cabo verde,1960,
costa rica,1960,
caribbean small states,1960,
cuba,1960,
curacao,1960,
cayman islands,1960,
cyprus,1960,
czechia,1960,
germany,1960,1.536612343
djibouti,1960,
dominica,1960,
denmark,1960,
dominican republic,1960,
algeria,1960,
east asia & pacific (excluding high income),1960,
early-demographic dividend,1960,
east asia & pacific,1960,
europe & central asia (excluding high income),1960,
europe & central asia,1960,
ecuador,1960,
"egypt, arab rep.",1960,
euro area,1960,1.741180847
eritrea,1960,
spain,1960,1.177771084
estonia,1960,
ethiopia,1960,
european union,1960,
fragile and conflict affected situations,1960,
finland,1960,3.418127254
fiji,1960,
france,1960,4.139935755
faroe islands,1960,
"micronesia, fed. sts.",1960,
gabon,1960,
united kingdom,1960,1.003575704
georgia,1960,
ghana,1960,
gibraltar,1960,
guinea,1960,
"gambia, the",1960,
guinea-bissau,1960,
equatorial guinea,1960,
greece,1960,1.477847585
grenada,1960,
greenland,1960,
guatemala,1960,
guam,1960,
guyana,1960,
high income,1960,
"hong kong sar, china",1960,
honduras,1960,
heavily indebted poor countries (hipc),1960,
croatia,1960,
haiti,1960,
hungary,1960,
ibrd only,1960,
ida & ibrd total,1960,
ida total,1960,
ida blend,1960,
indonesia,1960,
ida only,1960,
isle of man,1960,
india,1960,1.779877847
not classified,1960,
ireland,1960,
"iran, islamic rep.",1960,
iraq,1960,
iceland,1960,1.988397239
israel,1960,
italy,1960,2.350161414
jamaica,1960,
jordan,1960,
japan,1960,3.574511525
kazakhstan,1960,
kenya,1960,
kyrgyz republic,1960,
cambodia,1960,
kiribati,1960,
st. kitts and nevis,1960,
"korea, rep.",1960,7.965565755
kuwait,1960,
latin america & caribbean (excluding high income),1960,
lao pdr,1960,
lebanon,1960,
liberia,1960,
libya,1960,
st. lucia,1960,
latin america & caribbean,1960,
least developed countries: un classification,1960,
low income,1960,
liechtenstein,1960,
sri lanka,1960,
lower middle income,1960,
low & middle income,1960,
lesotho,1960,
late-demographic dividend,1960,
lithuania,1960,
luxembourg,1960,0.449620296
latvia,1960,
"macao sar, china",1960,
st. martin (french part),1960,
morocco,1960,
monaco,1960,
moldova,1960,
madagascar,1960,
maldives,1960,
"middle east, north africa, afghanistan & pakistan",1960,
mexico,1960,
marshall islands,1960,
middle income,1960,
north macedonia,1960,
mali,1960,
malta,1960,
myanmar,1960,
"middle east, north africa, afghanistan & pakistan (excluding high income)",1960,
montenegro,1960,
mongolia,1960,
northern mariana islands,1960,
mozambique,1960,
mauritania,1960,
mauritius,1960,
malawi,1960,
malaysia,1960,
north america,1960,1.408335819
namibia,1960,
new caledonia,1960,
niger,1960,
nigeria,1960,
nicaragua,1960,
netherlands,1960,
norway,1960,0.360492347
nepal,1960,
nauru,1960,
new zealand,1960,0.697929234
oecd members,1960,1.741180847
oman,1960,
other small states,1960,
pakistan,1960,
panama,1960,
peru,1960,
philippines,1960,
palau,1960,
papua new guinea,1960,
poland,1960,
pre-demographic dividend,1960,
puerto rico (us),1960,
"korea, dem. people's rep.",1960,
portugal,1960,3.046592778
paraguay,1960,
west bank and gaza,1960,
pacific island small states,1960,
post-demographic dividend,1960,1.507229964
french polynesia,1960,
qatar,1960,
romania,1960,
russian federation,1960,
rwanda,1960,
south asia,1960,
saudi arabia,1960,
sudan,1960,
senegal,1960,
singapore,1960,
solomon islands,1960,
sierra leone,1960,
el salvador,1960,
san marino,1960,
"somalia, fed. rep.",1960,
serbia,1960,
sub-saharan africa (excluding high income),1960,
south sudan,1960,
sub-saharan africa,1960,
small states,1960,
sao tome and principe,1960,
suriname,1960,
slovak republic,1960,
slovenia,1960,
sweden,1960,4.141779151
eswatini,1960,
sint maarten (dutch part),1960,
seychelles,1960,
syrian arab republic,1960,
turks and caicos islands,1960,
chad,1960,
east asia & pacific (ida & ibrd countries),1960,
europe & central asia (ida & ibrd countries),1960,
togo,1960,
thailand,1960,
tajikistan,1960,
turkmenistan,1960,
latin america & the caribbean (ida & ibrd countries),1960,
timor-leste,1960,
"middle east, north africa, afghanistan & pakistan (ida & ibrd)",1960,
tonga,1960,
south asia (ida & ibrd),1960,
sub-saharan africa (ida & ibrd countries),1960,
trinidad and tobago,1960,
tunisia,1960,
turkiye,1960,5.664739884
tuvalu,1960,
tanzania,1960,
uganda,1960,
ukraine,1960,
upper middle income,1960,
uruguay,1960,
united states,1960,1.457975986
uzbekistan,1960,
st. vincent and the grenadines,1960,
"venezuela, rb",1960,
british virgin islands,1960,
virgin islands (u.s.),1960,
viet nam,1960,
vanuatu,1960,
world,1960,
samoa,1960,
kosovo,1960,
"yemen, rep.",1960,
south africa,1960,1.288876927
zambia,1960,
zimbabwe,1960,
aruba,1961,
africa eastern and southern,1961,
afghanistan,1961,
africa western and central,1961,
angola,1961,
albania,1961,
andorra,1961,
arab world,1961,
united arab emirates,1961,
argentina,1961,
armenia,1961,
american samoa,1961,
antigua and barbuda,1961,
australia,1961,2.287581699
austria,1961,3.542239867
azerbaijan,1961,
burundi,1961,
belgium,1961,0.992676261
benin,1961,
burkina faso,1961,
bangladesh,1961,
bulgaria,1961,
bahrain,1961,
"bahamas, the",1961,
bosnia and herzegovina,1961,
belarus,1961,
belize,1961,
bermuda,1961,
bolivia,1961,
brazil,1961,
barbados,1961,
brunei darussalam,1961,
bhutan,1961,
botswana,1961,
central african republic,1961,
canada,1961,1.018766756
central europe and the baltics,1961,
switzerland,1961,1.845397874
channel islands,1961,
chile,1961,
china,1961,
cote d'ivoire,1961,
cameroon,1961,
"congo, dem. rep.",1961,
"congo, rep.",1961,
colombia,1961,
comoros,1961,
cabo verde,1961,
costa rica,1961,
caribbean small states,1961,
cuba,1961,
curacao,1961,
cayman islands,1961,
cyprus,1961,
czechia,1961,
germany,1961,2.293695007
djibouti,1961,
dominica,1961,
denmark,1961,
dominican republic,1961,
algeria,1961,
east asia & pacific (excluding high income),1961,
early-demographic dividend,1961,
east asia & pacific,1961,
europe & central asia (excluding high income),1961,
europe & central asia,1961,
ecuador,1961,
"egypt, arab rep.",1961,
euro area,1961,1.870849614
eritrea,1961,
spain,1961,0.809252874
estonia,1961,
ethiopia,1961,
european union,1961,
fragile and conflict affected situations,1961,
finland,1961,1.691001915
fiji,1961,
france,1961,2.400461045
faroe islands,1961,
"micronesia, fed. sts.",1961,
gabon,1961,
united kingdom,1961,3.44749623
georgia,1961,
ghana,1961,
gibraltar,1961,
guinea,1961,
"gambia, the",1961,
guinea-bissau,1961,
equatorial guinea,1961,
greece,1961,2.10357935
grenada,1961,
greenland,1961,
guatemala,1961,
guam,1961,
guyana,1961,
high income,1961,
"hong kong sar, china",1961,
honduras,1961,
heavily indebted poor countries (hipc),1961,
croatia,1961,
haiti,1961,
hungary,1961,
ibrd only,1961,
ida & ibrd total,1961,
ida total,1961,
ida blend,1961,
indonesia,1961,
ida only,1961,
isle of man,1961,
india,1961,1.695212939
not classified,1961,
ireland,1961,
"iran, islamic rep.",1961,
iraq,1961,
iceland,1961,4.711614997
israel,1961,
italy,1961,2.050697313
jamaica,1961,
jordan,1961,
japan,1961,5.368461785
kazakhstan,1961,
kenya,1961,
kyrgyz republic,1961,
cambodia,1961,
kiribati,1961,
st. kitts and nevis,1961,
"korea, rep.",1961,8.195652883
kuwait,1961,
latin america & caribbean (excluding high income),1961,
lao pdr,1961,
lebanon,1961,
liberia,1961,
libya,1961,
st. lucia,1961,
latin america & caribbean,1961,
least developed countries: un classification,1961,
low income,1961,
liechtenstein,1961,
sri lanka,1961,
lower middle income,1961,
low & middle income,1961,
lesotho,1961,
late-demographic dividend,1961,
lithuania,1961,
luxembourg,1961,0.482433591
latvia,1961,
"macao sar, china",1961,
st. martin (french part),1961,
morocco,1961,
monaco,1961,
moldova,1961,
madagascar,1961,
maldives,1961,
"middle east, north africa, afghanistan & pakistan",1961,
mexico,1961,
marshall islands,1961,
middle income,1961,
north macedonia,1961,
mali,1961,
malta,1961,
myanmar,1961,
"middle east, north africa, afghanistan & pakistan (excluding high income)",1961,
montenegro,1961,
mongolia,1961,
northern mariana islands,1961,
mozambique,1961,
mauritania,1961,
mauritius,1961,
malawi,1961,
malaysia,1961,
north america,1961,1.044745452
namibia,1961,
new caledonia,1961,
niger,1961,
nigeria,1961,
nicaragua,1961,
netherlands,1961,
norway,1961,2.155172777
nepal,1961,
nauru,1961,
new zealand,1961,1.79770429
oecd members,1961,2.129376063
oman,1961,
other small states,1961,
pakistan,1961,
panama,1961,
peru,1961,
philippines,1961,
palau,1961,
papua new guinea,1961,
poland,1961,
pre-demographic dividend,1961,
puerto rico (us),1961,
"korea, dem. people's rep.",1961,
portugal,1961,1.54899697
paraguay,1961,
west bank and gaza,1961,
pacific island small states,1961,
post-demographic dividend,1961,2.077138331
french polynesia,1961,
qatar,1961,
romania,1961,
russian federation,1961,
rwanda,1961,
south asia,1961,
saudi arabia,1961,
sudan,1961,
senegal,1961,
singapore,1961,
solomon islands,1961,
sierra leone,1961,
el salvador,1961,
san marino,1961,
"somalia, fed. rep.",1961,
serbia,1961,
sub-saharan africa (excluding high income),1961,
south sudan,1961,
sub-saharan africa,1961,
small states,1961,
sao tome and principe,1961,
suriname,1961,
slovak republic,1961,
slovenia,1961,
sweden,1961,2.15797311
eswatini,1961,
sint maarten (dutch part),1961,
seychelles,1961,
syrian arab republic,1961,
turks and caicos islands,1961,
chad,1961,
east asia & pacific (ida & ibrd countries),1961,
europe & central asia (ida & ibrd countries),1961,
togo,1961,
thailand,1961,
tajikistan,1961,
turkmenistan,1961,
latin america & the caribbean (ida & ibrd countries),1961,
timor-leste,1961,
"middle east, north africa, afghanistan & pakistan (ida & ibrd)",1961,
tonga,1961,
south asia (ida & ibrd),1961,
sub-saharan africa (ida & ibrd countries),1961,
trinidad and tobago,1961,
tunisia,1961,
turkiye,1961,3.172856997
tuvalu,1961,
tanzania,1961,
uganda,1961,
ukraine,1961,
upper middle income,1961,
uruguay,1961,
united states,1961,1.070724148
uzbekistan,1961,
st. vincent and the grenadines,1961,
"venezuela, rb",1961,
british virgin islands,1961,
virgin islands (u.s.),1961,
viet nam,1961,
vanuatu,1961,
world,1961,
samoa,1961,
kosovo,1961,
"yemen, rep.",1961,
south africa,1961,2.1023506
zambia,1961,
zimbabwe,1961,
aruba,1962,
africa eastern and southern,1962,
afghanistan,1962,
africa western and central,1962,
angola,1962,
albania,1962,
andorra,1962,
arab world,1962,
united arab emirates,1962,
argentina,1962,
armenia,1962,
american samoa,1962,
antigua and barbuda,1962,
australia,1962,-0.319488818
austria,1962,4.381798639
azerbaijan,1962,
burundi,1962,
belgium,1962,1.404607035
benin,1962,
burkina faso,1962,
bangladesh,1962,
bulgaria,1962,
bahrain,1962,
"bahamas, the",1962,
bosnia and herzegovina,1962,
belarus,1962,
belize,1962,
bermuda,1962,
bolivia,1962,
brazil,1962,
barbados,1962,
brunei darussalam,1962,
bhutan,1962,
botswana,1962,
central african republic,1962,
canada,1962,1.061571125
central europe and the baltics,1962,
switzerland,1962,4.315992878
channel islands,1962,
chile,1962,
china,1962,
cote d'ivoire,1962,
cameroon,1962,
"congo, dem. rep.",1962,
"congo, rep.",1962,
colombia,1962,
comoros,1962,
cabo verde,1962,
costa rica,1962,
caribbean small states,1962,
cuba,1962,
curacao,1962,
cayman islands,1962,
cyprus,1962,
czechia,1962,
germany,1962,2.843270198
djibouti,1962,
dominica,1962,
denmark,1962,
dominican republic,1962,
algeria,1962,
east asia & pacific (excluding high income),1962,
early-demographic dividend,1962,
east asia & pacific,1962,
europe & central asia (excluding high income),1962,
europe & central asia,1962,
ecuador,1962,
"egypt, arab rep.",1962,
euro area,1962,2.843270198
eritrea,1962,
spain,1962,5.706477193
estonia,1962,
ethiopia,1962,
european union,1962,
fragile and conflict affected situations,1962,
finland,1962,4.383982782
fiji,1962,
france,1962,5.331280071
faroe islands,1962,
"micronesia, fed. sts.",1962,
gabon,1962,
united kingdom,1962,4.196498882
georgia,1962,
ghana,1962,
gibraltar,1962,
guinea,1962,
"gambia, the",1962,
guinea-bissau,1962,
equatorial guinea,1962,
greece,1962,-0.475428291
grenada,1962,
greenland,1962,
guatemala,1962,
guam,1962,
guyana,1962,
high income,1962,
"hong kong sar, china",1962,
honduras,1962,
heavily indebted poor countries (hipc),1962,
croatia,1962,
haiti,1962,
hungary,1962,
ibrd only,1962,
ida & ibrd total,1962,
ida total,1962,
ida blend,1962,
indonesia,1962,
ida only,1962,
isle of man,1962,
india,1962,3.632214971
not classified,1962,
ireland,1962,
"iran, islamic rep.",1962,
iraq,1962,
iceland,1962,11.01629245
israel,1962,
italy,1962,4.691143607
jamaica,1962,
jordan,1962,
japan,1962,6.835440348
kazakhstan,1962,
kenya,1962,
kyrgyz republic,1962,
cambodia,1962,
kiribati,1962,
st. kitts and nevis,1962,
"korea, rep.",1962,6.618310975
kuwait,1962,
latin america & caribbean (excluding high income),1962,
lao pdr,1962,
lebanon,1962,
liberia,1962,
libya,1962,
st. lucia,1962,
latin america & caribbean,1962,
least developed countries: un classification,1962,
low income,1962,
liechtenstein,1962,
sri lanka,1962,
lower middle income,1962,
low & middle income,1962,
lesotho,1962,
late-demographic dividend,1962,
lithuania,1962,
luxembourg,1962,0.895946647
latvia,1962,
"macao sar, china",1962,
st. martin (french part),1962,
morocco,1962,
monaco,1962,
moldova,1962,
madagascar,1962,
maldives,1962,
"middle east, north africa, afghanistan & pakistan",1962,
mexico,1962,
marshall islands,1962,
middle income,1962,
north macedonia,1962,
mali,1962,
malta,1962,
myanmar,1962,
"middle east, north africa, afghanistan & pakistan (excluding high income)",1962,
montenegro,1962,
mongolia,1962,
northern mariana islands,1962,
mozambique,1962,
mauritania,1962,
mauritius,1962,
malawi,1962,
malaysia,1962,
north america,1962,1.130172237
namibia,1962,
new caledonia,1962,
niger,1962,
nigeria,1962,
nicaragua,1962,
netherlands,1962,2.431122644
norway,1962,5.274259529
nepal,1962,
nauru,1962,
new zealand,1962,2.68085397
oecd members,1962,4.196498882
oman,1962,
other small states,1962,
pakistan,1962,
panama,1962,
peru,1962,
philippines,1962,
palau,1962,
papua new guinea,1962,
poland,1962,
pre-demographic dividend,1962,
puerto rico (us),1962,
"korea, dem. people's rep.",1962,
portugal,1962,2.662064179
paraguay,1962,
west bank and gaza,1962,
pacific island small states,1962,
post-demographic dividend,1962,4.196498882
french polynesia,1962,
qatar,1962,
romania,1962,
russian federation,1962,
rwanda,1962,
south asia,1962,
saudi arabia,1962,
sudan,1962,
senegal,1962,
singapore,1962,
solomon islands,1962,
sierra leone,1962,
el salvador,1962,
san marino,1962,
"somalia, fed. rep.",1962,
serbia,1962,
sub-saharan africa (excluding high income),1962,
south sudan,1962,
sub-saharan africa,1962,
small states,1962,
sao tome and principe,1962,
suriname,1962,
slovak republic,1962,
slovenia,1962,
sweden,1962,4.766197219
eswatini,1962,
sint maarten (dutch part),1962,
seychelles,1962,
syrian arab republic,1962,
turks and caicos islands,1962,
chad,1962,
east asia & pacific (ida & ibrd countries),1962,
europe & central asia (ida & ibrd countries),1962,
togo,1962,
thailand,1962,
tajikistan,1962,
turkmenistan,1962,
latin america & the caribbean (ida & ibrd countries),1962,
timor-leste,1962,
"middle east, north africa, afghanistan & pakistan (ida & ibrd)",1962,
tonga,1962,
south asia (ida & ibrd),1962,
sub-saharan africa (ida & ibrd countries),1962,
trinidad and tobago,1962,
tunisia,1962,
turkiye,1962,3.888320251
tuvalu,1962,
tanzania,1962,
uganda,1962,
ukraine,1962,
upper middle income,1962,
uruguay,1962,
united states,1962,1.198773348
uzbekistan,1962,
st. vincent and the grenadines,1962,
"venezuela, rb",1962,
british virgin islands,1962,
virgin islands (u.s.),1962,
viet nam,1962,
vanuatu,1962,
world,1962,
samoa,1962,
kosovo,1962,
"yemen, rep.",1962,
south africa,1962,1.2462752
zambia,1962,
zimbabwe,1962,
aruba,1963,
africa eastern and southern,1963,
afghanistan,1963,
africa western and central,1963,
angola,1963,
albania,1963,
andorra,1963,
arab world,1963,
united arab emirates,1963,
argentina,1963,
armenia,1963,
american samoa,1963,
antigua and barbuda,1963,
australia,1963,0.641025641
austria,1963,2.708766995
azerbaijan,1963,
burundi,1963,
belgium,1963,2.148003413
benin,1963,
burkina faso,1963,
bangladesh,1963,
bulgaria,1963,
bahrain,1963,
"bahamas, the",1963,
bosnia and herzegovina,1963,
belarus,1963,
belize,1963,
bermuda,1963,
bolivia,1963,
brazil,1963,
barbados,1963,
brunei darussalam,1963,
bhutan,1963,
botswana,1963,
central african republic,1963,
canada,1963,1.628151261
central europe and the baltics,1963,
switzerland,1963,3.44021288
channel islands,1963,
chile,1963,
china,1963,
cote d'ivoire,1963,
cameroon,1963,
"congo, dem. rep.",1963,
"congo, rep.",1963,
colombia,1963,
comoros,1963,
cabo verde,1963,
costa rica,1963,
caribbean small states,1963,
cuba,1963,
curacao,1963,
cayman islands,1963,
cyprus,1963,
czechia,1963,
germany,1963,2.966959776
djibouti,1963,
dominica,1963,
denmark,1963,
dominican republic,1963,
algeria,1963,
east asia & pacific (excluding high income),1963,
early-demographic dividend,1963,
east asia & pacific,1963,
europe & central asia (excluding high income),1963,
europe & central asia,1963,
ecuador,1963,
"egypt, arab rep.",1963,
euro area,1963,3.184662728
eritrea,1963,
spain,1963,8.743697684
estonia,1963,
ethiopia,1963,
european union,1963,
fragile and conflict affected situations,1963,
finland,1963,4.996381886
fiji,1963,
france,1963,4.999152898
faroe islands,1963,
"micronesia, fed. sts.",1963,
gabon,1963,
united kingdom,1963,2.01854356
georgia,1963,
ghana,1963,
gibraltar,1963,
guinea,1963,
"gambia, the",1963,
guinea-bissau,1963,
equatorial guinea,1963,
greece,1963,3.184662728
grenada,1963,
greenland,1963,
guatemala,1963,
guam,1963,
guyana,1963,
high income,1963,
"hong kong sar, china",1963,
honduras,1963,
heavily indebted poor countries (hipc),1963,
croatia,1963,
haiti,1963,
hungary,1963,
ibrd only,1963,
ida & ibrd total,1963,
ida total,1963,
ida blend,1963,
indonesia,1963,
ida only,1963,
isle of man,1963,
india,1963,2.946161357
not classified,1963,
ireland,1963,
"iran, islamic rep.",1963,
iraq,1963,
iceland,1963,12.92802308
israel,1963,
italy,1963,7.454718225
jamaica,1963,
jordan,1963,
japan,1963,6.706905564
kazakhstan,1963,
kenya,1963,
kyrgyz republic,1963,
cambodia,1963,
kiribati,1963,
st. kitts and nevis,1963,
"korea, rep.",1963,20.69164732
kuwait,1963,
latin america & caribbean (excluding high income),1963,
lao pdr,1963,
lebanon,1963,
liberia,1963,
libya,1963,
st. lucia,1963,
latin america & caribbean,1963,
least developed countries: un classification,1963,
low income,1963,
liechtenstein,1963,
sri lanka,1963,
lower middle income,1963,
low & middle income,1963,
lesotho,1963,
late-demographic dividend,1963,
lithuania,1963,
luxembourg,1963,2.876322462
latvia,1963,
"macao sar, china",1963,
st. martin (french part),1963,
morocco,1963,
monaco,1963,
moldova,1963,
madagascar,1963,
maldives,1963,
"middle east, north africa, afghanistan & pakistan",1963,
mexico,1963,
marshall islands,1963,
middle income,1963,
north macedonia,1963,
mali,1963,
malta,1963,
myanmar,1963,
"middle east, north africa, afghanistan & pakistan (excluding high income)",1963,
montenegro,1963,
mongolia,1963,
northern mariana islands,1963,
mozambique,1963,
mauritania,1963,
mauritius,1963,
malawi,1963,
malaysia,1963,
north america,1963,1.433910341
namibia,1963,
new caledonia,1963,
niger,1963,
nigeria,1963,
nicaragua,1963,
netherlands,1963,3.243647374
norway,1963,2.471610529
nepal,1963,
nauru,1963,
new zealand,1963,1.968498504
oecd members,1963,2.966959776
oman,1963,
other small states,1963,
pakistan,1963,
panama,1963,
peru,1963,
philippines,1963,
palau,1963,
papua new guinea,1963,
poland,1963,
pre-demographic dividend,1963,
puerto rico (us),1963,
"korea, dem. people's rep.",1963,
portugal,1963,2.021582728
paraguay,1963,
west bank and gaza,1963,
pacific island small states,1963,
post-demographic dividend,1963,2.876322462
french polynesia,1963,
qatar,1963,
romania,1963,
russian federation,1963,
rwanda,1963,
south asia,1963,
saudi arabia,1963,
sudan,1963,
senegal,1963,
singapore,1963,
solomon islands,1963,
sierra leone,1963,
el salvador,1963,
san marino,1963,
"somalia, fed. rep.",1963,
serbia,1963,
sub-saharan africa (excluding high income),1963,
south sudan,1963,
sub-saharan africa,1963,
small states,1963,
sao tome and principe,1963,
suriname,1963,
slovak republic,1963,
slovenia,1963,
sweden,1963,2.871740345
eswatini,1963,
sint maarten (dutch part),1963,
seychelles,1963,
syrian arab republic,1963,
turks and caicos islands,1963,
chad,1963,
east asia & pacific (ida & ibrd countries),1963,
europe & central asia (ida & ibrd countries),1963,
togo,1963,
thailand,1963,
tajikistan,1963,
turkmenistan,1963,
latin america & the caribbean (ida & ibrd countries),1963,
timor-leste,1963,
"middle east, north africa, afghanistan & pakistan (ida & ibrd)",1963,
tonga,1963,
south asia (ida & ibrd),1963,
sub-saharan africa (ida & ibrd countries),1963,
trinidad and tobago,1963,
tunisia,1963,
turkiye,1963,6.362706928
tuvalu,1963,
tanzania,1963,
uganda,1963,
ukraine,1963,
upper middle income,1963,
uruguay,1963,
united states,1963,1.239669421
uzbekistan,1963,
st. vincent and the grenadines,1963,
"venezuela, rb",1963,
british virgin islands,1963,
virgin islands (u.s.),1963,
viet nam,1963,
vanuatu,1963,
world,1963,
samoa,1963,
kosovo,1963,
"yemen, rep.",1963,
south africa,1963,1.337970645
zambia,1963,
zimbabwe,1963,
aruba,1964,
africa eastern and southern,1964,
afghanistan,1964,
africa western and central,1964,
angola,1964,
albania,1964,
andorra,1964,
arab world,1964,
united arab emirates,1964,
argentina,1964,
armenia,1964,
american samoa,1964,
antigua and barbuda,1964,
australia,1964,2.866242038
austria,1964,3.868563549
azerbaijan,1964,
burundi,1964,
belgium,1964,4.168760586
benin,1964,
burkina faso,1964,
bangladesh,1964,
bulgaria,1964,
bahrain,1964,
"bahamas, the",1964,
bosnia and herzegovina,1964,
belarus,1964,
belize,1964,
bermuda,1964,
bolivia,1964,
brazil,1964,
barbados,1964,
brunei darussalam,1964,
bhutan,1964,
botswana,1964,
central african republic,1964,
canada,1964,1.912144703
central europe and the baltics,1964,
switzerland,1964,3.080556871
channel islands,1964,
chile,1964,
china,1964,
cote d'ivoire,1964,
cameroon,1964,
"congo, dem. rep.",1964,
"congo, rep.",1964,
colombia,1964,
comoros,1964,
cabo verde,1964,
costa rica,1964,
caribbean small states,1964,
cuba,1964,
curacao,1964,
cayman islands,1964,
cyprus,1964,
czechia,1964,
germany,1964,2.335735812
djibouti,1964,
dominica,1964,
denmark,1964,
dominican republic,1964,
algeria,1964,
east asia & pacific (excluding high income),1964,
early-demographic dividend,1964,
east asia & pacific,1964,
europe & central asia (excluding high income),1964,
europe & central asia,1964,
ecuador,1964,
"egypt, arab rep.",1964,
euro area,1964,3.868563549
eritrea,1964,
spain,1964,6.97924674
estonia,1964,
ethiopia,1964,
european union,1964,
fragile and conflict affected situations,1964,
finland,1964,10.27586074
fiji,1964,
france,1964,3.211191703
faroe islands,1964,
"micronesia, fed. sts.",1964,
gabon,1964,
united kingdom,1964,3.281586947
georgia,1964,
ghana,1964,
gibraltar,1964,
guinea,1964,
"gambia, the",1964,
guinea-bissau,1964,
equatorial guinea,1964,
greece,1964,0.617302979
grenada,1964,
greenland,1964,
guatemala,1964,
guam,1964,
guyana,1964,
high income,1964,
"hong kong sar, china",1964,
honduras,1964,
heavily indebted poor countries (hipc),1964,
croatia,1964,
haiti,1964,
hungary,1964,
ibrd only,1964,
ida & ibrd total,1964,
ida total,1964,
ida blend,1964,
indonesia,1964,
ida only,1964,
isle of man,1964,
india,1964,13.35526115
not classified,1964,
ireland,1964,
"iran, islamic rep.",1964,
iraq,1964,
iceland,1964,19.24505436
israel,1964,
italy,1964,5.912322532
jamaica,1964,
jordan,1964,
japan,1964,3.800389453
kazakhstan,1964,
kenya,1964,
kyrgyz republic,1964,
cambodia,1964,
kiribati,1964,
st. kitts and nevis,1964,
"korea, rep.",1964,29.46283145
kuwait,1964,
latin america & caribbean (excluding high income),1964,
lao pdr,1964,
lebanon,1964,
liberia,1964,
libya,1964,
st. lucia,1964,
latin america & caribbean,1964,
least developed countries: un classification,1964,
low income,1964,
liechtenstein,1964,
sri lanka,1964,
lower middle income,1964,
low & middle income,1964,
lesotho,1964,
late-demographic dividend,1964,
lithuania,1964,
luxembourg,1964,3.096381512
latvia,1964,
"macao sar, china",1964,
st. martin (french part),1964,
morocco,1964,
monaco,1964,
moldova,1964,
madagascar,1964,
maldives,1964,
"middle east, north africa, afghanistan & pakistan",1964,
mexico,1964,
marshall islands,1964,
middle income,1964,
north macedonia,1964,
mali,1964,
malta,1964,
myanmar,1964,
"middle east, north africa, afghanistan & pakistan (excluding high income)",1964,
montenegro,1964,
mongolia,1964,
northern mariana islands,1964,
mozambique,1964,
mauritania,1964,
mauritius,1964,
malawi,1964,
malaysia,1964,
north america,1964,1.595528134
namibia,1964,
new caledonia,1964,
niger,1964,
nigeria,1964,
nicaragua,1964,
netherlands,1964,5.823768258
norway,1964,5.867015388
nepal,1964,
nauru,1964,
new zealand,1964,3.474905477
oecd members,1964,3.444898482
oman,1964,
other small states,1964,
pakistan,1964,
panama,1964,
peru,1964,
philippines,1964,
palau,1964,
papua new guinea,1964,
poland,1964,
pre-demographic dividend,1964,
puerto rico (us),1964,
"korea, dem. people's rep.",1964,
portugal,1964,3.444898482
paraguay,1964,
west bank and gaza,1964,
pacific island small states,1964,
post-demographic dividend,1964,3.444898482
french polynesia,1964,
qatar,1964,
romania,1964,
russian federation,1964,
rwanda,1964,
south asia,1964,
saudi arabia,1964,
sudan,1964,
senegal,1964,
singapore,1964,
solomon islands,1964,
sierra leone,1964,
el salvador,1964,
san marino,1964,
"somalia, fed. rep.",1964,
serbia,1964,
sub-saharan africa (excluding high income),1964,
south sudan,1964,
sub-saharan africa,1964,
small states,1964,
sao tome and principe,1964,
suriname,1964,
slovak republic,1964,
slovenia,1964,
sweden,1964,3.387662311
eswatini,1964,
sint maarten (dutch part),1964,
seychelles,1964,
syrian arab republic,1964,
turks and caicos islands,1964,
chad,1964,
east asia & pacific (ida & ibrd countries),1964,
europe & central asia (ida & ibrd countries),1964,
togo,1964,
thailand,1964,
tajikistan,1964,
turkmenistan,1964,
latin america & the caribbean (ida & ibrd countries),1964,
timor-leste,1964,
"middle east, north africa, afghanistan & pakistan (ida & ibrd)",1964,
tonga,1964,
south asia (ida & ibrd),1964,
sub-saharan africa (ida & ibrd countries),1964,
trinidad and tobago,1964,
tunisia,1964,
turkiye,1964,1.119637815
tuvalu,1964,
tanzania,1964,
uganda,1964,
ukraine,1964,
upper middle income,1964,
uruguay,1964,
united states,1964,1.278911565
uzbekistan,1964,
st. vincent and the grenadines,1964,
"venezuela, rb",1964,
british virgin islands,1964,
virgin islands (u.s.),1964,
viet nam,1964,
vanuatu,1964,
world,1964,
samoa,1964,
kosovo,1964,
"yemen, rep.",1964,
south africa,1964,2.534988542
zambia,1964,
zimbabwe,1964,
aruba,1965,
africa eastern and southern,1965,
afghanistan,1965,
africa western and central,1965,
angola,1965,
albania,1965,
andorra,1965,
arab world,1965,
united arab emirates,1965,
argentina,1965,
armenia,1965,
american samoa,1965,
antigua and barbuda,1965,
australia,1965,3.405572755
austria,1965,4.930916377
azerbaijan,1965,
burundi,1965,
belgium,1965,4.065201375
benin,1965,
burkina faso,1965,
bangladesh,1965,
bulgaria,1965,
bahrain,1965,
"bahamas, the",1965,
bosnia and herzegovina,1965,
belarus,1965,
belize,1965,
bermuda,1965,
bolivia,1965,
brazil,1965,
barbados,1965,
brunei darussalam,1965,
bhutan,1965,
botswana,1965,
central african republic,1965,
canada,1965,2.332657201
central europe and the baltics,1965,
switzerland,1965,3.414478608
channel islands,1965,
chile,1965,
china,1965,
cote d'ivoire,1965,
cameroon,1965,
"congo, dem. rep.",1965,
"congo, rep.",1965,
colombia,1965,
comoros,1965,
cabo verde,1965,
costa rica,1965,
caribbean small states,1965,
cuba,1965,
curacao,1965,
cayman islands,1965,
cyprus,1965,
czechia,1965,
germany,1965,3.242319237
djibouti,1965,
dominica,1965,
denmark,1965,
dominican republic,1965,
algeria,1965,
east asia & pacific (excluding high income),1965,
early-demographic dividend,1965,
east asia & pacific,1965,
europe & central asia (excluding high income),1965,
europe & central asia,1965,
ecuador,1965,
"egypt, arab rep.",1965,
euro area,1965,3.908037828
eritrea,1965,
spain,1965,13.21413784
estonia,1965,
ethiopia,1965,
european union,1965,
fragile and conflict affected situations,1965,
finland,1965,4.940588068
fiji,1965,
france,1965,2.703104559
faroe islands,1965,
"micronesia, fed. sts.",1965,
gabon,1965,
united kingdom,1965,4.773774554
georgia,1965,
ghana,1965,
gibraltar,1965,
guinea,1965,
"gambia, the",1965,
guinea-bissau,1965,
equatorial guinea,1965,
greece,1965,3.22087247
grenada,1965,
greenland,1965,
guatemala,1965,
guam,1965,
guyana,1965,
high income,1965,
"hong kong sar, china",1965,
honduras,1965,
heavily indebted poor countries (hipc),1965,
croatia,1965,
haiti,1965,
hungary,1965,
ibrd only,1965,
ida & ibrd total,1965,
ida total,1965,
ida blend,1965,
indonesia,1965,
ida only,1965,
isle of man,1965,
india,1965,9.474758592
not classified,1965,
ireland,1965,
"iran, islamic rep.",1965,
iraq,1965,
iceland,1965,7.317069428
israel,1965,
italy,1965,4.519268307
jamaica,1965,
jordan,1965,
japan,1965,6.655990943
kazakhstan,1965,
kenya,1965,
kyrgyz republic,1965,
cambodia,1965,
kiribati,1965,
st. kitts and nevis,1965,
"korea, rep.",1965,13.54819471
kuwait,1965,
latin america & caribbean (excluding high income),1965,
lao pdr,1965,
lebanon,1965,
liberia,1965,
libya,1965,
st. lucia,1965,
latin america & caribbean,1965,
least developed countries: un classification,1965,
low income,1965,
liechtenstein,1965,
sri lanka,1965,
lower middle income,1965,
low & middle income,1965,
lesotho,1965,
late-demographic dividend,1965,
lithuania,1965,
luxembourg,1965,3.333679329
latvia,1965,
"macao sar, china",1965,
st. martin (french part),1965,
morocco,1965,
monaco,1965,
moldova,1965,
madagascar,1965,
maldives,1965,
"middle east, north africa, afghanistan & pakistan",1965,
mexico,1965,
marshall islands,1965,
middle income,1965,
north macedonia,1965,
mali,1965,
malta,1965,
myanmar,1965,
"middle east, north africa, afghanistan & pakistan (excluding high income)",1965,
montenegro,1965,
mongolia,1965,
northern mariana islands,1965,
mozambique,1965,
mauritania,1965,
mauritius,1965,
malawi,1965,
malaysia,1965,
north america,1965,1.958913232
namibia,1965,
new caledonia,1965,
niger,1965,
nigeria,1965,
nicaragua,1965,
netherlands,1965,3.908037828
norway,1965,4.18722444
nepal,1965,8.471869328
nauru,1965,
new zealand,1965,3.397489756
oecd members,1965,4.065201375
oman,1965,
other small states,1965,
pakistan,1965,
panama,1965,
peru,1965,
philippines,1965,
palau,1965,
papua new guinea,1965,
poland,1965,
pre-demographic dividend,1965,
puerto rico (us),1965,
"korea, dem. people's rep.",1965,
portugal,1965,3.424927777
paraguay,1965,
west bank and gaza,1965,
pacific island small states,1965,
post-demographic dividend,1965,3.908037828
french polynesia,1965,
qatar,1965,
romania,1965,
russian federation,1965,
rwanda,1965,
south asia,1965,
saudi arabia,1965,
sudan,1965,
senegal,1965,
singapore,1965,
solomon islands,1965,
sierra leone,1965,
el salvador,1965,
san marino,1965,
"somalia, fed. rep.",1965,
serbia,1965,
sub-saharan africa (excluding high income),1965,
south sudan,1965,
sub-saharan africa,1965,
small states,1965,
sao tome and principe,1965,
suriname,1965,
slovak republic,1965,
slovenia,1965,
sweden,1965,5.012771296
eswatini,1965,
sint maarten (dutch part),1965,
seychelles,1965,
syrian arab republic,1965,
turks and caicos islands,1965,
chad,1965,
east asia & pacific (ida & ibrd countries),1965,
europe & central asia (ida & ibrd countries),1965,
togo,1965,
thailand,1965,
tajikistan,1965,
turkmenistan,1965,
latin america & the caribbean (ida & ibrd countries),1965,
timor-leste,1965,
"middle east, north africa, afghanistan & pakistan (ida & ibrd)",1965,
tonga,1965,
south asia (ida & ibrd),1965,
sub-saharan africa (ida & ibrd countries),1965,
trinidad and tobago,1965,
tunisia,1965,
turkiye,1965,4.555533684
tuvalu,1965,
tanzania,1965,
uganda,1965,
ukraine,1965,
upper middle income,1965,
uruguay,1965,
united states,1965,1.585169264
uzbekistan,1965,
st. vincent and the grenadines,1965,
"venezuela, rb",1965,
british virgin islands,1965,
virgin islands (u.s.),1965,
viet nam,1965,
vanuatu,1965,
world,1965,
samoa,1965,
kosovo,1965,
"yemen, rep.",1965,
south africa,1965,4.069018533
zambia,1965,
zimbabwe,1965,
aruba,1966,
africa eastern and southern,1966,
afghanistan,1966,
africa western and central,1966,
angola,1966,
albania,1966,
andorra,1966,
arab world,1966,
united arab emirates,1966,
argentina,1966,
armenia,1966,
american samoa,1966,
antigua and barbuda,1966,
australia,1966,3.293413174
austria,1966,2.054820593
azerbaijan,1966,
burundi,1966,
belgium,1966,4.174347619
benin,1966,
burkina faso,1966,
bangladesh,1966,
bulgaria,1966,
bahrain,1966,
"bahamas, the",1966,
bosnia and herzegovina,1966,
belarus,1966,
belize,1966,
bermuda,1966,
bolivia,1966,
brazil,1966,
barbados,1966,
brunei darussalam,1966,
bhutan,1966,
botswana,1966,
central african republic,1966,
canada,1966,3.815659068
central europe and the baltics,1966,
switzerland,1966,4.775979596
channel islands,1966,
chile,1966,
china,1966,
cote d'ivoire,1966,
cameroon,1966,
"congo, dem. rep.",1966,
"congo, rep.",1966,
colombia,1966,
comoros,1966,
cabo verde,1966,
costa rica,1966,
caribbean small states,1966,
cuba,1966,
curacao,1966,
cayman islands,1966,
cyprus,1966,
czechia,1966,
germany,1966,3.533060355
djibouti,1966,
dominica,1966,
denmark,1966,
dominican republic,1966,
algeria,1966,
east asia & pacific (excluding high income),1966,
early-demographic dividend,1966,
east asia & pacific,1966,
europe & central asia (excluding high income),1966,
europe & central asia,1966,
ecuador,1966,
"egypt, arab rep.",1966,
euro area,1966,3.873654019
eritrea,1966,
spain,1966,6.240367083
estonia,1966,
ethiopia,1966,
european union,1966,
fragile and conflict affected situations,1966,
finland,1966,3.873654019
fiji,1966,
france,1966,2.602000766
faroe islands,1966,
"micronesia, fed. sts.",1966,
gabon,1966,
united kingdom,1966,3.909617792
georgia,1966,
ghana,1966,
gibraltar,1966,
guinea,1966,
"gambia, the",1966,
guinea-bissau,1966,
equatorial guinea,1966,
greece,1966,4.903415961
grenada,1966,
greenland,1966,
guatemala,1966,
guam,1966,
guyana,1966,
high income,1966,
"hong kong sar, china",1966,
honduras,1966,
heavily indebted poor countries (hipc),1966,
croatia,1966,
haiti,1966,
hungary,1966,
ibrd only,1966,
ida & ibrd total,1966,
ida total,1966,
ida blend,1966,
indonesia,1966,
ida only,1966,
isle of man,1966,
india,1966,10.80184835
not classified,1966,
ireland,1966,
"iran, islamic rep.",1966,
iraq,1966,
iceland,1966,10.68664303
israel,1966,
italy,1966,2.346588934
jamaica,1966,
jordan,1966,
japan,1966,5.040832059
kazakhstan,1966,
kenya,1966,
kyrgyz republic,1966,
cambodia,1966,
kiribati,1966,
st. kitts and nevis,1966,
"korea, rep.",1966,11.26138488
kuwait,1966,
latin america & caribbean (excluding high income),1966,
lao pdr,1966,
lebanon,1966,
liberia,1966,
libya,1966,
st. lucia,1966,
latin america & caribbean,1966,
least developed countries: un classification,1966,
low income,1966,
liechtenstein,1966,
sri lanka,1966,
lower middle income,1966,
low & middle income,1966,
lesotho,1966,
late-demographic dividend,1966,
lithuania,1966,
luxembourg,1966,3.331679773
latvia,1966,
"macao sar, china",1966,
st. martin (french part),1966,
morocco,1966,
monaco,1966,
moldova,1966,
madagascar,1966,
maldives,1966,
"middle east, north africa, afghanistan & pakistan",1966,
mexico,1966,
marshall islands,1966,
middle income,1966,
north macedonia,1966,
mali,1966,
malta,1966,
myanmar,1966,
"middle east, north africa, afghanistan & pakistan (excluding high income)",1966,
montenegro,1966,
mongolia,1966,
northern mariana islands,1966,
mozambique,1966,
mauritania,1966,
mauritius,1966,
malawi,1966,
malaysia,1966,
north america,1966,3.415367223
namibia,1966,
new caledonia,1966,
niger,1966,
nigeria,1966,
nicaragua,1966,
netherlands,1966,5.762140236
norway,1966,3.250563343
nepal,1966,14.38897069
nauru,1966,
new zealand,1966,2.755480775
oecd members,1966,3.909617792
oman,1966,
other small states,1966,
pakistan,1966,
panama,1966,
peru,1966,
philippines,1966,
palau,1966,
papua new guinea,1966,
poland,1966,
pre-demographic dividend,1966,
puerto rico (us),1966,
"korea, dem. people's rep.",1966,
portugal,1966,5.039267219
paraguay,1966,
west bank and gaza,1966,
pacific island small states,1966,
post-demographic dividend,1966,3.873654019
french polynesia,1966,
qatar,1966,
romania,1966,
russian federation,1966,
rwanda,1966,
south asia,1966,
saudi arabia,1966,
sudan,1966,
senegal,1966,
singapore,1966,
solomon islands,1966,
sierra leone,1966,
el salvador,1966,
san marino,1966,
"somalia, fed. rep.",1966,
serbia,1966,
sub-saharan africa (excluding high income),1966,
south sudan,1966,
sub-saharan africa,1966,
small states,1966,
sao tome and principe,1966,
suriname,1966,
slovak republic,1966,
slovenia,1966,
sweden,1966,6.404808253
eswatini,1966,
sint maarten (dutch part),1966,
seychelles,1966,
syrian arab republic,1966,
turks and caicos islands,1966,
chad,1966,
east asia & pacific (ida & ibrd countries),1966,
europe & central asia (ida & ibrd countries),1966,
togo,1966,
thailand,1966,
tajikistan,1966,
turkmenistan,1966,
latin america & the caribbean (ida & ibrd countries),1966,
timor-leste,1966,
"middle east, north africa, afghanistan & pakistan (ida & ibrd)",1966,
tonga,1966,
south asia (ida & ibrd),1966,
sub-saharan africa (ida & ibrd countries),1966,
trinidad and tobago,1966,
tunisia,1966,
turkiye,1966,8.471996215
tuvalu,1966,
tanzania,1966,
uganda,1966,
ukraine,1966,
upper middle income,1966,
uruguay,1966,
united states,1966,3.015075377
uzbekistan,1966,
st. vincent and the grenadines,1966,
"venezuela, rb",1966,
british virgin islands,1966,
virgin islands (u.s.),1966,
viet nam,1966,
vanuatu,1966,
world,1966,
samoa,1966,
kosovo,1966,
"yemen, rep.",1966,
south africa,1966,3.489237154
zambia,1966,
zimbabwe,1966,
aruba,1967,
africa eastern and southern,1967,
afghanistan,1967,
africa western and central,1967,
angola,1967,
albania,1967,
andorra,1967,
arab world,1967,
united arab emirates,1967,
argentina,1967,
armenia,1967,
american samoa,1967,
antigua and barbuda,1967,
australia,1967,3.47826087
austria,1967,3.974672929
azerbaijan,1967,
burundi,1967,
belgium,1967,2.730302686
benin,1967,
burkina faso,1967,
bangladesh,1967,
bulgaria,1967,
bahrain,1967,
"bahamas, the",1967,
bosnia and herzegovina,1967,
belarus,1967,
belize,1967,
bermuda,1967,
bolivia,1967,
brazil,1967,
barbados,1967,
brunei darussalam,1967,
bhutan,1967,
botswana,1967,
central african republic,1967,
canada,1967,3.579952267
central europe and the baltics,1967,
switzerland,1967,4.005196216
channel islands,1967,
chile,1967,
china,1967,
cote d'ivoire,1967,
cameroon,1967,
"congo, dem. rep.",1967,
"congo, rep.",1967,
colombia,1967,
comoros,1967,
cabo verde,1967,
costa rica,1967,
caribbean small states,1967,
cuba,1967,
curacao,1967,
cayman islands,1967,
cyprus,1967,
czechia,1967,
germany,1967,1.796049922
djibouti,1967,
dominica,1967,
denmark,1967,
dominican republic,1967,
algeria,1967,
east asia & pacific (excluding high income),1967,
early-demographic dividend,1967,
east asia & pacific,1967,
europe & central asia (excluding high income),1967,
europe & central asia,1967,
ecuador,1967,
"egypt, arab rep.",1967,
euro area,1967,3.455332183
eritrea,1967,
spain,1967,6.391631088
estonia,1967,
ethiopia,1967,
european union,1967,
fragile and conflict affected situations,1967,
finland,1967,5.377781834
fiji,1967,
france,1967,2.791777094
faroe islands,1967,
"micronesia, fed. sts.",1967,
gabon,1967,
united kingdom,1967,2.482115605
georgia,1967,
ghana,1967,
gibraltar,1967,
guinea,1967,
"gambia, the",1967,
guinea-bissau,1967,
equatorial guinea,1967,
greece,1967,1.841357028
grenada,1967,
greenland,1967,
guatemala,1967,
guam,1967,
guyana,1967,
high income,1967,
"hong kong sar, china",1967,
honduras,1967,
heavily indebted poor countries (hipc),1967,
croatia,1967,
haiti,1967,
hungary,1967,
ibrd only,1967,
ida & ibrd total,1967,
ida total,1967,
ida blend,1967,
indonesia,1967,
ida only,1967,
isle of man,1967,
india,1967,13.06220248
not classified,1967,
ireland,1967,
"iran, islamic rep.",1967,
iraq,1967,
iceland,1967,3.320218678
israel,1967,
italy,1967,3.733338321
jamaica,1967,
jordan,1967,
japan,1967,3.989848089
kazakhstan,1967,
kenya,1967,
kyrgyz republic,1967,
cambodia,1967,
kiribati,1967,
st. kitts and nevis,1967,
"korea, rep.",1967,10.88244006
kuwait,1967,
latin america & caribbean (excluding high income),1967,
lao pdr,1967,
lebanon,1967,
liberia,1967,
libya,1967,
st. lucia,1967,
latin america & caribbean,1967,
least developed countries: un classification,1967,
low income,1967,
liechtenstein,1967,
sri lanka,1967,
lower middle income,1967,
low & middle income,1967,
lesotho,1967,
late-demographic dividend,1967,
lithuania,1967,
luxembourg,1967,2.166156987
latvia,1967,
"macao sar, china",1967,
st. martin (french part),1967,
morocco,1967,
monaco,1967,
moldova,1967,
madagascar,1967,
maldives,1967,
"middle east, north africa, afghanistan & pakistan",1967,
mexico,1967,
marshall islands,1967,
middle income,1967,
north macedonia,1967,
mali,1967,
malta,1967,
myanmar,1967,
"middle east, north africa, afghanistan & pakistan (excluding high income)",1967,
montenegro,1967,
mongolia,1967,
northern mariana islands,1967,
mozambique,1967,
mauritania,1967,
mauritius,1967,
malawi,1967,
malaysia,1967,
north america,1967,3.176368945
namibia,1967,
new caledonia,1967,
niger,1967,
nigeria,1967,
nicaragua,1967,
netherlands,1967,3.455332183
norway,1967,4.579269758
nepal,1967,-2.808331383
nauru,1967,
new zealand,1967,6.056920063
oecd members,1967,3.733338321
oman,1967,
other small states,1967,
pakistan,1967,
panama,1967,
peru,1967,
philippines,1967,
palau,1967,
papua new guinea,1967,
poland,1967,
pre-demographic dividend,1967,
puerto rico (us),1967,
"korea, dem. people's rep.",1967,
portugal,1967,5.526476008
paraguay,1967,
west bank and gaza,1967,
pacific island small states,1967,
post-demographic dividend,1967,3.733338321
french polynesia,1967,
qatar,1967,
romania,1967,
russian federation,1967,
rwanda,1967,
south asia,1967,
saudi arabia,1967,
sudan,1967,
senegal,1967,
singapore,1967,
solomon islands,1967,
sierra leone,1967,
el salvador,1967,
san marino,1967,
"somalia, fed. rep.",1967,
serbia,1967,
sub-saharan africa (excluding high income),1967,
south sudan,1967,
sub-saharan africa,1967,
small states,1967,
sao tome and principe,1967,
suriname,1967,
slovak republic,1967,
slovenia,1967,
sweden,1967,4.28931923
eswatini,1967,
sint maarten (dutch part),1967,
seychelles,1967,
syrian arab republic,1967,
turks and caicos islands,1967,
chad,1967,
east asia & pacific (ida & ibrd countries),1967,
europe & central asia (ida & ibrd countries),1967,
togo,1967,
thailand,1967,
tajikistan,1967,
turkmenistan,1967,
latin america & the caribbean (ida & ibrd countries),1967,
timor-leste,1967,
"middle east, north africa, afghanistan & pakistan (ida & ibrd)",1967,
tonga,1967,
south asia (ida & ibrd),1967,
sub-saharan africa (ida & ibrd countries),1967,
trinidad and tobago,1967,
tunisia,1967,
turkiye,1967,13.97489295
tuvalu,1967,
tanzania,1967,
uganda,1967,
ukraine,1967,
upper middle income,1967,
uruguay,1967,
united states,1967,2.772785623
uzbekistan,1967,
st. vincent and the grenadines,1967,
"venezuela, rb",1967,
british virgin islands,1967,
virgin islands (u.s.),1967,
viet nam,1967,
vanuatu,1967,
world,1967,
samoa,1967,
kosovo,1967,
"yemen, rep.",1967,
south africa,1967,3.538965802
zambia,1967,
zimbabwe,1967,
aruba,1968,
africa eastern and southern,1968,
afghanistan,1968,
africa western and central,1968,
angola,1968,
albania,1968,
andorra,1968,
arab world,1968,
united arab emirates,1968,
argentina,1968,
armenia,1968,
american samoa,1968,
antigua and barbuda,1968,
australia,1968,2.521008403
austria,1968,2.764864473
azerbaijan,1968,
burundi,1968,
belgium,1968,2.701449829
benin,1968,
burkina faso,1968,
bangladesh,1968,
bulgaria,1968,
bahrain,1968,
"bahamas, the",1968,
bosnia and herzegovina,1968,
belarus,1968,
belize,1968,
bermuda,1968,
bolivia,1968,
brazil,1968,
barbados,1968,
brunei darussalam,1968,
bhutan,1968,
botswana,1968,
central african republic,1968,
canada,1968,4.055299539
central europe and the baltics,1968,
switzerland,1968,2.39582227
channel islands,1968,
chile,1968,
china,1968,
cote d'ivoire,1968,
cameroon,1968,
"congo, dem. rep.",1968,
"congo, rep.",1968,
colombia,1968,
comoros,1968,
cabo verde,1968,
costa rica,1968,
caribbean small states,1968,
cuba,1968,
curacao,1968,
cayman islands,1968,
cyprus,1968,
czechia,1968,
germany,1968,1.470289313
djibouti,1968,
dominica,1968,
denmark,1968,8.005207104
dominican republic,1968,
algeria,1968,
east asia & pacific (excluding high income),1968,
early-demographic dividend,1968,
east asia & pacific,1968,
europe & central asia (excluding high income),1968,
europe & central asia,1968,
ecuador,1968,
"egypt, arab rep.",1968,
euro area,1968,2.764864473
eritrea,1968,
spain,1968,4.954366117
estonia,1968,
ethiopia,1968,
european union,1968,
fragile and conflict affected situations,1968,
finland,1968,9.191667995
fiji,1968,
france,1968,4.543204864
faroe islands,1968,
"micronesia, fed. sts.",1968,
gabon,1968,
united kingdom,1968,4.697427988
georgia,1968,
ghana,1968,
gibraltar,1968,
guinea,1968,
"gambia, the",1968,
guinea-bissau,1968,
equatorial guinea,1968,
greece,1968,0.139060584
grenada,1968,
greenland,1968,
guatemala,1968,
guam,1968,
guyana,1968,
high income,1968,
"hong kong sar, china",1968,
honduras,1968,
heavily indebted poor countries (hipc),1968,
croatia,1968,
haiti,1968,
hungary,1968,
ibrd only,1968,
ida & ibrd total,1968,
ida total,1968,
ida blend,1968,
indonesia,1968,
ida only,1968,
isle of man,1968,
india,1968,3.237412426
not classified,1968,
ireland,1968,
"iran, islamic rep.",1968,
iraq,1968,
iceland,1968,15.2317984
israel,1968,
italy,1968,1.277313354
jamaica,1968,
jordan,1968,
japan,1968,5.339432957
kazakhstan,1968,
kenya,1968,
kyrgyz republic,1968,
cambodia,1968,
kiribati,1968,
st. kitts and nevis,1968,
"korea, rep.",1968,10.7718214
kuwait,1968,
latin america & caribbean (excluding high income),1968,
lao pdr,1968,
lebanon,1968,
liberia,1968,
libya,1968,
st. lucia,1968,
latin america & caribbean,1968,
least developed countries: un classification,1968,
low income,1968,
liechtenstein,1968,
sri lanka,1968,
lower middle income,1968,
low & middle income,1968,
lesotho,1968,
late-demographic dividend,1968,
lithuania,1968,
luxembourg,1968,2.62542909
latvia,1968,
"macao sar, china",1968,
st. martin (french part),1968,
morocco,1968,
monaco,1968,
moldova,1968,
madagascar,1968,
maldives,1968,
"middle east, north africa, afghanistan & pakistan",1968,
mexico,1968,
marshall islands,1968,
middle income,1968,
north macedonia,1968,
mali,1968,
malta,1968,
myanmar,1968,
"middle east, north africa, afghanistan & pakistan (excluding high income)",1968,
montenegro,1968,
mongolia,1968,
northern mariana islands,1968,
mozambique,1968,
mauritania,1968,
mauritius,1968,
malawi,1968,
malaysia,1968,
north america,1968,4.163547846
namibia,1968,
new caledonia,1968,
niger,1968,
nigeria,1968,
nicaragua,1968,
netherlands,1968,3.72079328
norway,1968,3.448293243
nepal,1968,1.179869974
nauru,1968,
new zealand,1968,4.311924966
oecd members,1968,4.163547846
oman,1968,
other small states,1968,
pakistan,1968,
panama,1968,
peru,1968,
philippines,1968,
palau,1968,
papua new guinea,1968,
poland,1968,
pre-demographic dividend,1968,
puerto rico (us),1968,
"korea, dem. people's rep.",1968,
portugal,1968,6.081361711
paraguay,1968,
west bank and gaza,1968,
pacific island small states,1968,
post-demographic dividend,1968,3.88804641
french polynesia,1968,
qatar,1968,
romania,1968,
russian federation,1968,
rwanda,1968,
south asia,1968,
saudi arabia,1968,
sudan,1968,
senegal,1968,
singapore,1968,
solomon islands,1968,
sierra leone,1968,
el salvador,1968,
san marino,1968,
"somalia, fed. rep.",1968,
serbia,1968,
sub-saharan africa (excluding high income),1968,
south sudan,1968,
sub-saharan africa,1968,
small states,1968,
sao tome and principe,1968,
suriname,1968,
slovak republic,1968,
slovenia,1968,
sweden,1968,1.943125825
eswatini,1968,
sint maarten (dutch part),1968,
seychelles,1968,
syrian arab republic,1968,
turks and caicos islands,1968,
chad,1968,
east asia & pacific (ida & ibrd countries),1968,
europe & central asia (ida & ibrd countries),1968,
togo,1968,
thailand,1968,
tajikistan,1968,
turkmenistan,1968,
latin america & the caribbean (ida & ibrd countries),1968,
timor-leste,1968,
"middle east, north africa, afghanistan & pakistan (ida & ibrd)",1968,
tonga,1968,
south asia (ida & ibrd),1968,
sub-saharan africa (ida & ibrd countries),1968,
trinidad and tobago,1968,
tunisia,1968,
turkiye,1968,6.046239662
tuvalu,1968,
tanzania,1968,
uganda,1968,
ukraine,1968,
upper middle income,1968,
uruguay,1968,
united states,1968,4.271796153
uzbekistan,1968,
st. vincent and the grenadines,1968,
"venezuela, rb",1968,
british virgin islands,1968,
virgin islands (u.s.),1968,
viet nam,1968,
vanuatu,1968,
world,1968,
samoa,1968,
kosovo,1968,
"yemen, rep.",1968,
south africa,1968,1.986133621
zambia,1968,
zimbabwe,1968,
aruba,1969,
africa eastern and southern,1969,
afghanistan,1969,
africa western and central,1969,
angola,1969,
albania,1969,
andorra,1969,
arab world,1969,
united arab emirates,1969,
argentina,1969,
armenia,1969,
american samoa,1969,
antigua and barbuda,1969,
australia,1969,3.278688525
austria,1969,3.080404195
azerbaijan,1969,
burundi,1969,
belgium,1969,3.753992291
benin,1969,
burkina faso,1969,
bangladesh,1969,
bulgaria,1969,
bahrain,1969,
"bahamas, the",1969,
bosnia and herzegovina,1969,
belarus,1969,
belize,1969,
bermuda,1969,
bolivia,1969,
brazil,1969,
barbados,1969,
brunei darussalam,1969,
bhutan,1969,
botswana,1969,
central african republic,1969,
canada,1969,4.561558902
central europe and the baltics,1969,
switzerland,1969,2.48903599
channel islands,1969,
chile,1969,
china,1969,
cote d'ivoire,1969,
cameroon,1969,
"congo, dem. rep.",1969,
"congo, rep.",1969,
colombia,1969,
comoros,1969,
cabo verde,1969,
costa rica,1969,
caribbean small states,1969,
cuba,1969,
curacao,1969,
cayman islands,1969,
cyprus,1969,
czechia,1969,
germany,1969,1.912678488
djibouti,1969,
dominica,1969,
denmark,1969,3.487919244
dominican republic,1969,
algeria,1969,
east asia & pacific (excluding high income),1969,
early-demographic dividend,1969,
east asia & pacific,1969,
europe & central asia (excluding high income),1969,
europe & central asia,1969,
ecuador,1969,
"egypt, arab rep.",1969,
euro area,1969,2.657252734
eritrea,1969,
spain,1969,2.160347136
estonia,1969,
ethiopia,1969,
european union,1969,
fragile and conflict affected situations,1969,
finland,1969,2.205610935
fiji,1969,
france,1969,6.045962842
faroe islands,1969,
"micronesia, fed. sts.",1969,
gabon,1969,
united kingdom,1969,5.44666363
georgia,1969,
ghana,1969,
gibraltar,1969,
guinea,1969,
"gambia, the",1969,
guinea-bissau,1969,
equatorial guinea,1969,
greece,1969,2.638918688
grenada,1969,
greenland,1969,
guatemala,1969,
guam,1969,
guyana,1969,
high income,1969,
"hong kong sar, china",1969,
honduras,1969,
heavily indebted poor countries (hipc),1969,
croatia,1969,
haiti,1969,
hungary,1969,
ibrd only,1969,
ida & ibrd total,1969,
ida total,1969,
ida blend,1969,
indonesia,1969,15.47987733
ida only,1969,
isle of man,1969,
india,1969,-0.58413661
not classified,1969,
ireland,1969,
"iran, islamic rep.",1969,
iraq,1969,
iceland,1969,21.76329492
israel,1969,
italy,1969,2.657252734
jamaica,1969,
jordan,1969,
japan,1969,5.249820911
kazakhstan,1969,
kenya,1969,
kyrgyz republic,1969,
cambodia,1969,
kiribati,1969,
st. kitts and nevis,1969,
"korea, rep.",1969,12.38956471
kuwait,1969,
latin america & caribbean (excluding high income),1969,
lao pdr,1969,
lebanon,1969,
liberia,1969,
libya,1969,
st. lucia,1969,
latin america & caribbean,1969,
least developed countries: un classification,1969,
low income,1969,
liechtenstein,1969,
sri lanka,1969,
lower middle income,1969,
low & middle income,1969,
lesotho,1969,
late-demographic dividend,1969,
lithuania,1969,
luxembourg,1969,2.29443437
latvia,1969,
"macao sar, china",1969,
st. martin (french part),1969,
morocco,1969,
monaco,1969,
moldova,1969,
madagascar,1969,
maldives,1969,
"middle east, north africa, afghanistan & pakistan",1969,
mexico,1969,
marshall islands,1969,
middle income,1969,
north macedonia,1969,
mali,1969,
malta,1969,
myanmar,1969,
"middle east, north africa, afghanistan & pakistan (excluding high income)",1969,
montenegro,1969,
mongolia,1969,
northern mariana islands,1969,
mozambique,1969,
mauritania,1969,
mauritius,1969,
malawi,1969,
malaysia,1969,
north america,1969,5.011972551
namibia,1969,
new caledonia,1969,
niger,1969,
nigeria,1969,
nicaragua,1969,
netherlands,1969,7.421790055
norway,1969,2.962949511
nepal,1969,4.057591623
nauru,1969,
new zealand,1969,4.925242427
oecd members,1969,3.620955767
oman,1969,
other small states,1969,
pakistan,1969,
panama,1969,
peru,1969,
philippines,1969,
palau,1969,
papua new guinea,1969,
poland,1969,
pre-demographic dividend,1969,
puerto rico (us),1969,
"korea, dem. people's rep.",1969,
portugal,1969,8.782771056
paraguay,1969,
west bank and gaza,1969,
pacific island small states,1969,
post-demographic dividend,1969,3.383303884
french polynesia,1969,
qatar,1969,
romania,1969,
russian federation,1969,
rwanda,1969,
south asia,1969,
saudi arabia,1969,
sudan,1969,
senegal,1969,
singapore,1969,
solomon islands,1969,
sierra leone,1969,
el salvador,1969,
san marino,1969,
"somalia, fed. rep.",1969,
serbia,1969,
sub-saharan africa (excluding high income),1969,
south sudan,1969,
sub-saharan africa,1969,
small states,1969,
sao tome and principe,1969,
suriname,1969,
slovak republic,1969,
slovenia,1969,
sweden,1969,2.691994586
eswatini,1969,
sint maarten (dutch part),1969,
seychelles,1969,
syrian arab republic,1969,
turks and caicos islands,1969,
chad,1969,
east asia & pacific (ida & ibrd countries),1969,
europe & central asia (ida & ibrd countries),1969,
togo,1969,
thailand,1969,
tajikistan,1969,
turkmenistan,1969,
latin america & the caribbean (ida & ibrd countries),1969,
timor-leste,1969,
"middle east, north africa, afghanistan & pakistan (ida & ibrd)",1969,
tonga,1969,
south asia (ida & ibrd),1969,
sub-saharan africa (ida & ibrd countries),1969,
trinidad and tobago,1969,
tunisia,1969,
turkiye,1969,4.924193945
tuvalu,1969,
tanzania,1969,
uganda,1969,
ukraine,1969,
upper middle income,1969,
uruguay,1969,
united states,1969,5.4623862
uzbekistan,1969,
st. vincent and the grenadines,1969,
"venezuela, rb",1969,
british virgin islands,1969,
virgin islands (u.s.),1969,
viet nam,1969,
vanuatu,1969,
world,1969,
samoa,1969,
kosovo,1969,
"yemen, rep.",1969,
south africa,1969,3.238217216
zambia,1969,
zimbabwe,1969,
aruba,1970,
africa eastern and southern,1970,
afghanistan,1970,
africa western and central,1970,
angola,1970,
albania,1970,
andorra,1970,
arab world,1970,
united arab emirates,1970,
argentina,1970,
armenia,1970,
american samoa,1970,
antigua and barbuda,1970,
australia,1970,3.439153439
austria,1970,4.372824416
azerbaijan,1970,
burundi,1970,
belgium,1970,3.908472385
benin,1970,
burkina faso,1970,
bangladesh,1970,
bulgaria,1970,
bahrain,1970,
"bahamas, the",1970,
bosnia and herzegovina,1970,
belarus,1970,
belize,1970,
bermuda,1970,
bolivia,1970,
brazil,1970,
barbados,1970,
brunei darussalam,1970,
bhutan,1970,
botswana,1970,
central african republic,1970,
canada,1970,3.346039814
central europe and the baltics,1970,
switzerland,1970,3.615986786
channel islands,1970,
chile,1970,
china,1970,
cote d'ivoire,1970,
cameroon,1970,
"congo, dem. rep.",1970,
"congo, rep.",1970,
colombia,1970,
comoros,1970,
cabo verde,1970,
costa rica,1970,
caribbean small states,1970,
cuba,1970,
curacao,1970,
cayman islands,1970,
cyprus,1970,
czechia,1970,
germany,1970,3.450249364
djibouti,1970,
dominica,1970,
denmark,1970,6.514841417
dominican republic,1970,
algeria,1970,
east asia & pacific (excluding high income),1970,
early-demographic dividend,1970,
east asia & pacific,1970,
europe & central asia (excluding high income),1970,
europe & central asia,1970,
ecuador,1970,5.17127612
"egypt, arab rep.",1970,
euro area,1970,4.372824416
eritrea,1970,
spain,1970,5.731144843
estonia,1970,
ethiopia,1970,
european union,1970,
fragile and conflict affected situations,1970,
finland,1970,2.740420431
fiji,1970,
france,1970,5.299641246
faroe islands,1970,
"micronesia, fed. sts.",1970,
gabon,1970,
united kingdom,1970,6.366568417
georgia,1970,
ghana,1970,
gibraltar,1970,
guinea,1970,
"gambia, the",1970,
guinea-bissau,1970,
equatorial guinea,1970,
greece,1970,2.841670679
grenada,1970,
greenland,1970,
guatemala,1970,
guam,1970,
guyana,1970,
high income,1970,
"hong kong sar, china",1970,
honduras,1970,
heavily indebted poor countries (hipc),1970,
croatia,1970,
haiti,1970,
hungary,1970,
ibrd only,1970,
ida & ibrd total,1970,
ida total,1970,
ida blend,1970,
indonesia,1970,12.39946851
ida only,1970,
isle of man,1970,
india,1970,5.09226162
not classified,1970,
ireland,1970,
"iran, islamic rep.",1970,
iraq,1970,
iceland,1970,13.37247515
israel,1970,
italy,1970,4.968319873
jamaica,1970,
jordan,1970,
japan,1970,6.924173835
kazakhstan,1970,
kenya,1970,
kyrgyz republic,1970,
cambodia,1970,
kiribati,1970,
st. kitts and nevis,1970,
"korea, rep.",1970,15.95034236
kuwait,1970,
latin america & caribbean (excluding high income),1970,
lao pdr,1970,
lebanon,1970,
liberia,1970,
libya,1970,
st. lucia,1970,
latin america & caribbean,1970,
least developed countries: un classification,1970,
low income,1970,
liechtenstein,1970,
sri lanka,1970,
lower middle income,1970,
low & middle income,1970,
lesotho,1970,
late-demographic dividend,1970,
lithuania,1970,
luxembourg,1970,4.639353444
latvia,1970,
"macao sar, china",1970,
st. martin (french part),1970,
morocco,1970,
monaco,1970,
moldova,1970,
madagascar,1970,
maldives,1970,
"middle east, north africa, afghanistan & pakistan",1970,
mexico,1970,5.003412055
marshall islands,1970,
middle income,1970,
north macedonia,1970,
mali,1970,
malta,1970,
myanmar,1970,
"middle east, north africa, afghanistan & pakistan (excluding high income)",1970,
montenegro,1970,
mongolia,1970,
northern mariana islands,1970,
mozambique,1970,
mauritania,1970,
mauritius,1970,
malawi,1970,
malaysia,1970,
north america,1970,4.592147576
namibia,1970,
new caledonia,1970,
niger,1970,
nigeria,1970,
nicaragua,1970,
netherlands,1970,3.668930888
norway,1970,10.63720653
nepal,1970,15.23727845
nauru,1970,
new zealand,1970,6.517181052
oecd members,1970,5.299641246
oman,1970,
other small states,1970,
pakistan,1970,
panama,1970,
peru,1970,
philippines,1970,
palau,1970,
papua new guinea,1970,
poland,1970,
pre-demographic dividend,1970,
puerto rico (us),1970,
"korea, dem. people's rep.",1970,
portugal,1970,6.38014449
paraguay,1970,
west bank and gaza,1970,
pacific island small states,1970,
post-demographic dividend,1970,5.133980559
french polynesia,1970,
qatar,1970,
romania,1970,
russian federation,1970,
rwanda,1970,
south asia,1970,
saudi arabia,1970,
sudan,1970,
senegal,1970,
singapore,1970,
solomon islands,1970,
sierra leone,1970,
el salvador,1970,
san marino,1970,
"somalia, fed. rep.",1970,
serbia,1970,
sub-saharan africa (excluding high income),1970,
south sudan,1970,
sub-saharan africa,1970,
small states,1970,
sao tome and principe,1970,
suriname,1970,
slovak republic,1970,
slovenia,1970,
sweden,1970,7.016358851
eswatini,1970,
sint maarten (dutch part),1970,
seychelles,1970,
syrian arab republic,1970,
turks and caicos islands,1970,
chad,1970,
east asia & pacific (ida & ibrd countries),1970,
europe & central asia (ida & ibrd countries),1970,
togo,1970,
thailand,1970,
tajikistan,1970,
turkmenistan,1970,
latin america & the caribbean (ida & ibrd countries),1970,
timor-leste,1970,
"middle east, north africa, afghanistan & pakistan (ida & ibrd)",1970,
tonga,1970,
south asia (ida & ibrd),1970,
sub-saharan africa (ida & ibrd countries),1970,
trinidad and tobago,1970,
tunisia,1970,
turkiye,1970,7.923952083
tuvalu,1970,
tanzania,1970,
uganda,1970,
ukraine,1970,
upper middle income,1970,
uruguay,1970,
united states,1970,5.838255338
uzbekistan,1970,
st. vincent and the grenadines,1970,
"venezuela, rb",1970,
british virgin islands,1970,
virgin islands (u.s.),1970,
viet nam,1970,
vanuatu,1970,
world,1970,
samoa,1970,
kosovo,1970,
"yemen, rep.",1970,
south africa,1970,4.991924554
zambia,1970,
zimbabwe,1970,
aruba,1971,
africa eastern and southern,1971,
afghanistan,1971,
africa western and central,1971,
angola,1971,
albania,1971,
andorra,1971,
arab world,1971,
united arab emirates,1971,
argentina,1971,
armenia,1971,
american samoa,1971,
antigua and barbuda,1971,
australia,1971,6.138107417
austria,1971,4.704258138
azerbaijan,1971,
burundi,1971,
belgium,1971,4.343628546
benin,1971,
burkina faso,1971,
bangladesh,1971,
bulgaria,1971,
bahrain,1971,
"bahamas, the",1971,
bosnia and herzegovina,1971,
belarus,1971,
belize,1971,
bermuda,1971,
bolivia,1971,
brazil,1971,
barbados,1971,
brunei darussalam,1971,
bhutan,1971,
botswana,1971,
central african republic,1971,
canada,1971,2.704918033
central europe and the baltics,1971,
switzerland,1971,6.573221119
channel islands,1971,
chile,1971,20.0522312
china,1971,
cote d'ivoire,1971,
cameroon,1971,
"congo, dem. rep.",1971,
"congo, rep.",1971,
colombia,1971,11.9402617
comoros,1971,
cabo verde,1971,
costa rica,1971,
caribbean small states,1971,
cuba,1971,
curacao,1971,
cayman islands,1971,
cyprus,1971,
czechia,1971,
germany,1971,5.240974483
djibouti,1971,
dominica,1971,
denmark,1971,5.869869591
dominican republic,1971,
algeria,1971,
east asia & pacific (excluding high income),1971,
early-demographic dividend,1971,
east asia & pacific,1971,
europe & central asia (excluding high income),1971,
europe & central asia,1971,
ecuador,1971,9.52167078
"egypt, arab rep.",1971,
euro area,1971,5.240974483
eritrea,1971,
spain,1971,8.236887149
estonia,1971,
ethiopia,1971,
european union,1971,
fragile and conflict affected situations,1971,
finland,1971,6.475765431
fiji,1971,
france,1971,5.397518656
faroe islands,1971,
"micronesia, fed. sts.",1971,
gabon,1971,
united kingdom,1971,9.444837423
georgia,1971,
ghana,1971,
gibraltar,1971,
guinea,1971,
"gambia, the",1971,
guinea-bissau,1971,
equatorial guinea,1971,
greece,1971,3.289470722
grenada,1971,
greenland,1971,
guatemala,1971,
guam,1971,
guyana,1971,
high income,1971,
"hong kong sar, china",1971,
honduras,1971,
heavily indebted poor countries (hipc),1971,
croatia,1971,
haiti,1971,
hungary,1971,
ibrd only,1971,
ida & ibrd total,1971,
ida total,1971,
ida blend,1971,
indonesia,1971,4.233745877
ida only,1971,
isle of man,1971,
india,1971,3.079938684
not classified,1971,
ireland,1971,
"iran, islamic rep.",1971,
iraq,1971,
iceland,1971,6.73187453
israel,1971,11.97257189
italy,1971,4.791664383
jamaica,1971,
jordan,1971,
japan,1971,6.395348837
kazakhstan,1971,
kenya,1971,
kyrgyz republic,1971,
cambodia,1971,
kiribati,1971,
st. kitts and nevis,1971,
"korea, rep.",1971,13.51170233
kuwait,1971,
latin america & caribbean (excluding high income),1971,
lao pdr,1971,
lebanon,1971,
liberia,1971,
libya,1971,
st. lucia,1971,
latin america & caribbean,1971,
least developed countries: un classification,1971,
low income,1971,
liechtenstein,1971,
sri lanka,1971,
lower middle income,1971,
low & middle income,1971,
lesotho,1971,
late-demographic dividend,1971,
lithuania,1971,
luxembourg,1971,4.67221498
latvia,1971,
"macao sar, china",1971,
st. martin (french part),1971,
morocco,1971,
monaco,1971,
moldova,1971,
madagascar,1971,
maldives,1971,
"middle east, north africa, afghanistan & pakistan",1971,
mexico,1971,5.469028994
marshall islands,1971,
middle income,1971,
north macedonia,1971,
mali,1971,
malta,1971,
myanmar,1971,
"middle east, north africa, afghanistan & pakistan (excluding high income)",1971,
montenegro,1971,
mongolia,1971,
northern mariana islands,1971,
mozambique,1971,
mauritania,1971,
mauritius,1971,
malawi,1971,
malaysia,1971,
north america,1971,3.49884236
namibia,1971,
new caledonia,1971,
niger,1971,
nigeria,1971,
nicaragua,1971,
netherlands,1971,7.477678677
norway,1971,6.223863235
nepal,1971,-1.999503845
nauru,1971,
new zealand,1971,10.38756832
oecd members,1971,6.435557134
oman,1971,
other small states,1971,
pakistan,1971,
panama,1971,
peru,1971,
philippines,1971,
palau,1971,
papua new guinea,1971,
poland,1971,
pre-demographic dividend,1971,
puerto rico (us),1971,
"korea, dem. people's rep.",1971,
portugal,1971,11.94689837
paraguay,1971,
west bank and gaza,1971,
pacific island small states,1971,
post-demographic dividend,1971,6.180985326
french polynesia,1971,
qatar,1971,
romania,1971,
russian federation,1971,
rwanda,1971,
south asia,1971,
saudi arabia,1971,
sudan,1971,
senegal,1971,
singapore,1971,
solomon islands,1971,
sierra leone,1971,
el salvador,1971,
san marino,1971,
"somalia, fed. rep.",1971,
serbia,1971,
sub-saharan africa (excluding high income),1971,
south sudan,1971,
sub-saharan africa,1971,
small states,1971,
sao tome and principe,1971,
suriname,1971,
slovak republic,1971,
slovenia,1971,
sweden,1971,7.395541138
eswatini,1971,
sint maarten (dutch part),1971,
seychelles,1971,
syrian arab republic,1971,
turks and caicos islands,1971,
chad,1971,
east asia & pacific (ida & ibrd countries),1971,
europe & central asia (ida & ibrd countries),1971,
togo,1971,
thailand,1971,
tajikistan,1971,
turkmenistan,1971,
latin america & the caribbean (ida & ibrd countries),1971,
timor-leste,1971,
"middle east, north africa, afghanistan & pakistan (ida & ibrd)",1971,
tonga,1971,
south asia (ida & ibrd),1971,
sub-saharan africa (ida & ibrd countries),1971,
trinidad and tobago,1971,
tunisia,1971,
turkiye,1971,19.01140868
tuvalu,1971,
tanzania,1971,
uganda,1971,
ukraine,1971,
upper middle income,1971,
uruguay,1971,
united states,1971,4.292766688
uzbekistan,1971,
st. vincent and the grenadines,1971,
"venezuela, rb",1971,
british virgin islands,1971,
virgin islands (u.s.),1971,
viet nam,1971,
vanuatu,1971,
world,1971,
samoa,1971,
kosovo,1971,
"yemen, rep.",1971,
south africa,1971,5.957420852
zambia,1971,
zimbabwe,1971,
aruba,1972,
africa eastern and southern,1972,
afghanistan,1972,
africa western and central,1972,
angola,1972,
albania,1972,
andorra,1972,
arab world,1972,
united arab emirates,1972,
argentina,1972,
armenia,1972,
american samoa,1972,
antigua and barbuda,1972,
australia,1972,6.024096386
austria,1972,6.355146127
azerbaijan,1972,
burundi,1972,
belgium,1972,5.448431284
benin,1972,
burkina faso,1972,
bangladesh,1972,
bulgaria,1972,
bahrain,1972,
"bahamas, the",1972,
bosnia and herzegovina,1972,
belarus,1972,
belize,1972,
bermuda,1972,
bolivia,1972,
brazil,1972,
barbados,1972,
brunei darussalam,1972,
bhutan,1972,
botswana,1972,
central african republic,1972,
canada,1972,4.988028731
central europe and the baltics,1972,
switzerland,1972,6.660007042
channel islands,1972,
chile,1972,77.79574048
china,1972,
cote d'ivoire,1972,
cameroon,1972,
"congo, dem. rep.",1972,
"congo, rep.",1972,
colombia,1972,12.44445899
comoros,1972,
cabo verde,1972,
costa rica,1972,
caribbean small states,1972,
cuba,1972,
curacao,1972,
cayman islands,1972,
cyprus,1972,
czechia,1972,
germany,1972,5.484933122
djibouti,1972,
dominica,1972,
denmark,1972,6.562360903
dominican republic,1972,
algeria,1972,
east asia & pacific (excluding high income),1972,
early-demographic dividend,1972,
east asia & pacific,1972,
europe & central asia (excluding high income),1972,
europe & central asia,1972,
ecuador,1972,7.5251179
"egypt, arab rep.",1972,
euro area,1972,6.063003097
eritrea,1972,
spain,1972,8.272287549
estonia,1972,
ethiopia,1972,
european union,1972,
fragile and conflict affected situations,1972,
finland,1972,6.662497835
fiji,1972,
france,1972,6.063003097
faroe islands,1972,
"micronesia, fed. sts.",1972,
gabon,1972,
united kingdom,1972,7.071098395
georgia,1972,
ghana,1972,
gibraltar,1972,
guinea,1972,
"gambia, the",1972,
guinea-bissau,1972,
equatorial guinea,1972,
greece,1972,4.331201232
grenada,1972,
greenland,1972,
guatemala,1972,
guam,1972,
guyana,1972,
high income,1972,
"hong kong sar, china",1972,
honduras,1972,
heavily indebted poor countries (hipc),1972,
croatia,1972,
haiti,1972,
hungary,1972,
ibrd only,1972,
ida & ibrd total,1972,
ida total,1972,
ida blend,1972,
indonesia,1972,6.521740919
ida only,1972,
isle of man,1972,
india,1972,6.442097462
not classified,1972,
ireland,1972,
"iran, islamic rep.",1972,
iraq,1972,
iceland,1972,9.811323913
israel,1972,12.88146308
italy,1972,5.749503937
jamaica,1972,
jordan,1972,
japan,1972,4.843517139
kazakhstan,1972,
kenya,1972,
kyrgyz republic,1972,
cambodia,1972,
kiribati,1972,
st. kitts and nevis,1972,
"korea, rep.",1972,11.68898668
kuwait,1972,
latin america & caribbean (excluding high income),1972,
lao pdr,1972,
lebanon,1972,
liberia,1972,
libya,1972,
st. lucia,1972,
latin america & caribbean,1972,
least developed countries: un classification,1972,
low income,1972,
liechtenstein,1972,
sri lanka,1972,
lower middle income,1972,
low & middle income,1972,
lesotho,1972,
late-demographic dividend,1972,
lithuania,1972,
luxembourg,1972,5.225680506
latvia,1972,
"macao sar, china",1972,
st. martin (french part),1972,
morocco,1972,
monaco,1972,
moldova,1972,
madagascar,1972,
maldives,1972,
"middle east, north africa, afghanistan & pakistan",1972,
mexico,1972,4.943692364
marshall islands,1972,
middle income,1972,
north macedonia,1972,
mali,1972,
malta,1972,
myanmar,1972,
"middle east, north africa, afghanistan & pakistan (excluding high income)",1972,
montenegro,1972,
mongolia,1972,
northern mariana islands,1972,
mozambique,1972,
mauritania,1972,
mauritius,1972,
malawi,1972,
malaysia,1972,
north america,1972,4.130153489
namibia,1972,
new caledonia,1972,
niger,1972,
nigeria,1972,
nicaragua,1972,
netherlands,1972,7.802792193
norway,1972,7.25843583
nepal,1972,8.389023896
nauru,1972,
new zealand,1972,6.932804592
oecd members,1972,6.611183972
oman,1972,
other small states,1972,
pakistan,1972,
panama,1972,
peru,1972,
philippines,1972,
palau,1972,
papua new guinea,1972,
poland,1972,
pre-demographic dividend,1972,
puerto rico (us),1972,
"korea, dem. people's rep.",1972,
portugal,1972,10.66335598
paraguay,1972,
west bank and gaza,1972,
pacific island small states,1972,
post-demographic dividend,1972,6.209074612
french polynesia,1972,
qatar,1972,
romania,1972,
russian federation,1972,
rwanda,1972,
south asia,1972,
saudi arabia,1972,
sudan,1972,
senegal,1972,
singapore,1972,
solomon islands,1972,
sierra leone,1972,
el salvador,1972,
san marino,1972,
"somalia, fed. rep.",1972,
serbia,1972,
sub-saharan africa (excluding high income),1972,
south sudan,1972,
sub-saharan africa,1972,
small states,1972,
sao tome and principe,1972,
suriname,1972,
slovak republic,1972,
slovenia,1972,
sweden,1972,6.007389699
eswatini,1972,
sint maarten (dutch part),1972,
seychelles,1972,
syrian arab republic,1972,
turks and caicos islands,1972,
chad,1972,
east asia & pacific (ida & ibrd countries),1972,
europe & central asia (ida & ibrd countries),1972,
togo,1972,
thailand,1972,
tajikistan,1972,
turkmenistan,1972,
latin america & the caribbean (ida & ibrd countries),1972,
timor-leste,1972,
"middle east, north africa, afghanistan & pakistan (ida & ibrd)",1972,
tonga,1972,
south asia (ida & ibrd),1972,
sub-saharan africa (ida & ibrd countries),1972,
trinidad and tobago,1972,
tunisia,1972,
turkiye,1972,15.41645572
tuvalu,1972,
tanzania,1972,
uganda,1972,
ukraine,1972,
upper middle income,1972,
uruguay,1972,
united states,1972,3.272278247
uzbekistan,1972,
st. vincent and the grenadines,1972,
"venezuela, rb",1972,
british virgin islands,1972,
virgin islands (u.s.),1972,
viet nam,1972,
vanuatu,1972,
world,1972,
samoa,1972,
kosovo,1972,
"yemen, rep.",1972,
south africa,1972,6.425676389
zambia,1972,
zimbabwe,1972,
aruba,1973,
africa eastern and southern,1973,
afghanistan,1973,
africa western and central,1973,
angola,1973,
albania,1973,
andorra,1973,
arab world,1973,
united arab emirates,1973,
argentina,1973,
armenia,1973,
american samoa,1973,
antigua and barbuda,1973,
australia,1973,9.090909091
austria,1973,7.531078038
azerbaijan,1973,
burundi,1973,
belgium,1973,6.955280087
benin,1973,
burkina faso,1973,
bangladesh,1973,
bulgaria,1973,
bahrain,1973,
"bahamas, the",1973,
bosnia and herzegovina,1973,
belarus,1973,
belize,1973,
bermuda,1973,
bolivia,1973,
brazil,1973,
barbados,1973,
brunei darussalam,1973,
bhutan,1973,
botswana,1973,
central african republic,1973,
canada,1973,7.487647282
central europe and the baltics,1973,
switzerland,1973,8.75467033
channel islands,1973,
chile,1973,352.8109866
china,1973,
cote d'ivoire,1973,
cameroon,1973,
"congo, dem. rep.",1973,
"congo, rep.",1973,
colombia,1973,22.52964868
comoros,1973,
cabo verde,1973,
costa rica,1973,
caribbean small states,1973,
cuba,1973,
curacao,1973,
cayman islands,1973,
cyprus,1973,
czechia,1973,
germany,1973,7.032023993
djibouti,1973,
dominica,1973,
denmark,1973,9.30338298
dominican republic,1973,
algeria,1973,
east asia & pacific (excluding high income),1973,
early-demographic dividend,1973,
east asia & pacific,1973,
europe & central asia (excluding high income),1973,
europe & central asia,1973,
ecuador,1973,12.12814646
"egypt, arab rep.",1973,
euro area,1973,8.022209959
eritrea,1973,
spain,1973,11.41670761
estonia,1973,
ethiopia,1973,
european union,1973,
fragile and conflict affected situations,1973,
finland,1973,10.75447188
fiji,1973,
france,1973,7.380601064
faroe islands,1973,
"micronesia, fed. sts.",1973,
gabon,1973,
united kingdom,1973,9.196033167
georgia,1973,
ghana,1973,
gibraltar,1973,
guinea,1973,
"gambia, the",1973,
guinea-bissau,1973,
equatorial guinea,1973,
greece,1973,15.38462407
grenada,1973,
greenland,1973,
guatemala,1973,
guam,1973,
guyana,1973,
high income,1973,
"hong kong sar, china",1973,
honduras,1973,
heavily indebted poor countries (hipc),1973,
croatia,1973,
haiti,1973,
hungary,1973,
ibrd only,1973,
ida & ibrd total,1973,
ida total,1973,
ida blend,1973,
indonesia,1973,31.04188243
ida only,1973,
isle of man,1973,
india,1973,16.94081598
not classified,1973,
ireland,1973,
"iran, islamic rep.",1973,
iraq,1973,
iceland,1973,21.35493092
israel,1973,20.03237781
italy,1973,10.79861745
jamaica,1973,
jordan,1973,
japan,1973,11.60862355
kazakhstan,1973,
kenya,1973,
kyrgyz republic,1973,
cambodia,1973,
kiribati,1973,
st. kitts and nevis,1973,
"korea, rep.",1973,3.221029047
kuwait,1973,
latin america & caribbean (excluding high income),1973,
lao pdr,1973,
lebanon,1973,
liberia,1973,
libya,1973,
st. lucia,1973,
latin america & caribbean,1973,
least developed countries: un classification,1973,
low income,1973,
liechtenstein,1973,
sri lanka,1973,
lower middle income,1973,
low & middle income,1973,
lesotho,1973,
late-demographic dividend,1973,
lithuania,1973,
luxembourg,1973,6.068098359
latvia,1973,
"macao sar, china",1973,
st. martin (french part),1973,
morocco,1973,
monaco,1973,
moldova,1973,
madagascar,1973,
maldives,1973,
"middle east, north africa, afghanistan & pakistan",1973,
mexico,1973,12.08193946
marshall islands,1973,
middle income,1973,
north macedonia,1973,
mali,1973,
malta,1973,
myanmar,1973,
"middle east, north africa, afghanistan & pakistan (excluding high income)",1973,
montenegro,1973,
mongolia,1973,
northern mariana islands,1973,
mozambique,1973,
mauritania,1973,
mauritius,1973,
malawi,1973,
malaysia,1973,
north america,1973,6.832703673
namibia,1973,
new caledonia,1973,
niger,1973,
nigeria,1973,
nicaragua,1973,
netherlands,1973,8.022209959
norway,1973,7.419472836
nepal,1973,11.42977253
nauru,1973,
new zealand,1973,8.166669273
oecd members,1973,9.143471129
oman,1973,
other small states,1973,
pakistan,1973,
panama,1973,
peru,1973,
philippines,1973,
palau,1973,
papua new guinea,1973,
poland,1973,
pre-demographic dividend,1973,
puerto rico (us),1973,
"korea, dem. people's rep.",1973,
portugal,1973,12.97460852
paraguay,1973,
west bank and gaza,1973,
pacific island small states,1973,
post-demographic dividend,1973,8.094439616
french polynesia,1973,
qatar,1973,
romania,1973,
russian federation,1973,
rwanda,1973,
south asia,1973,
saudi arabia,1973,
sudan,1973,
senegal,1973,
singapore,1973,
solomon islands,1973,
sierra leone,1973,
el salvador,1973,
san marino,1973,
"somalia, fed. rep.",1973,
serbia,1973,
sub-saharan africa (excluding high income),1973,
south sudan,1973,
sub-saharan africa,1973,
small states,1973,
sao tome and principe,1973,
suriname,1973,
slovak republic,1973,
slovenia,1973,
sweden,1973,6.717997398
eswatini,1973,
sint maarten (dutch part),1973,
seychelles,1973,
syrian arab republic,1973,
turks and caicos islands,1973,
chad,1973,
east asia & pacific (ida & ibrd countries),1973,
europe & central asia (ida & ibrd countries),1973,
togo,1973,
thailand,1973,
tajikistan,1973,
turkmenistan,1973,
latin america & the caribbean (ida & ibrd countries),1973,
timor-leste,1973,
"middle east, north africa, afghanistan & pakistan (ida & ibrd)",1973,
tonga,1973,
south asia (ida & ibrd),1973,
sub-saharan africa (ida & ibrd countries),1973,
trinidad and tobago,1973,
tunisia,1973,
turkiye,1973,13.93816524
tuvalu,1973,
tanzania,1973,
uganda,1973,
ukraine,1973,
upper middle income,1973,
uruguay,1973,
united states,1973,6.177760064
uzbekistan,1973,
st. vincent and the grenadines,1973,
"venezuela, rb",1973,
british virgin islands,1973,
virgin islands (u.s.),1973,
viet nam,1973,
vanuatu,1973,
world,1973,
samoa,1973,
kosovo,1973,
"yemen, rep.",1973,
south africa,1973,9.43398377
zambia,1973,
zimbabwe,1973,
aruba,1974,
africa eastern and southern,1974,
afghanistan,1974,
africa western and central,1974,
angola,1974,
albania,1974,
andorra,1974,
arab world,1974,
united arab emirates,1974,
argentina,1974,
armenia,1974,
american samoa,1974,
antigua and barbuda,1974,
australia,1974,15.41666667
austria,1974,9.521788197
azerbaijan,1974,
burundi,1974,
belgium,1974,12.67788775
benin,1974,
burkina faso,1974,
bangladesh,1974,
bulgaria,1974,
bahrain,1974,
"bahamas, the",1974,
bosnia and herzegovina,1974,
belarus,1974,
belize,1974,
bermuda,1974,
bolivia,1974,
brazil,1974,
barbados,1974,
brunei darussalam,1974,
bhutan,1974,
botswana,1974,
central african republic,1974,
canada,1974,10.99717115
central europe and the baltics,1974,
switzerland,1974,9.767414319
channel islands,1974,
chile,1974,504.7385412
china,1974,
cote d'ivoire,1974,
cameroon,1974,
"congo, dem. rep.",1974,
"congo, rep.",1974,
colombia,1974,23.87095737
comoros,1974,
cabo verde,1974,
costa rica,1974,
caribbean small states,1974,
cuba,1974,
curacao,1974,
cayman islands,1974,
cyprus,1974,
czechia,1974,
germany,1974,6.986431093
djibouti,1974,
dominica,1974,
denmark,1974,15.27520622
dominican republic,1974,
algeria,1974,
east asia & pacific (excluding high income),1974,
early-demographic dividend,1974,
east asia & pacific,1974,
europe & central asia (excluding high income),1974,
europe & central asia,1974,
ecuador,1974,22.70408162
"egypt, arab rep.",1974,
euro area,1974,13.64931747
eritrea,1974,
spain,1974,15.6803734
estonia,1974,
ethiopia,1974,
european union,1974,
fragile and conflict affected situations,1974,
finland,1974,16.9364
fiji,1974,
france,1974,13.64931747
faroe islands,1974,
"micronesia, fed. sts.",1974,
gabon,1974,
united kingdom,1974,16.04401119
georgia,1974,
ghana,1974,
gibraltar,1974,
guinea,1974,
"gambia, the",1974,
guinea-bissau,1974,
equatorial guinea,1974,
greece,1974,26.56084659
grenada,1974,
greenland,1974,
guatemala,1974,
guam,1974,
guyana,1974,
high income,1974,
"hong kong sar, china",1974,
honduras,1974,
heavily indebted poor countries (hipc),1974,
croatia,1974,
haiti,1974,
hungary,1974,
ibrd only,1974,
ida & ibrd total,1974,
ida total,1974,
ida blend,1974,
indonesia,1974,40.4918116
ida only,1974,
isle of man,1974,
india,1974,28.59873408
not classified,1974,
ireland,1974,
"iran, islamic rep.",1974,
iraq,1974,
iceland,1974,42.51618196
israel,1974,39.67997246
italy,1974,19.15976959
jamaica,1974,
jordan,1974,
japan,1974,23.22224581
kazakhstan,1974,
kenya,1974,
kyrgyz republic,1974,
cambodia,1974,
kiribati,1974,
st. kitts and nevis,1974,
"korea, rep.",1974,24.30419954
kuwait,1974,
latin america & caribbean (excluding high income),1974,
lao pdr,1974,
lebanon,1974,
liberia,1974,
libya,1974,
st. lucia,1974,
latin america & caribbean,1974,
least developed countries: un classification,1974,
low income,1974,
liechtenstein,1974,
sri lanka,1974,
lower middle income,1974,
low & middle income,1974,
lesotho,1974,
late-demographic dividend,1974,
lithuania,1974,
luxembourg,1974,9.540655417
latvia,1974,
"macao sar, china",1974,
st. martin (french part),1974,
morocco,1974,
monaco,1974,
moldova,1974,
madagascar,1974,
maldives,1974,
"middle east, north africa, afghanistan & pakistan",1974,
mexico,1974,23.78401544
marshall islands,1974,
middle income,1974,
north macedonia,1974,
mali,1974,
malta,1974,
myanmar,1974,
"middle east, north africa, afghanistan & pakistan (excluding high income)",1974,
montenegro,1974,
mongolia,1974,
northern mariana islands,1974,
mozambique,1974,
mauritania,1974,
mauritius,1974,
malawi,1974,
malaysia,1974,
north america,1974,11.02598798
namibia,1974,
new caledonia,1974,
niger,1974,
nigeria,1974,
nicaragua,1974,
netherlands,1974,9.591422673
norway,1974,9.411768132
nepal,1974,19.80633803
nauru,1974,
new zealand,1974,11.10940201
oecd members,1974,15.54852003
oman,1974,
other small states,1974,
pakistan,1974,
panama,1974,
peru,1974,
philippines,1974,
palau,1974,
papua new guinea,1974,
poland,1974,
pre-demographic dividend,1974,
puerto rico (us),1974,
"korea, dem. people's rep.",1974,
portugal,1974,25.08277786
paraguay,1974,
west bank and gaza,1974,
pacific island small states,1974,
post-demographic dividend,1974,13.16360261
french polynesia,1974,
qatar,1974,
romania,1974,
russian federation,1974,
rwanda,1974,
south asia,1974,
saudi arabia,1974,
sudan,1974,
senegal,1974,
singapore,1974,
solomon islands,1974,
sierra leone,1974,
el salvador,1974,
san marino,1974,
"somalia, fed. rep.",1974,
serbia,1974,
sub-saharan africa (excluding high income),1974,
south sudan,1974,
sub-saharan africa,1974,
small states,1974,
sao tome and principe,1974,
suriname,1974,
slovak republic,1974,
slovenia,1974,
sweden,1974,9.911725301
eswatini,1974,
sint maarten (dutch part),1974,
seychelles,1974,
syrian arab republic,1974,
turks and caicos islands,1974,
chad,1974,
east asia & pacific (ida & ibrd countries),1974,
europe & central asia (ida & ibrd countries),1974,
togo,1974,
thailand,1974,
tajikistan,1974,
turkmenistan,1974,
latin america & the caribbean (ida & ibrd countries),1974,
timor-leste,1974,
"middle east, north africa, afghanistan & pakistan (ida & ibrd)",1974,
tonga,1974,
south asia (ida & ibrd),1974,
sub-saharan africa (ida & ibrd countries),1974,
trinidad and tobago,1974,
tunisia,1974,
turkiye,1974,23.89816158
tuvalu,1974,
tanzania,1974,
uganda,1974,
ukraine,1974,
upper middle income,1974,
uruguay,1974,
united states,1974,11.0548048
uzbekistan,1974,
st. vincent and the grenadines,1974,
"venezuela, rb",1974,
british virgin islands,1974,
virgin islands (u.s.),1974,
viet nam,1974,
vanuatu,1974,
world,1974,
samoa,1974,
kosovo,1974,
"yemen, rep.",1974,
south africa,1974,11.72413152
zambia,1974,
zimbabwe,1974,
aruba,1975,
africa eastern and southern,1975,
afghanistan,1975,
africa western and central,1975,
angola,1975,
albania,1975,
andorra,1975,
arab world,1975,
united arab emirates,1975,
argentina,1975,
armenia,1975,
american samoa,1975,
antigua and barbuda,1975,
australia,1975,15.16245487
austria,1975,8.445258639
azerbaijan,1975,
burundi,1975,
belgium,1975,12.76819859
benin,1975,
burkina faso,1975,
bangladesh,1975,
bulgaria,1975,
bahrain,1975,
"bahamas, the",1975,
bosnia and herzegovina,1975,
belarus,1975,
belize,1975,
bermuda,1975,
bolivia,1975,
brazil,1975,
barbados,1975,
brunei darussalam,1975,
bhutan,1975,
botswana,1975,
central african republic,1975,
canada,1975,10.6721886
central europe and the baltics,1975,
switzerland,1975,6.696595225
channel islands,1975,
chile,1975,374.7352742
china,1975,
cote d'ivoire,1975,
cameroon,1975,
"congo, dem. rep.",1975,
"congo, rep.",1975,
colombia,1975,23.43750257
comoros,1975,
cabo verde,1975,
costa rica,1975,
caribbean small states,1975,
cuba,1975,
curacao,1975,
cayman islands,1975,
cyprus,1975,
czechia,1975,
germany,1975,5.910336263
djibouti,1975,
dominica,1975,
denmark,1975,9.605612075
dominican republic,1975,
algeria,1975,
east asia & pacific (excluding high income),1975,
early-demographic dividend,1975,
east asia & pacific,1975,
europe & central asia (excluding high income),1975,
europe & central asia,1975,
ecuador,1975,14.28967429
"egypt, arab rep.",1975,
euro area,1975,12.76819859
eritrea,1975,
spain,1975,16.95328593
estonia,1975,
ethiopia,1975,
european union,1975,
fragile and conflict affected situations,1975,
finland,1975,17.81139723
fiji,1975,
france,1975,11.68592725
faroe islands,1975,
"micronesia, fed. sts.",1975,
gabon,1975,
united kingdom,1975,24.20728767
georgia,1975,
ghana,1975,
gibraltar,1975,
guinea,1975,
"gambia, the",1975,
guinea-bissau,1975,
equatorial guinea,1975,
greece,1975,13.62876178
grenada,1975,
greenland,1975,
guatemala,1975,
guam,1975,
guyana,1975,
high income,1975,
"hong kong sar, china",1975,
honduras,1975,
heavily indebted poor countries (hipc),1975,
croatia,1975,
haiti,1975,
hungary,1975,
ibrd only,1975,
ida & ibrd total,1975,
ida total,1975,
ida blend,1975,
indonesia,1975,19.16569166
ida only,1975,
isle of man,1975,
india,1975,5.748430298
not classified,1975,
ireland,1975,
"iran, islamic rep.",1975,
iraq,1975,
iceland,1975,49.36133823
israel,1975,39.30673196
italy,1975,16.95050257
jamaica,1975,
jordan,1975,
japan,1975,11.73126615
kazakhstan,1975,
kenya,1975,
kyrgyz republic,1975,
cambodia,1975,
kiribati,1975,
st. kitts and nevis,1975,
"korea, rep.",1975,25.24925641
kuwait,1975,
latin america & caribbean (excluding high income),1975,
lao pdr,1975,
lebanon,1975,
liberia,1975,
libya,1975,
st. lucia,1975,
latin america & caribbean,1975,
least developed countries: un classification,1975,
low income,1975,
liechtenstein,1975,
sri lanka,1975,
lower middle income,1975,
low & middle income,1975,
lesotho,1975,
late-demographic dividend,1975,
lithuania,1975,
luxembourg,1975,10.71767113
latvia,1975,
"macao sar, china",1975,
st. martin (french part),1975,
morocco,1975,
monaco,1975,
moldova,1975,
madagascar,1975,
maldives,1975,
"middle east, north africa, afghanistan & pakistan",1975,
mexico,1975,14.94453464
marshall islands,1975,
middle income,1975,
north macedonia,1975,
mali,1975,
malta,1975,
myanmar,1975,
"middle east, north africa, afghanistan & pakistan (excluding high income)",1975,
montenegro,1975,
mongolia,1975,
northern mariana islands,1975,
mozambique,1975,
mauritania,1975,
mauritius,1975,
malawi,1975,
malaysia,1975,
north america,1975,9.90766773
namibia,1975,
new caledonia,1975,
niger,1975,
nigeria,1975,
nicaragua,1975,
netherlands,1975,10.21747579
norway,1975,11.68922348
nepal,1975,7.585985214
nauru,1975,
new zealand,1975,14.68498347
oecd members,1975,14.15687263
oman,1975,
other small states,1975,
pakistan,1975,
panama,1975,
peru,1975,
philippines,1975,
palau,1975,
papua new guinea,1975,
poland,1975,
pre-demographic dividend,1975,
puerto rico (us),1975,
"korea, dem. people's rep.",1975,
portugal,1975,15.27168575
paraguay,1975,
west bank and gaza,1975,
pacific island small states,1975,
post-demographic dividend,1975,11.71024482
french polynesia,1975,
qatar,1975,
romania,1975,
russian federation,1975,
rwanda,1975,
south asia,1975,
saudi arabia,1975,
sudan,1975,
senegal,1975,
singapore,1975,
solomon islands,1975,
sierra leone,1975,
el salvador,1975,
san marino,1975,
"somalia, fed. rep.",1975,
serbia,1975,
sub-saharan africa (excluding high income),1975,
south sudan,1975,
sub-saharan africa,1975,
small states,1975,
sao tome and principe,1975,
suriname,1975,
slovak republic,1975,
slovenia,1975,
sweden,1975,9.779873988
eswatini,1975,
sint maarten (dutch part),1975,
seychelles,1975,
syrian arab republic,1975,
turks and caicos islands,1975,
chad,1975,
east asia & pacific (ida & ibrd countries),1975,
europe & central asia (ida & ibrd countries),1975,
togo,1975,
thailand,1975,
tajikistan,1975,
turkmenistan,1975,
latin america & the caribbean (ida & ibrd countries),1975,
timor-leste,1975,
"middle east, north africa, afghanistan & pakistan (ida & ibrd)",1975,
tonga,1975,
south asia (ida & ibrd),1975,
sub-saharan africa (ida & ibrd countries),1975,
trinidad and tobago,1975,
tunisia,1975,
turkiye,1975,21.22735524
tuvalu,1975,
tanzania,1975,
uganda,1975,
ukraine,1975,
upper middle income,1975,
uruguay,1975,
united states,1975,9.143146865
uzbekistan,1975,
st. vincent and the grenadines,1975,
"venezuela, rb",1975,
british virgin islands,1975,
virgin islands (u.s.),1975,
viet nam,1975,
vanuatu,1975,
world,1975,
samoa,1975,
kosovo,1975,
"yemen, rep.",1975,
south africa,1975,13.42592485
zambia,1975,
zimbabwe,1975,
aruba,1976,
africa eastern and southern,1976,
afghanistan,1976,
africa western and central,1976,
angola,1976,
albania,1976,
andorra,1976,
arab world,1976,
united arab emirates,1976,
argentina,1976,
armenia,1976,
american samoa,1976,
antigua and barbuda,1976,
australia,1976,13.32288401
austria,1976,7.318685451
azerbaijan,1976,
burundi,1976,
belgium,1976,9.068609811
benin,1976,
burkina faso,1976,
bangladesh,1976,
bulgaria,1976,
bahrain,1976,
"bahamas, the",1976,
bosnia and herzegovina,1976,
belarus,1976,
belize,1976,
bermuda,1976,
bolivia,1976,
brazil,1976,
barbados,1976,
brunei darussalam,1976,
bhutan,1976,
botswana,1976,
central african republic,1976,
canada,1976,7.54173863
central europe and the baltics,1976,
switzerland,1976,1.715476323
channel islands,1976,
chile,1976,211.9243022
china,1976,
cote d'ivoire,1976,
cameroon,1976,
"congo, dem. rep.",1976,
"congo, rep.",1976,
colombia,1976,19.83122492
comoros,1976,
cabo verde,1976,
costa rica,1976,
caribbean small states,1976,
cuba,1976,
curacao,1976,
cayman islands,1976,
cyprus,1976,
czechia,1976,
germany,1976,4.246631023
djibouti,1976,
dominica,1976,
denmark,1976,9.010290836
dominican republic,1976,
algeria,1976,
east asia & pacific (excluding high income),1976,
early-demographic dividend,1976,
east asia & pacific,1976,
europe & central asia (excluding high income),1976,
europe & central asia,1976,
ecuador,1976,10.17463012
"egypt, arab rep.",1976,
euro area,1976,9.797346437
eritrea,1976,
spain,1976,17.62488005
estonia,1976,
ethiopia,1976,
european union,1976,
fragile and conflict affected situations,1976,
finland,1976,14.34269309
fiji,1976,
france,1976,9.625495782
faroe islands,1976,
"micronesia, fed. sts.",1976,
gabon,1976,
united kingdom,1976,16.55952256
georgia,1976,
ghana,1976,
gibraltar,1976,
guinea,1976,
"gambia, the",1976,
guinea-bissau,1976,
equatorial guinea,1976,
greece,1976,13.02427946
grenada,1976,
greenland,1976,
guatemala,1976,
guam,1976,
guyana,1976,
high income,1976,
"hong kong sar, china",1976,
honduras,1976,
heavily indebted poor countries (hipc),1976,
croatia,1976,
haiti,1976,
hungary,1976,
ibrd only,1976,
ida & ibrd total,1976,
ida total,1976,
ida blend,1976,
indonesia,1976,19.82864999
ida only,1976,
isle of man,1976,
india,1976,-7.633947634
not classified,1976,
ireland,1976,
"iran, islamic rep.",1976,
iraq,1976,
iceland,1976,32.03511022
israel,1976,31.3108664
italy,1976,16.61416647
jamaica,1976,
jordan,1976,
japan,1976,9.374036386
kazakhstan,1976,
kenya,1976,
kyrgyz republic,1976,
cambodia,1976,
kiribati,1976,
st. kitts and nevis,1976,
"korea, rep.",1976,15.32732052
kuwait,1976,
latin america & caribbean (excluding high income),1976,
lao pdr,1976,
lebanon,1976,
liberia,1976,
libya,1976,
st. lucia,1976,
latin america & caribbean,1976,
least developed countries: un classification,1976,
low income,1976,
liechtenstein,1976,
sri lanka,1976,
lower middle income,1976,
low & middle income,1976,
lesotho,1976,
late-demographic dividend,1976,
lithuania,1976,
luxembourg,1976,9.797346437
latvia,1976,
"macao sar, china",1976,
st. martin (french part),1976,
morocco,1976,
monaco,1976,
moldova,1976,
madagascar,1976,
maldives,1976,
"middle east, north africa, afghanistan & pakistan",1976,
mexico,1976,15.82472249
marshall islands,1976,
middle income,1976,
north macedonia,1976,
mali,1976,
malta,1976,
myanmar,1976,
"middle east, north africa, afghanistan & pakistan (excluding high income)",1976,
montenegro,1976,
mongolia,1976,
northern mariana islands,1976,
mozambique,1976,
mauritania,1976,
mauritius,1976,
malawi,1976,
malaysia,1976,
north america,1976,6.643275633
namibia,1976,
new caledonia,1976,
niger,1976,
nigeria,1976,
nicaragua,1976,
netherlands,1976,8.830651586
norway,1976,9.161472765
nepal,1976,-3.113235733
nauru,1976,
new zealand,1976,16.90685701
oecd members,1976,13.17358174
oman,1976,
other small states,1976,
pakistan,1976,
panama,1976,
peru,1976,
philippines,1976,
palau,1976,
papua new guinea,1976,
poland,1976,
pre-demographic dividend,1976,
puerto rico (us),1976,
"korea, dem. people's rep.",1976,
portugal,1976,21.1419048
paraguay,1976,
west bank and gaza,1976,
pacific island small states,1976,
post-demographic dividend,1976,9.711421109
french polynesia,1976,
qatar,1976,
romania,1976,
russian federation,1976,
rwanda,1976,
south asia,1976,
saudi arabia,1976,
sudan,1976,
senegal,1976,
singapore,1976,
solomon islands,1976,
sierra leone,1976,
el salvador,1976,
san marino,1976,
"somalia, fed. rep.",1976,
serbia,1976,
sub-saharan africa (excluding high income),1976,
south sudan,1976,
sub-saharan africa,1976,
small states,1976,
sao tome and principe,1976,
suriname,1976,
slovak republic,1976,
slovenia,1976,
sweden,1976,10.24922465
eswatini,1976,
sint maarten (dutch part),1976,
seychelles,1976,
syrian arab republic,1976,
turks and caicos islands,1976,
chad,1976,
east asia & pacific (ida & ibrd countries),1976,
europe & central asia (ida & ibrd countries),1976,
togo,1976,
thailand,1976,
tajikistan,1976,
turkmenistan,1976,
latin america & the caribbean (ida & ibrd countries),1976,
timor-leste,1976,
"middle east, north africa, afghanistan & pakistan (ida & ibrd)",1976,
tonga,1976,
south asia (ida & ibrd),1976,
sub-saharan africa (ida & ibrd countries),1976,
trinidad and tobago,1976,
tunisia,1976,
turkiye,1976,17.45568939
tuvalu,1976,
tanzania,1976,
uganda,1976,
ukraine,1976,
upper middle income,1976,
uruguay,1976,
united states,1976,5.744812635
uzbekistan,1976,
st. vincent and the grenadines,1976,
"venezuela, rb",1976,
british virgin islands,1976,
virgin islands (u.s.),1976,
viet nam,1976,
vanuatu,1976,
world,1976,
samoa,1976,
kosovo,1976,
"yemen, rep.",1976,
south africa,1976,11.02041059
zambia,1976,
zimbabwe,1976,
aruba,1977,
africa eastern and southern,1977,
afghanistan,1977,
africa western and central,1977,
angola,1977,
albania,1977,
andorra,1977,
arab world,1977,
united arab emirates,1977,
argentina,1977,
armenia,1977,
american samoa,1977,
antigua and barbuda,1977,
australia,1977,12.30982019
austria,1977,5.494615681
azerbaijan,1977,
burundi,1977,
belgium,1977,7.096000591
benin,1977,
burkina faso,1977,
bangladesh,1977,
bulgaria,1977,
bahrain,1977,
"bahamas, the",1977,
bosnia and herzegovina,1977,
belarus,1977,
belize,1977,
bermuda,1977,
bolivia,1977,
brazil,1977,
barbados,1977,
brunei darussalam,1977,
bhutan,1977,
botswana,1977,
central african republic,1977,
canada,1977,7.976445396
central europe and the baltics,1977,
switzerland,1977,1.295999163
channel islands,1977,
chile,1977,91.95413256
china,1977,
cote d'ivoire,1977,
cameroon,1977,
"congo, dem. rep.",1977,
"congo, rep.",1977,
colombia,1977,33.80281836
comoros,1977,
cabo verde,1977,
costa rica,1977,4.190240453
caribbean small states,1977,
cuba,1977,
curacao,1977,
cayman islands,1977,
cyprus,1977,
czechia,1977,
germany,1977,3.734162406
djibouti,1977,
dominica,1977,
denmark,1977,10.92223781
dominican republic,1977,
algeria,1977,
east asia & pacific (excluding high income),1977,
early-demographic dividend,1977,
east asia & pacific,1977,
europe & central asia (excluding high income),1977,
europe & central asia,1977,
ecuador,1977,12.94441387
"egypt, arab rep.",1977,
euro area,1977,10.6439508
eritrea,1977,
spain,1977,24.53806329
estonia,1977,
ethiopia,1977,
european union,1977,11.18202146
fragile and conflict affected situations,1977,
finland,1977,11.79334692
fiji,1977,
france,1977,9.494554672
faroe islands,1977,
"micronesia, fed. sts.",1977,
gabon,1977,
united kingdom,1977,15.84026675
georgia,1977,
ghana,1977,
gibraltar,1977,
guinea,1977,
"gambia, the",1977,
guinea-bissau,1977,
equatorial guinea,1977,
greece,1977,12.36979709
grenada,1977,
greenland,1977,
guatemala,1977,
guam,1977,
guyana,1977,
high income,1977,
"hong kong sar, china",1977,
honduras,1977,
heavily indebted poor countries (hipc),1977,
croatia,1977,
haiti,1977,
hungary,1977,
ibrd only,1977,
ida & ibrd total,1977,
ida total,1977,
ida blend,1977,
indonesia,1977,11.05208465
ida only,1977,
isle of man,1977,
india,1977,8.307470092
not classified,1977,
ireland,1977,13.47225529
"iran, islamic rep.",1977,
iraq,1977,
iceland,1977,30.31674127
israel,1977,34.61671569
italy,1977,17.13004879
jamaica,1977,
jordan,1977,
japan,1977,8.161826896
kazakhstan,1977,
kenya,1977,
kyrgyz republic,1977,
cambodia,1977,
kiribati,1977,
st. kitts and nevis,1977,
"korea, rep.",1977,10.09666533
kuwait,1977,
latin america & caribbean (excluding high income),1977,
lao pdr,1977,
lebanon,1977,
liberia,1977,
libya,1977,
st. lucia,1977,
latin america & caribbean,1977,
least developed countries: un classification,1977,
low income,1977,
liechtenstein,1977,
sri lanka,1977,
lower middle income,1977,
low & middle income,1977,
lesotho,1977,
late-demographic dividend,1977,
lithuania,1977,
luxembourg,1977,6.705494115
latvia,1977,
"macao sar, china",1977,
st. martin (french part),1977,
morocco,1977,
monaco,1977,
moldova,1977,
madagascar,1977,
maldives,1977,
"middle east, north africa, afghanistan & pakistan",1977,
mexico,1977,29.06412471
marshall islands,1977,
middle income,1977,
north macedonia,1977,
mali,1977,
malta,1977,
myanmar,1977,
"middle east, north africa, afghanistan & pakistan (excluding high income)",1977,
montenegro,1977,
mongolia,1977,
northern mariana islands,1977,
mozambique,1977,
mauritania,1977,
mauritius,1977,
malawi,1977,
malaysia,1977,
north america,1977,7.239064695
namibia,1977,
new caledonia,1977,
niger,1977,
nigeria,1977,
nicaragua,1977,
netherlands,1977,6.399294874
norway,1977,9.103839712
nepal,1977,9.898852843
nauru,1977,
new zealand,1977,14.38354942
oecd members,1977,11.61757601
oman,1977,
other small states,1977,
pakistan,1977,
panama,1977,
peru,1977,
philippines,1977,
palau,1977,
papua new guinea,1977,
poland,1977,
pre-demographic dividend,1977,
puerto rico (us),1977,
"korea, dem. people's rep.",1977,
portugal,1977,31.0167491
paraguay,1977,
west bank and gaza,1977,
pacific island small states,1977,
post-demographic dividend,1977,9.795610002
french polynesia,1977,
qatar,1977,
romania,1977,
russian federation,1977,
rwanda,1977,
south asia,1977,
saudi arabia,1977,
sudan,1977,
senegal,1977,
singapore,1977,
solomon islands,1977,
sierra leone,1977,
el salvador,1977,
san marino,1977,
"somalia, fed. rep.",1977,
serbia,1977,
sub-saharan africa (excluding high income),1977,
south sudan,1977,
sub-saharan africa,1977,
small states,1977,
sao tome and principe,1977,
suriname,1977,
slovak republic,1977,
slovenia,1977,
sweden,1977,11.44180511
eswatini,1977,
sint maarten (dutch part),1977,
seychelles,1977,
syrian arab republic,1977,
turks and caicos islands,1977,
chad,1977,
east asia & pacific (ida & ibrd countries),1977,
europe & central asia (ida & ibrd countries),1977,
togo,1977,
thailand,1977,
tajikistan,1977,
turkmenistan,1977,
latin america & the caribbean (ida & ibrd countries),1977,
timor-leste,1977,
"middle east, north africa, afghanistan & pakistan (ida & ibrd)",1977,
tonga,1977,
south asia (ida & ibrd),1977,
sub-saharan africa (ida & ibrd countries),1977,
trinidad and tobago,1977,
tunisia,1977,
turkiye,1977,25.98533787
tuvalu,1977,
tanzania,1977,
uganda,1977,
ukraine,1977,
upper middle income,1977,
uruguay,1977,
united states,1977,6.501683995
uzbekistan,1977,
st. vincent and the grenadines,1977,
"venezuela, rb",1977,
british virgin islands,1977,
virgin islands (u.s.),1977,
viet nam,1977,
vanuatu,1977,
world,1977,
samoa,1977,
kosovo,1977,
"yemen, rep.",1977,
south africa,1977,11.15195783
zambia,1977,
zimbabwe,1977,
aruba,1978,
africa eastern and southern,1978,
afghanistan,1978,
africa western and central,1978,
angola,1978,
albania,1978,
andorra,1978,
arab world,1978,
united arab emirates,1978,
argentina,1978,
armenia,1978,
american samoa,1978,
antigua and barbuda,1978,
australia,1978,8.004926108
austria,1978,3.574318576
azerbaijan,1978,
burundi,1978,
belgium,1978,4.470593316
benin,1978,
burkina faso,1978,
bangladesh,1978,
bulgaria,1978,
bahrain,1978,
"bahamas, the",1978,
bosnia and herzegovina,1978,
belarus,1978,
belize,1978,
bermuda,1978,
bolivia,1978,
brazil,1978,
barbados,1978,
brunei darussalam,1978,
bhutan,1978,
botswana,1978,
central african republic,1978,
canada,1978,8.973723352
central europe and the baltics,1978,
switzerland,1978,1.028792895
channel islands,1978,
chile,1978,40.08722463
china,1978,
cote d'ivoire,1978,
cameroon,1978,
"congo, dem. rep.",1978,
"congo, rep.",1978,
colombia,1978,17.76315909
comoros,1978,
cabo verde,1978,
costa rica,1978,6.0071271
caribbean small states,1978,
cuba,1978,
curacao,1978,
cayman islands,1978,
cyprus,1978,
czechia,1978,
germany,1978,2.718696961
djibouti,1978,
dominica,1978,
denmark,1978,10.21365457
dominican republic,1978,
algeria,1978,
east asia & pacific (excluding high income),1978,
early-demographic dividend,1978,
east asia & pacific,1978,
europe & central asia (excluding high income),1978,
europe & central asia,1978,
ecuador,1978,13.09813858
"egypt, arab rep.",1978,
euro area,1978,7.755231446
eritrea,1978,
spain,1978,19.7736705
estonia,1978,
ethiopia,1978,
european union,1978,8.524954606
fragile and conflict affected situations,1978,
finland,1978,7.799350746
fiji,1978,
france,1978,9.250558467
faroe islands,1978,
"micronesia, fed. sts.",1978,
gabon,1978,
united kingdom,1978,8.263141039
georgia,1978,
ghana,1978,
gibraltar,1978,
guinea,1978,
"gambia, the",1978,
guinea-bissau,1978,
equatorial guinea,1978,
greece,1978,12.57242567
grenada,1978,
greenland,1978,
guatemala,1978,
guam,1978,
guyana,1978,
high income,1978,
"hong kong sar, china",1978,
honduras,1978,
heavily indebted poor countries (hipc),1978,
croatia,1978,
haiti,1978,
hungary,1978,
ibrd only,1978,
ida & ibrd total,1978,
ida total,1978,
ida blend,1978,
indonesia,1978,8.112594257
ida only,1978,
isle of man,1978,
india,1978,2.523048757
not classified,1978,
ireland,1978,7.711112146
"iran, islamic rep.",1978,
iraq,1978,
iceland,1978,43.74999829
israel,1978,50.55094596
italy,1978,12.09401384
jamaica,1978,
jordan,1978,
japan,1978,4.209566011
kazakhstan,1978,
kenya,1978,
kyrgyz republic,1978,
cambodia,1978,
kiribati,1978,
st. kitts and nevis,1978,
"korea, rep.",1978,14.46028502
kuwait,1978,
latin america & caribbean (excluding high income),1978,
lao pdr,1978,
lebanon,1978,
liberia,1978,
libya,1978,
st. lucia,1978,
latin america & caribbean,1978,
least developed countries: un classification,1978,
low income,1978,
liechtenstein,1978,
sri lanka,1978,
lower middle income,1978,
low & middle income,1978,
lesotho,1978,
late-demographic dividend,1978,
lithuania,1978,
luxembourg,1978,3.094660774
latvia,1978,
"macao sar, china",1978,
st. martin (french part),1978,
morocco,1978,
monaco,1978,
moldova,1978,
madagascar,1978,
maldives,1978,
"middle east, north africa, afghanistan & pakistan",1978,
mexico,1978,17.45729257
marshall islands,1978,
middle income,1978,
north macedonia,1978,
mali,1978,
malta,1978,
myanmar,1978,
"middle east, north africa, afghanistan & pakistan (excluding high income)",1978,
montenegro,1978,
mongolia,1978,
northern mariana islands,1978,
mozambique,1978,
mauritania,1978,
mauritius,1978,
malawi,1978,
malaysia,1978,
north america,1978,8.302343595
namibia,1978,
new caledonia,1978,
niger,1978,
nigeria,1978,
nicaragua,1978,
netherlands,1978,4.112011963
norway,1978,8.161671543
nepal,1978,7.346091251
nauru,1978,
new zealand,1978,11.95661797
oecd members,1978,9.112140909
oman,1978,
other small states,1978,
pakistan,1978,
panama,1978,
peru,1978,
philippines,1978,
palau,1978,
papua new guinea,1978,
poland,1978,
pre-demographic dividend,1978,
puerto rico (us),1978,
"korea, dem. people's rep.",1978,
portugal,1978,21.03877236
paraguay,1978,
west bank and gaza,1978,
pacific island small states,1978,
post-demographic dividend,1978,8.212406291
french polynesia,1978,
qatar,1978,
romania,1978,
russian federation,1978,
rwanda,1978,
south asia,1978,
saudi arabia,1978,
sudan,1978,
senegal,1978,
singapore,1978,
solomon islands,1978,
sierra leone,1978,
el salvador,1978,
san marino,1978,
"somalia, fed. rep.",1978,
serbia,1978,
sub-saharan africa (excluding high income),1978,
south sudan,1978,
sub-saharan africa,1978,
small states,1978,
sao tome and principe,1978,
suriname,1978,
slovak republic,1978,
slovenia,1978,
sweden,1978,9.995265417
eswatini,1978,
sint maarten (dutch part),1978,
seychelles,1978,
syrian arab republic,1978,
turks and caicos islands,1978,
chad,1978,
east asia & pacific (ida & ibrd countries),1978,
europe & central asia (ida & ibrd countries),1978,
togo,1978,
thailand,1978,
tajikistan,1978,
turkmenistan,1978,
latin america & the caribbean (ida & ibrd countries),1978,
timor-leste,1978,
"middle east, north africa, afghanistan & pakistan (ida & ibrd)",1978,
tonga,1978,
south asia (ida & ibrd),1978,
sub-saharan africa (ida & ibrd countries),1978,
trinidad and tobago,1978,
tunisia,1978,
turkiye,1978,61.89704444
tuvalu,1978,
tanzania,1978,
uganda,1978,
ukraine,1978,
upper middle income,1978,
uruguay,1978,
united states,1978,7.630963839
uzbekistan,1978,
st. vincent and the grenadines,1978,
"venezuela, rb",1978,
british virgin islands,1978,
virgin islands (u.s.),1978,
viet nam,1978,
vanuatu,1978,
world,1978,
samoa,1978,
kosovo,1978,
"yemen, rep.",1978,
south africa,1978,11.13560888
zambia,1978,
zimbabwe,1978,
aruba,1979,
africa eastern and southern,1979,
afghanistan,1979,
africa western and central,1979,
angola,1979,
albania,1979,
andorra,1979,
arab world,1979,
united arab emirates,1979,
argentina,1979,
armenia,1979,
american samoa,1979,
antigua and barbuda,1979,
australia,1979,9.122006842
austria,1979,3.707400964
azerbaijan,1979,
burundi,1979,
belgium,1979,4.469083949
benin,1979,
burkina faso,1979,
bangladesh,1979,
bulgaria,1979,
bahrain,1979,
"bahamas, the",1979,
bosnia and herzegovina,1979,
belarus,1979,
belize,1979,
bermuda,1979,
bolivia,1979,
brazil,1979,
barbados,1979,
brunei darussalam,1979,
bhutan,1979,
botswana,1979,
central african republic,1979,
canada,1979,9.144676979
central europe and the baltics,1979,
switzerland,1979,3.647640106
channel islands,1979,
chile,1979,33.38921901
china,1979,
cote d'ivoire,1979,
cameroon,1979,
"congo, dem. rep.",1979,
"congo, rep.",1979,
colombia,1979,24.13407574
comoros,1979,
cabo verde,1979,
costa rica,1979,9.188410437
caribbean small states,1979,
cuba,1979,
curacao,1979,
cayman islands,1979,
cyprus,1979,
czechia,1979,
germany,1979,4.043620065
djibouti,1979,
dominica,1979,
denmark,1979,9.611050379
dominican republic,1979,
algeria,1979,
east asia & pacific (excluding high income),1979,
early-demographic dividend,1979,
east asia & pacific,1979,
europe & central asia (excluding high income),1979,
europe & central asia,1979,
ecuador,1979,10.11719087
"egypt, arab rep.",1979,
euro area,1979,9.056847842
eritrea,1979,
spain,1979,15.6602356
estonia,1979,
ethiopia,1979,
european union,1979,8.539005946
fragile and conflict affected situations,1979,
finland,1979,7.466961513
fiji,1979,
france,1979,10.64673417
faroe islands,1979,
"micronesia, fed. sts.",1979,
gabon,1979,
united kingdom,1979,13.42127998
georgia,1979,
ghana,1979,
gibraltar,1979,
guinea,1979,
"gambia, the",1979,
guinea-bissau,1979,
equatorial guinea,1979,
greece,1979,19.09417468
grenada,1979,
greenland,1979,
guatemala,1979,
guam,1979,
guyana,1979,
high income,1979,
"hong kong sar, china",1979,
honduras,1979,
heavily indebted poor countries (hipc),1979,
croatia,1979,
haiti,1979,
hungary,1979,
ibrd only,1979,
ida & ibrd total,1979,
ida total,1979,
ida blend,1979,
indonesia,1979,16.23276953
ida only,1979,
isle of man,1979,
india,1979,6.275683368
not classified,1979,
ireland,1979,13.29546882
"iran, islamic rep.",1979,
iraq,1979,
iceland,1979,44.4444558
israel,1979,78.31001112
italy,1979,14.79857357
jamaica,1979,
jordan,1979,
japan,1979,3.701850925
kazakhstan,1979,
kenya,1979,
kyrgyz republic,1979,
cambodia,1979,
kiribati,1979,
st. kitts and nevis,1979,
"korea, rep.",1979,18.32349634
kuwait,1979,
latin america & caribbean (excluding high income),1979,
lao pdr,1979,
lebanon,1979,
liberia,1979,
libya,1979,
st. lucia,1979,
latin america & caribbean,1979,
least developed countries: un classification,1979,
low income,1979,
liechtenstein,1979,
sri lanka,1979,
lower middle income,1979,
low & middle income,1979,
lesotho,1979,
late-demographic dividend,1979,
lithuania,1979,
luxembourg,1979,4.54652779
latvia,1979,
"macao sar, china",1979,
st. martin (french part),1979,
morocco,1979,
monaco,1979,
moldova,1979,
madagascar,1979,
maldives,1979,
"middle east, north africa, afghanistan & pakistan",1979,
mexico,1979,18.1912463
marshall islands,1979,
middle income,1979,
north macedonia,1979,
mali,1979,
malta,1979,
myanmar,1979,
"middle east, north africa, afghanistan & pakistan (excluding high income)",1979,
montenegro,1979,
mongolia,1979,
northern mariana islands,1979,
mozambique,1979,
mauritania,1979,
mauritius,1979,
malawi,1979,
malaysia,1979,
north america,1979,10.19957405
namibia,1979,
new caledonia,1979,
niger,1979,
nigeria,1979,
nicaragua,1979,
netherlands,1979,4.199299902
norway,1979,4.509727612
nepal,1979,3.565453785
nauru,1979,
new zealand,1979,13.69959502
oecd members,1979,10.95060265
oman,1979,
other small states,1979,
pakistan,1979,
panama,1979,
peru,1979,
philippines,1979,
palau,1979,
papua new guinea,1979,
poland,1979,
pre-demographic dividend,1979,
puerto rico (us),1979,
"korea, dem. people's rep.",1979,
portugal,1979,21.89922481
paraguay,1979,
west bank and gaza,1979,
pacific island small states,1979,
post-demographic dividend,1979,9.13334191
french polynesia,1979,
qatar,1979,
romania,1979,
russian federation,1979,
rwanda,1979,
south asia,1979,
saudi arabia,1979,
sudan,1979,
senegal,1979,
singapore,1979,
solomon islands,1979,
sierra leone,1979,
el salvador,1979,
san marino,1979,
"somalia, fed. rep.",1979,
serbia,1979,
sub-saharan africa (excluding high income),1979,
south sudan,1979,
sub-saharan africa,1979,
small states,1979,
sao tome and principe,1979,
suriname,1979,
slovak republic,1979,
slovenia,1979,
sweden,1979,7.20978617
eswatini,1979,
sint maarten (dutch part),1979,
seychelles,1979,
syrian arab republic,1979,
turks and caicos islands,1979,
chad,1979,
east asia & pacific (ida & ibrd countries),1979,
europe & central asia (ida & ibrd countries),1979,
togo,1979,
thailand,1979,
tajikistan,1979,
turkmenistan,1979,
latin america & the caribbean (ida & ibrd countries),1979,
timor-leste,1979,
"middle east, north africa, afghanistan & pakistan (ida & ibrd)",1979,
tonga,1979,
south asia (ida & ibrd),1979,
sub-saharan africa (ida & ibrd countries),1979,
trinidad and tobago,1979,
tunisia,1979,
turkiye,1979,63.54310825
tuvalu,1979,
tanzania,1979,
uganda,1979,
ukraine,1979,
upper middle income,1979,
uruguay,1979,
united states,1979,11.25447113
uzbekistan,1979,
st. vincent and the grenadines,1979,
"venezuela, rb",1979,
british virgin islands,1979,
virgin islands (u.s.),1979,
viet nam,1979,
vanuatu,1979,
world,1979,
samoa,1979,
kosovo,1979,
"yemen, rep.",1979,
south africa,1979,13.29366246
zambia,1979,
zimbabwe,1979,
aruba,1980,
africa eastern and southern,1980,
afghanistan,1980,
africa western and central,1980,
angola,1980,
albania,1980,
andorra,1980,
arab world,1980,
united arab emirates,1980,
argentina,1980,
armenia,1980,
american samoa,1980,
antigua and barbuda,1980,
australia,1980,10.13584117
austria,1980,6.328325362
azerbaijan,1980,
burundi,1980,
belgium,1980,6.648688297
benin,1980,
burkina faso,1980,
bangladesh,1980,
bulgaria,1980,
bahrain,1980,
"bahamas, the",1980,
bosnia and herzegovina,1980,
belarus,1980,
belize,1980,
bermuda,1980,
bolivia,1980,
brazil,1980,
barbados,1980,
brunei darussalam,1980,
bhutan,1980,
botswana,1980,
central african republic,1980,
canada,1980,10.12922051
central europe and the baltics,1980,
switzerland,1980,4.022500848
channel islands,1980,
chile,1980,35.13834053
china,1980,
cote d'ivoire,1980,
cameroon,1980,
"congo, dem. rep.",1980,
"congo, rep.",1980,
colombia,1980,26.55265315
comoros,1980,
cabo verde,1980,
costa rica,1980,18.1351708
caribbean small states,1980,
cuba,1980,
curacao,1980,
cayman islands,1980,
cyprus,1980,
czechia,1980,
germany,1980,5.441057545
djibouti,1980,
dominica,1980,
denmark,1980,12.30532408
dominican republic,1980,
algeria,1980,
east asia & pacific (excluding high income),1980,
early-demographic dividend,1980,
east asia & pacific,1980,
europe & central asia (excluding high income),1980,
europe & central asia,1980,
ecuador,1980,11.90928938
"egypt, arab rep.",1980,
euro area,1980,12.57859905
eritrea,1980,
spain,1980,15.5619021
estonia,1980,
ethiopia,1980,
european union,1980,12.93395146
fragile and conflict affected situations,1980,
finland,1980,11.59461925
fiji,1980,
france,1980,13.56257885
faroe islands,1980,
"micronesia, fed. sts.",1980,
gabon,1980,
united kingdom,1980,17.96592427
georgia,1980,
ghana,1980,
gibraltar,1980,
guinea,1980,
"gambia, the",1980,
guinea-bissau,1980,
equatorial guinea,1980,
greece,1980,24.67589397
grenada,1980,
greenland,1980,
guatemala,1980,
guam,1980,
guyana,1980,
high income,1980,
"hong kong sar, china",1980,
honduras,1980,
heavily indebted poor countries (hipc),1980,
croatia,1980,
haiti,1980,
hungary,1980,
ibrd only,1980,
ida & ibrd total,1980,
ida total,1980,
ida blend,1980,
indonesia,1980,18.03542213
ida only,1980,
isle of man,1980,
india,1980,11.34607348
not classified,1980,
ireland,1980,18.15446226
"iran, islamic rep.",1980,
iraq,1980,
iceland,1980,58.52842609
israel,1980,131.0250123
italy,1980,21.06416828
jamaica,1980,
jordan,1980,
japan,1980,7.778581766
kazakhstan,1980,
kenya,1980,
kyrgyz republic,1980,
cambodia,1980,
kiribati,1980,
st. kitts and nevis,1980,
"korea, rep.",1980,28.69760864
kuwait,1980,
latin america & caribbean (excluding high income),1980,
lao pdr,1980,
lebanon,1980,
liberia,1980,
libya,1980,
st. lucia,1980,
latin america & caribbean,1980,
least developed countries: un classification,1980,
low income,1980,
liechtenstein,1980,
sri lanka,1980,
lower middle income,1980,
low & middle income,1980,
lesotho,1980,
late-demographic dividend,1980,
lithuania,1980,
luxembourg,1980,6.299900062
latvia,1980,
"macao sar, china",1980,
st. martin (french part),1980,
morocco,1980,
monaco,1980,
moldova,1980,
madagascar,1980,
maldives,1980,
"middle east, north africa, afghanistan & pakistan",1980,
mexico,1980,26.35165136
marshall islands,1980,
middle income,1980,
north macedonia,1980,
mali,1980,
malta,1980,
myanmar,1980,
"middle east, north africa, afghanistan & pakistan (excluding high income)",1980,
montenegro,1980,
mongolia,1980,
northern mariana islands,1980,
mozambique,1980,
mauritania,1980,
mauritius,1980,
malawi,1980,
malaysia,1980,
north america,1980,11.83921124
namibia,1980,
new caledonia,1980,
niger,1980,
nigeria,1980,
nicaragua,1980,
netherlands,1980,6.513455455
norway,1980,10.87866109
nepal,1980,14.68450278
nauru,1980,
new zealand,1980,17.15054542
oecd members,1980,14.63411223
oman,1980,
other small states,1980,
pakistan,1980,
panama,1980,
peru,1980,
philippines,1980,
palau,1980,
papua new guinea,1980,
poland,1980,
pre-demographic dividend,1980,
puerto rico (us),1980,
"korea, dem. people's rep.",1980,
portugal,1980,15.86748038
paraguay,1980,
west bank and gaza,1980,
pacific island small states,1980,
post-demographic dividend,1980,11.94997166
french polynesia,1980,
qatar,1980,
romania,1980,
russian federation,1980,
rwanda,1980,
south asia,1980,
saudi arabia,1980,
sudan,1980,
senegal,1980,
singapore,1980,
solomon islands,1980,
sierra leone,1980,
el salvador,1980,
san marino,1980,
"somalia, fed. rep.",1980,
serbia,1980,
sub-saharan africa (excluding high income),1980,
south sudan,1980,
sub-saharan africa,1980,
small states,1980,
sao tome and principe,1980,
suriname,1980,
slovak republic,1980,
slovenia,1980,
sweden,1980,13.70632236
eswatini,1980,
sint maarten (dutch part),1980,
seychelles,1980,
syrian arab republic,1980,
turks and caicos islands,1980,
chad,1980,
east asia & pacific (ida & ibrd countries),1980,
europe & central asia (ida & ibrd countries),1980,
togo,1980,
thailand,1980,
tajikistan,1980,
turkmenistan,1980,
latin america & the caribbean (ida & ibrd countries),1980,
timor-leste,1980,
"middle east, north africa, afghanistan & pakistan (ida & ibrd)",1980,
tonga,1980,
south asia (ida & ibrd),1980,
sub-saharan africa (ida & ibrd countries),1980,
trinidad and tobago,1980,
tunisia,1980,
turkiye,1980,94.26085988
tuvalu,1980,
tanzania,1980,
uganda,1980,
ukraine,1980,
upper middle income,1980,
uruguay,1980,
united states,1980,13.54920197
uzbekistan,1980,
st. vincent and the grenadines,1980,
"venezuela, rb",1980,
british virgin islands,1980,
virgin islands (u.s.),1980,
viet nam,1980,
vanuatu,1980,
world,1980,
samoa,1980,
kosovo,1980,
"yemen, rep.",1980,
south africa,1980,13.66024047
zambia,1980,
zimbabwe,1980,
aruba,1981,
africa eastern and southern,1981,
afghanistan,1981,
africa western and central,1981,
angola,1981,
albania,1981,
andorra,1981,
arab world,1981,
united arab emirates,1981,
argentina,1981,
armenia,1981,
american samoa,1981,
antigua and barbuda,1981,
australia,1981,9.487666034
austria,1981,6.803041776
azerbaijan,1981,
burundi,1981,
belgium,1981,7.627486568
benin,1981,
burkina faso,1981,
bangladesh,1981,
bulgaria,1981,
bahrain,1981,
"bahamas, the",1981,
bosnia and herzegovina,1981,
belarus,1981,
belize,1981,
bermuda,1981,
bolivia,1981,
brazil,1981,101.725073
barbados,1981,
brunei darussalam,1981,
bhutan,1981,
botswana,1981,
central african republic,1981,
canada,1981,12.47161241
central europe and the baltics,1981,
switzerland,1981,6.49030964
channel islands,1981,
chile,1981,19.68683271
china,1981,
cote d'ivoire,1981,
cameroon,1981,
"congo, dem. rep.",1981,
"congo, rep.",1981,
colombia,1981,27.45376243
comoros,1981,
cabo verde,1981,
costa rica,1981,37.05634152
caribbean small states,1981,
cuba,1981,
curacao,1981,
cayman islands,1981,
cyprus,1981,
czechia,1981,
germany,1981,6.344242777
djibouti,1981,
dominica,1981,
denmark,1981,11.76738743
dominican republic,1981,
algeria,1981,
east asia & pacific (excluding high income),1981,
early-demographic dividend,1981,
east asia & pacific,1981,
europe & central asia (excluding high income),1981,
europe & central asia,1981,
ecuador,1981,14.04796867
"egypt, arab rep.",1981,
euro area,1981,13.31440557
eritrea,1981,
spain,1981,14.54934572
estonia,1981,
ethiopia,1981,
european union,1981,11.93566298
fragile and conflict affected situations,1981,
finland,1981,11.30575665
fiji,1981,
france,1981,13.31440557
faroe islands,1981,
"micronesia, fed. sts.",1981,
gabon,1981,
united kingdom,1981,11.87662651
georgia,1981,
ghana,1981,
gibraltar,1981,
guinea,1981,
"gambia, the",1981,
guinea-bissau,1981,
equatorial guinea,1981,
greece,1981,24.5060676
grenada,1981,
greenland,1981,
guatemala,1981,
guam,1981,
guyana,1981,
high income,1981,
"hong kong sar, china",1981,
honduras,1981,
heavily indebted poor countries (hipc),1981,
croatia,1981,
haiti,1981,
hungary,1981,4.661413944
ibrd only,1981,
ida & ibrd total,1981,
ida total,1981,
ida blend,1981,
indonesia,1981,12.26590759
ida only,1981,
isle of man,1981,
india,1981,13.1125469
not classified,1981,
ireland,1981,20.37351107
"iran, islamic rep.",1981,
iraq,1981,
iceland,1981,51.7932416
israel,1981,116.7999894
italy,1981,17.96929875
jamaica,1981,
jordan,1981,
japan,1981,4.912162918
kazakhstan,1981,
kenya,1981,
kyrgyz republic,1981,
cambodia,1981,
kiribati,1981,
st. kitts and nevis,1981,
"korea, rep.",1981,21.35164025
kuwait,1981,
latin america & caribbean (excluding high income),1981,
lao pdr,1981,
lebanon,1981,
liberia,1981,
libya,1981,
st. lucia,1981,
latin america & caribbean,1981,
least developed countries: un classification,1981,
low income,1981,
liechtenstein,1981,
sri lanka,1981,
lower middle income,1981,
low & middle income,1981,
lesotho,1981,
late-demographic dividend,1981,
lithuania,1981,
luxembourg,1981,8.072943759
latvia,1981,
"macao sar, china",1981,
st. martin (french part),1981,
morocco,1981,
monaco,1981,
moldova,1981,
madagascar,1981,
maldives,1981,
"middle east, north africa, afghanistan & pakistan",1981,
mexico,1981,27.9337626
marshall islands,1981,
middle income,1981,
north macedonia,1981,
mali,1981,
malta,1981,
myanmar,1981,
"middle east, north africa, afghanistan & pakistan (excluding high income)",1981,
montenegro,1981,
mongolia,1981,
northern mariana islands,1981,
mozambique,1981,
mauritania,1981,
mauritius,1981,
malawi,1981,
malaysia,1981,
north america,1981,11.40316388
namibia,1981,
new caledonia,1981,
niger,1981,
nigeria,1981,
nicaragua,1981,
netherlands,1981,6.738926552
norway,1981,13.64296081
nepal,1981,11.14485673
nauru,1981,
new zealand,1981,15.37015958
oecd members,1981,13.47868319
oman,1981,
other small states,1981,
pakistan,1981,
panama,1981,
peru,1981,
philippines,1981,
palau,1981,
papua new guinea,1981,
poland,1981,
pre-demographic dividend,1981,
puerto rico (us),1981,
"korea, dem. people's rep.",1981,
portugal,1981,19.04041075
paraguay,1981,
west bank and gaza,1981,
pacific island small states,1981,
post-demographic dividend,1981,11.82200697
french polynesia,1981,
qatar,1981,
romania,1981,
russian federation,1981,
rwanda,1981,
south asia,1981,
saudi arabia,1981,
sudan,1981,
senegal,1981,
singapore,1981,
solomon islands,1981,
sierra leone,1981,
el salvador,1981,
san marino,1981,
"somalia, fed. rep.",1981,
serbia,1981,
sub-saharan africa (excluding high income),1981,
south sudan,1981,
sub-saharan africa,1981,
small states,1981,
sao tome and principe,1981,
suriname,1981,
slovak republic,1981,
slovenia,1981,42.62295273
sweden,1981,12.10393853
eswatini,1981,
sint maarten (dutch part),1981,
seychelles,1981,
syrian arab republic,1981,
turks and caicos islands,1981,
chad,1981,
east asia & pacific (ida & ibrd countries),1981,
europe & central asia (ida & ibrd countries),1981,
togo,1981,
thailand,1981,
tajikistan,1981,
turkmenistan,1981,
latin america & the caribbean (ida & ibrd countries),1981,
timor-leste,1981,
"middle east, north africa, afghanistan & pakistan (ida & ibrd)",1981,
tonga,1981,
south asia (ida & ibrd),1981,
sub-saharan africa (ida & ibrd countries),1981,
trinidad and tobago,1981,
tunisia,1981,
turkiye,1981,37.61478258
tuvalu,1981,
tanzania,1981,
uganda,1981,
ukraine,1981,
upper middle income,1981,
uruguay,1981,
united states,1981,10.33471534
uzbekistan,1981,
st. vincent and the grenadines,1981,
"venezuela, rb",1981,
british virgin islands,1981,
virgin islands (u.s.),1981,
viet nam,1981,
vanuatu,1981,
world,1981,
samoa,1981,
kosovo,1981,
"yemen, rep.",1981,
south africa,1981,15.25423377
zambia,1981,
zimbabwe,1981,
aruba,1982,
africa eastern and southern,1982,
afghanistan,1982,
africa western and central,1982,
angola,1982,
albania,1982,
andorra,1982,
arab world,1982,
united arab emirates,1982,
argentina,1982,
armenia,1982,
american samoa,1982,
antigua and barbuda,1982,
australia,1982,11.35181976
austria,1982,5.436030825
azerbaijan,1982,
burundi,1982,
belgium,1982,8.726549066
benin,1982,
burkina faso,1982,
bangladesh,1982,
bulgaria,1982,
bahrain,1982,
"bahamas, the",1982,
bosnia and herzegovina,1982,
belarus,1982,
belize,1982,
bermuda,1982,
bolivia,1982,
brazil,1982,100.5433592
barbados,1982,
brunei darussalam,1982,
bhutan,1982,
botswana,1982,
central african republic,1982,
canada,1982,10.7689719
central europe and the baltics,1982,
switzerland,1982,5.655101824
channel islands,1982,
chile,1982,9.94102693
china,1982,
cote d'ivoire,1982,
cameroon,1982,
"congo, dem. rep.",1982,
"congo, rep.",1982,
colombia,1982,24.72098825
comoros,1982,
cabo verde,1982,
costa rica,1982,90.12133285
caribbean small states,1982,
cuba,1982,
curacao,1982,
cayman islands,1982,
cyprus,1982,
czechia,1982,
germany,1982,5.241045072
djibouti,1982,
dominica,1982,
denmark,1982,10.12082568
dominican republic,1982,
algeria,1982,
east asia & pacific (excluding high income),1982,
early-demographic dividend,1982,
east asia & pacific,1982,
europe & central asia (excluding high income),1982,
europe & central asia,1982,
ecuador,1982,16.28448805
"egypt, arab rep.",1982,
euro area,1982,11.97847195
eritrea,1982,
spain,1982,14.41500205
estonia,1982,
ethiopia,1982,
european union,1982,9.852876662
fragile and conflict affected situations,1982,
finland,1982,9.584927647
fiji,1982,
france,1982,11.97847195
faroe islands,1982,
"micronesia, fed. sts.",1982,
gabon,1982,
united kingdom,1982,8.598863833
georgia,1982,
ghana,1982,
gibraltar,1982,
guinea,1982,
"gambia, the",1982,
guinea-bissau,1982,
equatorial guinea,1982,
greece,1982,20.99108862
grenada,1982,
greenland,1982,
guatemala,1982,
guam,1982,
guyana,1982,
high income,1982,
"hong kong sar, china",1982,
honduras,1982,
heavily indebted poor countries (hipc),1982,
croatia,1982,
haiti,1982,
hungary,1982,6.835805083
ibrd only,1982,
ida & ibrd total,1982,
ida total,1982,
ida blend,1982,
indonesia,1982,9.445425349
ida only,1982,
isle of man,1982,
india,1982,7.890742794
not classified,1982,
ireland,1982,17.1471262
"iran, islamic rep.",1982,
iraq,1982,
iceland,1982,50.24322639
israel,1982,120.3644098
italy,1982,16.48041462
jamaica,1982,
jordan,1982,
japan,1982,2.741040956
kazakhstan,1982,
kenya,1982,
kyrgyz republic,1982,
cambodia,1982,
kiribati,1982,
st. kitts and nevis,1982,
"korea, rep.",1982,7.19084664
kuwait,1982,
latin america & caribbean (excluding high income),1982,
lao pdr,1982,
lebanon,1982,
liberia,1982,
libya,1982,
st. lucia,1982,
latin america & caribbean,1982,
least developed countries: un classification,1982,
low income,1982,
liechtenstein,1982,
sri lanka,1982,
lower middle income,1982,
low & middle income,1982,
lesotho,1982,
late-demographic dividend,1982,
lithuania,1982,
luxembourg,1982,9.357050994
latvia,1982,
"macao sar, china",1982,
st. martin (french part),1982,
morocco,1982,
monaco,1982,
moldova,1982,
madagascar,1982,
maldives,1982,
"middle east, north africa, afghanistan & pakistan",1982,
mexico,1982,58.91341985
marshall islands,1982,
middle income,1982,
north macedonia,1982,
mali,1982,
malta,1982,
myanmar,1982,
"middle east, north africa, afghanistan & pakistan (excluding high income)",1982,
montenegro,1982,
mongolia,1982,
northern mariana islands,1982,
mozambique,1982,
mauritania,1982,
mauritius,1982,
malawi,1982,
malaysia,1982,
north america,1982,8.45019945
namibia,1982,
new caledonia,1982,
niger,1982,
nigeria,1982,
nicaragua,1982,
netherlands,1982,5.911096585
norway,1982,11.34099617
nepal,1982,11.69854659
nauru,1982,
new zealand,1982,16.16369412
oecd members,1982,11.05498403
oman,1982,
other small states,1982,
pakistan,1982,
panama,1982,
peru,1982,
philippines,1982,
palau,1982,
papua new guinea,1982,
poland,1982,
pre-demographic dividend,1982,
puerto rico (us),1982,
"korea, dem. people's rep.",1982,
portugal,1982,21.67928373
paraguay,1982,
west bank and gaza,1982,
pacific island small states,1982,
post-demographic dividend,1982,9.470989321
french polynesia,1982,
qatar,1982,
romania,1982,
russian federation,1982,
rwanda,1982,
south asia,1982,
saudi arabia,1982,
sudan,1982,
senegal,1982,
singapore,1982,
solomon islands,1982,
sierra leone,1982,
el salvador,1982,
san marino,1982,
"somalia, fed. rep.",1982,
serbia,1982,
sub-saharan africa (excluding high income),1982,
south sudan,1982,
sub-saharan africa,1982,
small states,1982,
sao tome and principe,1982,
suriname,1982,
slovak republic,1982,
slovenia,1982,30.1125436
sweden,1982,8.58918509
eswatini,1982,
sint maarten (dutch part),1982,
seychelles,1982,
syrian arab republic,1982,
turks and caicos islands,1982,
chad,1982,
east asia & pacific (ida & ibrd countries),1982,
europe & central asia (ida & ibrd countries),1982,
togo,1982,
thailand,1982,
tajikistan,1982,
turkmenistan,1982,
latin america & the caribbean (ida & ibrd countries),1982,
timor-leste,1982,
"middle east, north africa, afghanistan & pakistan (ida & ibrd)",1982,
tonga,1982,
south asia (ida & ibrd),1982,
sub-saharan africa (ida & ibrd countries),1982,
trinidad and tobago,1982,
tunisia,1982,
turkiye,1982,29.1375145
tuvalu,1982,
tanzania,1982,
uganda,1982,
ukraine,1982,
upper middle income,1982,
uruguay,1982,
united states,1982,6.131427
uzbekistan,1982,
st. vincent and the grenadines,1982,
"venezuela, rb",1982,
british virgin islands,1982,
virgin islands (u.s.),1982,
viet nam,1982,
vanuatu,1982,
world,1982,
samoa,1982,
kosovo,1982,
"yemen, rep.",1982,
south africa,1982,14.63904059
zambia,1982,
zimbabwe,1982,
aruba,1983,
africa eastern and southern,1983,
afghanistan,1983,
africa western and central,1983,
angola,1983,
albania,1983,
andorra,1983,
arab world,1983,
united arab emirates,1983,
argentina,1983,
armenia,1983,
american samoa,1983,
antigua and barbuda,1983,
australia,1983,10.03891051
austria,1983,3.339164534
azerbaijan,1983,
burundi,1983,
belgium,1983,7.661609837
benin,1983,
burkina faso,1983,
bangladesh,1983,
bulgaria,1983,
bahrain,1983,
"bahamas, the",1983,
bosnia and herzegovina,1983,
belarus,1983,
belize,1983,
bermuda,1983,
bolivia,1983,
brazil,1983,135.0276822
barbados,1983,
brunei darussalam,1983,
bhutan,1983,
botswana,1983,
central african republic,1983,
canada,1983,5.86358803
central europe and the baltics,1983,
switzerland,1983,2.949794435
channel islands,1983,
chile,1983,27.25719467
china,1983,
cote d'ivoire,1983,
cameroon,1983,
"congo, dem. rep.",1983,
"congo, rep.",1983,
colombia,1983,19.59731706
comoros,1983,
cabo verde,1983,
costa rica,1983,32.62370815
caribbean small states,1983,
cuba,1983,
curacao,1983,
cayman islands,1983,
cyprus,1983,
czechia,1983,
germany,1983,3.293414743
djibouti,1983,
dominica,1983,
denmark,1983,6.908228812
dominican republic,1983,
algeria,1983,
east asia & pacific (excluding high income),1983,
early-demographic dividend,1983,
east asia & pacific,1983,
europe & central asia (excluding high income),1983,
europe & central asia,1983,
ecuador,1983,48.41822208
"egypt, arab rep.",1983,
euro area,1983,9.459548472
eritrea,1983,
spain,1983,12.17407274
estonia,1983,
ethiopia,1983,
european union,1983,8.771146561
fragile and conflict affected situations,1983,
finland,1983,8.366292606
fiji,1983,
france,1983,9.459548472
faroe islands,1983,
"micronesia, fed. sts.",1983,
gabon,1983,
united kingdom,1983,4.609303273
georgia,1983,
ghana,1983,
gibraltar,1983,
guinea,1983,
"gambia, the",1983,
guinea-bissau,1983,
equatorial guinea,1983,
greece,1983,20.17948129
grenada,1983,
greenland,1983,
guatemala,1983,
guam,1983,
guyana,1983,
high income,1983,
"hong kong sar, china",1983,
honduras,1983,
heavily indebted poor countries (hipc),1983,
croatia,1983,
haiti,1983,
hungary,1983,7.279895733
ibrd only,1983,
ida & ibrd total,1983,
ida total,1983,
ida blend,1983,
indonesia,1983,11.79973821
ida only,1983,
isle of man,1983,
india,1983,11.8680813
not classified,1983,
ireland,1983,10.44762553
"iran, islamic rep.",1983,
iraq,1983,
iceland,1983,83.95004619
israel,1983,145.9515027
italy,1983,14.64657667
jamaica,1983,
jordan,1983,
japan,1983,1.899719713
kazakhstan,1983,
kenya,1983,
kyrgyz republic,1983,
cambodia,1983,
kiribati,1983,
st. kitts and nevis,1983,
"korea, rep.",1983,3.420614195
kuwait,1983,
latin america & caribbean (excluding high income),1983,
lao pdr,1983,
lebanon,1983,
liberia,1983,
libya,1983,
st. lucia,1983,
latin america & caribbean,1983,
least developed countries: un classification,1983,
low income,1983,
liechtenstein,1983,
sri lanka,1983,
lower middle income,1983,
low & middle income,1983,
lesotho,1983,
late-demographic dividend,1983,
lithuania,1983,
luxembourg,1983,8.669271598
latvia,1983,
"macao sar, china",1983,
st. martin (french part),1983,
morocco,1983,
monaco,1983,
moldova,1983,
madagascar,1983,
maldives,1983,
"middle east, north africa, afghanistan & pakistan",1983,
mexico,1983,101.8749384
marshall islands,1983,
middle income,1983,
north macedonia,1983,
mali,1983,
malta,1983,
myanmar,1983,
"middle east, north africa, afghanistan & pakistan (excluding high income)",1983,
montenegro,1983,
mongolia,1983,
northern mariana islands,1983,
mozambique,1983,
mauritania,1983,
mauritius,1983,
malawi,1983,
malaysia,1983,
north america,1983,4.538011631
namibia,1983,
new caledonia,1983,
niger,1983,
nigeria,1983,
nicaragua,1983,
netherlands,1983,2.740840332
norway,1983,8.465244322
nepal,1983,12.37723808
nauru,1983,
new zealand,1983,7.341075861
oecd members,1983,8.771146561
oman,1983,
other small states,1983,
pakistan,1983,
panama,1983,
peru,1983,
philippines,1983,
palau,1983,
papua new guinea,1983,
poland,1983,
pre-demographic dividend,1983,
puerto rico (us),1983,
"korea, dem. people's rep.",1983,
portugal,1983,24.00276238
paraguay,1983,
west bank and gaza,1983,
pacific island small states,1983,
post-demographic dividend,1983,7.501342849
french polynesia,1983,
qatar,1983,
romania,1983,
russian federation,1983,
rwanda,1983,
south asia,1983,
saudi arabia,1983,
sudan,1983,
senegal,1983,
singapore,1983,
solomon islands,1983,
sierra leone,1983,
el salvador,1983,
san marino,1983,
"somalia, fed. rep.",1983,
serbia,1983,
sub-saharan africa (excluding high income),1983,
south sudan,1983,
sub-saharan africa,1983,
small states,1983,
sao tome and principe,1983,
suriname,1983,
slovak republic,1983,
slovenia,1983,40.21349184
sweden,1983,8.873021524
eswatini,1983,
sint maarten (dutch part),1983,
seychelles,1983,
syrian arab republic,1983,
turks and caicos islands,1983,
chad,1983,
east asia & pacific (ida & ibrd countries),1983,
europe & central asia (ida & ibrd countries),1983,
togo,1983,
thailand,1983,
tajikistan,1983,
turkmenistan,1983,
latin america & the caribbean (ida & ibrd countries),1983,
timor-leste,1983,
"middle east, north africa, afghanistan & pakistan (ida & ibrd)",1983,
tonga,1983,
south asia (ida & ibrd),1983,
sub-saharan africa (ida & ibrd countries),1983,
trinidad and tobago,1983,
tunisia,1983,
turkiye,1983,31.39027102
tuvalu,1983,
tanzania,1983,
uganda,1983,
ukraine,1983,
upper middle income,1983,
uruguay,1983,
united states,1983,3.212435233
uzbekistan,1983,
st. vincent and the grenadines,1983,
"venezuela, rb",1983,
british virgin islands,1983,
virgin islands (u.s.),1983,
viet nam,1983,
vanuatu,1983,
world,1983,
samoa,1983,
kosovo,1983,
"yemen, rep.",1983,
south africa,1983,12.3032053
zambia,1983,
zimbabwe,1983,
aruba,1984,
africa eastern and southern,1984,
afghanistan,1984,
africa western and central,1984,
angola,1984,
albania,1984,
andorra,1984,
arab world,1984,
united arab emirates,1984,
argentina,1984,
armenia,1984,
american samoa,1984,
antigua and barbuda,1984,
australia,1984,3.96039604
austria,1984,5.663185739
azerbaijan,1984,
burundi,1984,
belgium,1984,6.34177491
benin,1984,
burkina faso,1984,
bangladesh,1984,
bulgaria,1984,
bahrain,1984,
"bahamas, the",1984,
bosnia and herzegovina,1984,
belarus,1984,
belize,1984,
bermuda,1984,
bolivia,1984,
brazil,1984,192.1217331
barbados,1984,
brunei darussalam,1984,
bhutan,1984,
botswana,1984,
central african republic,1984,
canada,1984,4.304778304
central europe and the baltics,1984,
switzerland,1984,2.931456691
channel islands,1984,
chile,1984,19.86020566
china,1984,
cote d'ivoire,1984,
cameroon,1984,
"congo, dem. rep.",1984,
"congo, rep.",1984,
colombia,1984,16.16161714
comoros,1984,
cabo verde,1984,
costa rica,1984,11.94742701
caribbean small states,1984,
cuba,1984,
curacao,1984,
cayman islands,1984,
cyprus,1984,
czechia,1984,
germany,1984,2.405793399
djibouti,1984,
dominica,1984,
denmark,1984,6.29077936
dominican republic,1984,
algeria,1984,
east asia & pacific (excluding high income),1984,
early-demographic dividend,1984,
east asia & pacific,1984,
europe & central asia (excluding high income),1984,
europe & central asia,1984,
ecuador,1984,31.21958151
"egypt, arab rep.",1984,
euro area,1984,7.673802622
eritrea,1984,
spain,1984,11.28027656
estonia,1984,
ethiopia,1984,
european union,1984,7.859022506
fragile and conflict affected situations,1984,
finland,1984,7.067656383
fiji,1984,
france,1984,7.673802622
faroe islands,1984,
"micronesia, fed. sts.",1984,
gabon,1984,
united kingdom,1984,4.960710978
georgia,1984,
ghana,1984,
gibraltar,1984,
guinea,1984,
"gambia, the",1984,
guinea-bissau,1984,
equatorial guinea,1984,
greece,1984,18.45681321
grenada,1984,
greenland,1984,
guatemala,1984,
guam,1984,
guyana,1984,
high income,1984,
"hong kong sar, china",1984,
honduras,1984,
heavily indebted poor countries (hipc),1984,
croatia,1984,
haiti,1984,
hungary,1984,8.467854876
ibrd only,1984,
ida & ibrd total,1984,
ida total,1984,
ida blend,1984,
indonesia,1984,10.45503922
ida only,1984,
isle of man,1984,
india,1984,8.318907119
not classified,1984,
ireland,1984,8.651110538
"iran, islamic rep.",1984,
iraq,1984,
iceland,1984,30.85239708
israel,1984,373.2156314
italy,1984,10.79449601
jamaica,1984,
jordan,1984,
japan,1984,2.261613692
kazakhstan,1984,
kenya,1984,
kyrgyz republic,1984,
cambodia,1984,
kiribati,1984,
st. kitts and nevis,1984,
"korea, rep.",1984,2.2739564
kuwait,1984,
latin america & caribbean (excluding high income),1984,
lao pdr,1984,
lebanon,1984,
liberia,1984,
libya,1984,
st. lucia,1984,
latin america & caribbean,1984,
least developed countries: un classification,1984,
low income,1984,
liechtenstein,1984,
sri lanka,1984,
lower middle income,1984,
low & middle income,1984,
lesotho,1984,
late-demographic dividend,1984,
lithuania,1984,
luxembourg,1984,6.435857808
latvia,1984,
"macao sar, china",1984,
st. martin (french part),1984,
morocco,1984,
monaco,1984,
moldova,1984,
madagascar,1984,
maldives,1984,
"middle east, north africa, afghanistan & pakistan",1984,
mexico,1984,65.44880713
marshall islands,1984,
middle income,1984,
north macedonia,1984,
mali,1984,
malta,1984,
myanmar,1984,
"middle east, north africa, afghanistan & pakistan (excluding high income)",1984,
montenegro,1984,
mongolia,1984,
northern mariana islands,1984,
mozambique,1984,
mauritania,1984,
mauritius,1984,
malawi,1984,
malaysia,1984,
north america,1984,4.30265689
namibia,1984,
new caledonia,1984,
niger,1984,
nigeria,1984,
nicaragua,1984,
netherlands,1984,3.301640758
norway,1984,6.218274112
nepal,1984,2.845784957
nauru,1984,
new zealand,1984,6.171253479
oecd members,1984,7.370729503
oman,1984,
other small states,1984,
pakistan,1984,
panama,1984,
peru,1984,
philippines,1984,
palau,1984,
papua new guinea,1984,
poland,1984,
pre-demographic dividend,1984,
puerto rico (us),1984,
"korea, dem. people's rep.",1984,
portugal,1984,28.38463889
paraguay,1984,
west bank and gaza,1984,
pacific island small states,1984,
post-demographic dividend,1984,6.254526736
french polynesia,1984,
qatar,1984,
romania,1984,
russian federation,1984,
rwanda,1984,
south asia,1984,
saudi arabia,1984,
sudan,1984,
senegal,1984,
singapore,1984,
solomon islands,1984,
sierra leone,1984,
el salvador,1984,
san marino,1984,
"somalia, fed. rep.",1984,
serbia,1984,
sub-saharan africa (excluding high income),1984,
south sudan,1984,
sub-saharan africa,1984,
small states,1984,
sao tome and principe,1984,
suriname,1984,
slovak republic,1984,
slovenia,1984,53.67196691
sweden,1984,8.04424239
eswatini,1984,
sint maarten (dutch part),1984,
seychelles,1984,
syrian arab republic,1984,
turks and caicos islands,1984,
chad,1984,
east asia & pacific (ida & ibrd countries),1984,
europe & central asia (ida & ibrd countries),1984,
togo,1984,
thailand,1984,
tajikistan,1984,
turkmenistan,1984,
latin america & the caribbean (ida & ibrd countries),1984,
timor-leste,1984,
"middle east, north africa, afghanistan & pakistan (ida & ibrd)",1984,
tonga,1984,
south asia (ida & ibrd),1984,
sub-saharan africa (ida & ibrd countries),1984,
trinidad and tobago,1984,
tunisia,1984,
turkiye,1984,48.39232313
tuvalu,1984,
tanzania,1984,
uganda,1984,
ukraine,1984,
upper middle income,1984,
uruguay,1984,
united states,1984,4.300535475
uzbekistan,1984,
st. vincent and the grenadines,1984,
"venezuela, rb",1984,
british virgin islands,1984,
virgin islands (u.s.),1984,
viet nam,1984,
vanuatu,1984,
world,1984,
samoa,1984,
kosovo,1984,
"yemen, rep.",1984,
south africa,1984,11.52648143
zambia,1984,
zimbabwe,1984,
aruba,1985,
africa eastern and southern,1985,
afghanistan,1985,
africa western and central,1985,
angola,1985,
albania,1985,
andorra,1985,
arab world,1985,
united arab emirates,1985,
argentina,1985,
armenia,1985,
american samoa,1985,
antigua and barbuda,1985,
australia,1985,6.734693878
austria,1985,3.189516818
azerbaijan,1985,
burundi,1985,
belgium,1985,4.868733995
benin,1985,
burkina faso,1985,
bangladesh,1985,
bulgaria,1985,
bahrain,1985,
"bahamas, the",1985,
bosnia and herzegovina,1985,
belarus,1985,
belize,1985,
bermuda,1985,
bolivia,1985,
brazil,1985,225.9896652
barbados,1985,
brunei darussalam,1985,
bhutan,1985,
botswana,1985,
central african republic,1985,
canada,1985,3.962030541
central europe and the baltics,1985,
switzerland,1985,3.435399353
channel islands,1985,
chile,1985,30.70349891
china,1985,
cote d'ivoire,1985,
cameroon,1985,
"congo, dem. rep.",1985,
"congo, rep.",1985,
colombia,1985,24.09017437
comoros,1985,
cabo verde,1985,
costa rica,1985,15.05741964
caribbean small states,1985,
cuba,1985,
curacao,1985,
cayman islands,1985,
cyprus,1985,
czechia,1985,
germany,1985,2.066233012
djibouti,1985,
dominica,1985,
denmark,1985,4.678751452
dominican republic,1985,
algeria,1985,
east asia & pacific (excluding high income),1985,
early-demographic dividend,1985,
east asia & pacific,1985,
europe & central asia (excluding high income),1985,
europe & central asia,1985,
ecuador,1985,27.99361074
"egypt, arab rep.",1985,
euro area,1985,5.395486202
eritrea,1985,
spain,1985,8.814455067
estonia,1985,
ethiopia,1985,
european union,1985,5.61329297
fragile and conflict affected situations,1985,
finland,1985,5.195621954
fiji,1985,
france,1985,5.831099739
faroe islands,1985,
"micronesia, fed. sts.",1985,
gabon,1985,
united kingdom,1985,6.07139434
georgia,1985,
ghana,1985,
gibraltar,1985,
guinea,1985,
"gambia, the",1985,
guinea-bissau,1985,
equatorial guinea,1985,
greece,1985,19.31469294
grenada,1985,
greenland,1985,
guatemala,1985,
guam,1985,
guyana,1985,
high income,1985,
"hong kong sar, china",1985,
honduras,1985,
heavily indebted poor countries (hipc),1985,
croatia,1985,
haiti,1985,
hungary,1985,6.942345019
ibrd only,1985,
ida & ibrd total,1985,
ida total,1985,
ida blend,1985,
indonesia,1985,4.724535185
ida only,1985,
isle of man,1985,
india,1985,5.556424232
not classified,1985,
ireland,1985,5.395486202
"iran, islamic rep.",1985,
iraq,1985,
iceland,1985,31.99462902
israel,1985,307.1619146
italy,1985,9.205991443
jamaica,1985,
jordan,1985,
japan,1985,2.032277346
kazakhstan,1985,
kenya,1985,
kyrgyz republic,1985,
cambodia,1985,
kiribati,1985,
st. kitts and nevis,1985,
"korea, rep.",1985,2.459108792
kuwait,1985,
latin america & caribbean (excluding high income),1985,
lao pdr,1985,
lebanon,1985,
liberia,1985,
libya,1985,
st. lucia,1985,
latin america & caribbean,1985,
least developed countries: un classification,1985,
low income,1985,
liechtenstein,1985,
sri lanka,1985,
lower middle income,1985,
low & middle income,1985,
lesotho,1985,
late-demographic dividend,1985,
lithuania,1985,
luxembourg,1985,4.093587785
latvia,1985,
"macao sar, china",1985,
st. martin (french part),1985,
morocco,1985,
monaco,1985,
moldova,1985,
madagascar,1985,
maldives,1985,
"middle east, north africa, afghanistan & pakistan",1985,
mexico,1985,57.7484484
marshall islands,1985,
middle income,1985,
north macedonia,1985,
mali,1985,
malta,1985,
myanmar,1985,
"middle east, north africa, afghanistan & pakistan (excluding high income)",1985,
montenegro,1985,
mongolia,1985,
northern mariana islands,1985,
mozambique,1985,
mauritania,1985,
mauritius,1985,
malawi,1985,
malaysia,1985,
north america,1985,3.753837346
namibia,1985,
new caledonia,1985,
niger,1985,
nigeria,1985,
nicaragua,1985,
netherlands,1985,2.25858443
norway,1985,5.71485464
nepal,1985,8.052641266
nauru,1985,
new zealand,1985,15.41765557
oecd members,1985,6.403044109
oman,1985,
other small states,1985,
pakistan,1985,
panama,1985,
peru,1985,
philippines,1985,
palau,1985,
papua new guinea,1985,
poland,1985,
pre-demographic dividend,1985,
puerto rico (us),1985,
"korea, dem. people's rep.",1985,
portugal,1985,19.46141001
paraguay,1985,
west bank and gaza,1985,
pacific island small states,1985,
post-demographic dividend,1985,5.455238297
french polynesia,1985,
qatar,1985,
romania,1985,
russian federation,1985,
rwanda,1985,
south asia,1985,
saudi arabia,1985,
sudan,1985,
senegal,1985,
singapore,1985,
solomon islands,1985,
sierra leone,1985,
el salvador,1985,
san marino,1985,
"somalia, fed. rep.",1985,
serbia,1985,
sub-saharan africa (excluding high income),1985,
south sudan,1985,
sub-saharan africa,1985,
small states,1985,
sao tome and principe,1985,
suriname,1985,
slovak republic,1985,
slovenia,1985,79.40638115
sweden,1985,7.372574581
eswatini,1985,
sint maarten (dutch part),1985,
seychelles,1985,
syrian arab republic,1985,
turks and caicos islands,1985,
chad,1985,
east asia & pacific (ida & ibrd countries),1985,
europe & central asia (ida & ibrd countries),1985,
togo,1985,
thailand,1985,
tajikistan,1985,
turkmenistan,1985,
latin america & the caribbean (ida & ibrd countries),1985,
timor-leste,1985,
"middle east, north africa, afghanistan & pakistan (ida & ibrd)",1985,
tonga,1985,
south asia (ida & ibrd),1985,
sub-saharan africa (ida & ibrd countries),1985,
trinidad and tobago,1985,
tunisia,1985,
turkiye,1985,44.96173015
tuvalu,1985,
tanzania,1985,
uganda,1985,
ukraine,1985,
upper middle income,1985,
uruguay,1985,
united states,1985,3.545644152
uzbekistan,1985,
st. vincent and the grenadines,1985,
"venezuela, rb",1985,
british virgin islands,1985,
virgin islands (u.s.),1985,
viet nam,1985,
vanuatu,1985,
world,1985,
samoa,1985,
kosovo,1985,
"yemen, rep.",1985,
south africa,1985,16.29422524
zambia,1985,
zimbabwe,1985,
aruba,1986,
africa eastern and southern,1986,
afghanistan,1986,
africa western and central,1986,
angola,1986,
albania,1986,
andorra,1986,
arab world,1986,
united arab emirates,1986,
argentina,1986,
armenia,1986,
american samoa,1986,
antigua and barbuda,1986,
australia,1986,9.050350542
austria,1986,1.705444567
azerbaijan,1986,
burundi,1986,
belgium,1986,1.294368191
benin,1986,
burkina faso,1986,
bangladesh,1986,
bulgaria,1986,
bahrain,1986,
"bahamas, the",1986,
bosnia and herzegovina,1986,
belarus,1986,
belize,1986,
bermuda,1986,
bolivia,1986,
brazil,1986,147.1428262
barbados,1986,
brunei darussalam,1986,
bhutan,1986,
botswana,1986,
central african republic,1986,
canada,1986,4.194786291
central europe and the baltics,1986,
switzerland,1986,0.750309839
channel islands,1986,
chile,1986,19.47683792
china,1986,
cote d'ivoire,1986,
cameroon,1986,
"congo, dem. rep.",1986,
"congo, rep.",1986,
colombia,1986,18.84246316
comoros,1986,
cabo verde,1986,
costa rica,1986,11.83506189
caribbean small states,1986,
cuba,1986,
curacao,1986,
cayman islands,1986,
cyprus,1986,
czechia,1986,
germany,1986,-0.129413361
djibouti,1986,
dominica,1986,
denmark,1986,3.678184119
dominican republic,1986,
algeria,1986,
east asia & pacific (excluding high income),1986,
early-demographic dividend,1986,
east asia & pacific,1986,
europe & central asia (excluding high income),1986,
europe & central asia,1986,
ecuador,1986,23.03022611
"egypt, arab rep.",1986,
euro area,1986,2.933579204
eritrea,1986,
spain,1986,8.794939323
estonia,1986,
ethiopia,1986,
european union,1986,3.752612892
fragile and conflict affected situations,1986,
finland,1986,2.933579204
fiji,1986,
france,1986,2.538525918
faroe islands,1986,
"micronesia, fed. sts.",1986,
gabon,1986,
united kingdom,1986,3.427609404
georgia,1986,
ghana,1986,
gibraltar,1986,
guinea,1986,
"gambia, the",1986,
guinea-bissau,1986,
equatorial guinea,1986,
greece,1986,23.01545082
grenada,1986,
greenland,1986,
guatemala,1986,
guam,1986,
guyana,1986,
high income,1986,
"hong kong sar, china",1986,
honduras,1986,
heavily indebted poor countries (hipc),1986,
croatia,1986,
haiti,1986,
hungary,1986,5.291661701
ibrd only,1986,
ida & ibrd total,1986,
ida total,1986,
ida blend,1986,
indonesia,1986,5.822665767
ida only,1986,
isle of man,1986,
india,1986,8.729720727
not classified,1986,
ireland,1986,3.827041665
"iran, islamic rep.",1986,
iraq,1986,
iceland,1986,22.12840119
israel,1986,47.64492754
italy,1986,5.823546919
jamaica,1986,
jordan,1986,
japan,1986,0.595586799
kazakhstan,1986,
kenya,1986,
kyrgyz republic,1986,
cambodia,1986,
kiribati,1986,
st. kitts and nevis,1986,
"korea, rep.",1986,2.749980961
kuwait,1986,
latin america & caribbean (excluding high income),1986,
lao pdr,1986,
lebanon,1986,
liberia,1986,
libya,1986,
st. lucia,1986,
latin america & caribbean,1986,
least developed countries: un classification,1986,
low income,1986,
liechtenstein,1986,
sri lanka,1986,
lower middle income,1986,
low & middle income,1986,
lesotho,1986,
late-demographic dividend,1986,
lithuania,1986,
luxembourg,1986,0.294563409
latvia,1986,
"macao sar, china",1986,
st. martin (french part),1986,
morocco,1986,
monaco,1986,
moldova,1986,
madagascar,1986,
maldives,1986,9.722193277
"middle east, north africa, afghanistan & pakistan",1986,
mexico,1986,86.23331699
marshall islands,1986,
middle income,1986,
north macedonia,1986,
mali,1986,
malta,1986,
myanmar,1986,
"middle east, north africa, afghanistan & pakistan (excluding high income)",1986,
montenegro,1986,
mongolia,1986,
northern mariana islands,1986,
mozambique,1986,
mauritania,1986,
mauritius,1986,
malawi,1986,
malaysia,1986,
north america,1986,3.046417007
namibia,1986,
new caledonia,1986,
niger,1986,
nigeria,1986,
nicaragua,1986,
netherlands,1986,0.083346777
norway,1986,7.176492748
nepal,1986,18.99894955
nauru,1986,
new zealand,1986,13.21339806
oecd members,1986,4.763785906
oman,1986,
other small states,1986,
pakistan,1986,
panama,1986,
peru,1986,
philippines,1986,
palau,1986,
papua new guinea,1986,
poland,1986,
pre-demographic dividend,1986,
puerto rico (us),1986,
"korea, dem. people's rep.",1986,
portugal,1986,12.33133349
paraguay,1986,
west bank and gaza,1986,
pacific island small states,1986,
post-demographic dividend,1986,3.552896761
french polynesia,1986,
qatar,1986,
romania,1986,
russian federation,1986,
rwanda,1986,
south asia,1986,9.722193277
saudi arabia,1986,
sudan,1986,
senegal,1986,
singapore,1986,
solomon islands,1986,
sierra leone,1986,
el salvador,1986,
san marino,1986,
"somalia, fed. rep.",1986,
serbia,1986,
sub-saharan africa (excluding high income),1986,
south sudan,1986,
sub-saharan africa,1986,
small states,1986,
sao tome and principe,1986,
suriname,1986,
slovak republic,1986,
slovenia,1986,95.88650521
sweden,1986,4.235910111
eswatini,1986,
sint maarten (dutch part),1986,
seychelles,1986,
syrian arab republic,1986,
turks and caicos islands,1986,
chad,1986,
east asia & pacific (ida & ibrd countries),1986,
europe & central asia (ida & ibrd countries),1986,
togo,1986,
thailand,1986,
tajikistan,1986,
turkmenistan,1986,
latin america & the caribbean (ida & ibrd countries),1986,
timor-leste,1986,
"middle east, north africa, afghanistan & pakistan (ida & ibrd)",1986,
tonga,1986,
south asia (ida & ibrd),1986,9.722193277
sub-saharan africa (ida & ibrd countries),1986,
trinidad and tobago,1986,
tunisia,1986,
turkiye,1986,34.61007597
tuvalu,1986,
tanzania,1986,
uganda,1986,
ukraine,1986,
upper middle income,1986,
uruguay,1986,
united states,1986,1.898047722
uzbekistan,1986,
st. vincent and the grenadines,1986,
"venezuela, rb",1986,
british virgin islands,1986,
virgin islands (u.s.),1986,
viet nam,1986,
vanuatu,1986,
world,1986,
samoa,1986,
kosovo,1986,
"yemen, rep.",1986,
south africa,1986,18.65492304
zambia,1986,
zimbabwe,1986,
aruba,1987,
africa eastern and southern,1987,
afghanistan,1987,
africa western and central,1987,
angola,1987,
albania,1987,
andorra,1987,
arab world,1987,
united arab emirates,1987,
argentina,1987,
armenia,1987,
american samoa,1987,
antigua and barbuda,1987,
australia,1987,8.533021625
austria,1987,1.401952718
azerbaijan,1987,
burundi,1987,
belgium,1987,1.553382613
benin,1987,
burkina faso,1987,
bangladesh,1987,
bulgaria,1987,
bahrain,1987,
"bahamas, the",1987,
bosnia and herzegovina,1987,
belarus,1987,
belize,1987,
bermuda,1987,
bolivia,1987,
brazil,1987,228.3361626
barbados,1987,
brunei darussalam,1987,
bhutan,1987,
botswana,1987,
central african republic,1987,
canada,1987,4.356108712
central europe and the baltics,1987,
switzerland,1987,1.44032188
channel islands,1987,
chile,1987,19.88084572
china,1987,
cote d'ivoire,1987,
cameroon,1987,
"congo, dem. rep.",1987,
"congo, rep.",1987,
colombia,1987,23.30202836
comoros,1987,
cabo verde,1987,
costa rica,1987,16.84242016
caribbean small states,1987,
cuba,1987,
curacao,1987,
cayman islands,1987,
cyprus,1987,
czechia,1987,
germany,1987,0.249906109
djibouti,1987,
dominica,1987,
denmark,1987,4.019993457
dominican republic,1987,
algeria,1987,
east asia & pacific (excluding high income),1987,
early-demographic dividend,1987,
east asia & pacific,1987,
europe & central asia (excluding high income),1987,
europe & central asia,1987,
ecuador,1987,29.50399725
"egypt, arab rep.",1987,
euro area,1987,3.288898214
eritrea,1987,
spain,1987,5.248018635
estonia,1987,
ethiopia,1987,
european union,1987,4.066511159
fragile and conflict affected situations,1987,
finland,1987,4.113028862
fiji,1987,
france,1987,3.288898214
faroe islands,1987,
"micronesia, fed. sts.",1987,
gabon,1987,
united kingdom,1987,4.148922321
georgia,1987,
ghana,1987,
gibraltar,1987,
guinea,1987,
"gambia, the",1987,
guinea-bissau,1987,
equatorial guinea,1987,
greece,1987,16.39686316
grenada,1987,
greenland,1987,
guatemala,1987,
guam,1987,
guyana,1987,
high income,1987,
"hong kong sar, china",1987,
honduras,1987,
heavily indebted poor countries (hipc),1987,
croatia,1987,
haiti,1987,
hungary,1987,8.674314177
ibrd only,1987,
ida & ibrd total,1987,
ida total,1987,
ida blend,1987,
indonesia,1987,9.278654066
ida only,1987,
isle of man,1987,
india,1987,8.801125813
not classified,1987,
ireland,1987,3.159410348
"iran, islamic rep.",1987,
iraq,1987,
iceland,1987,18.29776822
israel,1987,19.0797546
italy,1987,4.747284904
jamaica,1987,
jordan,1987,
japan,1987,0.126176842
kazakhstan,1987,
kenya,1987,
kyrgyz republic,1987,
cambodia,1987,
kiribati,1987,
st. kitts and nevis,1987,
"korea, rep.",1987,3.049660771
kuwait,1987,
latin america & caribbean (excluding high income),1987,
lao pdr,1987,
lebanon,1987,
liberia,1987,
libya,1987,
st. lucia,1987,
latin america & caribbean,1987,
least developed countries: un classification,1987,
low income,1987,
liechtenstein,1987,
sri lanka,1987,
lower middle income,1987,
low & middle income,1987,
lesotho,1987,
late-demographic dividend,1987,
lithuania,1987,
luxembourg,1987,-0.056662909
latvia,1987,
"macao sar, china",1987,
st. martin (french part),1987,
morocco,1987,
monaco,1987,
moldova,1987,
madagascar,1987,
maldives,1987,9.704072329
"middle east, north africa, afghanistan & pakistan",1987,
mexico,1987,131.8273839
marshall islands,1987,
middle income,1987,
north macedonia,1987,
mali,1987,
malta,1987,
myanmar,1987,
"middle east, north africa, afghanistan & pakistan (excluding high income)",1987,
montenegro,1987,
mongolia,1987,
northern mariana islands,1987,
mozambique,1987,
mauritania,1987,
mauritius,1987,
malawi,1987,
malaysia,1987,
north america,1987,4.010335965
namibia,1987,
new caledonia,1987,
niger,1987,
nigeria,1987,
nicaragua,1987,
netherlands,1987,-0.691210481
norway,1987,8.717047452
nepal,1987,10.75032804
nauru,1987,
new zealand,1987,15.74430079
oecd members,1987,4.551696808
oman,1987,
other small states,1987,
pakistan,1987,
panama,1987,
peru,1987,
philippines,1987,
palau,1987,
papua new guinea,1987,
poland,1987,
pre-demographic dividend,1987,
puerto rico (us),1987,
"korea, dem. people's rep.",1987,
portugal,1987,9.634831862
paraguay,1987,
west bank and gaza,1987,
pacific island small states,1987,
post-demographic dividend,1987,4.130975591
french polynesia,1987,
qatar,1987,
romania,1987,
russian federation,1987,
rwanda,1987,
south asia,1987,9.704072329
saudi arabia,1987,
sudan,1987,
senegal,1987,
singapore,1987,
solomon islands,1987,
sierra leone,1987,
el salvador,1987,
san marino,1987,
"somalia, fed. rep.",1987,
serbia,1987,
sub-saharan africa (excluding high income),1987,
south sudan,1987,
sub-saharan africa,1987,
small states,1987,
sao tome and principe,1987,
suriname,1987,
slovak republic,1987,
slovenia,1987,132.072721
sweden,1987,4.188571518
eswatini,1987,
sint maarten (dutch part),1987,
seychelles,1987,
syrian arab republic,1987,
turks and caicos islands,1987,
chad,1987,
east asia & pacific (ida & ibrd countries),1987,
europe & central asia (ida & ibrd countries),1987,
togo,1987,
thailand,1987,
tajikistan,1987,
turkmenistan,1987,
latin america & the caribbean (ida & ibrd countries),1987,
timor-leste,1987,
"middle east, north africa, afghanistan & pakistan (ida & ibrd)",1987,
tonga,1987,
south asia (ida & ibrd),1987,9.704072329
sub-saharan africa (ida & ibrd countries),1987,
trinidad and tobago,1987,
tunisia,1987,
turkiye,1987,38.85584348
tuvalu,1987,
tanzania,1987,
uganda,1987,
ukraine,1987,
upper middle income,1987,
uruguay,1987,
united states,1987,3.664563218
uzbekistan,1987,
st. vincent and the grenadines,1987,
"venezuela, rb",1987,
british virgin islands,1987,
virgin islands (u.s.),1987,
viet nam,1987,
vanuatu,1987,
world,1987,
samoa,1987,
kosovo,1987,
"yemen, rep.",1987,
south africa,1987,16.16059485
zambia,1987,
zimbabwe,1987,
aruba,1988,
africa eastern and southern,1988,
afghanistan,1988,
africa western and central,1988,
angola,1988,
albania,1988,
andorra,1988,
arab world,1988,
united arab emirates,1988,
argentina,1988,
armenia,1988,
american samoa,1988,
antigua and barbuda,1988,
australia,1988,7.215939688
austria,1988,1.915716847
azerbaijan,1988,
burundi,1988,
belgium,1988,1.160934934
benin,1988,
burkina faso,1988,
bangladesh,1988,
bulgaria,1988,
bahrain,1988,
"bahamas, the",1988,
bosnia and herzegovina,1988,
belarus,1988,
belize,1988,
bermuda,1988,
bolivia,1988,
brazil,1988,629.1145091
barbados,1988,
brunei darussalam,1988,
bhutan,1988,
botswana,1988,
central african republic,1988,
canada,1988,4.028234149
central europe and the baltics,1988,
switzerland,1988,1.872468597
channel islands,1988,
chile,1988,14.68435125
china,1988,
cote d'ivoire,1988,
cameroon,1988,
"congo, dem. rep.",1988,
"congo, rep.",1988,
colombia,1988,28.10839698
comoros,1988,
cabo verde,1988,
costa rica,1988,20.83253323
caribbean small states,1988,
cuba,1988,
curacao,1988,
cayman islands,1988,
cyprus,1988,
czechia,1988,
germany,1988,1.27411894
djibouti,1988,
dominica,1988,
denmark,1988,4.53513301
dominican republic,1988,
algeria,1988,
east asia & pacific (excluding high income),1988,
early-demographic dividend,1988,
east asia & pacific,1988,
europe & central asia (excluding high income),1988,
europe & central asia,1988,
ecuador,1988,58.21628654
"egypt, arab rep.",1988,
euro area,1988,2.700815275
eritrea,1988,
spain,1988,4.837270665
estonia,1988,
ethiopia,1988,
european union,1988,4.686201838
fragile and conflict affected situations,1988,
finland,1988,5.085928614
fiji,1988,
france,1988,2.700815275
faroe islands,1988,
"micronesia, fed. sts.",1988,
gabon,1988,
united kingdom,1988,4.155351716
georgia,1988,
ghana,1988,
gibraltar,1988,
guinea,1988,
"gambia, the",1988,
guinea-bissau,1988,
equatorial guinea,1988,
greece,1988,13.52885832
grenada,1988,
greenland,1988,
guatemala,1988,
guam,1988,
guyana,1988,
high income,1988,
"hong kong sar, china",1988,
honduras,1988,
heavily indebted poor countries (hipc),1988,
croatia,1988,
haiti,1988,
hungary,1988,15.72354907
ibrd only,1988,
ida & ibrd total,1988,
ida total,1988,
ida blend,1988,
indonesia,1988,8.045356715
ida only,1988,
isle of man,1988,
india,1988,9.383471862
not classified,1988,
ireland,1988,2.134569891
"iran, islamic rep.",1988,
iraq,1988,
iceland,1988,25.72550909
israel,1988,16.38330757
italy,1988,5.058247477
jamaica,1988,
jordan,1988,
japan,1988,0.67855758
kazakhstan,1988,
kenya,1988,
kyrgyz republic,1988,
cambodia,1988,
kiribati,1988,
st. kitts and nevis,1988,
"korea, rep.",1988,7.146097737
kuwait,1988,
latin america & caribbean (excluding high income),1988,
lao pdr,1988,
lebanon,1988,
liberia,1988,
libya,1988,
st. lucia,1988,
latin america & caribbean,1988,
least developed countries: un classification,1988,
low income,1988,
liechtenstein,1988,
sri lanka,1988,
lower middle income,1988,
low & middle income,1988,
lesotho,1988,
late-demographic dividend,1988,
lithuania,1988,
luxembourg,1988,1.436590566
latvia,1988,
"macao sar, china",1988,
st. martin (french part),1988,
morocco,1988,
monaco,1988,
moldova,1988,
madagascar,1988,
maldives,1988,6.456360268
"middle east, north africa, afghanistan & pakistan",1988,
mexico,1988,114.1622585
marshall islands,1988,
middle income,1988,
north macedonia,1988,
mali,1988,
malta,1988,
myanmar,1988,
"middle east, north africa, afghanistan & pakistan (excluding high income)",1988,
montenegro,1988,
mongolia,1988,
northern mariana islands,1988,
mozambique,1988,
mauritania,1988,
mauritius,1988,
malawi,1988,
malaysia,1988,
north america,1988,4.052987628
namibia,1988,
new caledonia,1988,
niger,1988,
nigeria,1988,
nicaragua,1988,
netherlands,1988,0.737950688
norway,1988,6.676365988
nepal,1988,8.983003382
nauru,1988,
new zealand,1988,6.375249444
oecd members,1988,5.455413649
oman,1988,
other small states,1988,
pakistan,1988,
panama,1988,
peru,1988,
philippines,1988,
palau,1988,
papua new guinea,1988,
poland,1988,
pre-demographic dividend,1988,
puerto rico (us),1988,
"korea, dem. people's rep.",1988,
portugal,1988,10.10163212
paraguay,1988,
west bank and gaza,1988,
pacific island small states,1988,
post-demographic dividend,1988,4.686201838
french polynesia,1988,
qatar,1988,
romania,1988,
russian federation,1988,
rwanda,1988,
south asia,1988,8.983003382
saudi arabia,1988,
sudan,1988,
senegal,1988,
singapore,1988,
solomon islands,1988,
sierra leone,1988,
el salvador,1988,
san marino,1988,
"somalia, fed. rep.",1988,
serbia,1988,
sub-saharan africa (excluding high income),1988,
south sudan,1988,
sub-saharan africa,1988,
small states,1988,
sao tome and principe,1988,
suriname,1988,
slovak republic,1988,
slovenia,1988,198.7537129
sweden,1988,5.824898684
eswatini,1988,
sint maarten (dutch part),1988,
seychelles,1988,
syrian arab republic,1988,
turks and caicos islands,1988,
chad,1988,
east asia & pacific (ida & ibrd countries),1988,
europe & central asia (ida & ibrd countries),1988,
togo,1988,
thailand,1988,
tajikistan,1988,
turkmenistan,1988,
latin america & the caribbean (ida & ibrd countries),1988,
timor-leste,1988,
"middle east, north africa, afghanistan & pakistan (ida & ibrd)",1988,
tonga,1988,
south asia (ida & ibrd),1988,8.983003382
sub-saharan africa (ida & ibrd countries),1988,
trinidad and tobago,1988,
tunisia,1988,
turkiye,1988,68.80964338
tuvalu,1988,
tanzania,1988,
uganda,1988,
ukraine,1988,
upper middle income,1988,
uruguay,1988,
united states,1988,4.077741107
uzbekistan,1988,
st. vincent and the grenadines,1988,
"venezuela, rb",1988,
british virgin islands,1988,
virgin islands (u.s.),1988,
viet nam,1988,
vanuatu,1988,
world,1988,
samoa,1988,
kosovo,1988,
"yemen, rep.",1988,
south africa,1988,12.77955308
zambia,1988,
zimbabwe,1988,
aruba,1989,
africa eastern and southern,1989,
afghanistan,1989,
africa western and central,1989,
angola,1989,
albania,1989,
andorra,1989,
arab world,1989,
united arab emirates,1989,
argentina,1989,
armenia,1989,
american samoa,1989,
antigua and barbuda,1989,
australia,1989,7.533902562
austria,1989,2.56834829
azerbaijan,1989,
burundi,1989,
belgium,1989,3.107050651
benin,1989,
burkina faso,1989,
bangladesh,1989,
bulgaria,1989,
bahrain,1989,
"bahamas, the",1989,
bosnia and herzegovina,1989,
belarus,1989,
belize,1989,
bermuda,1989,
bolivia,1989,
brazil,1989,1430.723725
barbados,1989,
brunei darussalam,1989,
bhutan,1989,
botswana,1989,
central african republic,1989,
canada,1989,4.9836219
central europe and the baltics,1989,
switzerland,1989,3.155269797
channel islands,1989,
chile,1989,17.02793673
china,1989,
cote d'ivoire,1989,
cameroon,1989,
"congo, dem. rep.",1989,
"congo, rep.",1989,
colombia,1989,25.86754808
comoros,1989,
cabo verde,1989,
costa rica,1989,16.50980877
caribbean small states,1989,
cuba,1989,
curacao,1989,
cayman islands,1989,
cyprus,1989,
czechia,1989,
germany,1989,2.780569556
djibouti,1989,
dominica,1989,
denmark,1989,4.772723424
dominican republic,1989,
algeria,1989,
east asia & pacific (excluding high income),1989,
early-demographic dividend,1989,
east asia & pacific,1989,
europe & central asia (excluding high income),1989,
europe & central asia,1989,
ecuador,1989,75.6481901
"egypt, arab rep.",1989,
euro area,1989,4.089053882
eritrea,1989,
spain,1989,6.79143584
estonia,1989,
ethiopia,1989,
european union,1989,5.516277402
fragile and conflict affected situations,1989,
finland,1989,6.592909802
fiji,1989,
france,1989,3.498302207
faroe islands,1989,
"micronesia, fed. sts.",1989,
gabon,1989,
united kingdom,1989,5.760249092
georgia,1989,
ghana,1989,
gibraltar,1989,
guinea,1989,
"gambia, the",1989,
guinea-bissau,1989,
equatorial guinea,1989,
greece,1989,13.65556387
grenada,1989,
greenland,1989,
guatemala,1989,
guam,1989,
guyana,1989,
high income,1989,
"hong kong sar, china",1989,
honduras,1989,
heavily indebted poor countries (hipc),1989,
croatia,1989,
haiti,1989,
hungary,1989,17.149152
ibrd only,1989,
ida & ibrd total,1989,
ida total,1989,
ida blend,1989,
indonesia,1989,6.415540799
ida only,1989,
isle of man,1989,
india,1989,7.074280029
not classified,1989,
ireland,1989,4.089053882
"iran, islamic rep.",1989,
iraq,1989,
iceland,1989,20.75819503
israel,1989,20.3187251
italy,1989,6.25983138
jamaica,1989,
jordan,1989,
japan,1989,2.272289621
kazakhstan,1989,
kenya,1989,
kyrgyz republic,1989,
cambodia,1989,
kiribati,1989,
st. kitts and nevis,1989,
"korea, rep.",1989,5.700165446
kuwait,1989,
latin america & caribbean (excluding high income),1989,
lao pdr,1989,
lebanon,1989,
liberia,1989,
libya,1989,
st. lucia,1989,
latin america & caribbean,1989,
least developed countries: un classification,1989,
low income,1989,
liechtenstein,1989,
sri lanka,1989,
lower middle income,1989,
low & middle income,1989,
lesotho,1989,
late-demographic dividend,1989,
lithuania,1989,
luxembourg,1989,3.370958873
latvia,1989,
"macao sar, china",1989,
st. martin (french part),1989,
morocco,1989,
monaco,1989,
moldova,1989,
madagascar,1989,
maldives,1989,7.165858895
"middle east, north africa, afghanistan & pakistan",1989,
mexico,1989,20.00787671
marshall islands,1989,
middle income,1989,
north macedonia,1989,
mali,1989,
malta,1989,
myanmar,1989,
"middle east, north africa, afghanistan & pakistan (excluding high income)",1989,
montenegro,1989,
mongolia,1989,
northern mariana islands,1989,
mozambique,1989,
mauritania,1989,
mauritius,1989,
malawi,1989,
malaysia,1989,
north america,1989,4.905312465
namibia,1989,
new caledonia,1989,
niger,1989,
nigeria,1989,
nicaragua,1989,
netherlands,1989,1.082158103
norway,1989,4.546143355
nepal,1989,8.846886912
nauru,1989,
new zealand,1989,5.715991551
oecd members,1989,6.010040236
oman,1989,
other small states,1989,
pakistan,1989,
panama,1989,
peru,1989,
philippines,1989,
palau,1989,
papua new guinea,1989,
poland,1989,
pre-demographic dividend,1989,
puerto rico (us),1989,
"korea, dem. people's rep.",1989,
portugal,1989,12.68630365
paraguay,1989,
west bank and gaza,1989,
pacific island small states,1989,
post-demographic dividend,1989,5.341893673
french polynesia,1989,
qatar,1989,
romania,1989,
russian federation,1989,
rwanda,1989,
south asia,1989,7.165858895
saudi arabia,1989,
sudan,1989,
senegal,1989,
singapore,1989,
solomon islands,1989,
sierra leone,1989,
el salvador,1989,
san marino,1989,
"somalia, fed. rep.",1989,
serbia,1989,
sub-saharan africa (excluding high income),1989,
south sudan,1989,
sub-saharan africa,1989,
small states,1989,
sao tome and principe,1989,
suriname,1989,
slovak republic,1989,
slovenia,1989,1281.443494
sweden,1989,6.443275874
eswatini,1989,
sint maarten (dutch part),1989,
seychelles,1989,
syrian arab republic,1989,
turks and caicos islands,1989,
chad,1989,
east asia & pacific (ida & ibrd countries),1989,
europe & central asia (ida & ibrd countries),1989,
togo,1989,
thailand,1989,
tajikistan,1989,
turkmenistan,1989,
latin america & the caribbean (ida & ibrd countries),1989,
timor-leste,1989,
"middle east, north africa, afghanistan & pakistan (ida & ibrd)",1989,
tonga,1989,
south asia (ida & ibrd),1989,7.165858895
sub-saharan africa (ida & ibrd countries),1989,
trinidad and tobago,1989,
tunisia,1989,
turkiye,1989,63.27255249
tuvalu,1989,
tanzania,1989,
uganda,1989,
ukraine,1989,
upper middle income,1989,
uruguay,1989,
united states,1989,4.82700303
uzbekistan,1989,
st. vincent and the grenadines,1989,
"venezuela, rb",1989,
british virgin islands,1989,
virgin islands (u.s.),1989,
viet nam,1989,
vanuatu,1989,
world,1989,
samoa,1989,
kosovo,1989,
"yemen, rep.",1989,
south africa,1989,14.7308754
zambia,1989,
zimbabwe,1989,
aruba,1990,
africa eastern and southern,1990,
afghanistan,1990,
africa western and central,1990,
angola,1990,
albania,1990,
andorra,1990,
arab world,1990,
united arab emirates,1990,
argentina,1990,
armenia,1990,
american samoa,1990,
antigua and barbuda,1990,
australia,1990,7.333021952
austria,1990,3.261872319
azerbaijan,1990,
burundi,1990,
belgium,1990,3.44831218
benin,1990,
burkina faso,1990,
bangladesh,1990,
bulgaria,1990,
bahrain,1990,
"bahamas, the",1990,
bosnia and herzegovina,1990,
belarus,1990,
belize,1990,
bermuda,1990,
bolivia,1990,
brazil,1990,2947.732772
barbados,1990,
brunei darussalam,1990,
bhutan,1990,
botswana,1990,
central african republic,1990,
canada,1990,4.780476933
central europe and the baltics,1990,
switzerland,1990,5.403959092
channel islands,1990,
chile,1990,26.03648114
china,1990,
cote d'ivoire,1990,
cameroon,1990,
"congo, dem. rep.",1990,
"congo, rep.",1990,
colombia,1990,29.1520246
comoros,1990,
cabo verde,1990,
costa rica,1990,19.03975266
caribbean small states,1990,
cuba,1990,
curacao,1990,
cayman islands,1990,
cyprus,1990,
czechia,1990,
germany,1990,2.696468243
djibouti,1990,
dominica,1990,
denmark,1990,2.641603064
dominican republic,1990,
algeria,1990,
east asia & pacific (excluding high income),1990,
early-demographic dividend,1990,
east asia & pacific,1990,
europe & central asia (excluding high income),1990,
europe & central asia,1990,
ecuador,1990,48.519113
"egypt, arab rep.",1990,
euro area,1990,3.44831218
eritrea,1990,
spain,1990,6.721819522
estonia,1990,
ethiopia,1990,
european union,1990,6.149565312
fragile and conflict affected situations,1990,
finland,1990,6.149565312
fiji,1990,
france,1990,3.19428338
faroe islands,1990,
"micronesia, fed. sts.",1990,
gabon,1990,
united kingdom,1990,8.063460909
georgia,1990,
ghana,1990,
gibraltar,1990,
guinea,1990,
"gambia, the",1990,
guinea-bissau,1990,
equatorial guinea,1990,
greece,1990,20.43349911
grenada,1990,
greenland,1990,
guatemala,1990,
guam,1990,
guyana,1990,
high income,1990,
"hong kong sar, china",1990,
honduras,1990,
heavily indebted poor countries (hipc),1990,
croatia,1990,
haiti,1990,
hungary,1990,28.36959965
ibrd only,1990,
ida & ibrd total,1990,
ida total,1990,
ida blend,1990,
indonesia,1990,7.819197565
ida only,1990,
isle of man,1990,
india,1990,8.971232503
not classified,1990,
ireland,1990,3.317328867
"iran, islamic rep.",1990,
iraq,1990,
iceland,1990,15.51072199
israel,1990,17.25533481
italy,1990,6.456609061
jamaica,1990,
jordan,1990,
japan,1990,3.078516287
kazakhstan,1990,
kenya,1990,
kyrgyz republic,1990,
cambodia,1990,
kiribati,1990,
st. kitts and nevis,1990,
"korea, rep.",1990,8.573272257
kuwait,1990,
latin america & caribbean (excluding high income),1990,
lao pdr,1990,
lebanon,1990,
liberia,1990,
libya,1990,
st. lucia,1990,
latin america & caribbean,1990,
least developed countries: un classification,1990,
low income,1990,
liechtenstein,1990,
sri lanka,1990,
lower middle income,1990,
low & middle income,1990,
lesotho,1990,
late-demographic dividend,1990,
lithuania,1990,
luxembourg,1990,3.253766591
latvia,1990,
"macao sar, china",1990,
st. martin (french part),1990,
morocco,1990,
monaco,1990,
moldova,1990,
madagascar,1990,
maldives,1990,3.649911977
"middle east, north africa, afghanistan & pakistan",1990,
mexico,1990,26.65167256
marshall islands,1990,
middle income,1990,
north macedonia,1990,
mali,1990,
malta,1990,
myanmar,1990,
"middle east, north africa, afghanistan & pakistan (excluding high income)",1990,
montenegro,1990,
mongolia,1990,
northern mariana islands,1990,
mozambique,1990,
mauritania,1990,
mauritius,1990,
malawi,1990,
malaysia,1990,
north america,1990,5.089216687
namibia,1990,
new caledonia,1990,
niger,1990,
nigeria,1990,
nicaragua,1990,
netherlands,1990,2.454091848
norway,1990,4.131033483
nepal,1990,8.239700375
nauru,1990,
new zealand,1990,6.098444148
oecd members,1990,6.721819522
oman,1990,
other small states,1990,
pakistan,1990,
panama,1990,
peru,1990,
philippines,1990,
palau,1990,
papua new guinea,1990,
poland,1990,567.8788007
pre-demographic dividend,1990,
puerto rico (us),1990,
"korea, dem. people's rep.",1990,
portugal,1990,13.63057057
paraguay,1990,
west bank and gaza,1990,
pacific island small states,1990,
post-demographic dividend,1990,5.75120162
french polynesia,1990,
qatar,1990,
romania,1990,
russian federation,1990,
rwanda,1990,
south asia,1990,8.239700375
saudi arabia,1990,
sudan,1990,
senegal,1990,
singapore,1990,
solomon islands,1990,
sierra leone,1990,
el salvador,1990,
san marino,1990,
"somalia, fed. rep.",1990,
serbia,1990,
sub-saharan africa (excluding high income),1990,
south sudan,1990,
sub-saharan africa,1990,
small states,1990,
sao tome and principe,1990,
suriname,1990,
slovak republic,1990,
slovenia,1990,552.0835289
sweden,1990,10.36655339
eswatini,1990,
sint maarten (dutch part),1990,
seychelles,1990,
syrian arab republic,1990,
turks and caicos islands,1990,
chad,1990,
east asia & pacific (ida & ibrd countries),1990,
europe & central asia (ida & ibrd countries),1990,
togo,1990,
thailand,1990,
tajikistan,1990,
turkmenistan,1990,
latin america & the caribbean (ida & ibrd countries),1990,
timor-leste,1990,
"middle east, north africa, afghanistan & pakistan (ida & ibrd)",1990,
tonga,1990,
south asia (ida & ibrd),1990,8.239700375
sub-saharan africa (ida & ibrd countries),1990,
trinidad and tobago,1990,
tunisia,1990,
turkiye,1990,60.30386913
tuvalu,1990,
tanzania,1990,
uganda,1990,
ukraine,1990,
upper middle income,1990,
uruguay,1990,
united states,1990,5.39795644
uzbekistan,1990,
st. vincent and the grenadines,1990,
"venezuela, rb",1990,
british virgin islands,1990,
virgin islands (u.s.),1990,
viet nam,1990,
vanuatu,1990,
world,1990,
samoa,1990,
kosovo,1990,
"yemen, rep.",1990,
south africa,1990,14.32099189
zambia,1990,
zimbabwe,1990,
aruba,1991,
africa eastern and southern,1991,
afghanistan,1991,
africa western and central,1991,
angola,1991,
albania,1991,
andorra,1991,
arab world,1991,
united arab emirates,1991,
argentina,1991,
armenia,1991,
american samoa,1991,
antigua and barbuda,1991,
australia,1991,3.17667537
austria,1991,3.337427035
azerbaijan,1991,
burundi,1991,
belgium,1991,3.215310693
benin,1991,
burkina faso,1991,
bangladesh,1991,
bulgaria,1991,
bahrain,1991,
"bahamas, the",1991,
bosnia and herzegovina,1991,
belarus,1991,
belize,1991,
bermuda,1991,
bolivia,1991,
brazil,1991,432.7866619
barbados,1991,
brunei darussalam,1991,
bhutan,1991,
botswana,1991,
central african republic,1991,
canada,1991,5.625864086
central europe and the baltics,1991,
switzerland,1991,5.859596635
channel islands,1991,
chile,1991,21.78441243
china,1991,
cote d'ivoire,1991,
cameroon,1991,
"congo, dem. rep.",1991,
"congo, rep.",1991,
colombia,1991,30.38782049
comoros,1991,
cabo verde,1991,
costa rica,1991,28.70929137
caribbean small states,1991,
cuba,1991,
curacao,1991,
cayman islands,1991,
cyprus,1991,
czechia,1991,
germany,1991,4.047032598
djibouti,1991,
dominica,1991,
denmark,1991,2.395153317
dominican republic,1991,
algeria,1991,
east asia & pacific (excluding high income),1991,
early-demographic dividend,1991,
east asia & pacific,1991,
europe & central asia (excluding high income),1991,
europe & central asia,1991,
ecuador,1991,48.71808068
"egypt, arab rep.",1991,
euro area,1991,4.047032598
eritrea,1991,
spain,1991,5.934213443
estonia,1991,
ethiopia,1991,
european union,1991,4.310212898
fragile and conflict affected situations,1991,
finland,1991,4.310212898
fiji,1991,
france,1991,3.213407324
faroe islands,1991,
"micronesia, fed. sts.",1991,
gabon,1991,
united kingdom,1991,7.461782957
georgia,1991,
ghana,1991,
gibraltar,1991,
guinea,1991,
"gambia, the",1991,
guinea-bissau,1991,
equatorial guinea,1991,
greece,1991,19.45584564
grenada,1991,
greenland,1991,
guatemala,1991,
guam,1991,
guyana,1991,
high income,1991,
"hong kong sar, china",1991,
honduras,1991,
heavily indebted poor countries (hipc),1991,
croatia,1991,
haiti,1991,
hungary,1991,34.81754291
ibrd only,1991,
ida & ibrd total,1991,
ida total,1991,
ida blend,1991,
indonesia,1991,9.419067843
ida only,1991,
isle of man,1991,
india,1991,13.87024618
not classified,1991,
ireland,1991,3.210810371
"iran, islamic rep.",1991,
iraq,1991,
iceland,1991,6.808778879
israel,1991,19.10887982
italy,1991,6.249999298
jamaica,1991,
jordan,1991,
japan,1991,3.251438488
kazakhstan,1991,
kenya,1991,
kyrgyz republic,1991,
cambodia,1991,
kiribati,1991,
st. kitts and nevis,1991,
"korea, rep.",1991,9.332790482
kuwait,1991,
latin america & caribbean (excluding high income),1991,
lao pdr,1991,
lebanon,1991,
liberia,1991,
libya,1991,
st. lucia,1991,
latin america & caribbean,1991,
least developed countries: un classification,1991,
low income,1991,
liechtenstein,1991,
sri lanka,1991,
lower middle income,1991,
low & middle income,1991,
lesotho,1991,
late-demographic dividend,1991,
lithuania,1991,
luxembourg,1991,3.118356599
latvia,1991,
"macao sar, china",1991,
st. martin (french part),1991,
morocco,1991,
monaco,1991,
moldova,1991,
madagascar,1991,
maldives,1991,14.71367703
"middle east, north africa, afghanistan & pakistan",1991,
mexico,1991,22.66235946
marshall islands,1991,
middle income,1991,
north macedonia,1991,
mali,1991,
malta,1991,
myanmar,1991,
"middle east, north africa, afghanistan & pakistan (excluding high income)",1991,
montenegro,1991,
mongolia,1991,
northern mariana islands,1991,
mozambique,1991,
mauritania,1991,
mauritius,1991,
malawi,1991,
malaysia,1991,
north america,1991,4.930414025
namibia,1991,
new caledonia,1991,
niger,1991,
nigeria,1991,
nicaragua,1991,
netherlands,1991,3.158200415
norway,1991,3.438195991
nepal,1991,15.55745293
nauru,1991,
new zealand,1991,2.60239286
oecd members,1991,5.934213443
oman,1991,
other small states,1991,
pakistan,1991,
panama,1991,
peru,1991,
philippines,1991,
palau,1991,
papua new guinea,1991,
poland,1991,76.76949921
pre-demographic dividend,1991,
puerto rico (us),1991,
"korea, dem. people's rep.",1991,
portugal,1991,11.84948418
paraguay,1991,
west bank and gaza,1991,
pacific island small states,1991,
post-demographic dividend,1991,4.272588431
french polynesia,1991,
qatar,1991,
romania,1991,
russian federation,1991,
rwanda,1991,
south asia,1991,14.71367703
saudi arabia,1991,
sudan,1991,
senegal,1991,
singapore,1991,
solomon islands,1991,
sierra leone,1991,
el salvador,1991,
san marino,1991,
"somalia, fed. rep.",1991,
serbia,1991,
sub-saharan africa (excluding high income),1991,
south sudan,1991,
sub-saharan africa,1991,
small states,1991,
sao tome and principe,1991,
suriname,1991,
slovak republic,1991,
slovenia,1991,114.8329356
sweden,1991,9.444627329
eswatini,1991,
sint maarten (dutch part),1991,
seychelles,1991,
syrian arab republic,1991,
turks and caicos islands,1991,
chad,1991,
east asia & pacific (ida & ibrd countries),1991,
europe & central asia (ida & ibrd countries),1991,
togo,1991,
thailand,1991,
tajikistan,1991,
turkmenistan,1991,
latin america & the caribbean (ida & ibrd countries),1991,
timor-leste,1991,
"middle east, north africa, afghanistan & pakistan (ida & ibrd)",1991,
tonga,1991,
south asia (ida & ibrd),1991,14.71367703
sub-saharan africa (ida & ibrd countries),1991,
trinidad and tobago,1991,
tunisia,1991,
turkiye,1991,65.97856799
tuvalu,1991,
tanzania,1991,
uganda,1991,
ukraine,1991,
upper middle income,1991,
uruguay,1991,
united states,1991,4.234963965
uzbekistan,1991,
st. vincent and the grenadines,1991,
"venezuela, rb",1991,
british virgin islands,1991,
virgin islands (u.s.),1991,
viet nam,1991,
vanuatu,1991,
world,1991,
samoa,1991,
kosovo,1991,
"yemen, rep.",1991,
south africa,1991,15.33477857
zambia,1991,
zimbabwe,1991,
aruba,1992,
africa eastern and southern,1992,
afghanistan,1992,
africa western and central,1992,
angola,1992,
albania,1992,
andorra,1992,
arab world,1992,
united arab emirates,1992,
argentina,1992,
armenia,1992,
american samoa,1992,
antigua and barbuda,1992,
australia,1992,1.012231126
austria,1992,4.0208478
azerbaijan,1992,
burundi,1992,
belgium,1992,2.427955672
benin,1992,
burkina faso,1992,
bangladesh,1992,
bulgaria,1992,
bahrain,1992,
"bahamas, the",1992,
bosnia and herzegovina,1992,
belarus,1992,
belize,1992,
bermuda,1992,
bolivia,1992,
brazil,1992,951.9620531
barbados,1992,
brunei darussalam,1992,
bhutan,1992,
botswana,1992,
central african republic,1992,
canada,1992,1.490132904
central europe and the baltics,1992,46.0985621
switzerland,1992,4.037030208
channel islands,1992,
chile,1992,15.42580647
china,1992,
cote d'ivoire,1992,
cameroon,1992,
"congo, dem. rep.",1992,
"congo, rep.",1992,
colombia,1992,27.01062662
comoros,1992,
cabo verde,1992,
costa rica,1992,21.79116879
caribbean small states,1992,
cuba,1992,
curacao,1992,
cayman islands,1992,
cyprus,1992,
czechia,1992,11.08650007
germany,1992,5.056977967
djibouti,1992,
dominica,1992,
denmark,1992,2.096044429
dominican republic,1992,
algeria,1992,
east asia & pacific (excluding high income),1992,
early-demographic dividend,1992,
east asia & pacific,1992,
europe & central asia (excluding high income),1992,
europe & central asia,1992,
ecuador,1992,54.60782151
"egypt, arab rep.",1992,
euro area,1992,5.163783977
eritrea,1992,
spain,1992,5.924531262
estonia,1992,
ethiopia,1992,
european union,1992,5.270589986
fragile and conflict affected situations,1992,
finland,1992,2.919323193
fiji,1992,
france,1992,2.363760463
faroe islands,1992,
"micronesia, fed. sts.",1992,
gabon,1992,
united kingdom,1992,4.591549296
georgia,1992,
ghana,1992,
gibraltar,1992,
guinea,1992,
"gambia, the",1992,
guinea-bissau,1992,
equatorial guinea,1992,
greece,1992,15.87707379
grenada,1992,
greenland,1992,
guatemala,1992,
guam,1992,
guyana,1992,
high income,1992,
"hong kong sar, china",1992,
honduras,1992,
heavily indebted poor countries (hipc),1992,
croatia,1992,
haiti,1992,
hungary,1992,23.65572078
ibrd only,1992,
ida & ibrd total,1992,
ida total,1992,
ida blend,1992,
indonesia,1992,7.523510062
ida only,1992,
isle of man,1992,
india,1992,11.78781704
not classified,1992,
ireland,1992,3.069998538
"iran, islamic rep.",1992,
iraq,1992,
iceland,1992,3.947711768
israel,1992,12.06533193
italy,1992,5.270589986
jamaica,1992,
jordan,1992,
japan,1992,1.760283061
kazakhstan,1992,
kenya,1992,
kyrgyz republic,1992,
cambodia,1992,
kiribati,1992,
st. kitts and nevis,1992,
"korea, rep.",1992,6.213281464
kuwait,1992,
latin america & caribbean (excluding high income),1992,
lao pdr,1992,
lebanon,1992,
liberia,1992,
libya,1992,
st. lucia,1992,
latin america & caribbean,1992,
least developed countries: un classification,1992,
low income,1992,
liechtenstein,1992,
sri lanka,1992,
lower middle income,1992,
low & middle income,1992,
lesotho,1992,
late-demographic dividend,1992,
lithuania,1992,1020.620565
luxembourg,1992,3.15417376
latvia,1992,951.6961949
"macao sar, china",1992,
st. martin (french part),1992,
morocco,1992,
monaco,1992,
moldova,1992,1026.826264
madagascar,1992,
maldives,1992,16.85599775
"middle east, north africa, afghanistan & pakistan",1992,
mexico,1992,15.50789625
marshall islands,1992,
middle income,1992,
north macedonia,1992,
mali,1992,
malta,1992,
myanmar,1992,
"middle east, north africa, afghanistan & pakistan (excluding high income)",1992,
montenegro,1992,
mongolia,1992,
northern mariana islands,1992,
mozambique,1992,
mauritania,1992,
mauritius,1992,
malawi,1992,
malaysia,1992,
north america,1992,2.259476291
namibia,1992,
new caledonia,1992,
niger,1992,
nigeria,1992,
nicaragua,1992,
netherlands,1992,3.183581818
norway,1992,2.328085049
nepal,1992,17.14952362
nauru,1992,
new zealand,1992,1.014560272
oecd members,1992,5.056977967
oman,1992,
other small states,1992,
pakistan,1992,
panama,1992,
peru,1992,
philippines,1992,
palau,1992,
papua new guinea,1992,
poland,1992,46.0985621
pre-demographic dividend,1992,
puerto rico (us),1992,
"korea, dem. people's rep.",1992,
portugal,1992,9.559260332
paraguay,1992,
west bank and gaza,1992,
pacific island small states,1992,
post-demographic dividend,1992,3.602214809
french polynesia,1992,
qatar,1992,
romania,1992,
russian federation,1992,
rwanda,1992,
south asia,1992,16.85599775
saudi arabia,1992,
sudan,1992,
senegal,1992,
singapore,1992,
solomon islands,1992,
sierra leone,1992,
el salvador,1992,
san marino,1992,
"somalia, fed. rep.",1992,
serbia,1992,
sub-saharan africa (excluding high income),1992,
south sudan,1992,
sub-saharan africa,1992,
small states,1992,
sao tome and principe,1992,
suriname,1992,
slovak republic,1992,9.893505198
slovenia,1992,209.9337312
sweden,1992,2.374367251
eswatini,1992,
sint maarten (dutch part),1992,
seychelles,1992,
syrian arab republic,1992,
turks and caicos islands,1992,
chad,1992,
east asia & pacific (ida & ibrd countries),1992,
europe & central asia (ida & ibrd countries),1992,
togo,1992,
thailand,1992,
tajikistan,1992,
turkmenistan,1992,
latin america & the caribbean (ida & ibrd countries),1992,
timor-leste,1992,
"middle east, north africa, afghanistan & pakistan (ida & ibrd)",1992,
tonga,1992,
south asia (ida & ibrd),1992,16.85599775
sub-saharan africa (ida & ibrd countries),1992,
trinidad and tobago,1992,
tunisia,1992,
turkiye,1992,70.07610387
tuvalu,1992,
tanzania,1992,
uganda,1992,
ukraine,1992,
upper middle income,1992,
uruguay,1992,
united states,1992,3.028819678
uzbekistan,1992,
st. vincent and the grenadines,1992,
"venezuela, rb",1992,
british virgin islands,1992,
virgin islands (u.s.),1992,
viet nam,1992,
vanuatu,1992,
world,1992,
samoa,1992,
kosovo,1992,
"yemen, rep.",1992,
south africa,1992,13.87470375
zambia,1992,
zimbabwe,1992,
aruba,1993,
africa eastern and southern,1993,
afghanistan,1993,
africa western and central,1993,
angola,1993,
albania,1993,
andorra,1993,
arab world,1993,
united arab emirates,1993,
argentina,1993,
armenia,1993,
american samoa,1993,
antigua and barbuda,1993,
australia,1993,1.753653445
austria,1993,3.631785249
azerbaijan,1993,
burundi,1993,
belgium,1993,2.754426435
benin,1993,
burkina faso,1993,
bangladesh,1993,
bulgaria,1993,
bahrain,1993,
"bahamas, the",1993,
bosnia and herzegovina,1993,
belarus,1993,
belize,1993,
bermuda,1993,
bolivia,1993,
brazil,1993,1927.38079
barbados,1993,
brunei darussalam,1993,
bhutan,1993,
botswana,1993,
central african republic,1993,
canada,1993,1.865079365
central europe and the baltics,1993,31.76213063
switzerland,1993,3.292621803
channel islands,1993,
chile,1993,12.72776695
china,1993,
cote d'ivoire,1993,
cameroon,1993,
"congo, dem. rep.",1993,
"congo, rep.",1993,
colombia,1993,22.44248285
comoros,1993,
cabo verde,1993,
costa rica,1993,9.778600783
caribbean small states,1993,
cuba,1993,
curacao,1993,
cayman islands,1993,
cyprus,1993,
czechia,1993,20.81302954
germany,1993,4.474576508
djibouti,1993,
dominica,1993,
denmark,1993,1.25785668
dominican republic,1993,
algeria,1993,
east asia & pacific (excluding high income),1993,
early-demographic dividend,1993,
east asia & pacific,1993,
europe & central asia (excluding high income),1993,
europe & central asia,1993,
ecuador,1993,44.95505376
"egypt, arab rep.",1993,
euro area,1993,4.521824122
eritrea,1993,
spain,1993,4.569071737
estonia,1993,
ethiopia,1993,
european union,1993,4.626734683
fragile and conflict affected situations,1993,
finland,1993,2.190653196
fiji,1993,
france,1993,2.104462771
faroe islands,1993,
"micronesia, fed. sts.",1993,
gabon,1993,
united kingdom,1993,2.558577969
georgia,1993,
ghana,1993,
gibraltar,1993,
guinea,1993,
"gambia, the",1993,
guinea-bissau,1993,
equatorial guinea,1993,
greece,1993,14.41126444
grenada,1993,
greenland,1993,
guatemala,1993,
guam,1993,
guyana,1993,
high income,1993,
"hong kong sar, china",1993,
honduras,1993,
heavily indebted poor countries (hipc),1993,
croatia,1993,
haiti,1993,
hungary,1993,22.46423461
ibrd only,1993,
ida & ibrd total,1993,
ida total,1993,
ida blend,1993,
indonesia,1993,9.671910893
ida only,1993,
isle of man,1993,
india,1993,6.326890488
not classified,1993,
ireland,1993,1.469415224
"iran, islamic rep.",1993,
iraq,1993,
iceland,1993,4.042852911
israel,1993,10.883874
italy,1993,4.626734683
jamaica,1993,
jordan,1993,
japan,1993,1.243045897
kazakhstan,1993,
kenya,1993,
kyrgyz republic,1993,
cambodia,1993,
kiribati,1993,
st. kitts and nevis,1993,
"korea, rep.",1993,4.800996602
kuwait,1993,
latin america & caribbean (excluding high income),1993,
lao pdr,1993,
lebanon,1993,
liberia,1993,
libya,1993,
st. lucia,1993,
latin america & caribbean,1993,
least developed countries: un classification,1993,
low income,1993,
liechtenstein,1993,
sri lanka,1993,
lower middle income,1993,
low & middle income,1993,
lesotho,1993,
late-demographic dividend,1993,
lithuania,1993,410.4518586
luxembourg,1993,3.588098185
latvia,1993,108.9895406
"macao sar, china",1993,
st. martin (french part),1993,
morocco,1993,
monaco,1993,
moldova,1993,1613.603989
madagascar,1993,
maldives,1993,20.12735931
"middle east, north africa, afghanistan & pakistan",1993,
mexico,1993,9.751460454
marshall islands,1993,
middle income,1993,
north macedonia,1993,
mali,1993,
malta,1993,
myanmar,1993,
"middle east, north africa, afghanistan & pakistan (excluding high income)",1993,
montenegro,1993,
mongolia,1993,
northern mariana islands,1993,
mozambique,1993,
mauritania,1993,
mauritius,1993,
malawi,1993,
malaysia,1993,
north america,1993,2.408368166
namibia,1993,
new caledonia,1993,
niger,1993,
nigeria,1993,
nicaragua,1993,
netherlands,1993,2.584184487
norway,1993,2.288269332
nepal,1993,7.505394191
nauru,1993,
new zealand,1993,1.288207766
oecd members,1993,4.569071737
oman,1993,
other small states,1993,
pakistan,1993,
panama,1993,
peru,1993,
philippines,1993,
palau,1993,
papua new guinea,1993,
poland,1993,36.96416661
pre-demographic dividend,1993,
puerto rico (us),1993,
"korea, dem. people's rep.",1993,
portugal,1993,6.783779947
paraguay,1993,
west bank and gaza,1993,
pacific island small states,1993,
post-demographic dividend,1993,3.440359994
french polynesia,1993,
qatar,1993,
romania,1993,
russian federation,1993,874.2457204
rwanda,1993,
south asia,1993,7.505394191
saudi arabia,1993,
sudan,1993,
senegal,1993,
singapore,1993,
solomon islands,1993,
sierra leone,1993,
el salvador,1993,
san marino,1993,
"somalia, fed. rep.",1993,
serbia,1993,
sub-saharan africa (excluding high income),1993,
south sudan,1993,
sub-saharan africa,1993,
small states,1993,
sao tome and principe,1993,
suriname,1993,
slovak republic,1993,23.28702766
slovenia,1993,31.76213063
sweden,1993,4.728173046
eswatini,1993,
sint maarten (dutch part),1993,
seychelles,1993,
syrian arab republic,1993,
turks and caicos islands,1993,
chad,1993,
east asia & pacific (ida & ibrd countries),1993,
europe & central asia (ida & ibrd countries),1993,
togo,1993,
thailand,1993,
tajikistan,1993,
turkmenistan,1993,
latin america & the caribbean (ida & ibrd countries),1993,
timor-leste,1993,
"middle east, north africa, afghanistan & pakistan (ida & ibrd)",1993,
tonga,1993,
south asia (ida & ibrd),1993,7.505394191
sub-saharan africa (ida & ibrd countries),1993,
trinidad and tobago,1993,
tunisia,1993,
turkiye,1993,66.09384298
tuvalu,1993,
tanzania,1993,
uganda,1993,
ukraine,1993,
upper middle income,1993,
uruguay,1993,
united states,1993,2.951656966
uzbekistan,1993,
st. vincent and the grenadines,1993,
"venezuela, rb",1993,
british virgin islands,1993,
virgin islands (u.s.),1993,
viet nam,1993,
vanuatu,1993,
world,1993,
samoa,1993,
kosovo,1993,
"yemen, rep.",1993,
south africa,1993,9.717427298
zambia,1993,
zimbabwe,1993,
aruba,1994,
africa eastern and southern,1994,
afghanistan,1994,
africa western and central,1994,
angola,1994,
albania,1994,
andorra,1994,
arab world,1994,
united arab emirates,1994,
argentina,1994,
armenia,1994,
american samoa,1994,
antigua and barbuda,1994,
australia,1994,1.969634797
austria,1994,2.953409368
azerbaijan,1994,
burundi,1994,
belgium,1994,2.377540845
benin,1994,
burkina faso,1994,
bangladesh,1994,
bulgaria,1994,
bahrain,1994,
"bahamas, the",1994,
bosnia and herzegovina,1994,
belarus,1994,
belize,1994,
bermuda,1994,
bolivia,1994,
brazil,1994,2075.888398
barbados,1994,
brunei darussalam,1994,
bhutan,1994,
botswana,1994,
central african republic,1994,
canada,1994,0.165562914
central europe and the baltics,1994,20.99181805
switzerland,1994,0.852116995
channel islands,1994,
chile,1994,11.44311964
china,1994,24.25698972
cote d'ivoire,1994,
cameroon,1994,
"congo, dem. rep.",1994,
"congo, rep.",1994,
colombia,1994,22.84624176
comoros,1994,
cabo verde,1994,
costa rica,1994,13.53446873
caribbean small states,1994,
cuba,1994,
curacao,1994,
cayman islands,1994,
cyprus,1994,
czechia,1994,10.03942984
germany,1994,2.693056399
djibouti,1994,
dominica,1994,
denmark,1994,1.992014638
dominican republic,1994,
algeria,1994,
east asia & pacific (excluding high income),1994,
early-demographic dividend,1994,
east asia & pacific,1994,
europe & central asia (excluding high income),1994,
europe & central asia,1994,
ecuador,1994,27.31088179
"egypt, arab rep.",1994,
euro area,1994,3.502625774
eritrea,1994,
spain,1994,4.71841374
estonia,1994,
ethiopia,1994,
european union,1994,4.051842181
fragile and conflict affected situations,1994,
finland,1994,1.088556776
fiji,1994,
france,1994,1.655515329
faroe islands,1994,
"micronesia, fed. sts.",1994,
gabon,1994,
united kingdom,1994,2.219012605
georgia,1994,
ghana,1994,
gibraltar,1994,
guinea,1994,
"gambia, the",1994,
guinea-bissau,1994,
equatorial guinea,1994,
greece,1994,10.87407568
grenada,1994,
greenland,1994,
guatemala,1994,
guam,1994,
guyana,1994,
high income,1994,
"hong kong sar, china",1994,
honduras,1994,
heavily indebted poor countries (hipc),1994,
croatia,1994,
haiti,1994,
hungary,1994,18.86807499
ibrd only,1994,
ida & ibrd total,1994,
ida total,1994,
ida blend,1994,
indonesia,1994,8.531998292
ida only,1994,
isle of man,1994,
india,1994,10.24793556
not classified,1994,
ireland,1994,2.309201926
"iran, islamic rep.",1994,
iraq,1994,
iceland,1994,1.552656275
israel,1994,12.25355099
italy,1994,4.051842181
jamaica,1994,
jordan,1994,
japan,1994,0.695458058
kazakhstan,1994,1877.372395
kenya,1994,
kyrgyz republic,1994,
cambodia,1994,
kiribati,1994,
st. kitts and nevis,1994,
"korea, rep.",1994,6.2658595
kuwait,1994,
latin america & caribbean (excluding high income),1994,
lao pdr,1994,
lebanon,1994,
liberia,1994,
libya,1994,
st. lucia,1994,
latin america & caribbean,1994,
least developed countries: un classification,1994,
low income,1994,
liechtenstein,1994,
sri lanka,1994,
lower middle income,1994,
low & middle income,1994,
lesotho,1994,
late-demographic dividend,1994,
lithuania,1994,72.25468162
luxembourg,1994,2.194764687
latvia,1994,35.92470539
"macao sar, china",1994,
st. martin (french part),1994,
morocco,1994,
monaco,1994,
moldova,1994,486.4256238
madagascar,1994,
maldives,1994,3.386100983
"middle east, north africa, afghanistan & pakistan",1994,
mexico,1994,6.965812372
marshall islands,1994,
middle income,1994,
north macedonia,1994,
mali,1994,
malta,1994,
myanmar,1994,
"middle east, north africa, afghanistan & pakistan (excluding high income)",1994,
montenegro,1994,
mongolia,1994,
northern mariana islands,1994,
mozambique,1994,
mauritania,1994,
mauritius,1994,
malawi,1994,
malaysia,1994,
north america,1994,1.386502253
namibia,1994,
new caledonia,1994,
niger,1994,
nigeria,1994,
nicaragua,1994,
netherlands,1994,2.801524633
norway,1994,1.375674981
nepal,1994,8.349286729
nauru,1994,
new zealand,1994,1.745377908
oecd members,1994,2.953409368
oman,1994,
other small states,1994,
pakistan,1994,
panama,1994,
peru,1994,
philippines,1994,
palau,1994,
papua new guinea,1994,
poland,1994,32.99127661
pre-demographic dividend,1994,
puerto rico (us),1994,
"korea, dem. people's rep.",1994,
portugal,1994,5.420440192
paraguay,1994,
west bank and gaza,1994,
pacific island small states,1994,
post-demographic dividend,1994,2.492491218
french polynesia,1994,
qatar,1994,
romania,1994,
russian federation,1994,307.7226356
rwanda,1994,
south asia,1994,8.349286729
saudi arabia,1994,
sudan,1994,
senegal,1994,
singapore,1994,
solomon islands,1994,
sierra leone,1994,
el salvador,1994,
san marino,1994,
"somalia, fed. rep.",1994,
serbia,1994,
sub-saharan africa (excluding high income),1994,
south sudan,1994,
sub-saharan africa,1994,
small states,1994,
sao tome and principe,1994,
suriname,1994,
slovak republic,1994,13.41552034
slovenia,1994,20.99181805
sweden,1994,2.158138007
eswatini,1994,
sint maarten (dutch part),1994,
seychelles,1994,
syrian arab republic,1994,
turks and caicos islands,1994,
chad,1994,
east asia & pacific (ida & ibrd countries),1994,
europe & central asia (ida & ibrd countries),1994,
togo,1994,
thailand,1994,
tajikistan,1994,
turkmenistan,1994,
latin america & the caribbean (ida & ibrd countries),1994,
timor-leste,1994,
"middle east, north africa, afghanistan & pakistan (ida & ibrd)",1994,
tonga,1994,
south asia (ida & ibrd),1994,8.349286729
sub-saharan africa (ida & ibrd countries),1994,
trinidad and tobago,1994,
tunisia,1994,
turkiye,1994,105.2149865
tuvalu,1994,
tanzania,1994,
uganda,1994,
ukraine,1994,
upper middle income,1994,
uruguay,1994,
united states,1994,2.607441592
uzbekistan,1994,
st. vincent and the grenadines,1994,
"venezuela, rb",1994,
british virgin islands,1994,
virgin islands (u.s.),1994,
viet nam,1994,
vanuatu,1994,
world,1994,
samoa,1994,
kosovo,1994,
"yemen, rep.",1994,
south africa,1994,8.938563724
zambia,1994,
zimbabwe,1994,
aruba,1995,
africa eastern and southern,1995,
afghanistan,1995,
africa western and central,1995,
angola,1995,
albania,1995,
andorra,1995,
arab world,1995,
united arab emirates,1995,
argentina,1995,
armenia,1995,
american samoa,1995,
antigua and barbuda,1995,
australia,1995,4.6277666
austria,1995,2.243366315
azerbaijan,1995,
burundi,1995,
belgium,1995,1.467966991
benin,1995,
burkina faso,1995,
bangladesh,1995,
bulgaria,1995,
bahrain,1995,
"bahamas, the",1995,
bosnia and herzegovina,1995,
belarus,1995,
belize,1995,
bermuda,1995,
bolivia,1995,
brazil,1995,66.00703355
barbados,1995,
brunei darussalam,1995,
bhutan,1995,
botswana,1995,
central african republic,1995,
canada,1995,2.148760331
central europe and the baltics,1995,24.97593553
switzerland,1995,1.799827769
channel islands,1995,
chile,1995,8.232630341
china,1995,16.79122517
cote d'ivoire,1995,
cameroon,1995,
"congo, dem. rep.",1995,
"congo, rep.",1995,
colombia,1995,20.89179302
comoros,1995,
cabo verde,1995,
costa rica,1995,23.18649811
caribbean small states,1995,
cuba,1995,
curacao,1995,
cayman islands,1995,
cyprus,1995,
czechia,1995,8.990523615
germany,1995,1.706160413
djibouti,1995,
dominica,1995,
denmark,1995,2.083608424
dominican republic,1995,
algeria,1995,
east asia & pacific (excluding high income),1995,
early-demographic dividend,1995,
east asia & pacific,1995,
europe & central asia (excluding high income),1995,
europe & central asia,1995,
ecuador,1995,22.93413441
"egypt, arab rep.",1995,
euro area,1995,3.373840304
eritrea,1995,
spain,1995,4.673803376
estonia,1995,
ethiopia,1995,
european union,1995,4.222816141
fragile and conflict affected situations,1995,
finland,1995,0.791239407
fiji,1995,
france,1995,1.796481421
faroe islands,1995,
"micronesia, fed. sts.",1995,
gabon,1995,
united kingdom,1995,2.697495183
georgia,1995,
ghana,1995,
gibraltar,1995,
guinea,1995,
"gambia, the",1995,
guinea-bissau,1995,
equatorial guinea,1995,
greece,1995,8.93451416
grenada,1995,
greenland,1995,
guatemala,1995,
guam,1995,
guyana,1995,
high income,1995,
"hong kong sar, china",1995,
honduras,1995,
heavily indebted poor countries (hipc),1995,
croatia,1995,
haiti,1995,
hungary,1995,28.30546837
ibrd only,1995,
ida & ibrd total,1995,
ida total,1995,
ida blend,1995,
indonesia,1995,9.420303006
ida only,1995,
isle of man,1995,
india,1995,10.22488616
not classified,1995,
ireland,1995,2.524864468
"iran, islamic rep.",1995,
iraq,1995,
iceland,1995,1.651231501
israel,1995,9.933899906
italy,1995,5.23542258
jamaica,1995,
jordan,1995,
japan,1995,-0.127899045
kazakhstan,1995,176.1552989
kenya,1995,
kyrgyz republic,1995,
cambodia,1995,
kiribati,1995,
st. kitts and nevis,1995,
"korea, rep.",1995,4.480741086
kuwait,1995,
latin america & caribbean (excluding high income),1995,
lao pdr,1995,
lebanon,1995,
liberia,1995,
libya,1995,
st. lucia,1995,
latin america & caribbean,1995,
least developed countries: un classification,1995,
low income,1995,
liechtenstein,1995,
sri lanka,1995,
lower middle income,1995,
low & middle income,1995,
lesotho,1995,
late-demographic dividend,1995,
lithuania,1995,39.64762903
luxembourg,1995,1.86769425
latvia,1995,24.97593553
"macao sar, china",1995,
st. martin (french part),1995,
morocco,1995,
monaco,1995,
moldova,1995,29.86561041
madagascar,1995,
maldives,1995,5.488861332
"middle east, north africa, afghanistan & pakistan",1995,
mexico,1995,34.99927129
marshall islands,1995,
middle income,1995,
north macedonia,1995,
mali,1995,
malta,1995,
myanmar,1995,
"middle east, north africa, afghanistan & pakistan (excluding high income)",1995,
montenegro,1995,
mongolia,1995,
northern mariana islands,1995,
mozambique,1995,
mauritania,1995,
mauritius,1995,
malawi,1995,
malaysia,1995,
north america,1995,2.47709001
namibia,1995,
new caledonia,1995,
niger,1995,
nigeria,1995,
nicaragua,1995,
netherlands,1995,1.923220035
norway,1995,2.460367787
nepal,1995,7.622969507
nauru,1995,
new zealand,1995,3.754944137
oecd members,1995,4.222816141
oman,1995,
other small states,1995,
pakistan,1995,
panama,1995,
peru,1995,
philippines,1995,
palau,1995,
papua new guinea,1995,
poland,1995,27.95138856
pre-demographic dividend,1995,
puerto rico (us),1995,
"korea, dem. people's rep.",1995,
portugal,1995,4.222816141
paraguay,1995,
west bank and gaza,1995,
pacific island small states,1995,
post-demographic dividend,1995,2.578931485
french polynesia,1995,
qatar,1995,
romania,1995,
russian federation,1995,197.4142681
rwanda,1995,
south asia,1995,7.622969507
saudi arabia,1995,
sudan,1995,
senegal,1995,
singapore,1995,
solomon islands,1995,
sierra leone,1995,
el salvador,1995,
san marino,1995,
"somalia, fed. rep.",1995,
serbia,1995,
sub-saharan africa (excluding high income),1995,
south sudan,1995,
sub-saharan africa,1995,
small states,1995,
sao tome and principe,1995,
suriname,1995,
slovak republic,1995,9.841095798
slovenia,1995,13.46372962
sweden,1995,2.455148578
eswatini,1995,
sint maarten (dutch part),1995,
seychelles,1995,
syrian arab republic,1995,
turks and caicos islands,1995,
chad,1995,
east asia & pacific (ida & ibrd countries),1995,
europe & central asia (ida & ibrd countries),1995,
togo,1995,
thailand,1995,
tajikistan,1995,
turkmenistan,1995,
latin america & the caribbean (ida & ibrd countries),1995,
timor-leste,1995,
"middle east, north africa, afghanistan & pakistan (ida & ibrd)",1995,
tonga,1995,
south asia (ida & ibrd),1995,7.622969507
sub-saharan africa (ida & ibrd countries),1995,
trinidad and tobago,1995,
tunisia,1995,
turkiye,1995,89.11331722
tuvalu,1995,
tanzania,1995,
uganda,1995,
ukraine,1995,
upper middle income,1995,
uruguay,1995,
united states,1995,2.805419689
uzbekistan,1995,
st. vincent and the grenadines,1995,
"venezuela, rb",1995,
british virgin islands,1995,
virgin islands (u.s.),1995,
viet nam,1995,
vanuatu,1995,
world,1995,
samoa,1995,
kosovo,1995,
"yemen, rep.",1995,
south africa,1995,8.680424214
zambia,1995,
zimbabwe,1995,
aruba,1996,
africa eastern and southern,1996,
afghanistan,1996,
africa western and central,1996,
angola,1996,
albania,1996,
andorra,1996,
arab world,1996,
united arab emirates,1996,
argentina,1996,
armenia,1996,
american samoa,1996,
antigua and barbuda,1996,
australia,1996,2.615384615
austria,1996,1.860971158
azerbaijan,1996,
burundi,1996,
belgium,1996,2.077021074
benin,1996,
burkina faso,1996,
bangladesh,1996,
bulgaria,1996,121.6075424
bahrain,1996,
"bahamas, the",1996,
bosnia and herzegovina,1996,
belarus,1996,
belize,1996,
bermuda,1996,
bolivia,1996,
brazil,1996,15.7576656
barbados,1996,
brunei darussalam,1996,
bhutan,1996,
botswana,1996,
central african republic,1996,
canada,1996,1.570531125
central europe and the baltics,1996,18.70271838
switzerland,1996,0.811634065
channel islands,1996,
chile,1996,7.359117818
china,1996,8.313160289
cote d'ivoire,1996,
cameroon,1996,
"congo, dem. rep.",1996,
"congo, rep.",1996,
colombia,1996,20.79757551
comoros,1996,
cabo verde,1996,
costa rica,1996,17.51145248
caribbean small states,1996,
cuba,1996,
curacao,1996,
cayman islands,1996,
cyprus,1996,
czechia,1996,8.758774729
germany,1996,1.44972702
djibouti,1996,
dominica,1996,
denmark,1996,2.126298023
dominican republic,1996,
algeria,1996,
east asia & pacific (excluding high income),1996,
early-demographic dividend,1996,
east asia & pacific,1996,
europe & central asia (excluding high income),1996,
europe & central asia,1996,3.068977325
ecuador,1996,24.41145922
"egypt, arab rep.",1996,
euro area,1996,2.572999199
eritrea,1996,
spain,1996,3.558845593
estonia,1996,
ethiopia,1996,
european union,1996,3.313911459
fragile and conflict affected situations,1996,
finland,1996,0.629194238
fiji,1996,
france,1996,1.982883651
faroe islands,1996,
"micronesia, fed. sts.",1996,
gabon,1996,
united kingdom,1996,2.851782364
georgia,1996,
ghana,1996,
gibraltar,1996,
guinea,1996,
"gambia, the",1996,
guinea-bissau,1996,
equatorial guinea,1996,
greece,1996,8.194552176
grenada,1996,
greenland,1996,
guatemala,1996,
guam,1996,
guyana,1996,
high income,1996,
"hong kong sar, china",1996,
honduras,1996,
heavily indebted poor countries (hipc),1996,
croatia,1996,
haiti,1996,
hungary,1996,23.46903019
ibrd only,1996,
ida & ibrd total,1996,
ida total,1996,
ida blend,1996,
indonesia,1996,7.973280965
ida only,1996,
isle of man,1996,
india,1996,8.977152338
not classified,1996,
ireland,1996,1.755744696
"iran, islamic rep.",1996,
iraq,1996,
iceland,1996,2.260418983
israel,1996,11.45851228
italy,1996,4.00697669
jamaica,1996,
jordan,1996,
japan,1996,0.136600359
kazakhstan,1996,39.18254237
kenya,1996,
kyrgyz republic,1996,
cambodia,1996,
kiribati,1996,
st. kitts and nevis,1996,
"korea, rep.",1996,4.924543543
kuwait,1996,
latin america & caribbean (excluding high income),1996,
lao pdr,1996,
lebanon,1996,
liberia,1996,
libya,1996,
st. lucia,1996,
latin america & caribbean,1996,
least developed countries: un classification,1996,
low income,1996,
liechtenstein,1996,
sri lanka,1996,
lower middle income,1996,
low & middle income,1996,
lesotho,1996,
late-demographic dividend,1996,
lithuania,1996,24.62519539
luxembourg,1996,1.183859688
latvia,1996,17.61046984
"macao sar, china",1996,
st. martin (french part),1996,
morocco,1996,
monaco,1996,
moldova,1996,23.5056773
madagascar,1996,
maldives,1996,6.241245915
"middle east, north africa, afghanistan & pakistan",1996,
mexico,1996,34.37838322
marshall islands,1996,
middle income,1996,
north macedonia,1996,
mali,1996,
malta,1996,
myanmar,1996,
"middle east, north africa, afghanistan & pakistan (excluding high income)",1996,
montenegro,1996,
mongolia,1996,
northern mariana islands,1996,
mozambique,1996,
mauritania,1996,
mauritius,1996,
malawi,1996,
malaysia,1996,
north america,1996,2.250867663
namibia,1996,
new caledonia,1996,
niger,1996,
nigeria,1996,
nicaragua,1996,
netherlands,1996,1.949367132
norway,1996,1.262532492
nepal,1996,9.220466624
nauru,1996,
new zealand,1996,2.285713054
oecd members,1996,2.9312042
oman,1996,
other small states,1996,
pakistan,1996,
panama,1996,
peru,1996,
philippines,1996,
palau,1996,
papua new guinea,1996,
poland,1996,19.79496692
pre-demographic dividend,1996,
puerto rico (us),1996,
"korea, dem. people's rep.",1996,
portugal,1996,3.068977325
paraguay,1996,
west bank and gaza,1996,
pacific island small states,1996,
post-demographic dividend,1996,2.285713054
french polynesia,1996,
qatar,1996,
romania,1996,
russian federation,1996,47.7520122
rwanda,1996,
south asia,1996,8.977152338
saudi arabia,1996,1.22206762
sudan,1996,
senegal,1996,
singapore,1996,
solomon islands,1996,
sierra leone,1996,
el salvador,1996,
san marino,1996,
"somalia, fed. rep.",1996,
serbia,1996,
sub-saharan africa (excluding high income),1996,
south sudan,1996,
sub-saharan africa,1996,
small states,1996,
sao tome and principe,1996,
suriname,1996,
slovak republic,1996,5.775827862
slovenia,1996,9.864450615
sweden,1996,0.533131979
eswatini,1996,
sint maarten (dutch part),1996,
seychelles,1996,
syrian arab republic,1996,
turks and caicos islands,1996,
chad,1996,
east asia & pacific (ida & ibrd countries),1996,
europe & central asia (ida & ibrd countries),1996,
togo,1996,
thailand,1996,
tajikistan,1996,
turkmenistan,1996,
latin america & the caribbean (ida & ibrd countries),1996,
timor-leste,1996,
"middle east, north africa, afghanistan & pakistan (ida & ibrd)",1996,
tonga,1996,
south asia (ida & ibrd),1996,8.977152338
sub-saharan africa (ida & ibrd countries),1996,
trinidad and tobago,1996,
tunisia,1996,
turkiye,1996,80.41215114
tuvalu,1996,
tanzania,1996,
uganda,1996,
ukraine,1996,
upper middle income,1996,
uruguay,1996,
united states,1996,2.9312042
uzbekistan,1996,
st. vincent and the grenadines,1996,
"venezuela, rb",1996,
british virgin islands,1996,
virgin islands (u.s.),1996,
viet nam,1996,
vanuatu,1996,
world,1996,
samoa,1996,
kosovo,1996,
"yemen, rep.",1996,
south africa,1996,7.354119721
zambia,1996,
zimbabwe,1996,
aruba,1997,
africa eastern and southern,1997,
afghanistan,1997,
africa western and central,1997,
angola,1997,
albania,1997,
andorra,1997,
arab world,1997,
united arab emirates,1997,
argentina,1997,
armenia,1997,
american samoa,1997,
antigua and barbuda,1997,
australia,1997,0.224887556
austria,1997,1.305978572
azerbaijan,1997,
burundi,1997,
belgium,1997,1.628160495
benin,1997,
burkina faso,1997,
bangladesh,1997,
bulgaria,1997,1058.373559
bahrain,1997,
"bahamas, the",1997,
bosnia and herzegovina,1997,
belarus,1997,
belize,1997,
bermuda,1997,
bolivia,1997,
brazil,1997,6.926712516
barbados,1997,
brunei darussalam,1997,
bhutan,1997,
botswana,1997,
central african republic,1997,
canada,1997,1.621216381
central europe and the baltics,1997,8.738602576
switzerland,1997,0.520225423
channel islands,1997,
chile,1997,6.133864644
china,1997,2.786465055
cote d'ivoire,1997,
cameroon,1997,
"congo, dem. rep.",1997,
"congo, rep.",1997,
colombia,1997,18.47002171
comoros,1997,
cabo verde,1997,
costa rica,1997,13.24804408
caribbean small states,1997,
cuba,1997,
curacao,1997,
cayman islands,1997,
cyprus,1997,
czechia,1997,8.596156667
germany,1997,1.939371989
djibouti,1997,
dominica,1997,
denmark,1997,2.182166779
dominican republic,1997,
algeria,1997,
east asia & pacific (excluding high income),1997,
early-demographic dividend,1997,
east asia & pacific,1997,
europe & central asia (excluding high income),1997,
europe & central asia,1997,2.201143135
ecuador,1997,30.65756757
"egypt, arab rep.",1997,
euro area,1997,2.007090877
eritrea,1997,
spain,1997,1.971073956
estonia,1997,
ethiopia,1997,
european union,1997,2.145706203
fragile and conflict affected situations,1997,
finland,1997,1.192558834
fiji,1997,
france,1997,1.20394294
faroe islands,1997,
"micronesia, fed. sts.",1997,
gabon,1997,
united kingdom,1997,2.201143135
georgia,1997,
ghana,1997,
gibraltar,1997,
guinea,1997,
"gambia, the",1997,
guinea-bissau,1997,
equatorial guinea,1997,
greece,1997,5.536002668
grenada,1997,
greenland,1997,
guatemala,1997,
guam,1997,
guyana,1997,
high income,1997,
"hong kong sar, china",1997,
honduras,1997,
heavily indebted poor countries (hipc),1997,
croatia,1997,
haiti,1997,
hungary,1997,18.30507441
ibrd only,1997,
ida & ibrd total,1997,
ida total,1997,
ida blend,1997,
indonesia,1997,6.226151549
ida only,1997,
isle of man,1997,
india,1997,7.164252115
not classified,1997,
ireland,1997,1.541802023
"iran, islamic rep.",1997,
iraq,1997,
iceland,1997,1.815430803
israel,1997,8.954993835
italy,1997,2.043107798
jamaica,1997,
jordan,1997,
japan,1997,1.747804587
kazakhstan,1997,17.40804106
kenya,1997,
kyrgyz republic,1997,
cambodia,1997,
kiribati,1997,
st. kitts and nevis,1997,
"korea, rep.",1997,4.438931846
kuwait,1997,
latin america & caribbean (excluding high income),1997,
lao pdr,1997,
lebanon,1997,
liberia,1997,
libya,1997,
st. lucia,1997,
latin america & caribbean,1997,
least developed countries: un classification,1997,
low income,1997,
liechtenstein,1997,
sri lanka,1997,
lower middle income,1997,
low & middle income,1997,
lesotho,1997,
late-demographic dividend,1997,
lithuania,1997,8.881048485
luxembourg,1997,1.367512612
latvia,1997,8.447383421
"macao sar, china",1997,
st. martin (french part),1997,
morocco,1997,
monaco,1997,
moldova,1997,11.77283245
madagascar,1997,
maldives,1997,7.572834671
"middle east, north africa, afghanistan & pakistan",1997,
mexico,1997,20.62562873
marshall islands,1997,
middle income,1997,
north macedonia,1997,
mali,1997,
malta,1997,
myanmar,1997,
"middle east, north africa, afghanistan & pakistan (excluding high income)",1997,
montenegro,1997,
mongolia,1997,
northern mariana islands,1997,
mozambique,1997,
mauritania,1997,
mauritius,1997,
malawi,1997,
malaysia,1997,
north america,1997,1.979453159
namibia,1997,
new caledonia,1997,
niger,1997,
nigeria,1997,
nicaragua,1997,
netherlands,1997,2.109245627
norway,1997,2.566923359
nepal,1997,4.009988605
nauru,1997,
new zealand,1997,1.187148331
oecd members,1997,2.201143135
oman,1997,
other small states,1997,
pakistan,1997,
panama,1997,
peru,1997,
philippines,1997,
palau,1997,
papua new guinea,1997,
poland,1997,14.91315861
pre-demographic dividend,1997,
puerto rico (us),1997,
"korea, dem. people's rep.",1997,
portugal,1997,2.336862983
paraguay,1997,
west bank and gaza,1997,
pacific island small states,1997,
post-demographic dividend,1997,2.043107798
french polynesia,1997,
qatar,1997,
romania,1997,
russian federation,1997,14.76132927
rwanda,1997,
south asia,1997,7.164252115
saudi arabia,1997,0.057149979
sudan,1997,47.16853696
senegal,1997,
singapore,1997,
solomon islands,1997,
sierra leone,1997,
el salvador,1997,
san marino,1997,
"somalia, fed. rep.",1997,
serbia,1997,
sub-saharan africa (excluding high income),1997,
south sudan,1997,
sub-saharan africa,1997,
small states,1997,
sao tome and principe,1997,
suriname,1997,
slovak republic,1997,6.141989996
slovenia,1997,8.359679907
sweden,1997,0.658410256
eswatini,1997,
sint maarten (dutch part),1997,
seychelles,1997,
syrian arab republic,1997,
turks and caicos islands,1997,
chad,1997,
east asia & pacific (ida & ibrd countries),1997,
europe & central asia (ida & ibrd countries),1997,
togo,1997,
thailand,1997,
tajikistan,1997,
turkmenistan,1997,
latin america & the caribbean (ida & ibrd countries),1997,
timor-leste,1997,
"middle east, north africa, afghanistan & pakistan (ida & ibrd)",1997,
tonga,1997,
south asia (ida & ibrd),1997,7.164252115
sub-saharan africa (ida & ibrd countries),1997,
trinidad and tobago,1997,
tunisia,1997,
turkiye,1997,85.66936165
tuvalu,1997,
tanzania,1997,
uganda,1997,
ukraine,1997,
upper middle income,1997,
uruguay,1997,
united states,1997,2.337689937
uzbekistan,1997,
st. vincent and the grenadines,1997,
"venezuela, rb",1997,
british virgin islands,1997,
virgin islands (u.s.),1997,
viet nam,1997,
vanuatu,1997,
world,1997,
samoa,1997,
kosovo,1997,
"yemen, rep.",1997,
south africa,1997,8.597776113
zambia,1997,
zimbabwe,1997,
aruba,1998,
africa eastern and southern,1998,
afghanistan,1998,
africa western and central,1998,
angola,1998,
albania,1998,
andorra,1998,
arab world,1998,
united arab emirates,1998,
argentina,1998,
armenia,1998,
american samoa,1998,
antigua and barbuda,1998,
australia,1998,0.86013463
austria,1998,0.922467197
azerbaijan,1998,
burundi,1998,
belgium,1998,0.949250288
benin,1998,
burkina faso,1998,
bangladesh,1998,
bulgaria,1998,18.67220444
bahrain,1998,
"bahamas, the",1998,
bosnia and herzegovina,1998,
belarus,1998,
belize,1998,
bermuda,1998,
bolivia,1998,
brazil,1998,3.195076293
barbados,1998,
brunei darussalam,1998,
bhutan,1998,
botswana,1998,
central african republic,1998,
canada,1998,0.995942457
central europe and the baltics,1998,9.294766178
switzerland,1998,0.017938438
channel islands,1998,
chile,1998,5.110249545
china,1998,-0.773186012
cote d'ivoire,1998,4.611447595
cameroon,1998,
"congo, dem. rep.",1998,
"congo, rep.",1998,
colombia,1998,18.67697993
comoros,1998,
cabo verde,1998,
costa rica,1998,11.65929977
caribbean small states,1998,
cuba,1998,
curacao,1998,
cayman islands,1998,
cyprus,1998,
czechia,1998,10.69836553
germany,1998,0.911183535
djibouti,1998,
dominica,1998,
denmark,1998,1.84565122
dominican republic,1998,
algeria,1998,
east asia & pacific (excluding high income),1998,
early-demographic dividend,1998,
east asia & pacific,1998,
europe & central asia (excluding high income),1998,
europe & central asia,1998,2.2524133
ecuador,1998,36.09843316
"egypt, arab rep.",1998,
euro area,1998,1.95711095
eritrea,1998,
spain,1998,1.834329999
estonia,1998,
ethiopia,1998,
european union,1998,2.183408634
fragile and conflict affected situations,1998,
finland,1998,1.399473786
fiji,1998,
france,1998,0.651126868
faroe islands,1998,
"micronesia, fed. sts.",1998,
gabon,1998,
united kingdom,1998,1.820561637
georgia,1998,
ghana,1998,
gibraltar,1998,
guinea,1998,
"gambia, the",1998,
guinea-bissau,1998,
equatorial guinea,1998,
greece,1998,4.766225724
grenada,1998,
greenland,1998,
guatemala,1998,
guam,1998,
guyana,1998,
high income,1998,
"hong kong sar, china",1998,
honduras,1998,
heavily indebted poor countries (hipc),1998,
croatia,1998,
haiti,1998,5.26903547
hungary,1998,14.15378965
ibrd only,1998,
ida & ibrd total,1998,
ida total,1998,
ida blend,1998,
indonesia,1998,58.45104135
ida only,1998,
isle of man,1998,
india,1998,13.23083898
not classified,1998,
ireland,1998,2.407680945
"iran, islamic rep.",1998,
iraq,1998,
iceland,1998,1.65924171
israel,1998,5.488753713
italy,1998,1.955085577
jamaica,1998,
jordan,1998,
japan,1998,0.661974191
kazakhstan,1998,7.146326655
kenya,1998,
kyrgyz republic,1998,
cambodia,1998,
kiribati,1998,
st. kitts and nevis,1998,
"korea, rep.",1998,7.513580081
kuwait,1998,
latin america & caribbean (excluding high income),1998,
lao pdr,1998,
lebanon,1998,
liberia,1998,
libya,1998,
st. lucia,1998,
latin america & caribbean,1998,
least developed countries: un classification,1998,
low income,1998,
liechtenstein,1998,
sri lanka,1998,
lower middle income,1998,
low & middle income,1998,
lesotho,1998,
late-demographic dividend,1998,
lithuania,1998,5.067553858
luxembourg,1998,0.95857011
latvia,1998,4.644214227
"macao sar, china",1998,
st. martin (french part),1998,
morocco,1998,
monaco,1998,
moldova,1998,7.695765175
madagascar,1998,
maldives,1998,-1.404252338
"middle east, north africa, afghanistan & pakistan",1998,
mexico,1998,15.92839501
marshall islands,1998,
middle income,1998,
north macedonia,1998,
mali,1998,
malta,1998,
myanmar,1998,
"middle east, north africa, afghanistan & pakistan (excluding high income)",1998,
montenegro,1998,
mongolia,1998,
northern mariana islands,1998,
mozambique,1998,
mauritania,1998,
mauritius,1998,
malawi,1998,
malaysia,1998,
north america,1998,1.274110778
namibia,1998,
new caledonia,1998,
niger,1998,
nigeria,1998,
nicaragua,1998,
netherlands,1998,1.959136323
norway,1998,2.2524133
nepal,1998,11.24446778
nauru,1998,
new zealand,1998,1.265244099
oecd members,1998,1.959136323
oman,1998,
other small states,1998,
pakistan,1998,
panama,1998,
peru,1998,
philippines,1998,
palau,1998,
papua new guinea,1998,
poland,1998,11.59785543
pre-demographic dividend,1998,
puerto rico (us),1998,
"korea, dem. people's rep.",1998,
portugal,1998,2.572752259
paraguay,1998,
west bank and gaza,1998,5.579645058
pacific island small states,1998,
post-demographic dividend,1998,1.820561637
french polynesia,1998,
qatar,1998,
romania,1998,
russian federation,1998,27.68567981
rwanda,1998,
south asia,1998,11.24446778
saudi arabia,1998,-0.37127035
sudan,1998,24.62187855
senegal,1998,
singapore,1998,
solomon islands,1998,
sierra leone,1998,
el salvador,1998,
san marino,1998,
"somalia, fed. rep.",1998,
serbia,1998,
sub-saharan africa (excluding high income),1998,
south sudan,1998,
sub-saharan africa,1998,
small states,1998,
sao tome and principe,1998,
suriname,1998,
slovak republic,1998,6.665651232
slovenia,1998,7.891166829
sweden,1998,-0.267132668
eswatini,1998,
sint maarten (dutch part),1998,
seychelles,1998,
syrian arab republic,1998,
turks and caicos islands,1998,
chad,1998,
east asia & pacific (ida & ibrd countries),1998,
europe & central asia (ida & ibrd countries),1998,
togo,1998,0.975338381
thailand,1998,
tajikistan,1998,
turkmenistan,1998,
latin america & the caribbean (ida & ibrd countries),1998,
timor-leste,1998,
"middle east, north africa, afghanistan & pakistan (ida & ibrd)",1998,
tonga,1998,
south asia (ida & ibrd),1998,11.24446778
sub-saharan africa (ida & ibrd countries),1998,
trinidad and tobago,1998,
tunisia,1998,
turkiye,1998,84.64134348
tuvalu,1998,
tanzania,1998,
uganda,1998,
ukraine,1998,
upper middle income,1998,
uruguay,1998,
united states,1998,1.552279099
uzbekistan,1998,
st. vincent and the grenadines,1998,
"venezuela, rb",1998,
british virgin islands,1998,
virgin islands (u.s.),1998,
viet nam,1998,
vanuatu,1998,
world,1998,
samoa,1998,
kosovo,1998,
"yemen, rep.",1998,
south africa,1998,6.88054521
zambia,1998,
zimbabwe,1998,
aruba,1999,
africa eastern and southern,1999,
afghanistan,1999,
africa western and central,1999,
angola,1999,
albania,1999,
andorra,1999,
arab world,1999,
united arab emirates,1999,
argentina,1999,
armenia,1999,
american samoa,1999,
antigua and barbuda,1999,
australia,1999,1.483129403
austria,1999,0.568993766
azerbaijan,1999,
burundi,1999,
belgium,1999,1.120848234
benin,1999,
burkina faso,1999,
bangladesh,1999,
bulgaria,1999,2.573042819
bahrain,1999,
"bahamas, the",1999,
bosnia and herzegovina,1999,
belarus,1999,
belize,1999,
bermuda,1999,
bolivia,1999,
brazil,1999,4.858447499
barbados,1999,
brunei darussalam,1999,
bhutan,1999,
botswana,1999,
central african republic,1999,
canada,1999,1.734842951
central europe and the baltics,1999,3.296110897
switzerland,1999,0.806444381
channel islands,1999,
chile,1999,3.336879175
china,1999,-1.401472683
cote d'ivoire,1999,0.702375806
cameroon,1999,
"congo, dem. rep.",1999,
"congo, rep.",1999,
colombia,1999,10.87368709
comoros,1999,
cabo verde,1999,
costa rica,1999,10.04528173
caribbean small states,1999,
cuba,1999,
curacao,1999,
cayman islands,1999,
cyprus,1999,
czechia,1999,2.135448444
germany,1999,0.585433064
djibouti,1999,
dominica,1999,
denmark,1999,2.497795444
dominican republic,1999,
algeria,1999,
east asia & pacific (excluding high income),1999,
early-demographic dividend,1999,
east asia & pacific,1999,
europe & central asia (excluding high income),1999,
europe & central asia,1999,2.325221521
ecuador,1999,52.24200519
"egypt, arab rep.",1999,
euro area,1999,1.66345995
eritrea,1999,
spain,1999,2.31034814
estonia,1999,3.296110897
ethiopia,1999,
european union,1999,2.157179181
fragile and conflict affected situations,1999,
finland,1999,1.162231557
fiji,1999,
france,1999,0.537141639
faroe islands,1999,
"micronesia, fed. sts.",1999,
gabon,1999,
united kingdom,1999,1.752950801
georgia,1999,
ghana,1999,4.865397851
gibraltar,1999,
guinea,1999,
"gambia, the",1999,
guinea-bissau,1999,
equatorial guinea,1999,
greece,1999,2.63663306
grenada,1999,
greenland,1999,
guatemala,1999,
guam,1999,
guyana,1999,
high income,1999,
"hong kong sar, china",1999,
honduras,1999,
heavily indebted poor countries (hipc),1999,
croatia,1999,
haiti,1999,3.004394216
hungary,1999,9.997744093
ibrd only,1999,
ida & ibrd total,1999,
ida total,1999,
ida blend,1999,
indonesia,1999,20.47783244
ida only,1999,
isle of man,1999,
india,1999,4.66982038
not classified,1999,
ireland,1999,1.629886052
"iran, islamic rep.",1999,
iraq,1999,
iceland,1999,3.231832609
israel,1999,5.189754593
italy,1999,1.66345995
jamaica,1999,
jordan,1999,
japan,1999,-0.341296928
kazakhstan,1999,8.296027653
kenya,1999,
kyrgyz republic,1999,
cambodia,1999,
kiribati,1999,
st. kitts and nevis,1999,
"korea, rep.",1999,0.812957254
kuwait,1999,
latin america & caribbean (excluding high income),1999,
lao pdr,1999,
lebanon,1999,
liberia,1999,
libya,1999,
st. lucia,1999,
latin america & caribbean,1999,
least developed countries: un classification,1999,
low income,1999,
liechtenstein,1999,
sri lanka,1999,
lower middle income,1999,
low & middle income,1999,
lesotho,1999,
late-demographic dividend,1999,
lithuania,1999,0.727550627
luxembourg,1999,1.025196765
latvia,1999,2.364818361
"macao sar, china",1999,-3.204162482
st. martin (french part),1999,
morocco,1999,
monaco,1999,
moldova,1999,39.25598069
madagascar,1999,
maldives,1999,2.953708361
"middle east, north africa, afghanistan & pakistan",1999,
mexico,1999,16.58561697
marshall islands,1999,
middle income,1999,
north macedonia,1999,
mali,1999,
malta,1999,
myanmar,1999,
"middle east, north africa, afghanistan & pakistan (excluding high income)",1999,
montenegro,1999,
mongolia,1999,
northern mariana islands,1999,
mozambique,1999,
mauritania,1999,
mauritius,1999,
malawi,1999,
malaysia,1999,
north america,1999,1.961435074
namibia,1999,
new caledonia,1999,
niger,1999,
nigeria,1999,
nicaragua,1999,
netherlands,1999,2.157179181
norway,1999,2.365967366
nepal,1999,7.45111261
nauru,1999,
new zealand,1999,-0.11426713
oecd members,1999,2.172603189
oman,1999,
other small states,1999,
pakistan,1999,
panama,1999,
peru,1999,
philippines,1999,
palau,1999,
papua new guinea,1999,
poland,1999,7.154072912
pre-demographic dividend,1999,
puerto rico (us),1999,
"korea, dem. people's rep.",1999,
portugal,1999,2.340094903
paraguay,1999,
west bank and gaza,1999,5.544391804
pacific island small states,1999,
post-demographic dividend,1999,1.573294677
french polynesia,1999,
qatar,1999,
romania,1999,
russian federation,1999,85.7464941
rwanda,1999,
south asia,1999,4.66982038
saudi arabia,1999,-1.333751753
sudan,1999,17.16644542
senegal,1999,
singapore,1999,
solomon islands,1999,
sierra leone,1999,
el salvador,1999,
san marino,1999,
"somalia, fed. rep.",1999,
serbia,1999,
sub-saharan africa (excluding high income),1999,
south sudan,1999,
sub-saharan africa,1999,
small states,1999,
sao tome and principe,1999,
suriname,1999,
slovak republic,1999,10.57044161
slovenia,1999,6.155587545
sweden,1999,0.462175756
eswatini,1999,
sint maarten (dutch part),1999,
seychelles,1999,
syrian arab republic,1999,
turks and caicos islands,1999,
chad,1999,
east asia & pacific (ida & ibrd countries),1999,
europe & central asia (ida & ibrd countries),1999,
togo,1999,-0.053213625
thailand,1999,
tajikistan,1999,
turkmenistan,1999,
latin america & the caribbean (ida & ibrd countries),1999,
timor-leste,1999,
"middle east, north africa, afghanistan & pakistan (ida & ibrd)",1999,
tonga,1999,
south asia (ida & ibrd),1999,4.66982038
sub-saharan africa (ida & ibrd countries),1999,
trinidad and tobago,1999,
tunisia,1999,
turkiye,1999,64.86748764
tuvalu,1999,
tanzania,1999,
uganda,1999,
ukraine,1999,
upper middle income,1999,
uruguay,1999,
united states,1999,2.188027197
uzbekistan,1999,
st. vincent and the grenadines,1999,
"venezuela, rb",1999,
british virgin islands,1999,
virgin islands (u.s.),1999,
viet nam,1999,
vanuatu,1999,1.998974885
world,1999,
samoa,1999,
kosovo,1999,
"yemen, rep.",1999,
south africa,1999,5.181489051
zambia,1999,
zimbabwe,1999,
aruba,2000,
africa eastern and southern,2000,
afghanistan,2000,
africa western and central,2000,
angola,2000,
albania,2000,
andorra,2000,
arab world,2000,
united arab emirates,2000,
argentina,2000,
armenia,2000,
american samoa,2000,
antigua and barbuda,2000,
australia,2000,4.457435148
austria,2000,2.344862854
azerbaijan,2000,
burundi,2000,24.43202421
belgium,2000,2.544517762
benin,2000,
burkina faso,2000,
bangladesh,2000,
bulgaria,2000,10.31626213
bahrain,2000,
"bahamas, the",2000,
bosnia and herzegovina,2000,
belarus,2000,
belize,2000,
bermuda,2000,
bolivia,2000,
brazil,2000,7.044141059
barbados,2000,
brunei darussalam,2000,
bhutan,2000,
botswana,2000,
central african republic,2000,
canada,2000,2.719439957
central europe and the baltics,2000,8.911744187
switzerland,2000,1.558529197
channel islands,2000,
chile,2000,3.843272957
china,2000,0.347811227
cote d'ivoire,2000,2.530775167
cameroon,2000,
"congo, dem. rep.",2000,
"congo, rep.",2000,
colombia,2000,9.225348186
comoros,2000,
cabo verde,2000,
costa rica,2000,10.96154966
caribbean small states,2000,
cuba,2000,
curacao,2000,
cayman islands,2000,
cyprus,2000,
czechia,2000,3.775388292
germany,2000,1.440268387
djibouti,2000,
dominica,2000,
denmark,2000,2.903282032
dominican republic,2000,7.724135662
algeria,2000,
east asia & pacific (excluding high income),2000,
early-demographic dividend,2000,
east asia & pacific,2000,
europe & central asia (excluding high income),2000,
europe & central asia,2000,3.118136581
ecuador,2000,96.09637569
"egypt, arab rep.",2000,
euro area,2000,2.853030393
eritrea,2000,
spain,2000,3.433515634
estonia,2000,4.018489525
ethiopia,2000,
european union,2000,3.042100807
fragile and conflict affected situations,2000,
finland,2000,3.042100807
fiji,2000,
france,2000,1.675959887
faroe islands,2000,
"micronesia, fed. sts.",2000,2.158518106
gabon,2000,
united kingdom,2000,1.182956242
georgia,2000,
ghana,2000,40.24093312
gibraltar,2000,
guinea,2000,
"gambia, the",2000,
guinea-bissau,2000,
equatorial guinea,2000,
greece,2000,3.151181625
grenada,2000,
greenland,2000,
guatemala,2000,
guam,2000,
guyana,2000,
high income,2000,
"hong kong sar, china",2000,
honduras,2000,
heavily indebted poor countries (hipc),2000,
croatia,2000,
haiti,2000,9.333221976
hungary,2000,9.803610169
ibrd only,2000,
ida & ibrd total,2000,
ida total,2000,
ida blend,2000,
indonesia,2000,3.688620371
ida only,2000,
isle of man,2000,
india,2000,4.00943591
not classified,2000,
ireland,2000,5.577632699
"iran, islamic rep.",2000,
iraq,2000,
iceland,2000,5.136471232
israel,2000,1.03263641
italy,2000,2.537685321
jamaica,2000,
jordan,2000,
japan,2000,-0.676578684
kazakhstan,2000,13.18089059
kenya,2000,
kyrgyz republic,2000,
cambodia,2000,
kiribati,2000,
st. kitts and nevis,2000,
"korea, rep.",2000,2.259165801
kuwait,2000,
latin america & caribbean (excluding high income),2000,
lao pdr,2000,
lebanon,2000,
liberia,2000,
libya,2000,
st. lucia,2000,
latin america & caribbean,2000,
least developed countries: un classification,2000,
low income,2000,
liechtenstein,2000,
sri lanka,2000,
lower middle income,2000,
low & middle income,2000,
lesotho,2000,
late-demographic dividend,2000,
lithuania,2000,0.981615479
luxembourg,2000,3.15076707
latvia,2000,2.654254778
"macao sar, china",2000,-1.60971884
st. martin (french part),2000,
morocco,2000,
monaco,2000,
moldova,2000,31.29930158
madagascar,2000,
maldives,2000,-1.174756812
"middle east, north africa, afghanistan & pakistan",2000,
mexico,2000,9.491561494
marshall islands,2000,
middle income,2000,
north macedonia,2000,
mali,2000,
malta,2000,
myanmar,2000,
"middle east, north africa, afghanistan & pakistan (excluding high income)",2000,
montenegro,2000,
mongolia,2000,
northern mariana islands,2000,
mozambique,2000,
mauritania,2000,
mauritius,2000,
malawi,2000,
malaysia,2000,
north america,2000,3.048148614
namibia,2000,
new caledonia,2000,
niger,2000,
nigeria,2000,
nicaragua,2000,
netherlands,2000,2.360522338
norway,2000,3.085506091
nepal,2000,2.478820207
nauru,2000,
new zealand,2000,2.615234462
oecd members,2000,3.063803449
oman,2000,
other small states,2000,
pakistan,2000,
panama,2000,
peru,2000,
philippines,2000,
palau,2000,
papua new guinea,2000,
poland,2000,9.900175388
pre-demographic dividend,2000,
puerto rico (us),2000,
"korea, dem. people's rep.",2000,
portugal,2000,2.853030393
paraguay,2000,
west bank and gaza,2000,2.798198924
pacific island small states,2000,
post-demographic dividend,2000,2.66733721
french polynesia,2000,
qatar,2000,
romania,2000,
russian federation,2000,20.79876066
rwanda,2000,
south asia,2000,2.478820207
saudi arabia,2000,-1.125000552
sudan,2000,7.121258972
senegal,2000,
singapore,2000,
solomon islands,2000,
sierra leone,2000,
el salvador,2000,
san marino,2000,
"somalia, fed. rep.",2000,
serbia,2000,
sub-saharan africa (excluding high income),2000,
south sudan,2000,
sub-saharan africa,2000,
small states,2000,
sao tome and principe,2000,
suriname,2000,
slovak republic,2000,12.0357806
slovenia,2000,8.911744187
sweden,2000,0.899143734
eswatini,2000,
sint maarten (dutch part),2000,
seychelles,2000,
syrian arab republic,2000,
turks and caicos islands,2000,
chad,2000,
east asia & pacific (ida & ibrd countries),2000,
europe & central asia (ida & ibrd countries),2000,
togo,2000,1.862605955
thailand,2000,
tajikistan,2000,
turkmenistan,2000,
latin america & the caribbean (ida & ibrd countries),2000,
timor-leste,2000,
"middle east, north africa, afghanistan & pakistan (ida & ibrd)",2000,
tonga,2000,
south asia (ida & ibrd),2000,2.478820207
sub-saharan africa (ida & ibrd countries),2000,
trinidad and tobago,2000,
tunisia,2000,
turkiye,2000,54.91537058
tuvalu,2000,
tanzania,2000,
uganda,2000,
ukraine,2000,
upper middle income,2000,
uruguay,2000,
united states,2000,3.376857271
uzbekistan,2000,
st. vincent and the grenadines,2000,
"venezuela, rb",2000,
british virgin islands,2000,
virgin islands (u.s.),2000,
viet nam,2000,
vanuatu,2000,2.537688442
world,2000,
samoa,2000,
kosovo,2000,
"yemen, rep.",2000,
south africa,2000,5.338959136
zambia,2000,
zimbabwe,2000,
aruba,2001,
africa eastern and southern,2001,
afghanistan,2001,
africa western and central,2001,
angola,2001,
albania,2001,
andorra,2001,
arab world,2001,
united arab emirates,2001,
argentina,2001,
armenia,2001,
american samoa,2001,
antigua and barbuda,2001,
australia,2001,4.407135362
austria,2001,2.650000773
azerbaijan,2001,
burundi,2001,9.296187713
belgium,2001,2.469258231
benin,2001,
burkina faso,2001,
bangladesh,2001,
bulgaria,2001,7.360939272
bahrain,2001,
"bahamas, the",2001,
bosnia and herzegovina,2001,
belarus,2001,
belize,2001,
bermuda,2001,
bolivia,2001,
brazil,2001,6.840359025
barbados,2001,
brunei darussalam,2001,
bhutan,2001,
botswana,2001,
central african republic,2001,
canada,2001,2.52512014
central europe and the baltics,2001,6.538950004
switzerland,2001,0.98902033
channel islands,2001,
chile,2001,3.56910053
china,2001,0.719125609
cote d'ivoire,2001,4.36152914
cameroon,2001,
"congo, dem. rep.",2001,
"congo, rep.",2001,
colombia,2001,7.965560903
comoros,2001,
cabo verde,2001,
costa rica,2001,11.25561571
caribbean small states,2001,
cuba,2001,
curacao,2001,1.792828685
cayman islands,2001,
cyprus,2001,1.973041917
czechia,2001,4.66267557
germany,2001,1.983857313
djibouti,2001,
dominica,2001,
denmark,2001,2.337870003
dominican republic,2001,8.883068488
algeria,2001,
east asia & pacific (excluding high income),2001,
early-demographic dividend,2001,
east asia & pacific,2001,
europe & central asia (excluding high income),2001,
europe & central asia,2001,3.589834133
ecuador,2001,37.67674545
"egypt, arab rep.",2001,
euro area,2001,2.724493266
eritrea,2001,
spain,2001,3.589834133
estonia,2001,5.748279817
ethiopia,2001,
european union,2001,3.373968322
fragile and conflict affected situations,2001,
finland,2001,2.578440801
fiji,2001,
france,2001,1.634780795
faroe islands,2001,
"micronesia, fed. sts.",2001,0.502497351
gabon,2001,
united kingdom,2001,1.532349603
georgia,2001,
ghana,2001,41.50949629
gibraltar,2001,
guinea,2001,
"gambia, the",2001,
guinea-bissau,2001,
equatorial guinea,2001,
greece,2001,3.373968322
grenada,2001,
greenland,2001,
guatemala,2001,
guam,2001,
guyana,2001,
high income,2001,
"hong kong sar, china",2001,
honduras,2001,9.674155569
heavily indebted poor countries (hipc),2001,
croatia,2001,
haiti,2001,13.31672224
hungary,2001,9.116809117
ibrd only,2001,
ida & ibrd total,2001,
ida total,2001,
ida blend,2001,
indonesia,2001,11.50011606
ida only,2001,
isle of man,2001,
india,2001,3.779293122
not classified,2001,
ireland,2001,4.852802796
"iran, islamic rep.",2001,
iraq,2001,
iceland,2001,6.405085504
israel,2001,1.123028391
italy,2001,2.785165427
jamaica,2001,6.801909308
jordan,2001,
japan,2001,-0.740055504
kazakhstan,2001,8.354137772
kenya,2001,
kyrgyz republic,2001,
cambodia,2001,
kiribati,2001,
st. kitts and nevis,2001,
"korea, rep.",2001,4.066575879
kuwait,2001,
latin america & caribbean (excluding high income),2001,
lao pdr,2001,
lebanon,2001,
liberia,2001,
libya,2001,
st. lucia,2001,
latin america & caribbean,2001,
least developed countries: un classification,2001,
low income,2001,
liechtenstein,2001,
sri lanka,2001,
lower middle income,2001,
low & middle income,2001,
lesotho,2001,
late-demographic dividend,2001,
lithuania,2001,1.367120308
luxembourg,2001,2.663821106
latvia,2001,2.487040036
"macao sar, china",2001,-1.984650086
st. martin (french part),2001,
morocco,2001,
monaco,2001,
moldova,2001,9.764662858
madagascar,2001,7.916944845
maldives,2001,0.67257737
"middle east, north africa, afghanistan & pakistan",2001,
mexico,2001,6.367738062
marshall islands,2001,
middle income,2001,
north macedonia,2001,
mali,2001,
malta,2001,
myanmar,2001,
"middle east, north africa, afghanistan & pakistan (excluding high income)",2001,
montenegro,2001,
mongolia,2001,
northern mariana islands,2001,
mozambique,2001,
mauritania,2001,
mauritius,2001,5.389344262
malawi,2001,
malaysia,2001,1.416784732
north america,2001,2.675645629
namibia,2001,
new caledonia,2001,
niger,2001,
nigeria,2001,
nicaragua,2001,
netherlands,2001,4.155841272
norway,2001,3.00419704
nepal,2001,2.688303735
nauru,2001,
new zealand,2001,2.625816304
oecd members,2001,3.189082681
oman,2001,
other small states,2001,
pakistan,2001,
panama,2001,
peru,2001,
philippines,2001,
palau,2001,
papua new guinea,2001,
poland,2001,5.408335456
pre-demographic dividend,2001,
puerto rico (us),2001,
"korea, dem. people's rep.",2001,
portugal,2001,4.369903306
paraguay,2001,
west bank and gaza,2001,1.222784759
pacific island small states,2001,
post-demographic dividend,2001,2.656910939
french polynesia,2001,
qatar,2001,
romania,2001,34.47701235
russian federation,2001,21.47700721
rwanda,2001,
south asia,2001,2.688303735
saudi arabia,2001,-1.120947001
sudan,2001,1.935295721
senegal,2001,2.974500839
singapore,2001,
solomon islands,2001,
sierra leone,2001,
el salvador,2001,
san marino,2001,
"somalia, fed. rep.",2001,
serbia,2001,
sub-saharan africa (excluding high income),2001,
south sudan,2001,
sub-saharan africa,2001,
small states,2001,
sao tome and principe,2001,
suriname,2001,
slovak republic,2001,7.329620191
slovenia,2001,8.379665875
sweden,2001,2.405958341
eswatini,2001,
sint maarten (dutch part),2001,
seychelles,2001,
syrian arab republic,2001,
turks and caicos islands,2001,
chad,2001,
east asia & pacific (ida & ibrd countries),2001,
europe & central asia (ida & ibrd countries),2001,
togo,2001,3.919591337
thailand,2001,
tajikistan,2001,38.59188945
turkmenistan,2001,
latin america & the caribbean (ida & ibrd countries),2001,
timor-leste,2001,
"middle east, north africa, afghanistan & pakistan (ida & ibrd)",2001,
tonga,2001,
south asia (ida & ibrd),2001,2.688303735
sub-saharan africa (ida & ibrd countries),2001,
trinidad and tobago,2001,5.536653263
tunisia,2001,
turkiye,2001,54.40018876
tuvalu,2001,
tanzania,2001,
uganda,2001,
ukraine,2001,
upper middle income,2001,
uruguay,2001,
united states,2001,2.826171119
uzbekistan,2001,
st. vincent and the grenadines,2001,
"venezuela, rb",2001,
british virgin islands,2001,
virgin islands (u.s.),2001,
viet nam,2001,
vanuatu,2001,3.577554521
world,2001,
samoa,2001,
kosovo,2001,
"yemen, rep.",2001,
south africa,2001,5.70189483
zambia,2001,
zimbabwe,2001,
aruba,2002,3.315246786
africa eastern and southern,2002,
afghanistan,2002,
africa western and central,2002,
angola,2002,
albania,2002,
andorra,2002,
arab world,2002,
united arab emirates,2002,
argentina,2002,
armenia,2002,
american samoa,2002,
antigua and barbuda,2002,2.407658013
australia,2002,2.981574539
austria,2002,1.810357878
azerbaijan,2002,
burundi,2002,-1.365680053
belgium,2002,1.645214362
benin,2002,
burkina faso,2002,
bangladesh,2002,
bulgaria,2002,5.810143657
bahrain,2002,
"bahamas, the",2002,
bosnia and herzegovina,2002,
belarus,2002,
belize,2002,
bermuda,2002,
bolivia,2002,
brazil,2002,8.450164377
barbados,2002,
brunei darussalam,2002,
bhutan,2002,
botswana,2002,
central african republic,2002,
canada,2002,2.258394409
central europe and the baltics,2002,3.349527466
switzerland,2002,0.642711507
channel islands,2002,
chile,2002,2.489398167
china,2002,-0.731970902
cote d'ivoire,2002,3.077264852
cameroon,2002,
"congo, dem. rep.",2002,
"congo, rep.",2002,
colombia,2002,6.351507288
comoros,2002,
cabo verde,2002,
costa rica,2002,9.167520485
caribbean small states,2002,1.461359735
cuba,2002,
curacao,2002,0.391389432
cayman islands,2002,
cyprus,2002,2.801155052
czechia,2002,1.90298097
germany,2002,1.420806156
djibouti,2002,
dominica,2002,0.17005533
denmark,2002,2.424436612
dominican republic,2002,5.223367698
algeria,2002,
east asia & pacific (excluding high income),2002,
early-demographic dividend,2002,
east asia & pacific,2002,
europe & central asia (excluding high income),2002,
europe & central asia,2002,2.801155052
ecuador,2002,12.48359801
"egypt, arab rep.",2002,
euro area,2002,2.633239122
eritrea,2002,
spain,2002,3.065656859
estonia,2002,3.571912702
ethiopia,2002,0.675089102
european union,2002,2.465323192
fragile and conflict affected situations,2002,
finland,2002,1.571220128
fiji,2002,
france,2002,1.923412287
faroe islands,2002,
"micronesia, fed. sts.",2002,-0.111442426
gabon,2002,
united kingdom,2002,1.520402459
georgia,2002,
ghana,2002,9.360932396
gibraltar,2002,
guinea,2002,
"gambia, the",2002,
guinea-bissau,2002,
equatorial guinea,2002,
greece,2002,3.629358719
grenada,2002,1.06721548
greenland,2002,
guatemala,2002,
guam,2002,
guyana,2002,
high income,2002,2.424436612
"hong kong sar, china",2002,
honduras,2002,7.69050972
heavily indebted poor countries (hipc),2002,
croatia,2002,
haiti,2002,7.032874062
hungary,2002,5.265448216
ibrd only,2002,
ida & ibrd total,2002,
ida total,2002,
ida blend,2002,
indonesia,2002,11.90012003
ida only,2002,
isle of man,2002,
india,2002,4.297152039
not classified,2002,
ireland,2002,4.628205128
"iran, islamic rep.",2002,
iraq,2002,
iceland,2002,5.197022302
israel,2002,5.802345895
italy,2002,2.465323192
jamaica,2002,7.076350093
jordan,2002,
japan,2002,-0.923494027
kazakhstan,2002,5.836924521
kenya,2002,
kyrgyz republic,2002,
cambodia,2002,0.211466568
kiribati,2002,
st. kitts and nevis,2002,
"korea, rep.",2002,2.762262103
kuwait,2002,
latin america & caribbean (excluding high income),2002,5.787437493
lao pdr,2002,
lebanon,2002,
liberia,2002,
libya,2002,
st. lucia,2002,-0.255536627
latin america & caribbean,2002,
least developed countries: un classification,2002,
low income,2002,
liechtenstein,2002,
sri lanka,2002,
lower middle income,2002,
low & middle income,2002,
lesotho,2002,
late-demographic dividend,2002,
lithuania,2002,0.28150661
luxembourg,2002,2.074086136
latvia,2002,1.938875739
"macao sar, china",2002,-2.637516998
st. martin (french part),2002,
morocco,2002,
monaco,2002,
moldova,2002,5.301243903
madagascar,2002,16.49852553
maldives,2002,4.178672399
"middle east, north africa, afghanistan & pakistan",2002,
mexico,2002,5.030727332
marshall islands,2002,
middle income,2002,
north macedonia,2002,
mali,2002,
malta,2002,
myanmar,2002,
"middle east, north africa, afghanistan & pakistan (excluding high income)",2002,
montenegro,2002,
mongolia,2002,
northern mariana islands,2002,
mozambique,2002,
mauritania,2002,
mauritius,2002,6.419333722
malawi,2002,
malaysia,2002,1.807872463
north america,2002,1.922213018
namibia,2002,
new caledonia,2002,
niger,2002,
nigeria,2002,
nicaragua,2002,
netherlands,2002,3.287531047
norway,2002,1.286725284
nepal,2002,3.029399487
nauru,2002,
new zealand,2002,2.677092577
oecd members,2002,2.477360679
oman,2002,-0.279578823
other small states,2002,
pakistan,2002,
panama,2002,
peru,2002,
philippines,2002,
palau,2002,-1.301236174
papua new guinea,2002,
poland,2002,1.90528215
pre-demographic dividend,2002,
puerto rico (us),2002,
"korea, dem. people's rep.",2002,
portugal,2002,3.600346583
paraguay,2002,
west bank and gaza,2002,5.70951586
pacific island small states,2002,
post-demographic dividend,2002,2.158482136
french polynesia,2002,
qatar,2002,
romania,2002,22.53988626
russian federation,2002,15.78873079
rwanda,2002,
south asia,2002,4.178672399
saudi arabia,2002,0.247189309
sudan,2002,22.22472415
senegal,2002,2.337301875
singapore,2002,
solomon islands,2002,
sierra leone,2002,
el salvador,2002,
san marino,2002,
"somalia, fed. rep.",2002,
serbia,2002,
sub-saharan africa (excluding high income),2002,
south sudan,2002,
sub-saharan africa,2002,
small states,2002,
sao tome and principe,2002,
suriname,2002,
slovak republic,2002,3.12714223
slovenia,2002,7.480777707
sweden,2002,2.158482136
eswatini,2002,
sint maarten (dutch part),2002,
seychelles,2002,
syrian arab republic,2002,
turks and caicos islands,2002,
chad,2002,
east asia & pacific (ida & ibrd countries),2002,
europe & central asia (ida & ibrd countries),2002,
togo,2002,3.059818575
thailand,2002,
tajikistan,2002,12.24998478
turkmenistan,2002,
latin america & the caribbean (ida & ibrd countries),2002,5.127047515
timor-leste,2002,
"middle east, north africa, afghanistan & pakistan (ida & ibrd)",2002,
tonga,2002,
south asia (ida & ibrd),2002,4.178672399
sub-saharan africa (ida & ibrd countries),2002,
trinidad and tobago,2002,4.150058617
tunisia,2002,
turkiye,2002,44.96412095
tuvalu,2002,
tanzania,2002,
uganda,2002,
ukraine,2002,
upper middle income,2002,
uruguay,2002,
united states,2002,1.586031627
uzbekistan,2002,
st. vincent and the grenadines,2002,1.85550399
"venezuela, rb",2002,
british virgin islands,2002,
virgin islands (u.s.),2002,
viet nam,2002,
vanuatu,2002,1.963567542
world,2002,
samoa,2002,
kosovo,2002,
"yemen, rep.",2002,
south africa,2002,9.494713781
zambia,2002,
zimbabwe,2002,
aruba,2003,3.656365079
africa eastern and southern,2003,
afghanistan,2003,
africa western and central,2003,
angola,2003,98.22414366
albania,2003,
andorra,2003,
arab world,2003,
united arab emirates,2003,
argentina,2003,
armenia,2003,
american samoa,2003,
antigua and barbuda,2003,1.993530552
australia,2003,2.732595966
austria,2003,1.355553709
azerbaijan,2003,
burundi,2003,10.64746457
belgium,2003,1.588964
benin,2003,
burkina faso,2003,
bangladesh,2003,
bulgaria,2003,2.348641696
bahrain,2003,
"bahamas, the",2003,
bosnia and herzegovina,2003,
belarus,2003,
belize,2003,
bermuda,2003,
bolivia,2003,
brazil,2003,14.71491972
barbados,2003,
brunei darussalam,2003,
bhutan,2003,
botswana,2003,
central african republic,2003,
canada,2003,2.758563214
central europe and the baltics,2003,2.645644613
switzerland,2003,0.638272931
channel islands,2003,
chile,2003,2.810178757
china,2003,1.127603487
cote d'ivoire,2003,3.29680747
cameroon,2003,
"congo, dem. rep.",2003,
"congo, rep.",2003,
colombia,2003,7.129788629
comoros,2003,
cabo verde,2003,
costa rica,2003,9.447580916
caribbean small states,2003,1.723449278
cuba,2003,
curacao,2003,1.633713914
cayman islands,2003,
cyprus,2003,4.139065387
czechia,2003,0.118739206
germany,2003,1.034222186
djibouti,2003,
dominica,2003,1.453368004
denmark,2003,2.075078206
dominican republic,2003,27.44971274
algeria,2003,
east asia & pacific (excluding high income),2003,
early-demographic dividend,2003,
east asia & pacific,2003,
europe & central asia (excluding high income),2003,
europe & central asia,2003,2.223556944
ecuador,2003,7.929364875
"egypt, arab rep.",2003,
euro area,2003,2.38551386
eritrea,2003,
spain,2003,3.038888394
estonia,2003,1.334991165
ethiopia,2003,13.6740452
european union,2003,2.098472191
fragile and conflict affected situations,2003,
finland,2003,0.877440386
fiji,2003,
france,2003,2.098472191
faroe islands,2003,
"micronesia, fed. sts.",2003,0.126643348
gabon,2003,
united kingdom,2003,1.376500385
georgia,2003,
ghana,2003,29.77297972
gibraltar,2003,
guinea,2003,
"gambia, the",2003,
guinea-bissau,2003,
equatorial guinea,2003,
greece,2003,3.530650278
grenada,2003,2.154928099
greenland,2003,
guatemala,2003,
guam,2003,
guyana,2003,
high income,2003,2.09199839
"hong kong sar, china",2003,
honduras,2003,7.674166394
heavily indebted poor countries (hipc),2003,
croatia,2003,
haiti,2003,28.69957779
hungary,2003,4.661016949
ibrd only,2003,
ida & ibrd total,2003,
ida total,2003,
ida blend,2003,
indonesia,2003,6.757312563
ida only,2003,
isle of man,2003,
india,2003,3.805858995
not classified,2003,
ireland,2003,3.492219091
"iran, islamic rep.",2003,
iraq,2003,
iceland,2003,2.055663298
israel,2003,0.707630617
italy,2003,2.672555528
jamaica,2003,10.08695652
jordan,2003,
japan,2003,-0.256541816
kazakhstan,2003,6.438218101
kenya,2003,
kyrgyz republic,2003,
cambodia,2003,0.941746118
kiribati,2003,
st. kitts and nevis,2003,
"korea, rep.",2003,3.514874515
kuwait,2003,
latin america & caribbean (excluding high income),2003,7.401977512
lao pdr,2003,
lebanon,2003,
liberia,2003,
libya,2003,
st. lucia,2003,1.034253724
latin america & caribbean,2003,
least developed countries: un classification,2003,
low income,2003,
liechtenstein,2003,
sri lanka,2003,
lower middle income,2003,
low & middle income,2003,
lesotho,2003,
late-demographic dividend,2003,
lithuania,2003,-1.13430855
luxembourg,2003,2.049840306
latvia,2003,2.942647529
"macao sar, china",2003,-1.562452037
st. martin (french part),2003,
morocco,2003,
monaco,2003,
moldova,2003,11.74607921
madagascar,2003,-1.704004796
maldives,2003,-1.260651135
"middle east, north africa, afghanistan & pakistan",2003,
mexico,2003,4.546900121
marshall islands,2003,
middle income,2003,
north macedonia,2003,0.855562123
mali,2003,
malta,2003,
myanmar,2003,
"middle east, north africa, afghanistan & pakistan (excluding high income)",2003,
montenegro,2003,
mongolia,2003,
northern mariana islands,2003,
mozambique,2003,
mauritania,2003,
mauritius,2003,3.921053576
malawi,2003,
malaysia,2003,1.089676326
north america,2003,2.514329093
namibia,2003,
new caledonia,2003,
niger,2003,
nigeria,2003,
nicaragua,2003,
netherlands,2003,2.09199839
norway,2003,2.487825535
nepal,2003,5.707009319
nauru,2003,
new zealand,2003,1.753574448
oecd members,2003,2.184283582
oman,2003,0.231328682
other small states,2003,
pakistan,2003,
panama,2003,
peru,2003,
philippines,2003,
palau,2003,0.922874094
papua new guinea,2003,
poland,2003,0.682701376
pre-demographic dividend,2003,
puerto rico (us),2003,
"korea, dem. people's rep.",2003,
portugal,2003,3.218990907
paraguay,2003,
west bank and gaza,2003,4.403032217
pacific island small states,2003,
post-demographic dividend,2003,2.075078206
french polynesia,2003,
qatar,2003,
romania,2003,15.27348899
russian federation,2003,13.66329302
rwanda,2003,
south asia,2003,3.805858995
saudi arabia,2003,0.612194123
sudan,2003,6.489432087
senegal,2003,-0.051997024
singapore,2003,
solomon islands,2003,
sierra leone,2003,
el salvador,2003,
san marino,2003,
"somalia, fed. rep.",2003,
serbia,2003,
sub-saharan africa (excluding high income),2003,
south sudan,2003,
sub-saharan africa,2003,
small states,2003,
sao tome and principe,2003,
suriname,2003,
slovak republic,2003,8.554143054
slovenia,2003,5.544164218
sweden,2003,1.925655349
eswatini,2003,
sint maarten (dutch part),2003,
seychelles,2003,
syrian arab republic,2003,
turks and caicos islands,2003,
chad,2003,
east asia & pacific (ida & ibrd countries),2003,
europe & central asia (ida & ibrd countries),2003,
togo,2003,-0.930000884
thailand,2003,
tajikistan,2003,16.3034912
turkmenistan,2003,
latin america & the caribbean (ida & ibrd countries),2003,5.838344375
timor-leste,2003,
"middle east, north africa, afghanistan & pakistan (ida & ibrd)",2003,
tonga,2003,
south asia (ida & ibrd),2003,3.805858995
sub-saharan africa (ida & ibrd countries),2003,
trinidad and tobago,2003,3.811106244
tunisia,2003,
turkiye,2003,21.60243845
tuvalu,2003,
tanzania,2003,
uganda,2003,
ukraine,2003,
upper middle income,2003,
uruguay,2003,
united states,2003,2.270094973
uzbekistan,2003,
st. vincent and the grenadines,2003,0.205981709
"venezuela, rb",2003,
british virgin islands,2003,
virgin islands (u.s.),2003,
viet nam,2003,3.234648173
vanuatu,2003,3.016241299
world,2003,
samoa,2003,
kosovo,2003,
"yemen, rep.",2003,
south africa,2003,5.679424141
zambia,2003,
zimbabwe,2003,
aruba,2004,2.529129469
africa eastern and southern,2004,
afghanistan,2004,
africa western and central,2004,
angola,2004,43.54210675
albania,2004,
andorra,2004,
arab world,2004,
united arab emirates,2004,
argentina,2004,
armenia,2004,
american samoa,2004,
antigua and barbuda,2004,2.030077579
australia,2004,2.343255225
austria,2004,2.06120618
azerbaijan,2004,
burundi,2004,8.176429375
belgium,2004,2.097283112
benin,2004,
burkina faso,2004,
bangladesh,2004,
bulgaria,2004,6.147130742
bahrain,2004,
"bahamas, the",2004,
bosnia and herzegovina,2004,
belarus,2004,
belize,2004,
bermuda,2004,
bolivia,2004,
brazil,2004,6.5971851
barbados,2004,
brunei darussalam,2004,
bhutan,2004,
botswana,2004,
central african republic,2004,
canada,2004,1.857258719
central europe and the baltics,2004,4.870053342
switzerland,2004,0.802908731
channel islands,2004,
chile,2004,1.054738714
china,2004,3.824637431
cote d'ivoire,2004,1.457988356
cameroon,2004,
"congo, dem. rep.",2004,
"congo, rep.",2004,
colombia,2004,5.904020055
comoros,2004,
cabo verde,2004,
costa rica,2004,12.31481502
caribbean small states,2004,2.353513301
cuba,2004,
curacao,2004,1.379121381
cayman islands,2004,
cyprus,2004,2.286217068
czechia,2004,2.760107817
germany,2004,1.665736967
djibouti,2004,
dominica,2004,2.394109821
denmark,2004,1.154356931
dominican republic,2004,51.46085983
algeria,2004,
east asia & pacific (excluding high income),2004,
early-demographic dividend,2004,
east asia & pacific,2004,
europe & central asia (excluding high income),2004,
europe & central asia,2004,2.365362041
ecuador,2004,2.743231989
"egypt, arab rep.",2004,
euro area,2004,2.216207889
eritrea,2004,
spain,2004,3.039248811
estonia,2004,3.048111075
ethiopia,2004,3.327370479
european union,2004,2.286217068
fragile and conflict affected situations,2004,
finland,2004,0.187120559
fiji,2004,
france,2004,2.142089646
faroe islands,2004,
"micronesia, fed. sts.",2004,2.276696982
gabon,2004,
united kingdom,2004,1.390397567
georgia,2004,
ghana,2004,18.04273882
gibraltar,2004,
guinea,2004,
"gambia, the",2004,
guinea-bissau,2004,
equatorial guinea,2004,
greece,2004,2.898848108
grenada,2004,2.312916782
greenland,2004,
guatemala,2004,
guam,2004,
guyana,2004,
high income,2004,2.216207889
"hong kong sar, china",2004,
honduras,2004,8.113790971
heavily indebted poor countries (hipc),2004,
croatia,2004,
haiti,2004,21.03183393
hungary,2004,6.744346796
ibrd only,2004,
ida & ibrd total,2004,
ida total,2004,
ida blend,2004,
indonesia,2004,6.064061891
ida only,2004,
isle of man,2004,
india,2004,3.767251735
not classified,2004,
ireland,2004,2.178546057
"iran, islamic rep.",2004,
iraq,2004,
iceland,2004,3.158193243
israel,2004,-0.421595035
italy,2004,2.206736614
jamaica,2004,13.55450237
jordan,2004,
japan,2004,-0.008573388
kazakhstan,2004,6.88205439
kenya,2004,
kyrgyz republic,2004,4.110650847
cambodia,2004,4.319336774
kiribati,2004,
st. kitts and nevis,2004,
"korea, rep.",2004,3.590662989
kuwait,2004,
latin america & caribbean (excluding high income),2004,5.296214452
lao pdr,2004,
lebanon,2004,
liberia,2004,
libya,2004,
st. lucia,2004,1.460368144
latin america & caribbean,2004,
least developed countries: un classification,2004,
low income,2004,
liechtenstein,2004,
sri lanka,2004,
lower middle income,2004,
low & middle income,2004,
lesotho,2004,
late-demographic dividend,2004,
lithuania,2004,1.164102521
luxembourg,2004,2.225679164
latvia,2004,6.192385472
"macao sar, china",2004,0.980728452
st. martin (french part),2004,
morocco,2004,
monaco,2004,
moldova,2004,12.52427684
madagascar,2004,13.9558018
maldives,2004,-1.685412125
"middle east, north africa, afghanistan & pakistan",2004,
mexico,2004,4.688408848
marshall islands,2004,
middle income,2004,
north macedonia,2004,-0.448650207
mali,2004,
malta,2004,
myanmar,2004,
"middle east, north africa, afghanistan & pakistan (excluding high income)",2004,
montenegro,2004,
mongolia,2004,
northern mariana islands,2004,
mozambique,2004,
mauritania,2004,
mauritius,2004,4.710370601
malawi,2004,
malaysia,2004,1.421271159
north america,2004,2.267247706
namibia,2004,
new caledonia,2004,
niger,2004,
nigeria,2004,
nicaragua,2004,
netherlands,2004,1.263647392
norway,2004,0.454498502
nepal,2004,2.841811312
nauru,2004,
new zealand,2004,2.290249028
oecd members,2004,2.257964096
oman,2004,0.624969063
other small states,2004,
pakistan,2004,
panama,2004,0.474723078
peru,2004,
philippines,2004,
palau,2004,4.964075767
papua new guinea,2004,
poland,2004,3.382646819
pre-demographic dividend,2004,
puerto rico (us),2004,
"korea, dem. people's rep.",2004,
portugal,2004,2.365362041
paraguay,2004,
west bank and gaza,2004,3.004174986
pacific island small states,2004,
post-demographic dividend,2004,2.097283112
french polynesia,2004,
qatar,2004,
romania,2004,11.87436359
russian federation,2004,10.88861573
rwanda,2004,
south asia,2004,2.841811312
saudi arabia,2004,0.515509266
sudan,2004,9.657546286
senegal,2004,0.514781781
singapore,2004,
solomon islands,2004,
sierra leone,2004,
el salvador,2004,
san marino,2004,
"somalia, fed. rep.",2004,
serbia,2004,
sub-saharan africa (excluding high income),2004,
south sudan,2004,
sub-saharan africa,2004,
small states,2004,
sao tome and principe,2004,
suriname,2004,
slovak republic,2004,7.548500882
slovenia,2004,3.592975942
sweden,2004,0.373659829
eswatini,2004,
sint maarten (dutch part),2004,
seychelles,2004,
syrian arab republic,2004,
turks and caicos islands,2004,
chad,2004,
east asia & pacific (ida & ibrd countries),2004,
europe & central asia (ida & ibrd countries),2004,
togo,2004,0.393078681
thailand,2004,
tajikistan,2004,7.141965087
turkmenistan,2004,
latin america & the caribbean (ida & ibrd countries),2004,3.72154939
timor-leste,2004,
"middle east, north africa, afghanistan & pakistan (ida & ibrd)",2004,
tonga,2004,
south asia (ida & ibrd),2004,2.841811312
sub-saharan africa (ida & ibrd countries),2004,
trinidad and tobago,2004,3.72154939
tunisia,2004,
turkiye,2004,8.598261681
tuvalu,2004,
tanzania,2004,
uganda,2004,
ukraine,2004,
upper middle income,2004,
uruguay,2004,
united states,2004,2.677236693
uzbekistan,2004,
st. vincent and the grenadines,2004,2.960039467
"venezuela, rb",2004,
british virgin islands,2004,
virgin islands (u.s.),2004,
viet nam,2004,7.754947487
vanuatu,2004,1.418918919
world,2004,
samoa,2004,
kosovo,2004,
"yemen, rep.",2004,
south africa,2004,-0.692039438
zambia,2004,
zimbabwe,2004,
aruba,2005,3.397786778
africa eastern and southern,2005,
afghanistan,2005,
africa western and central,2005,
angola,2005,22.95351385
albania,2005,
andorra,2005,
arab world,2005,
united arab emirates,2005,
argentina,2005,
armenia,2005,
american samoa,2005,
antigua and barbuda,2005,2.098751967
australia,2005,2.691831683
austria,2005,2.299137856
azerbaijan,2005,
burundi,2005,13.25206992
belgium,2005,2.781432637
benin,2005,
burkina faso,2005,
bangladesh,2005,
bulgaria,2005,5.038838071
bahrain,2005,
"bahamas, the",2005,
bosnia and herzegovina,2005,
belarus,2005,
belize,2005,
bermuda,2005,
bolivia,2005,
brazil,2005,6.869537209
barbados,2005,
brunei darussalam,2005,
bhutan,2005,
botswana,2005,
central african republic,2005,
canada,2005,2.213552034
central europe and the baltics,2005,3.13530103
switzerland,2005,1.171954203
channel islands,2005,
chile,2005,3.052576214
china,2005,1.776414077
cote d'ivoire,2005,3.885830399
cameroon,2005,
"congo, dem. rep.",2005,
"congo, rep.",2005,
colombia,2005,5.051019627
comoros,2005,
cabo verde,2005,
costa rica,2005,13.79829491
caribbean small states,2005,3.604618051
cuba,2005,
curacao,2005,4.117117117
cayman islands,2005,
cyprus,2005,2.560161323
czechia,2005,1.857097891
germany,2005,1.546911148
djibouti,2005,
dominica,2005,1.681900799
denmark,2005,1.817814583
dominican republic,2005,4.190202605
algeria,2005,
east asia & pacific (excluding high income),2005,
early-demographic dividend,2005,
east asia & pacific,2005,
europe & central asia (excluding high income),2005,
europe & central asia,2005,2.487696652
ecuador,2005,2.168277012
"egypt, arab rep.",2005,
euro area,2005,2.47212179
eritrea,2005,
spain,2005,3.368814098
estonia,2005,4.079714232
ethiopia,2005,9.969971235
european union,2005,2.456546929
fragile and conflict affected situations,2005,
finland,2005,0.62387445
fiji,2005,
france,2005,1.745869364
faroe islands,2005,
"micronesia, fed. sts.",2005,4.257699782
gabon,2005,
united kingdom,2005,2.08913649
georgia,2005,
ghana,2005,15.43899202
gibraltar,2005,
guinea,2005,
"gambia, the",2005,
guinea-bissau,2005,
equatorial guinea,2005,
greece,2005,3.545072733
grenada,2005,3.475806938
greenland,2005,
guatemala,2005,
guam,2005,
guyana,2005,
high income,2005,2.609323082
"hong kong sar, china",2005,
honduras,2005,8.809060748
heavily indebted poor countries (hipc),2005,
croatia,2005,
haiti,2005,13.97300833
hungary,2005,3.561517114
ibrd only,2005,
ida & ibrd total,2005,
ida total,2005,
ida blend,2005,
indonesia,2005,10.45320019
ida only,2005,
isle of man,2005,
india,2005,4.24634362
not classified,2005,
ireland,2005,2.456546929
"iran, islamic rep.",2005,
iraq,2005,
iceland,2005,3.987047828
israel,2005,1.340703281
italy,2005,1.985292985
jamaica,2005,15.05286589
jordan,2005,
japan,2005,-0.282946069
kazakhstan,2005,7.579999291
kenya,2005,
kyrgyz republic,2005,4.338673918
cambodia,2005,6.61525912
kiribati,2005,
st. kitts and nevis,2005,
"korea, rep.",2005,2.753791627
kuwait,2005,
latin america & caribbean (excluding high income),2005,4.089129875
lao pdr,2005,
lebanon,2005,
liberia,2005,
libya,2005,
st. lucia,2005,3.898273708
latin america & caribbean,2005,
least developed countries: un classification,2005,
low income,2005,
liechtenstein,2005,
sri lanka,2005,
lower middle income,2005,
low & middle income,2005,
lesotho,2005,
late-demographic dividend,2005,
lithuania,2005,2.658484841
luxembourg,2005,2.487696652
latvia,2005,6.748450279
"macao sar, china",2005,4.395892843
st. martin (french part),2005,
morocco,2005,
monaco,2005,
moldova,2005,11.95918372
madagascar,2005,18.36382465
maldives,2005,1.300275009
"middle east, north africa, afghanistan & pakistan",2005,
mexico,2005,3.988057146
marshall islands,2005,
middle income,2005,
north macedonia,2005,0.525515951
mali,2005,
malta,2005,
myanmar,2005,
"middle east, north africa, afghanistan & pakistan (excluding high income)",2005,
montenegro,2005,
mongolia,2005,
northern mariana islands,2005,
mozambique,2005,6.427552781
mauritania,2005,
mauritius,2005,4.93717005
malawi,2005,
malaysia,2005,2.975070927
north america,2005,2.80314944
namibia,2005,
new caledonia,2005,
niger,2005,
nigeria,2005,
nicaragua,2005,
netherlands,2005,1.688130179
norway,2005,1.532133676
nepal,2005,6.836332659
nauru,2005,
new zealand,2005,3.037023326
oecd members,2005,2.47212179
oman,2005,1.909835535
other small states,2005,
pakistan,2005,
panama,2005,2.855883248
peru,2005,
philippines,2005,
palau,2005,3.951462352
papua new guinea,2005,
poland,2005,2.183798724
pre-demographic dividend,2005,
puerto rico (us),2005,
"korea, dem. people's rep.",2005,
portugal,2005,2.277163949
paraguay,2005,
west bank and gaza,2005,4.107250707
pacific island small states,2005,
post-demographic dividend,2005,2.277163949
french polynesia,2005,
qatar,2005,
romania,2005,9.014912833
russian federation,2005,12.68530395
rwanda,2005,9.014089181
south asia,2005,4.24634362
saudi arabia,2005,0.479229464
sudan,2005,8.505850759
senegal,2005,1.711333259
singapore,2005,
solomon islands,2005,
sierra leone,2005,
el salvador,2005,
san marino,2005,
"somalia, fed. rep.",2005,
serbia,2005,
sub-saharan africa (excluding high income),2005,
south sudan,2005,
sub-saharan africa,2005,
small states,2005,
sao tome and principe,2005,
suriname,2005,
slovak republic,2005,2.709084946
slovenia,2005,2.451501323
sweden,2005,0.453170853
eswatini,2005,
sint maarten (dutch part),2005,
seychelles,2005,
syrian arab republic,2005,
turks and caicos islands,2005,
chad,2005,
east asia & pacific (ida & ibrd countries),2005,
europe & central asia (ida & ibrd countries),2005,
togo,2005,6.78292893
thailand,2005,
tajikistan,2005,7.091932441
turkmenistan,2005,
latin america & the caribbean (ida & ibrd countries),2005,3.988057146
timor-leste,2005,
"middle east, north africa, afghanistan & pakistan (ida & ibrd)",2005,
tonga,2005,
south asia (ida & ibrd),2005,4.24634362
sub-saharan africa (ida & ibrd countries),2005,
trinidad and tobago,2005,6.874534596
tunisia,2005,
turkiye,2005,8.179160368
tuvalu,2005,
tanzania,2005,
uganda,2005,
ukraine,2005,
upper middle income,2005,
uruguay,2005,
united states,2005,3.392746845
uzbekistan,2005,
st. vincent and the grenadines,2005,3.733429165
"venezuela, rb",2005,
british virgin islands,2005,
virgin islands (u.s.),2005,
viet nam,2005,8.284572431
vanuatu,2005,1.199200533
world,2005,
samoa,2005,
kosovo,2005,
"yemen, rep.",2005,
south africa,2005,2.062853082
zambia,2005,
zimbabwe,2005,
aruba,2006,3.608024388
africa eastern and southern,2006,
afghanistan,2006,6.78459655
africa western and central,2006,
angola,2006,13.30521018
albania,2006,
andorra,2006,
arab world,2006,
united arab emirates,2006,
argentina,2006,
armenia,2006,
american samoa,2006,
antigua and barbuda,2006,1.787785374
australia,2006,3.555287737
austria,2006,1.441548511
azerbaijan,2006,8.328924829
burundi,2006,2.745420002
belgium,2006,1.791207701
benin,2006,
burkina faso,2006,
bangladesh,2006,
bulgaria,2006,7.261594628
bahrain,2006,
"bahamas, the",2006,
bosnia and herzegovina,2006,6.125566156
belarus,2006,6.997129035
belize,2006,
bermuda,2006,
bolivia,2006,4.282396048
brazil,2006,4.183568129
barbados,2006,
brunei darussalam,2006,
bhutan,2006,
botswana,2006,
central african republic,2006,
canada,2006,2.002025395
central europe and the baltics,2006,3.930326038
switzerland,2006,1.059509283
channel islands,2006,
chile,2006,3.392017337
china,2006,1.649430995
cote d'ivoire,2006,2.467191486
cameroon,2006,
"congo, dem. rep.",2006,
"congo, rep.",2006,
colombia,2006,4.293423636
comoros,2006,
cabo verde,2006,
costa rica,2006,11.47059681
caribbean small states,2006,4.25195322
cuba,2006,
curacao,2006,3.114995241
cayman islands,2006,
cyprus,2006,2.30468733
czechia,2006,2.533992583
germany,2006,1.577426428
djibouti,2006,
dominica,2006,2.202391326
denmark,2006,1.924221385
dominican republic,2006,7.572805239
algeria,2006,2.311499185
east asia & pacific (excluding high income),2006,
early-demographic dividend,2006,5.810685505
east asia & pacific,2006,
europe & central asia (excluding high income),2006,8.525309345
europe & central asia,2006,3.213629296
ecuador,2006,3.298748463
"egypt, arab rep.",2006,
euro area,2006,2.720047505
eritrea,2006,
spain,2006,3.515575768
estonia,2006,4.437620424
ethiopia,2006,12.29947631
european union,2006,2.666314946
fragile and conflict affected situations,2006,
finland,2006,1.566663807
fiji,2006,
france,2006,1.675124496
faroe islands,2006,
"micronesia, fed. sts.",2006,4.637370086
gabon,2006,
united kingdom,2006,2.455661664
georgia,2006,9.160965084
ghana,2006,11.67918394
gibraltar,2006,
guinea,2006,
"gambia, the",2006,2.056503424
guinea-bissau,2006,
equatorial guinea,2006,
greece,2006,3.195946841
grenada,2006,4.25195322
greenland,2006,
guatemala,2006,6.560852828
guam,2006,
guyana,2006,6.677157904
high income,2006,3.107665459
"hong kong sar, china",2006,2.000251604
honduras,2006,5.577752077
heavily indebted poor countries (hipc),2006,
croatia,2006,3.189825915
haiti,2006,11.34521522
hungary,2006,3.930326038
ibrd only,2006,6.558514123
ida & ibrd total,2006,6.149116065
ida total,2006,
ida blend,2006,
indonesia,2006,13.10867099
ida only,2006,
isle of man,2006,
india,2006,5.796523376
not classified,2006,
ireland,2006,3.93576114
"iran, islamic rep.",2006,10.01589825
iraq,2006,
iceland,2006,6.687079061
israel,2006,2.054079146
italy,2006,2.09084391
jamaica,2006,8.561064087
jordan,2006,
japan,2006,0.249355116
kazakhstan,2006,8.721693861
kenya,2006,
kyrgyz republic,2006,5.552123332
cambodia,2006,5.810685505
kiribati,2006,
st. kitts and nevis,2006,8.487485758
"korea, rep.",2006,2.242340285
kuwait,2006,
latin america & caribbean (excluding high income),2006,4.293423636
lao pdr,2006,6.545594391
lebanon,2006,
liberia,2006,
libya,2006,
st. lucia,2006,2.395620825
latin america & caribbean,2006,4.293423636
least developed countries: un classification,2006,
low income,2006,
liechtenstein,2006,
sri lanka,2006,
lower middle income,2006,
low & middle income,2006,
lesotho,2006,6.072718797
late-demographic dividend,2006,5.017727268
lithuania,2006,3.739120041
luxembourg,2006,2.666314946
latvia,2006,6.536199088
"macao sar, china",2006,5.149973378
st. martin (french part),2006,
morocco,2006,
monaco,2006,
moldova,2006,12.77775578
madagascar,2006,10.76563716
maldives,2006,2.738421316
"middle east, north africa, afghanistan & pakistan",2006,
mexico,2006,3.629467624
marshall islands,2006,
middle income,2006,5.810685505
north macedonia,2006,3.213629296
mali,2006,
malta,2006,2.773780065
myanmar,2006,
"middle east, north africa, afghanistan & pakistan (excluding high income)",2006,
montenegro,2006,
mongolia,2006,
northern mariana islands,2006,
mozambique,2006,13.24508791
mauritania,2006,
mauritius,2006,8.913501057
malawi,2006,
malaysia,2006,3.609235642
north america,2006,2.613984748
namibia,2006,4.961166893
new caledonia,2006,
niger,2006,
nigeria,2006,8.22522152
nicaragua,2006,9.140199668
netherlands,2006,1.101501065
norway,2006,2.329349808
nepal,2006,6.920335807
nauru,2006,
new zealand,2006,3.365401962
oecd members,2006,2.600153765
oman,2006,3.544985916
other small states,2006,
pakistan,2006,
panama,2006,2.457893464
peru,2006,
philippines,2006,
palau,2006,4.429811434
papua new guinea,2006,
poland,2006,1.284693944
pre-demographic dividend,2006,
puerto rico (us),2006,
"korea, dem. people's rep.",2006,
portugal,2006,3.107665459
paraguay,2006,9.589349411
west bank and gaza,2006,3.842341256
pacific island small states,2006,
post-demographic dividend,2006,2.456793053
french polynesia,2006,
qatar,2006,
romania,2006,6.558514123
russian federation,2006,9.668654548
rwanda,2006,8.882826548
south asia,2006,5.796523376
saudi arabia,2006,2.209023502
sudan,2006,7.199129901
senegal,2006,2.112285839
singapore,2006,0.965657519
solomon islands,2006,
sierra leone,2006,
el salvador,2006,
san marino,2006,
"somalia, fed. rep.",2006,
serbia,2006,
sub-saharan africa (excluding high income),2006,
south sudan,2006,
sub-saharan africa,2006,
small states,2006,4.340882327
sao tome and principe,2006,
suriname,2006,11.28130433
slovak republic,2006,4.483331204
slovenia,2006,2.457924442
sweden,2006,1.360214686
eswatini,2006,
sint maarten (dutch part),2006,
seychelles,2006,
syrian arab republic,2006,
turks and caicos islands,2006,
chad,2006,
east asia & pacific (ida & ibrd countries),2006,
europe & central asia (ida & ibrd countries),2006,7.261594628
togo,2006,2.228977794
thailand,2006,
tajikistan,2006,10.01086519
turkmenistan,2006,
latin america & the caribbean (ida & ibrd countries),2006,5.577752077
timor-leste,2006,
"middle east, north africa, afghanistan & pakistan (ida & ibrd)",2006,
tonga,2006,6.149116065
south asia (ida & ibrd),2006,5.796523376
sub-saharan africa (ida & ibrd countries),2006,
trinidad and tobago,2006,8.329603515
tunisia,2006,3.225253374
turkiye,2006,9.597242123
tuvalu,2006,
tanzania,2006,
uganda,2006,
ukraine,2006,9.052524911
upper middle income,2006,6.125566156
uruguay,2006,6.397649744
united states,2006,3.225944101
uzbekistan,2006,
st. vincent and the grenadines,2006,2.740675161
"venezuela, rb",2006,
british virgin islands,2006,
virgin islands (u.s.),2006,
viet nam,2006,7.418017151
vanuatu,2006,2.040816327
world,2006,3.842341256
samoa,2006,3.700086806
kosovo,2006,0.621646939
"yemen, rep.",2006,
south africa,2006,3.243907654
zambia,2006,
zimbabwe,2006,
aruba,2007,5.392567845
africa eastern and southern,2007,
afghanistan,2007,8.680570785
africa western and central,2007,5.369134738
angola,2007,12.25149745
albania,2007,
andorra,2007,
arab world,2007,
united arab emirates,2007,
argentina,2007,
armenia,2007,
american samoa,2007,
antigua and barbuda,2007,1.416052594
australia,2007,2.327611289
austria,2007,2.168555288
azerbaijan,2007,16.69975496
burundi,2007,8.412062858
belgium,2007,1.8230563
benin,2007,
burkina faso,2007,
bangladesh,2007,
bulgaria,2007,8.40253419
bahrain,2007,
"bahamas, the",2007,
bosnia and herzegovina,2007,1.500777106
belarus,2007,8.426752735
belize,2007,
bermuda,2007,
bolivia,2007,8.705609236
brazil,2007,3.641272991
barbados,2007,
brunei darussalam,2007,
bhutan,2007,
botswana,2007,
central african republic,2007,0.959917619
canada,2007,2.138383993
central europe and the baltics,2007,4.837329283
switzerland,2007,0.732350603
channel islands,2007,
chile,2007,4.407799384
china,2007,4.816767674
cote d'ivoire,2007,1.892006293
cameroon,2007,
"congo, dem. rep.",2007,
"congo, rep.",2007,2.654646451
colombia,2007,5.544384858
comoros,2007,
cabo verde,2007,4.410997042
costa rica,2007,9.357244564
caribbean small states,2007,4.480886086
cuba,2007,
curacao,2007,2.995720399
cayman islands,2007,
cyprus,2007,2.372651837
czechia,2007,2.853124372
germany,2007,2.298344007
djibouti,2007,
dominica,2007,3.632221293
denmark,2007,1.693265862
dominican republic,2007,6.143566552
algeria,2007,3.678995747
east asia & pacific (excluding high income),2007,5.196915803
early-demographic dividend,2007,6.372881356
east asia & pacific,2007,3.764002592
europe & central asia (excluding high income),2007,9.737500361
europe & central asia,2007,2.895003215
ecuador,2007,2.27618478
"egypt, arab rep.",2007,
euro area,2007,2.482315467
eritrea,2007,
spain,2007,2.786797458
estonia,2007,6.601326031
ethiopia,2007,17.24040083
european union,2007,2.510665652
fragile and conflict affected situations,2007,
finland,2007,2.510665652
fiji,2007,
france,2007,1.48799806
faroe islands,2007,
"micronesia, fed. sts.",2007,3.30634278
gabon,2007,
united kingdom,2007,2.386561508
georgia,2007,9.244897456
ghana,2007,10.73426655
gibraltar,2007,
guinea,2007,18.17556561
"gambia, the",2007,5.369134738
guinea-bissau,2007,
equatorial guinea,2007,
greece,2007,2.895003215
grenada,2007,3.858829225
greenland,2007,
guatemala,2007,6.821617536
guam,2007,
guyana,2007,12.20015444
high income,2007,2.786797458
"hong kong sar, china",2007,2.035027134
honduras,2007,6.936214709
heavily indebted poor countries (hipc),2007,8.680570785
croatia,2007,2.899282756
haiti,2007,6.557227726
hungary,2007,7.958745165
ibrd only,2007,6.40656088
ida & ibrd total,2007,6.487080378
ida total,2007,6.557227726
ida blend,2007,4.134913133
indonesia,2007,6.40656088
ida only,2007,8.01243669
isle of man,2007,
india,2007,6.372881356
not classified,2007,
ireland,2007,4.885745375
"iran, islamic rep.",2007,17.34104046
iraq,2007,
iceland,2007,5.051557365
israel,2007,0.466226973
italy,2007,1.829741122
jamaica,2007,9.244820673
jordan,2007,4.74390639
japan,2007,0.060039454
kazakhstan,2007,10.84683621
kenya,2007,
kyrgyz republic,2007,10.23010327
cambodia,2007,8.708827706
kiribati,2007,3.592521313
st. kitts and nevis,2007,4.480886086
"korea, rep.",2007,2.534573821
kuwait,2007,
latin america & caribbean (excluding high income),2007,6.426279345
lao pdr,2007,4.661972695
lebanon,2007,
liberia,2007,11.39189668
libya,2007,
st. lucia,2007,2.823103737
latin america & caribbean,2007,6.143566552
least developed countries: un classification,2007,
low income,2007,
liechtenstein,2007,
sri lanka,2007,
lower middle income,2007,6.547881411
low & middle income,2007,6.487080378
lesotho,2007,8.01243669
late-demographic dividend,2007,6.601326031
lithuania,2007,5.737173828
luxembourg,2007,2.312458618
latvia,2007,10.09297758
"macao sar, china",2007,5.571496891
st. martin (french part),2007,
morocco,2007,
monaco,2007,
moldova,2007,12.36716684
madagascar,2007,10.28796632
maldives,2007,6.794773539
"middle east, north africa, afghanistan & pakistan",2007,
mexico,2007,3.966849055
marshall islands,2007,
middle income,2007,6.389721118
north macedonia,2007,2.251757983
mali,2007,
malta,2007,1.249219238
myanmar,2007,
"middle east, north africa, afghanistan & pakistan (excluding high income)",2007,
montenegro,2007,
mongolia,2007,9.630963096
northern mariana islands,2007,
mozambique,2007,8.489486755
mauritania,2007,
mauritius,2007,8.827292724
malawi,2007,
malaysia,2007,2.027353178
north america,2007,2.495528237
namibia,2007,6.547881411
new caledonia,2007,
niger,2007,
nigeria,2007,5.388007969
nicaragua,2007,11.12693474
netherlands,2007,1.613858598
norway,2007,0.712589074
nepal,2007,2.269219244
nauru,2007,
new zealand,2007,2.376143103
oecd members,2007,2.484704388
oman,2007,5.830484181
other small states,2007,
pakistan,2007,
panama,2007,4.168633003
peru,2007,
philippines,2007,
palau,2007,3.238750358
papua new guinea,2007,
poland,2007,2.458743124
pre-demographic dividend,2007,
puerto rico (us),2007,
"korea, dem. people's rep.",2007,
portugal,2007,2.453965281
paraguay,2007,8.130474177
west bank and gaza,2007,1.859743794
pacific island small states,2007,3.764002592
post-demographic dividend,2007,2.320034953
french polynesia,2007,
qatar,2007,
romania,2007,4.837329283
russian federation,2007,9.007298689
rwanda,2007,9.080722059
south asia,2007,6.372881356
saudi arabia,2007,4.167827165
sudan,2007,14.75427708
senegal,2007,5.853304285
singapore,2007,2.109801667
solomon islands,2007,
sierra leone,2007,
el salvador,2007,
san marino,2007,
"somalia, fed. rep.",2007,
serbia,2007,
sub-saharan africa (excluding high income),2007,
south sudan,2007,
sub-saharan africa,2007,
small states,2007,4.480886086
sao tome and principe,2007,
suriname,2007,6.426279345
slovak republic,2007,2.756723716
slovenia,2007,3.657495633
sweden,2007,2.212168834
eswatini,2007,8.076088279
sint maarten (dutch part),2007,
seychelles,2007,
syrian arab republic,2007,
turks and caicos islands,2007,
chad,2007,
east asia & pacific (ida & ibrd countries),2007,4.816767674
europe & central asia (ida & ibrd countries),2007,8.75618091
togo,2007,0.945673272
thailand,2007,
tajikistan,2007,13.14912471
turkmenistan,2007,
latin america & the caribbean (ida & ibrd countries),2007,6.426279345
timor-leste,2007,
"middle east, north africa, afghanistan & pakistan (ida & ibrd)",2007,
tonga,2007,5.842248749
south asia (ida & ibrd),2007,6.372881356
sub-saharan africa (ida & ibrd countries),2007,
trinidad and tobago,2007,7.894388348
tunisia,2007,2.966944325
turkiye,2007,8.75618091
tuvalu,2007,
tanzania,2007,
uganda,2007,
ukraine,2007,12.83877962
upper middle income,2007,6.177812148
uruguay,2007,8.114645612
united states,2007,2.852672482
uzbekistan,2007,
st. vincent and the grenadines,2007,7.236147016
"venezuela, rb",2007,
british virgin islands,2007,
virgin islands (u.s.),2007,
viet nam,2007,8.344448898
vanuatu,2007,3.935483871
world,2007,4.827048478
samoa,2007,5.577063932
kosovo,2007,4.358496953
"yemen, rep.",2007,
south africa,2007,6.177812148
zambia,2007,
zimbabwe,2007,
aruba,2008,8.955987052
africa eastern and southern,2008,12.65746019
afghanistan,2008,26.41866415
africa western and central,2008,8.452976233
angola,2008,12.47582913
albania,2008,3.320870904
andorra,2008,
arab world,2008,
united arab emirates,2008,
argentina,2008,
armenia,2008,
american samoa,2008,
antigua and barbuda,2008,5.333806398
australia,2008,4.35029855
austria,2008,3.215950332
azerbaijan,2008,20.84908718
burundi,2008,24.40695104
belgium,2008,4.489444205
benin,2008,
burkina faso,2008,
bangladesh,2008,
bulgaria,2008,12.3487196
bahrain,2008,
"bahamas, the",2008,
bosnia and herzegovina,2008,7.427043103
belarus,2008,14.83787648
belize,2008,
bermuda,2008,
bolivia,2008,14.00681077
brazil,2008,5.678593903
barbados,2008,
brunei darussalam,2008,
bhutan,2008,
botswana,2008,
central african republic,2008,9.258950994
canada,2008,2.370270674
central europe and the baltics,2008,6.358663802
switzerland,2008,2.426041171
channel islands,2008,
chile,2008,8.71626873
china,2008,5.92525137
cote d'ivoire,2008,6.308527692
cameroon,2008,
"congo, dem. rep.",2008,
"congo, rep.",2008,4.95875092
colombia,2008,6.996884956
comoros,2008,
cabo verde,2008,6.774435464
costa rica,2008,13.42446355
caribbean small states,2008,8.033273277
cuba,2008,
curacao,2008,6.876323937
cayman islands,2008,
cyprus,2008,4.669008419
czechia,2008,6.358663802
germany,2008,2.628379816
djibouti,2008,
dominica,2008,6.359921833
denmark,2008,3.416267943
dominican republic,2008,10.6446211
algeria,2008,4.858590628
east asia & pacific (excluding high income),2008,10.33682692
early-demographic dividend,2008,10.44698751
east asia & pacific,2008,8.026267269
europe & central asia (excluding high income),2008,12.59701702
europe & central asia,2008,6.042512539
ecuador,2008,8.40009594
"egypt, arab rep.",2008,
euro area,2008,4.11407022
eritrea,2008,
spain,2008,4.07534336
estonia,2008,10.36235803
ethiopia,2008,44.35668588
european union,2008,4.164971935
fragile and conflict affected situations,2008,
finland,2008,4.065953554
fiji,2008,
france,2008,2.812861949
faroe islands,2008,
"micronesia, fed. sts.",2008,8.423725662
gabon,2008,
united kingdom,2008,3.521408563
georgia,2008,9.999487616
ghana,2008,16.49463961
gibraltar,2008,
guinea,2008,23.06561294
"gambia, the",2008,4.443654909
guinea-bissau,2008,
equatorial guinea,2008,
greece,2008,4.152797081
grenada,2008,8.033273277
greenland,2008,
guatemala,2008,11.35576113
guam,2008,
guyana,2008,8.10202207
high income,2008,4.671452487
"hong kong sar, china",2008,4.303154841
honduras,2008,11.40342708
heavily indebted poor countries (hipc),2008,14.15196661
croatia,2008,6.076968388
haiti,2008,15.28177448
hungary,2008,6.042512539
ibrd only,2008,9.999487616
ida & ibrd total,2008,10.22666633
ida total,2008,11.05954661
ida blend,2008,7.40385437
indonesia,2008,10.22666633
ida only,2008,11.80368259
isle of man,2008,
india,2008,8.349267049
not classified,2008,
ireland,2008,4.035688349
"iran, islamic rep.",2008,25.41050903
iraq,2008,
iceland,2008,12.69439428
israel,2008,4.527447651
italy,2008,3.347832584
jamaica,2008,22.0228385
jordan,2008,13.971231
japan,2008,1.380078862
kazakhstan,2008,17.13989978
kenya,2008,
kyrgyz republic,2008,24.52010242
cambodia,2008,24.09685193
kiribati,2008,13.66539953
st. kitts and nevis,2008,5.300296751
"korea, rep.",2008,4.673896555
kuwait,2008,
latin america & caribbean (excluding high income),2008,10.15478465
lao pdr,2008,7.628808876
lebanon,2008,
liberia,2008,17.48944864
libya,2008,
st. lucia,2008,5.549547694
latin america & caribbean,2008,8.758683177
least developed countries: un classification,2008,
low income,2008,
liechtenstein,2008,
sri lanka,2008,
lower middle income,2008,11.49225113
low & middle income,2008,10.33539735
lesotho,2008,10.71566613
late-demographic dividend,2008,9.732283171
lithuania,2008,10.92588562
luxembourg,2008,3.40187963
latvia,2008,15.40231911
"macao sar, china",2008,8.611018586
st. martin (french part),2008,
morocco,2008,3.714843115
monaco,2008,
moldova,2008,12.78304726
madagascar,2008,9.296508394
maldives,2008,12.04145835
"middle east, north africa, afghanistan & pakistan",2008,
mexico,2008,5.124982746
marshall islands,2008,
middle income,2008,10.22666633
north macedonia,2008,8.33189667
mali,2008,
malta,2008,4.258621719
myanmar,2008,
"middle east, north africa, afghanistan & pakistan (excluding high income)",2008,
montenegro,2008,
mongolia,2008,27.95566502
northern mariana islands,2008,
mozambique,2008,14.5028053
mauritania,2008,
mauritius,2008,9.732283171
malawi,2008,
malaysia,2008,5.440782211
north america,2008,3.104685486
namibia,2008,9.094643072
new caledonia,2008,
niger,2008,
nigeria,2008,11.58107517
nicaragua,2008,19.82620313
netherlands,2008,2.486501983
norway,2008,3.753930818
nepal,2008,9.907830053
nauru,2008,
new zealand,2008,3.958949373
oecd members,2008,4.11407022
oman,2008,12.37540915
other small states,2008,10.36235803
pakistan,2008,
panama,2008,8.758683177
peru,2008,
philippines,2008,
palau,2008,11.96557468
papua new guinea,2008,
poland,2008,4.164971935
pre-demographic dividend,2008,
puerto rico (us),2008,
"korea, dem. people's rep.",2008,
portugal,2008,2.588506577
paraguay,2008,10.15478465
west bank and gaza,2008,9.889997887
pacific island small states,2008,11.00644718
post-demographic dividend,2008,4.11407022
french polynesia,2008,
qatar,2008,
romania,2008,7.850802557
russian federation,2008,14.11076778
rwanda,2008,15.43821387
south asia,2008,9.907830053
saudi arabia,2008,9.870244184
sudan,2008,14.29712245
senegal,2008,7.347202366
singapore,2008,6.635440584
solomon islands,2008,
sierra leone,2008,8.211124323
el salvador,2008,
san marino,2008,
"somalia, fed. rep.",2008,
serbia,2008,12.41098678
sub-saharan africa (excluding high income),2008,9.90998456
south sudan,2008,
sub-saharan africa,2008,10.71566613
small states,2008,9.899262498
sao tome and principe,2008,
suriname,2008,14.66714274
slovak republic,2008,4.598179763
slovenia,2008,5.647423806
sweden,2008,3.437049106
eswatini,2008,12.65746019
sint maarten (dutch part),2008,
seychelles,2008,36.96475829
syrian arab republic,2008,
turks and caicos islands,2008,
chad,2008,
east asia & pacific (ida & ibrd countries),2008,10.44698751
europe & central asia (ida & ibrd countries),2008,12.3487196
togo,2008,8.694828144
thailand,2008,
tajikistan,2008,20.47052191
turkmenistan,2008,
latin america & the caribbean (ida & ibrd countries),2008,8.758683177
timor-leste,2008,
"middle east, north africa, afghanistan & pakistan (ida & ibrd)",2008,
tonga,2008,10.44698751
south asia (ida & ibrd),2008,9.907830053
sub-saharan africa (ida & ibrd countries),2008,10.71566613
trinidad and tobago,2008,12.03034455
tunisia,2008,4.345028076
turkiye,2008,10.44412838
tuvalu,2008,
tanzania,2008,
uganda,2008,
ukraine,2008,25.22646171
upper middle income,2008,10.06624182
uruguay,2008,7.877073747
united states,2008,3.839100297
uzbekistan,2008,
st. vincent and the grenadines,2008,10.06624182
"venezuela, rb",2008,
british virgin islands,2008,
virgin islands (u.s.),2008,
viet nam,2008,23.11544835
vanuatu,2008,4.841713222
world,2008,8.694828144
samoa,2008,11.56590684
kosovo,2008,9.350417647
"yemen, rep.",2008,
south africa,2008,9.90998456
zambia,2008,
zimbabwe,2008,
aruba,2009,-2.13542872
africa eastern and southern,2009,8.718931035
afghanistan,2009,-6.811161089
africa western and central,2009,4.415003748
angola,2009,13.73028393
albania,2009,2.266922095
andorra,2009,
arab world,2009,
united arab emirates,2009,1.561813174
argentina,2009,
armenia,2009,
american samoa,2009,
antigua and barbuda,2009,-0.550159996
australia,2009,1.771117166
austria,2009,0.506308828
azerbaijan,2009,1.45704836
burundi,2009,10.55543553
belgium,2009,-0.053145674
benin,2009,0.896072356
burkina faso,2009,
bangladesh,2009,
bulgaria,2009,2.753202239
bahrain,2009,
"bahamas, the",2009,
bosnia and herzegovina,2009,-0.381464282
belarus,2009,12.94565634
belize,2009,
bermuda,2009,
bolivia,2009,3.346454201
brazil,2009,4.888034799
barbados,2009,
brunei darussalam,2009,
bhutan,2009,
botswana,2009,
central african republic,2009,3.521262272
canada,2009,0.299466803
central europe and the baltics,2009,2.753202239
switzerland,2009,-0.480481936
channel islands,2009,
chile,2009,0.353045178
china,2009,-0.728165251
cote d'ivoire,2009,1.019504577
cameroon,2009,
"congo, dem. rep.",2009,
"congo, rep.",2009,4.415003748
colombia,2009,4.202516612
comoros,2009,
cabo verde,2009,0.991103481
costa rica,2009,7.842701677
caribbean small states,2009,0.006263571
cuba,2009,
curacao,2009,1.753316054
cayman islands,2009,
cyprus,2009,0.326276652
czechia,2009,1.019377353
germany,2009,0.312739007
djibouti,2009,
dominica,2009,0.006263571
denmark,2009,1.30470991
dominican republic,2009,1.442151318
algeria,2009,5.737060361
east asia & pacific (excluding high income),2009,4.29706573
early-demographic dividend,2009,4.530176591
east asia & pacific,2009,1.771117166
europe & central asia (excluding high income),2009,4.258949363
europe & central asia,2009,1.30470991
ecuador,2009,5.159968292
"egypt, arab rep.",2009,
euro area,2009,0.437175413
eritrea,2009,
spain,2009,-0.287813084
estonia,2009,-0.078408311
ethiopia,2009,8.483644045
european union,2009,0.839262247
fragile and conflict affected situations,2009,
finland,2009,-9.17e-07
fiji,2009,3.13103559
france,2009,0.087620478
faroe islands,2009,
"micronesia, fed. sts.",2009,6.393602577
gabon,2009,
united kingdom,2009,1.961731736
georgia,2009,1.727514611
ghana,2009,19.24694822
gibraltar,2009,
guinea,2009,4.68438869
"gambia, the",2009,4.561506877
guinea-bissau,2009,
equatorial guinea,2009,
greece,2009,1.210072692
grenada,2009,-0.30865478
greenland,2009,
guatemala,2009,1.859102547
guam,2009,
guyana,2009,2.952300964
high income,2009,1.438135383
"hong kong sar, china",2009,0.579441418
honduras,2009,5.496342738
heavily indebted poor countries (hipc),2009,4.415003748
croatia,2009,2.378528459
haiti,2009,0.39388604
hungary,2009,4.211711712
ibrd only,2009,3.998954518
ida & ibrd total,2009,4.202516612
ida total,2009,4.29706573
ida blend,2009,0.991103481
indonesia,2009,4.386413118
ida only,2009,4.622947783
isle of man,2009,
india,2009,10.88235294
not classified,2009,
ireland,2009,-4.447546869
"iran, islamic rep.",2009,13.55155483
iraq,2009,
iceland,2009,12.00312985
israel,2009,3.367623173
italy,2009,0.774768131
jamaica,2009,9.592245989
jordan,2009,-0.739069743
japan,2009,-1.35283673
kazakhstan,2009,7.316078583
kenya,2009,
kyrgyz republic,2009,6.836562481
cambodia,2009,-1.241717542
kiribati,2009,9.816438845
st. kitts and nevis,2009,2.05793709
"korea, rep.",2009,2.756496545
kuwait,2009,
latin america & caribbean (excluding high income),2009,2.591946734
lao pdr,2009,0.141187675
lebanon,2009,1.195096712
liberia,2009,7.427643059
libya,2009,
st. lucia,2009,-0.156936087
latin america & caribbean,2009,2.409053041
least developed countries: un classification,2009,4.68438869
low income,2009,
liechtenstein,2009,
sri lanka,2009,
lower middle income,2009,4.356034739
low & middle income,2009,4.249791171
lesotho,2009,-16.85969105
late-demographic dividend,2009,3.041668277
lithuania,2009,4.453044565
luxembourg,2009,0.368041998
latvia,2009,3.534106729
"macao sar, china",2009,1.169066955
st. martin (french part),2009,
morocco,2009,0.971862999
monaco,2009,
moldova,2009,-0.062718597
madagascar,2009,8.954218024
maldives,2009,4.530176591
"middle east, north africa, afghanistan & pakistan",2009,2.753934851
mexico,2009,5.297355842
marshall islands,2009,
middle income,2009,3.675952456
north macedonia,2009,-0.739633963
mali,2009,
malta,2009,2.084327461
myanmar,2009,
"middle east, north africa, afghanistan & pakistan (excluding high income)",2009,1.974515781
montenegro,2009,
mongolia,2009,7.619505935
northern mariana islands,2009,
mozambique,2009,3.788613309
mauritania,2009,
mauritius,2009,2.516091281
malawi,2009,
malaysia,2009,0.583308406
north america,2009,-0.028039732
namibia,2009,9.451726515
new caledonia,2009,
niger,2009,
nigeria,2009,12.53782773
nicaragua,2009,3.687001605
netherlands,2009,1.18977687
norway,2009,2.197385869
nepal,2009,11.09482374
nauru,2009,
new zealand,2009,2.115651106
oecd members,2009,1.104577112
oman,2009,3.468810238
other small states,2009,2.516091281
pakistan,2009,
panama,2009,2.409053041
peru,2009,
philippines,2009,
palau,2009,1.438135383
papua new guinea,2009,
poland,2009,3.795392425
pre-demographic dividend,2009,
puerto rico (us),2009,
"korea, dem. people's rep.",2009,
portugal,2009,-0.835530022
paraguay,2009,2.591946734
west bank and gaza,2009,2.753934851
pacific island small states,2009,4.29706573
post-demographic dividend,2009,0.807015189
french polynesia,2009,
qatar,2009,
romania,2009,5.587420043
russian federation,2009,11.64732958
rwanda,2009,12.94439784
south asia,2009,10.88235294
saudi arabia,2009,5.057223369
sudan,2009,11.25675871
senegal,2009,-2.248021479
singapore,2009,0.58914202
solomon islands,2009,
sierra leone,2009,7.469018985
el salvador,2009,
san marino,2009,
"somalia, fed. rep.",2009,
serbia,2009,8.116950922
sub-saharan africa (excluding high income),2009,5.006273615
south sudan,2009,5.006273615
sub-saharan africa,2009,7.238095238
small states,2009,2.084327461
sao tome and principe,2009,
suriname,2009,-0.133636647
slovak republic,2009,1.615104641
slovenia,2009,0.839262247
sweden,2009,-0.494460544
eswatini,2009,7.448234234
sint maarten (dutch part),2009,
seychelles,2009,31.75444077
syrian arab republic,2009,
turks and caicos islands,2009,
chad,2009,
east asia & pacific (ida & ibrd countries),2009,3.71405066
europe & central asia (ida & ibrd countries),2009,3.795392425
togo,2009,3.71360592
thailand,2009,
tajikistan,2009,6.448234811
turkmenistan,2009,
latin america & the caribbean (ida & ibrd countries),2009,2.591946734
timor-leste,2009,
"middle east, north africa, afghanistan & pakistan (ida & ibrd)",2009,1.195096712
tonga,2009,1.426859721
south asia (ida & ibrd),2009,10.88235294
sub-saharan africa (ida & ibrd countries),2009,7.238095238
trinidad and tobago,2009,6.978087253
tunisia,2009,3.664903306
turkiye,2009,6.250976631
tuvalu,2009,
tanzania,2009,
uganda,2009,
ukraine,2009,15.88119246
upper middle income,2009,2.554019008
uruguay,2009,7.062218744
united states,2009,-0.355546266
uzbekistan,2009,
st. vincent and the grenadines,2009,0.421539126
"venezuela, rb",2009,
british virgin islands,2009,
virgin islands (u.s.),2009,
viet nam,2009,6.7169827
vanuatu,2009,4.29706573
world,2009,2.462572161
samoa,2009,6.324953362
kosovo,2009,-2.410264017
"yemen, rep.",2009,
south africa,2009,7.238095238
zambia,2009,
zimbabwe,2009,
aruba,2010,2.078140719
africa eastern and southern,2010,4.509236918
afghanistan,2010,2.178537524
africa western and central,2010,2.207835325
angola,2010,14.46965649
albania,2010,3.626046956
andorra,2010,
arab world,2010,
united arab emirates,2010,0.877983288
argentina,2010,
armenia,2010,
american samoa,2010,
antigua and barbuda,2010,3.370025402
australia,2010,2.918340027
austria,2010,1.81353439
azerbaijan,2010,5.726872247
burundi,2010,6.493265915
belgium,2010,2.189299204
benin,2010,2.207835325
burkina faso,2010,
bangladesh,2010,
bulgaria,2010,2.438990605
bahrain,2010,
"bahamas, the",2010,
bosnia and herzegovina,2010,1.996212367
belarus,2010,7.735748043
belize,2010,
bermuda,2010,
bolivia,2010,2.503276058
brazil,2010,5.038726901
barbados,2010,
brunei darussalam,2010,
bhutan,2010,
botswana,2010,
central african republic,2010,1.4910237
canada,2010,1.776871541
central europe and the baltics,2010,1.801170221
switzerland,2010,0.688238707
channel islands,2010,
chile,2010,1.41071108
china,2010,3.175324753
cote d'ivoire,2010,1.226456121
cameroon,2010,
"congo, dem. rep.",2010,
"congo, rep.",2010,0.391525011
colombia,2010,2.272002279
comoros,2010,
cabo verde,2010,2.078664709
costa rica,2010,5.662757084
caribbean small states,2010,3.370025402
cuba,2010,
curacao,2010,2.779442613
cayman islands,2010,0.276140862
cyprus,2010,2.430040841
czechia,2010,1.472727273
germany,2010,1.103810378
djibouti,2010,
dominica,2010,2.999366305
denmark,2010,2.31092437
dominican republic,2010,6.329932201
algeria,2010,3.911061955
east asia & pacific (excluding high income),2010,3.534912392
early-demographic dividend,2010,4.332982072
east asia & pacific,2010,2.918340027
europe & central asia (excluding high income),2010,6.777746691
europe & central asia,2010,2.418906395
ecuador,2010,3.554377346
"egypt, arab rep.",2010,
euro area,2010,1.520575579
eritrea,2010,
spain,2010,1.799864577
estonia,2010,2.97204512
ethiopia,2010,8.14926403
european union,2010,1.531122704
fragile and conflict affected situations,2010,
finland,2010,1.184135232
fiji,2010,3.689012297
france,2010,1.531122704
faroe islands,2010,
"micronesia, fed. sts.",2010,3.313709631
gabon,2010,
united kingdom,2010,2.492654725
georgia,2010,7.110178975
ghana,2010,10.73338984
gibraltar,2010,
guinea,2010,15.05026886
"gambia, the",2010,5.049680759
guinea-bissau,2010,
equatorial guinea,2010,
greece,2010,4.712989078
grenada,2010,3.436509059
greenland,2010,
guatemala,2010,3.859509098
guam,2010,
guyana,2010,3.733377577
high income,2010,2.23148916
"hong kong sar, china",2010,2.292890886
honduras,2010,4.69889065
heavily indebted poor countries (hipc),2010,4.827341901
croatia,2010,1.030555053
haiti,2010,4.827341901
hungary,2010,4.855557957
ibrd only,2010,4.156727227
ida & ibrd total,2010,4.03194542
ida total,2010,3.733377577
ida blend,2010,3.250344092
indonesia,2010,5.13420639
ida only,2010,4.763116275
isle of man,2010,
india,2010,11.98938992
not classified,2010,
ireland,2010,-0.918388645
"iran, islamic rep.",2010,10.08936293
iraq,2010,
iceland,2010,5.396731132
israel,2010,2.702702703
italy,2010,1.525516021
jamaica,2010,12.610552
jordan,2010,4.845518759
japan,2010,-0.728243208
kazakhstan,2010,7.400463563
kenya,2010,
kyrgyz republic,2010,7.967722256
cambodia,2010,3.996395281
kiribati,2010,-3.899550407
st. kitts and nevis,2010,0.85087865
"korea, rep.",2010,2.939286527
kuwait,2010,
latin america & caribbean (excluding high income),2010,4.008118163
lao pdr,2010,5.982545216
lebanon,2010,3.983479419
liberia,2010,7.289927969
libya,2010,
st. lucia,2010,3.250344092
latin america & caribbean,2010,3.554377346
least developed countries: un classification,2010,5.049680759
low income,2010,
liechtenstein,2010,
sri lanka,2010,
lower middle income,2010,4.604063784
low & middle income,2010,4.156727227
lesotho,2010,-2.405242546
late-demographic dividend,2010,3.482513296
lithuania,2010,1.319213621
luxembourg,2010,2.273679116
latvia,2010,-1.08463595
"macao sar, china",2010,2.809472421
st. martin (french part),2010,
morocco,2010,0.993557401
monaco,2010,
moldova,2010,7.483850864
madagascar,2010,9.247321736
maldives,2010,6.149885368
"middle east, north africa, afghanistan & pakistan",2010,3.544068456
mexico,2010,4.156727227
marshall islands,2010,
middle income,2010,4.06749556
north macedonia,2010,1.50997522
mali,2010,
malta,2010,1.515635136
myanmar,2010,
"middle east, north africa, afghanistan & pakistan (excluding high income)",2010,3.911061955
montenegro,2010,
mongolia,2010,10.04620659
northern mariana islands,2010,
mozambique,2010,12.42554217
mauritania,2010,
mauritius,2010,2.932363014
malawi,2010,
malaysia,2010,1.622852356
north america,2010,1.708457492
namibia,2010,4.874919876
new caledonia,2010,
niger,2010,
nigeria,2010,13.74005214
nicaragua,2010,5.455134259
netherlands,2010,1.275305696
norway,2010,2.418906395
nepal,2010,9.326504107
nauru,2010,
new zealand,2010,2.30202386
oecd members,2010,1.807352306
oman,2010,3.256579591
other small states,2010,2.932363014
pakistan,2010,12.93887056
panama,2010,3.491288726
peru,2010,
philippines,2010,
palau,2010,1.442190174
papua new guinea,2010,
poland,2010,2.580693703
pre-demographic dividend,2010,
puerto rico (us),2010,
"korea, dem. people's rep.",2010,
portugal,2010,1.402572899
paraguay,2010,4.651162791
west bank and gaza,2010,3.749157276
pacific island small states,2010,2.762694695
post-demographic dividend,2010,1.904873379
french polynesia,2010,
qatar,2010,
romania,2010,6.091416686
russian federation,2010,6.849392303
rwanda,2010,-0.246128693
south asia,2010,9.326504107
saudi arabia,2010,5.33941623
sudan,2010,12.97766639
senegal,2010,1.228681197
singapore,2010,2.828845276
solomon islands,2010,
sierra leone,2010,7.185662757
el salvador,2010,1.179335769
san marino,2010,
"somalia, fed. rep.",2010,
serbia,2010,6.142553602
sub-saharan africa (excluding high income),2010,4.288366239
south sudan,2010,1.169621803
sub-saharan africa,2010,4.288366239
small states,2010,2.999366305
sao tome and principe,2010,
suriname,2010,6.941082216
slovak republic,2010,0.957018133
slovenia,2010,1.801170221
sweden,2010,1.157988027
eswatini,2010,4.509236918
sint maarten (dutch part),2010,
seychelles,2010,-2.404638751
syrian arab republic,2010,
turks and caicos islands,2010,
chad,2010,
east asia & pacific (ida & ibrd countries),2010,3.424311012
europe & central asia (ida & ibrd countries),2010,6.142553602
togo,2010,1.445945174
thailand,2010,
tajikistan,2010,6.445314408
turkmenistan,2010,
latin america & the caribbean (ida & ibrd countries),2010,3.796443338
timor-leste,2010,
"middle east, north africa, afghanistan & pakistan (ida & ibrd)",2010,3.947270687
tonga,2010,3.534912392
south asia (ida & ibrd),2010,9.326504107
sub-saharan africa (ida & ibrd countries),2010,4.288366239
trinidad and tobago,2010,10.54920032
tunisia,2010,3.338979636
turkiye,2010,8.566444206
tuvalu,2010,
tanzania,2010,
uganda,2010,
ukraine,2010,9.372931051
upper middle income,2010,3.911061955
uruguay,2010,6.69870887
united states,2010,1.640043442
uzbekistan,2010,
st. vincent and the grenadines,2010,0.747109026
"venezuela, rb",2010,
british virgin islands,2010,
virgin islands (u.s.),2010,
viet nam,2010,9.207466488
vanuatu,2010,2.762694695
world,2010,3.212834422
samoa,2010,0.777007269
kosovo,2010,3.480507637
"yemen, rep.",2010,
south africa,2010,4.06749556
zambia,2010,
zimbabwe,2010,3.022670025
aruba,2011,4.316297422
africa eastern and southern,2011,8.459872334
afghanistan,2011,11.80418581
africa western and central,2011,4.018699075
angola,2011,13.48246792
albania,2011,3.429123247
andorra,2011,
arab world,2011,4.638687697
united arab emirates,2011,0.877346596
argentina,2011,
armenia,2011,7.650008079
american samoa,2011,
antigua and barbuda,2011,3.456749672
australia,2011,3.303850156
austria,2011,3.286579149
azerbaijan,2011,7.858333333
burundi,2011,9.59216606
belgium,2011,3.532082107
benin,2011,2.704239077
burkina faso,2011,2.759767249
bangladesh,2011,11.39516516
bulgaria,2011,4.219903466
bahrain,2011,-0.400040697
"bahamas, the",2011,3.198781417
bosnia and herzegovina,2011,3.67125
belarus,2011,53.22869831
belize,2011,
bermuda,2011,
bolivia,2011,9.884464198
brazil,2011,6.636449622
barbados,2011,9.432202402
brunei darussalam,2011,0.137911563
bhutan,2011,
botswana,2011,8.459872334
central african republic,2011,1.194475724
canada,2011,2.912135089
central europe and the baltics,2011,4.130275626
switzerland,2011,0.231349208
channel islands,2011,
chile,2011,3.341216943
china,2011,5.553898923
cote d'ivoire,2011,4.912433951
cameroon,2011,2.939699463
"congo, dem. rep.",2011,
"congo, rep.",2011,1.759587043
colombia,2011,3.415033448
comoros,2011,1.842663008
cabo verde,2011,4.473883422
costa rica,2011,4.87799831
caribbean small states,2011,3.456749672
cuba,2011,
curacao,2011,2.332531526
cayman islands,2011,1.325435758
cyprus,2011,3.289449396
czechia,2011,1.917219136
germany,2011,2.075172837
djibouti,2011,5.068713948
dominica,2011,1.131231365
denmark,2011,2.758682261
dominican republic,2011,5.796768092
algeria,2011,4.524211505
east asia & pacific (excluding high income),2011,5.235415915
early-demographic dividend,2011,5.796768092
east asia & pacific,2011,4.869938597
europe & central asia (excluding high income),2011,7.858333333
europe & central asia,2011,3.856112447
ecuador,2011,4.474532658
"egypt, arab rep.",2011,10.06492599
euro area,2011,3.288014272
eritrea,2011,
spain,2011,3.196101888
estonia,2011,4.981901315
ethiopia,2011,33.24995988
european union,2011,3.289449396
fragile and conflict affected situations,2011,5.033781205
finland,2011,3.416807543
fiji,2011,7.278117827
france,2011,2.111597952
faroe islands,2011,
"micronesia, fed. sts.",2011,5.082594039
gabon,2011,1.263317078
united kingdom,2011,3.856112447
georgia,2011,8.542933333
ghana,2011,8.728459371
gibraltar,2011,
guinea,2011,21.31692685
"gambia, the",2011,4.795882662
guinea-bissau,2011,5.046102263
equatorial guinea,2011,4.805389222
greece,2011,3.329853234
grenada,2011,3.033472803
greenland,2011,
guatemala,2011,6.214123931
guam,2011,
guyana,2011,4.977735637
high income,2011,3.413745477
"hong kong sar, china",2011,5.30524893
honduras,2011,6.762279573
heavily indebted poor countries (hipc),2011,6.381095825
croatia,2011,2.272727273
haiti,2011,6.332794838
hungary,2011,3.929920989
ibrd only,2011,5.454973707
ida & ibrd total,2011,5.789253288
ida total,2011,6.27075303
ida blend,2011,4.693158686
indonesia,2011,5.356048491
ida only,2011,6.429396811
isle of man,2011,
india,2011,8.911793365
not classified,2011,
ireland,2011,2.548978302
"iran, islamic rep.",2011,26.29338567
iraq,2011,
iceland,2011,4.001026643
israel,2011,3.488372093
italy,2011,2.780632729
jamaica,2011,7.555856466
jordan,2011,4.162441629
japan,2011,-0.272455616
kazakhstan,2011,8.452904662
kenya,2011,14.0224913
kyrgyz republic,2011,16.63632627
cambodia,2011,5.478447496
kiribati,2011,1.497409799
st. kitts and nevis,2011,5.835165196
"korea, rep.",2011,4.025965004
kuwait,2011,4.839403499
latin america & caribbean (excluding high income),2011,5.796768092
lao pdr,2011,7.568988561
lebanon,2011,4.971485717
liberia,2011,8.488167518
libya,2011,15.51848153
st. lucia,2011,2.769407941
latin america & caribbean,2011,5.042434265
least developed countries: un classification,2011,6.381095825
low income,2011,6.79138292
liechtenstein,2011,
sri lanka,2011,6.716768436
lower middle income,2011,6.220110992
low & middle income,2011,6.107427146
lesotho,2011,5.036630521
late-demographic dividend,2011,4.370735599
lithuania,2011,4.130275626
luxembourg,2011,3.410683411
latvia,2011,4.370735599
"macao sar, china",2011,5.806246167
st. martin (french part),2011,
morocco,2011,0.90692491
monaco,2011,
moldova,2011,7.687251034
madagascar,2011,9.482540486
maldives,2011,11.27341461
"middle east, north africa, afghanistan & pakistan",2011,4.638687697
mexico,2011,3.407378246
marshall islands,2011,
middle income,2011,5.952097619
north macedonia,2011,3.904754221
mali,2011,2.955643952
malta,2011,2.962985282
myanmar,2011,5.021460146
"middle east, north africa, afghanistan & pakistan (excluding high income)",2011,5.020099832
montenegro,2011,3.450143112
mongolia,2011,8.411214953
northern mariana islands,2011,
mozambique,2011,11.16660561
mauritania,2011,5.686319596
mauritius,2011,6.522492549
malawi,2011,7.622822628
malaysia,2011,3.174470922
north america,2011,3.034488329
namibia,2011,5.005595181
new caledonia,2011,2.428996938
niger,2011,2.94238514
nigeria,2011,10.82613719
nicaragua,2011,8.082387981
netherlands,2011,2.341070178
norway,2011,1.284951588
nepal,2011,9.227075461
nauru,2011,0.3003003
new zealand,2011,4.027906674
oecd members,2011,3.374297594
oman,2011,4.042188671
other small states,2011,4.237455033
pakistan,2011,11.91609271
panama,2011,5.875802437
peru,2011,3.369310953
philippines,2011,4.718417047
palau,2011,4.674698795
papua new guinea,2011,4.44083401
poland,2011,4.239401496
pre-demographic dividend,2011,6.429396811
puerto rico (us),2011,
"korea, dem. people's rep.",2011,
portugal,2011,3.653011004
paraguay,2011,8.253968254
west bank and gaza,2011,2.877243585
pacific island small states,2011,4.674698795
post-demographic dividend,2011,3.329853234
french polynesia,2011,
qatar,2011,1.138366235
romania,2011,5.789253288
russian federation,2011,8.440464859
rwanda,2011,3.080170692
south asia,2011,9.227075461
saudi arabia,2011,5.826218862
sudan,2011,18.09661712
senegal,2011,3.403228298
singapore,2011,5.251156246
solomon islands,2011,
sierra leone,2011,6.79138292
el salvador,2011,5.128923767
san marino,2011,2.899795843
"somalia, fed. rep.",2011,
serbia,2011,11.13739763
sub-saharan africa (excluding high income),2011,5.046102263
south sudan,2011,46.85217572
sub-saharan africa,2011,5.046102263
small states,2011,4.237455033
sao tome and principe,2011,14.32716676
suriname,2011,17.71177964
slovak republic,2011,3.919285991
slovenia,2011,1.802851719
sweden,2011,2.961150738
eswatini,2011,6.107427146
sint maarten (dutch part),2011,4.584754357
seychelles,2011,2.559267722
syrian arab republic,2011,4.753163889
turks and caicos islands,2011,
chad,2011,2.029240537
east asia & pacific (ida & ibrd countries),2011,5.082594039
europe & central asia (ida & ibrd countries),2011,7.668629556
togo,2011,3.563514729
thailand,2011,3.808790581
tajikistan,2011,12.43154904
turkmenistan,2011,
latin america & the caribbean (ida & ibrd countries),2011,5.796768092
timor-leste,2011,13.49984024
"middle east, north africa, afghanistan & pakistan (ida & ibrd)",2011,5.068713948
tonga,2011,6.27075303
south asia (ida & ibrd),2011,9.227075461
sub-saharan africa (ida & ibrd countries),2011,5.046102263
trinidad and tobago,2011,5.107132893
tunisia,2011,3.24002842
turkiye,2011,6.471879671
tuvalu,2011,0.500580743
tanzania,2011,12.69096947
uganda,2011,16.56434962
ukraine,2011,7.955724663
upper middle income,2011,5.675333507
uruguay,2011,8.092832063
united states,2011,3.156841569
uzbekistan,2011,13.77974465
st. vincent and the grenadines,2011,3.186031116
"venezuela, rb",2011,26.09021232
british virgin islands,2011,
virgin islands (u.s.),2011,
viet nam,2011,18.67773228
vanuatu,2011,0.873793105
world,2011,4.795882662
samoa,2011,5.235415915
kosovo,2011,7.336417713
"yemen, rep.",2011,19.54356171
south africa,2011,5.000853388
zambia,2011,6.429396811
zimbabwe,2011,3.466129728
aruba,2012,0.627471993
africa eastern and southern,2012,8.939646828
afghanistan,2012,6.441212809
africa western and central,2012,4.578374635
angola,2012,10.27790492
albania,2012,2.031592684
andorra,2012,
arab world,2012,4.563536944
united arab emirates,2012,0.6622689
argentina,2012,
armenia,2012,2.558020078
american samoa,2012,
antigua and barbuda,2012,3.376880443
australia,2012,1.762780156
austria,2012,2.485675622
azerbaijan,2012,1.066213397
burundi,2012,18.16104531
belgium,2012,2.839663434
benin,2012,6.744682533
burkina faso,2012,3.818152403
bangladesh,2012,6.217504221
bulgaria,2012,2.954568298
bahrain,2012,2.7573967
"bahamas, the",2012,1.97336756
bosnia and herzegovina,2012,2.05267452
belarus,2012,59.21973602
belize,2012,1.300580745
bermuda,2012,
bolivia,2012,4.515602914
brazil,2012,5.40349914
barbados,2012,4.533347539
brunei darussalam,2012,0.111766261
bhutan,2012,
botswana,2012,7.536902611
central african republic,2012,5.478295943
canada,2012,1.515678231
central europe and the baltics,2012,3.334922677
switzerland,2012,-0.692552018
channel islands,2012,
chile,2012,3.007448402
china,2012,2.619524326
cote d'ivoire,2012,1.304511199
cameroon,2012,2.735296775
"congo, dem. rep.",2012,
"congo, rep.",2012,5.010187731
colombia,2012,3.169301888
comoros,2012,6.314744503
cabo verde,2012,2.540396442
costa rica,2012,4.495453144
caribbean small states,2012,2.504610591
cuba,2012,
curacao,2012,3.183987463
cayman islands,2012,1.188948452
cyprus,2012,2.3890541
czechia,2012,3.287623066
germany,2012,2.008488848
djibouti,2012,3.731209508
dominica,2012,1.356771478
denmark,2012,2.397914857
dominican republic,2012,3.694497079
algeria,2012,8.891450911
east asia & pacific (excluding high income),2012,3.020931707
early-demographic dividend,2012,5.012452374
east asia & pacific,2012,2.934316093
europe & central asia (excluding high income),2012,3.316055667
europe & central asia,2012,2.773338541
ecuador,2012,5.10172181
"egypt, arab rep.",2012,7.111729433
euro area,2012,2.541544741
eritrea,2012,
spain,2012,2.446127824
estonia,2012,3.933399873
ethiopia,2012,23.60041768
european union,2012,2.662841655
fragile and conflict affected situations,2012,5.478295943
finland,2012,2.808336226
fiji,2012,3.423375234
france,2012,1.954195316
faroe islands,2012,
"micronesia, fed. sts.",2012,5.01850353
gabon,2012,2.652418287
united kingdom,2012,2.573234797
georgia,2012,-0.943658853
ghana,2012,11.18634094
gibraltar,2012,
guinea,2012,15.2262941
"gambia, the",2012,4.254321998
guinea-bissau,2012,2.130545803
equatorial guinea,2012,3.656620483
greece,2012,1.501526962
grenada,2012,2.41077704
greenland,2012,
guatemala,2012,3.781807547
guam,2012,
guyana,2012,2.391935213
high income,2012,2.710119177
"hong kong sar, china",2012,4.053909509
honduras,2012,5.196186155
heavily indebted poor countries (hipc),2012,6.014294423
croatia,2012,3.412073491
haiti,2012,5.018041554
hungary,2012,5.652145171
ibrd only,2012,4.21238076
ida & ibrd total,2012,4.611844322
ida total,2012,5.323128471
ida blend,2012,4.177635871
indonesia,2012,4.279514269
ida only,2012,5.941301316
isle of man,2012,
india,2012,9.478996914
not classified,2012,
ireland,2012,1.694741167
"iran, islamic rep.",2012,27.25681272
iraq,2012,
iceland,2012,5.185899888
israel,2012,1.675537158
italy,2012,3.041363332
jamaica,2012,6.873977087
jordan,2012,4.515229567
japan,2012,-0.04406451
kazakhstan,2012,5.19568369
kenya,2012,9.377770035
kyrgyz republic,2012,2.768442365
cambodia,2012,2.934316093
kiribati,2012,-3.045862928
st. kitts and nevis,2012,0.816089282
"korea, rep.",2012,2.187071044
kuwait,2012,3.255146003
latin america & caribbean (excluding high income),2012,3.946658679
lao pdr,2012,4.255126778
lebanon,2012,6.581474477
liberia,2012,6.831787034
libya,2012,6.059803922
st. lucia,2012,4.177635871
latin america & caribbean,2012,3.781807547
least developed countries: un classification,2012,6.314744503
low income,2012,6.587762394
liechtenstein,2012,
sri lanka,2012,7.542913732
lower middle income,2012,5.941301316
low & middle income,2012,5.006863194
lesotho,2012,6.051436621
late-demographic dividend,2012,3.316055667
lithuania,2012,3.089982771
luxembourg,2012,2.662841655
latvia,2012,2.257789244
"macao sar, china",2012,6.107389283
st. martin (french part),2012,
morocco,2012,1.287122401
monaco,2012,
moldova,2012,4.546334274
madagascar,2012,5.713844342
maldives,2012,10.88469566
"middle east, north africa, afghanistan & pakistan",2012,4.123219537
mexico,2012,4.111509811
marshall islands,2012,
middle income,2012,4.526403998
north macedonia,2012,3.316055667
mali,2012,5.323128471
malta,2012,2.375820578
myanmar,2012,1.467583227
"middle east, north africa, afghanistan & pakistan (excluding high income)",2012,6.511343643
montenegro,2012,4.14524725
mongolia,2012,14.33033483
northern mariana islands,2012,
mozambique,2012,2.60245457
mauritania,2012,4.902427272
mauritius,2012,3.852160333
malawi,2012,21.271265
malaysia,2012,1.663571025
north america,2012,1.792507748
namibia,2012,6.721997773
new caledonia,2012,1.749672346
niger,2012,0.45508982
nigeria,2012,12.2242413
nicaragua,2012,7.193550533
netherlands,2012,2.455547653
norway,2012,0.696864111
nepal,2012,9.459809804
nauru,2012,-0.124750499
new zealand,2012,1.059913184
oecd members,2012,2.529455209
oman,2012,2.947734953
other small states,2012,4.039323561
pakistan,2012,9.682351861
panama,2012,5.698199592
peru,2012,3.611212949
philippines,2012,3.026963911
palau,2012,3.614180479
papua new guinea,2012,4.537205082
poland,2012,3.560371517
pre-demographic dividend,2012,6.441212809
puerto rico (us),2012,
"korea, dem. people's rep.",2012,
portugal,2012,2.773338541
paraguay,2012,3.67591898
west bank and gaza,2012,2.779087683
pacific island small states,2012,1.698211232
post-demographic dividend,2012,2.485675622
french polynesia,2012,
qatar,2012,2.315348534
romania,2012,3.334922677
russian federation,2012,5.074743008
rwanda,2012,10.27101823
south asia,2012,9.459809804
saudi arabia,2012,2.866269766
sudan,2012,35.55905741
senegal,2012,1.418228712
singapore,2012,4.580844794
solomon islands,2012,
sierra leone,2012,6.587762394
el salvador,2012,1.729734816
san marino,2012,2.827332242
"somalia, fed. rep.",2012,
serbia,2012,7.330385896
sub-saharan africa (excluding high income),2012,6.314744503
south sudan,2012,45.52589784
sub-saharan africa,2012,6.575899708
small states,2012,3.400127839
sao tome and principe,2012,10.63793534
suriname,2012,5.006863194
slovak republic,2012,3.606102635
slovenia,2012,2.59741386
sweden,2012,0.888377507
eswatini,2012,8.939646828
sint maarten (dutch part),2012,4.015184211
seychelles,2012,7.110370623
syrian arab republic,2012,36.70229534
turks and caicos islands,2012,
chad,2012,7.516623647
east asia & pacific (ida & ibrd countries),2012,3.020931707
europe & central asia (ida & ibrd countries),2012,3.373498084
togo,2012,2.577181741
thailand,2012,3.014899503
tajikistan,2012,5.83116601
turkmenistan,2012,
latin america & the caribbean (ida & ibrd countries),2012,4.144572841
timor-leste,2012,11.80030967
"middle east, north africa, afghanistan & pakistan (ida & ibrd)",2012,6.581474477
tonga,2012,1.147538537
south asia (ida & ibrd),2012,9.459809804
sub-saharan africa (ida & ibrd countries),2012,6.575899708
trinidad and tobago,2012,9.260281371
tunisia,2012,4.611844322
turkiye,2012,8.891569965
tuvalu,2012,
tanzania,2012,16.00109385
uganda,2012,12.67903772
ukraine,2012,0.568727972
upper middle income,2012,3.666269731
uruguay,2012,8.097765806
united states,2012,2.069337265
uzbekistan,2012,13.20880267
st. vincent and the grenadines,2012,2.598444141
"venezuela, rb",2012,21.06899563
british virgin islands,2012,
virgin islands (u.s.),2012,
viet nam,2012,9.094703396
vanuatu,2012,1.347403629
world,2012,3.67591898
samoa,2012,2.049018835
kosovo,2012,2.476737822
"yemen, rep.",2012,9.885387145
south africa,2012,5.737971391
zambia,2012,6.575899708
zimbabwe,2012,3.725326661
aruba,2013,-2.372065243
africa eastern and southern,2013,5.748831336
afghanistan,2013,7.385771784
africa western and central,2013,2.439200761
angola,2013,8.777814293
albania,2013,1.937620802
andorra,2013,
arab world,2013,3.277125339
united arab emirates,2013,1.101118364
argentina,2013,
armenia,2013,5.789667785
american samoa,2013,
antigua and barbuda,2013,1.059497824
australia,2013,2.449888641
austria,2013,2.000156169
azerbaijan,2013,2.415717453
burundi,2013,7.937958075
belgium,2013,1.11309594
benin,2013,0.428888889
burkina faso,2013,0.533738507
bangladesh,2013,7.530406409
bulgaria,2013,0.890093541
bahrain,2013,3.300011569
"bahamas, the",2013,0.722414785
bosnia and herzegovina,2013,-0.093045684
belarus,2013,18.31226104
belize,2013,0.509747769
bermuda,2013,
bolivia,2013,5.736400237
brazil,2013,6.204310666
barbados,2013,1.81410436
brunei darussalam,2013,0.389205053
bhutan,2013,
botswana,2013,5.884607071
central african republic,2013,6.98879342
canada,2013,0.938291898
central europe and the baltics,2013,1.438297872
switzerland,2013,-0.217323155
channel islands,2013,
chile,2013,1.78955554
china,2013,2.621050017
cote d'ivoire,2013,2.581170373
cameroon,2013,2.05034718
"congo, dem. rep.",2013,0.808223101
"congo, rep.",2013,4.631616197
colombia,2013,2.016992243
comoros,2013,-4.294873315
cabo verde,2013,1.506542857
costa rica,2013,5.231336142
caribbean small states,2013,1.083241682
cuba,2013,
curacao,2013,1.332320862
cayman islands,2013,2.160611468
cyprus,2013,-0.399357676
czechia,2013,1.438297872
germany,2013,1.504723303
djibouti,2013,2.706032429
dominica,2013,-0.046411647
denmark,2013,0.78907178
dominican republic,2013,4.830950967
algeria,2013,3.25423911
east asia & pacific (excluding high income),2013,2.767295977
early-demographic dividend,2013,4.794823595
east asia & pacific,2013,2.516288151
europe & central asia (excluding high income),2013,4.597878974
europe & central asia,2013,1.734039635
ecuador,2013,2.721775777
"egypt, arab rep.",2013,9.469719811
euro area,2013,1.310233556
eritrea,2013,
spain,2013,1.408581092
estonia,2013,2.78056659
ethiopia,2013,7.464021929
european union,2013,1.219993423
fragile and conflict affected situations,2013,4.446484353
finland,2013,1.478286157
fiji,2013,2.913541936
france,2013,0.863715498
faroe islands,2013,
"micronesia, fed. sts.",2013,1.752327374
gabon,2013,0.505441059
united kingdom,2013,2.291666667
georgia,2013,-0.512058411
ghana,2013,11.66619231
gibraltar,2013,
guinea,2013,11.88758845
"gambia, the",2013,5.699129896
guinea-bissau,2013,1.207125557
equatorial guinea,2013,2.948876946
greece,2013,-0.921269454
grenada,2013,-0.043999786
greenland,2013,
guatemala,2013,4.343371313
guam,2013,
guyana,2013,1.901251819
high income,2013,1.504723303
"hong kong sar, china",2013,4.337993421
honduras,2013,5.161898986
heavily indebted poor countries (hipc),2013,5.161898986
croatia,2013,2.216582064
haiti,2013,4.765024048
hungary,2013,1.73319985
ibrd only,2013,3.984712355
ida & ibrd total,2013,4.338938483
ida total,2013,4.815071521
ida blend,2013,2.581170373
indonesia,2013,6.412494579
ida only,2013,5.009646453
isle of man,2013,
india,2013,10.01787847
not classified,2013,
ireland,2013,0.515099485
"iran, islamic rep.",2013,36.60303552
iraq,2013,
iceland,2013,3.872279237
israel,2013,1.589763474
italy,2013,1.219993423
jamaica,2013,9.341500766
jordan,2013,4.824623143
japan,2013,0.335037912
kazakhstan,2013,5.942838716
kenya,2013,5.71749357
kyrgyz republic,2013,6.613752024
cambodia,2013,2.941625095
kiribati,2013,-1.488059085
st. kitts and nevis,2013,1.10698554
"korea, rep.",2013,1.301347545
kuwait,2013,2.682296841
latin america & caribbean (excluding high income),2013,2.744836219
lao pdr,2013,6.371427178
lebanon,2013,4.821019563
liberia,2013,7.577306817
libya,2013,2.605818027
st. lucia,2013,1.46856511
latin america & caribbean,2013,2.528647885
least developed countries: un classification,2013,5.583583807
low income,2013,5.611629338
liechtenstein,2013,
sri lanka,2013,6.908450348
lower middle income,2013,5.458580168
low & middle income,2013,4.614747585
lesotho,2013,4.865118995
late-demographic dividend,2013,2.682296841
lithuania,2013,1.047479371
luxembourg,2013,1.734039635
latvia,2013,-0.029454778
"macao sar, china",2013,5.500577792
st. martin (french part),2013,
morocco,2013,1.880654667
monaco,2013,
moldova,2013,4.597878974
madagascar,2013,5.826429445
maldives,2013,3.805630009
"middle east, north africa, afghanistan & pakistan",2013,3.277125339
mexico,2013,3.806390697
marshall islands,2013,
middle income,2013,4.236236525
north macedonia,2013,2.785000567
mali,2013,-0.606736356
malta,2013,1.180284364
myanmar,2013,5.643038834
"middle east, north africa, afghanistan & pakistan (excluding high income)",2013,5.070429228
montenegro,2013,2.205892681
mongolia,2013,10.49065676
northern mariana islands,2013,
mozambique,2013,4.261352509
mauritania,2013,4.129101738
mauritius,2013,3.543295739
malawi,2013,27.28333333
malaysia,2013,2.105012312
north america,2013,1.201562277
namibia,2013,5.600925023
new caledonia,2013,1.27761319
niger,2013,2.29723115
nigeria,2013,8.495518383
nicaragua,2013,7.135467853
netherlands,2013,2.506898527
norway,2013,2.120486204
nepal,2013,9.040163119
nauru,2013,
new zealand,2013,1.134422664
oecd members,2013,1.451565264
oman,2013,1.053548203
other small states,2013,2.743299509
pakistan,2013,7.692156119
panama,2013,4.027159916
peru,2013,2.767896661
philippines,2013,2.582687661
palau,2013,3.354810042
papua new guinea,2013,4.96031746
poland,2013,0.991982606
pre-demographic dividend,2013,4.768412477
puerto rico (us),2013,
"korea, dem. people's rep.",2013,
portugal,2013,0.274416667
paraguay,2013,2.683857387
west bank and gaza,2013,1.724399336
pacific island small states,2013,1.458933718
post-demographic dividend,2013,1.408581092
french polynesia,2013,
qatar,2013,3.221977568
romania,2013,3.984712355
russian federation,2013,6.753710262
rwanda,2013,5.92426868
south asia,2013,7.530406409
saudi arabia,2013,3.529955158
sudan,2013,36.52234491
senegal,2013,0.710245487
singapore,2013,2.364397937
solomon islands,2013,
sierra leone,2013,5.52412878
el salvador,2013,0.757669185
san marino,2013,1.604392981
"somalia, fed. rep.",2013,
serbia,2013,7.694263629
sub-saharan africa (excluding high income),2013,4.885163876
south sudan,2013,-0.058090978
sub-saharan africa,2013,4.885163876
small states,2013,1.604392981
sao tome and principe,2013,8.105832709
suriname,2013,1.923436041
slovak republic,2013,1.40047369
slovenia,2013,1.769200859
sweden,2013,-0.04429297
eswatini,2013,5.621306235
sint maarten (dutch part),2013,2.528647885
seychelles,2013,4.338938483
syrian arab republic,2013,40.03183783
turks and caicos islands,2013,
chad,2013,0.222671565
east asia & pacific (ida & ibrd countries),2013,2.913541936
europe & central asia (ida & ibrd countries),2013,3.384856461
togo,2013,1.825394759
thailand,2013,2.184886185
tajikistan,2013,5.009646453
turkmenistan,2013,
latin america & the caribbean (ida & ibrd countries),2013,2.744836219
timor-leste,2013,11.08490851
"middle east, north africa, afghanistan & pakistan (ida & ibrd)",2013,5.316235313
tonga,2013,0.775629322
south asia (ida & ibrd),2013,7.530406409
sub-saharan africa (ida & ibrd countries),2013,4.885163876
trinidad and tobago,2013,5.199817405
tunisia,2013,5.316235313
turkiye,2013,7.493090305
tuvalu,2013,
tanzania,2013,7.870723646
uganda,2013,4.905208757
ukraine,2013,-0.238948626
upper middle income,2013,2.702816582
uruguay,2013,8.57513504
united states,2013,1.464832656
uzbekistan,2013,11.84143336
st. vincent and the grenadines,2013,0.805127804
"venezuela, rb",2013,40.63942752
british virgin islands,2013,
virgin islands (u.s.),2013,
viet nam,2013,6.592674759
vanuatu,2013,1.458933718
world,2013,2.621050017
samoa,2013,0.610085721
kosovo,2013,1.767324284
"yemen, rep.",2013,10.96844215
south africa,2013,5.780169101
zambia,2013,6.977676055
zimbabwe,2013,1.634950415
aruba,2014,0.421440919
africa eastern and southern,2014,5.37028961
afghanistan,2014,4.673996035
africa western and central,2014,1.768435821
angola,2014,7.280387304
albania,2014,1.625865044
andorra,2014,
arab world,2014,2.89947905
united arab emirates,2014,2.346268657
argentina,2014,
armenia,2014,2.981308689
american samoa,2014,
antigua and barbuda,2014,1.089441574
australia,2014,2.487922705
austria,2014,1.60581183
azerbaijan,2014,1.373441815
burundi,2014,4.405352342
belgium,2014,0.340002833
benin,2014,-0.548757551
burkina faso,2014,-0.258089518
bangladesh,2014,6.991638892
bulgaria,2014,-1.418183803
bahrain,2014,2.647553212
"bahamas, the",2014,1.513756431
bosnia and herzegovina,2014,-0.897194054
belarus,2014,18.11955435
belize,2014,1.201399645
bermuda,2014,
bolivia,2014,5.766600746
brazil,2014,6.329040155
barbados,2014,1.769503221
brunei darussalam,2014,-0.207108732
bhutan,2014,8.271060939
botswana,2014,4.402253092
central african republic,2014,14.89868418
canada,2014,1.906635907
central europe and the baltics,2014,0.053821313
switzerland,2014,-0.013202539
channel islands,2014,
chile,2014,4.718675279
china,2014,1.921641628
cote d'ivoire,2014,0.448682077
cameroon,2014,1.854898504
"congo, dem. rep.",2014,1.243038898
"congo, rep.",2014,0.912139545
colombia,2014,2.898837878
comoros,2014,
cabo verde,2014,-0.238778145
costa rica,2014,4.519200985
caribbean small states,2014,1.14542061
cuba,2014,
curacao,2014,1.498739696
cayman islands,2014,1.273979115
cyprus,2014,-1.354988854
czechia,2014,0.34398859
germany,2014,0.906794
djibouti,2014,1.341864943
dominica,2014,0.799250373
denmark,2014,0.56402054
dominican republic,2014,2.998642261
algeria,2014,2.916926921
east asia & pacific (excluding high income),2014,2.826933421
early-demographic dividend,2014,4.018616081
east asia & pacific,2014,2.499399519
europe & central asia (excluding high income),2014,3.068812104
europe & central asia,2014,0.620490637
ecuador,2014,3.589220166
"egypt, arab rep.",2014,10.07021547
euro area,2014,0.220195628
eritrea,2014,
spain,2014,-0.151114838
estonia,2014,-0.106175147
ethiopia,2014,6.890019516
european union,2014,0.199343827
fragile and conflict affected situations,2014,2.432941416
finland,2014,1.041196212
fiji,2014,0.519306475
france,2014,0.507758823
faroe islands,2014,
"micronesia, fed. sts.",2014,0.650284892
gabon,2014,4.690457518
united kingdom,2014,1.451120163
georgia,2014,3.068812104
ghana,2014,15.48961603
gibraltar,2014,
guinea,2014,6.150505567
"gambia, the",2014,5.947999357
guinea-bissau,2014,-1.509244606
equatorial guinea,2014,4.309998661
greece,2014,-1.312260964
grenada,2014,-0.983603056
greenland,2014,
guatemala,2014,3.418361697
guam,2014,
guyana,2014,0.852630498
high income,2014,1.041196212
"hong kong sar, china",2014,4.42364532
honduras,2014,6.129249303
heavily indebted poor countries (hipc),2014,3.969860452
croatia,2014,-0.21519616
haiti,2014,3.4381666
hungary,2014,-0.227566271
ibrd only,2014,3.589220166
ida & ibrd total,2014,3.516955514
ida total,2014,3.477561057
ida blend,2014,1.201399645
indonesia,2014,6.394928824
ida only,2014,4.129243069
isle of man,2014,
india,2014,6.665656719
not classified,2014,
ireland,2014,0.190916399
"iran, islamic rep.",2014,16.60655324
iraq,2014,
iceland,2014,2.044614815
israel,2014,0.467557252
italy,2014,0.24104743
jamaica,2014,8.274078862
jordan,2014,2.89947905
japan,2014,2.759226714
kazakhstan,2014,6.84944977
kenya,2014,6.878154993
kyrgyz republic,2014,7.534247298
cambodia,2014,3.855688614
kiribati,2014,2.103985209
st. kitts and nevis,2014,0.247865392
"korea, rep.",2014,1.274774464
kuwait,2014,2.908926729
latin america & caribbean (excluding high income),2014,3.428264148
lao pdr,2014,4.129243069
lebanon,2014,1.854604213
liberia,2014,9.861112856
libya,2014,2.432941416
st. lucia,2014,3.516955514
latin america & caribbean,2014,3.383412727
least developed countries: un classification,2014,4.129243069
low income,2014,3.740529516
liechtenstein,2014,
sri lanka,2014,3.179002282
lower middle income,2014,5.087708194
low & middle income,2014,3.525662038
lesotho,2014,5.37028961
late-demographic dividend,2014,2.044614815
lithuania,2014,0.103758009
luxembourg,2014,0.628543985
latvia,2014,0.620490637
"macao sar, china",2014,6.048234521
st. martin (french part),2014,
morocco,2014,0.442310054
monaco,2014,
moldova,2014,5.088785546
madagascar,2014,6.080408111
maldives,2014,2.120001757
"middle east, north africa, afghanistan & pakistan",2014,2.773516131
mexico,2014,4.018616081
marshall islands,2014,
middle income,2014,3.525662038
north macedonia,2014,-0.281705033
mali,2014,0.883814547
malta,2014,0.310306472
myanmar,2014,4.953299185
"middle east, north africa, afghanistan & pakistan (excluding high income)",2014,3.771238958
montenegro,2014,-0.710514052
mongolia,2014,12.25398081
northern mariana islands,2014,
mozambique,2014,2.559748758
mauritania,2014,3.534368561
mauritius,2014,3.21769192
malawi,2014,23.79206495
malaysia,2014,3.142990509
north america,2014,1.764429442
namibia,2014,5.350169669
new caledonia,2014,0.178851061
niger,2014,-0.93028726
nigeria,2014,8.04741088
nicaragua,2014,6.035968618
netherlands,2014,0.97603508
norway,2014,2.041702867
nepal,2014,8.364154697
nauru,2014,
new zealand,2014,1.227507506
oecd members,2014,0.624517311
oman,2014,1.014014839
other small states,2014,1.227413989
pakistan,2014,7.189384028
panama,2014,2.626526999
peru,2014,3.411945798
philippines,2014,3.597823439
palau,2014,4.191745486
papua new guinea,2014,5.222117202
poland,2014,0.053821313
pre-demographic dividend,2014,3.534368561
puerto rico (us),2014,
"korea, dem. people's rep.",2014,
portugal,2014,-0.278153367
paraguay,2014,5.028827675
west bank and gaza,2014,1.7329851
pacific island small states,2014,0.798863838
post-demographic dividend,2014,0.906794
french polynesia,2014,
qatar,2014,3.349720857
romania,2014,1.068309877
russian federation,2014,7.823411839
rwanda,2014,2.354490528
south asia,2014,6.828647805
saudi arabia,2014,2.239165906
sudan,2014,36.90664279
senegal,2014,-1.090255074
singapore,2014,1.033169559
solomon islands,2014,
sierra leone,2014,4.639311714
el salvador,2014,1.141344675
san marino,2014,1.112963034
"somalia, fed. rep.",2014,
serbia,2014,2.082447939
sub-saharan africa (excluding high income),2014,4.402253092
south sudan,2014,1.674299063
sub-saharan africa,2014,4.402253092
small states,2014,1.112963034
sao tome and principe,2014,6.99849944
suriname,2014,3.383412727
slovak republic,2014,-0.07616533
slovenia,2014,0.199343827
sweden,2014,-0.179638494
eswatini,2014,5.681348858
sint maarten (dutch part),2014,1.886754663
seychelles,2014,1.385834546
syrian arab republic,2014,10.92711418
turks and caicos islands,2014,
chad,2014,1.681973139
east asia & pacific (ida & ibrd countries),2014,3.142990509
europe & central asia (ida & ibrd countries),2014,2.531878314
togo,2014,0.190875076
thailand,2014,1.895141819
tajikistan,2014,6.104427651
turkmenistan,2014,
latin america & the caribbean (ida & ibrd countries),2014,3.428264148
timor-leste,2014,0.726275016
"middle east, north africa, afghanistan & pakistan (ida & ibrd)",2014,4.625550995
tonga,2014,2.510876333
south asia (ida & ibrd),2014,6.828647805
sub-saharan africa (ida & ibrd countries),2014,4.402253092
trinidad and tobago,2014,5.684418146
tunisia,2014,4.625550995
turkiye,2014,8.854572714
tuvalu,2014,
tanzania,2014,6.13161433
uganda,2014,3.07570669
ukraine,2014,12.07185629
upper middle income,2014,3.033727183
uruguay,2014,8.877353332
united states,2014,1.622222977
uzbekistan,2014,9.283093562
st. vincent and the grenadines,2014,0.193858561
"venezuela, rb",2014,62.16864998
british virgin islands,2014,
virgin islands (u.s.),2014,
viet nam,2014,4.084554466
vanuatu,2014,0.798863838
world,2014,2.354490528
samoa,2014,-0.406816088
kosovo,2014,0.428957808
"yemen, rep.",2014,8.104725836
south africa,2014,6.132829531
zambia,2014,7.806875536
zimbabwe,2014,-0.19778481
aruba,2015,0.474763597
africa eastern and southern,2015,5.24587835
afghanistan,2015,-0.661709165
africa western and central,2015,2.130817381
angola,2015,9.355972155
albania,2015,1.896174026
andorra,2015,
arab world,2015,2.551677152
united arab emirates,2015,4.069966084
argentina,2015,
armenia,2015,3.731691193
american samoa,2015,
antigua and barbuda,2015,0.968993459
australia,2015,1.508366722
austria,2015,0.896563335
azerbaijan,2015,4.027685737
burundi,2015,5.544688913
belgium,2015,0.561429153
benin,2015,0.218785924
burkina faso,2015,0.724838981
bangladesh,2015,6.19428023
bulgaria,2015,-0.104633261
bahrain,2015,1.848627424
"bahamas, the",2015,1.861483029
bosnia and herzegovina,2015,-1.036023034
belarus,2015,13.53448976
belize,2015,-0.861584009
bermuda,2015,
bolivia,2015,4.059610411
brazil,2015,9.029901024
barbados,2015,-1.112789925
brunei darussalam,2015,-0.488347421
bhutan,2015,4.548143951
botswana,2015,3.062031696
central african republic,2015,1.402970171
canada,2015,1.125241361
central europe and the baltics,2015,-0.464499005
switzerland,2015,-1.143908672
channel islands,2015,
chile,2015,4.348773532
china,2015,1.437023809
cote d'ivoire,2015,1.251499548
cameroon,2015,2.676235314
"congo, dem. rep.",2015,0.744198995
"congo, rep.",2015,3.169097968
colombia,2015,4.989831158
comoros,2015,
cabo verde,2015,0.131187999
costa rica,2015,0.801982005
caribbean small states,2015,-0.852705497
cuba,2015,
curacao,2015,-0.47654205
cayman islands,2015,-2.347527702
cyprus,2015,-2.096997691
czechia,2015,0.309364548
germany,2015,0.514426137
djibouti,2015,-0.847389734
dominica,2015,-0.843826985
denmark,2015,0.452034154
dominican republic,2015,0.836746347
algeria,2015,4.784447007
east asia & pacific (excluding high income),2015,1.223931955
early-demographic dividend,2015,3.129002745
east asia & pacific,2015,0.795279631
europe & central asia (excluding high income),2015,4.027685737
europe & central asia,2015,0.368046842
ecuador,2015,3.966646233
"egypt, arab rep.",2015,10.37049034
euro area,2015,-0.08520723
eritrea,2015,
spain,2015,-0.50036571
estonia,2015,-0.492326007
ethiopia,2015,9.56889956
european union,2015,-0.06164468
fragile and conflict affected situations,2015,3.169097968
finland,2015,-0.20792884
fiji,2015,1.374885426
france,2015,0.037514381
faroe islands,2015,
"micronesia, fed. sts.",2015,-0.298115837
gabon,2015,-0.338795189
united kingdom,2015,0.368046842
georgia,2015,4.003578207
ghana,2015,17.1499695
gibraltar,2015,
guinea,2015,11.7800825
"gambia, the",2015,6.808454946
guinea-bissau,2015,1.476720489
equatorial guinea,2015,1.676630853
greece,2015,-1.735888048
grenada,2015,-0.515448031
greenland,2015,
guatemala,2015,2.388720328
guam,2015,
guyana,2015,-1.001734328
high income,2015,0.330027165
"hong kong sar, china",2015,2.990848193
honduras,2015,3.15783118
heavily indebted poor countries (hipc),2015,3.77406982
croatia,2015,-0.464499005
haiti,2015,6.731840697
hungary,2015,-0.06164468
ibrd only,2015,3.129002745
ida & ibrd total,2015,3.15783118
ida total,2015,3.163464574
ida blend,2015,1.374885426
indonesia,2015,6.363120612
ida only,2015,3.550759674
isle of man,2015,
india,2015,4.906973441
not classified,2015,
ireland,2015,-0.330959783
"iran, islamic rep.",2015,12.48468156
iraq,2015,
iceland,2015,1.633055582
israel,2015,-0.617342578
italy,2015,0.0387904
jamaica,2015,3.691542289
jordan,2015,-0.87685136
japan,2015,0.795279631
kazakhstan,2015,6.678285856
kenya,2015,6.582154293
kyrgyz republic,2015,6.50331839
cambodia,2015,1.223931955
kiribati,2015,0.572015744
st. kitts and nevis,2015,-2.30187563
"korea, rep.",2015,0.706331772
kuwait,2015,3.271701661
latin america & caribbean (excluding high income),2015,3.143416962
lao pdr,2015,1.277354271
lebanon,2015,-3.749145248
liberia,2015,7.748696876
libya,2015,10.40229336
st. lucia,2015,-0.983600953
latin america & caribbean,2015,1.861483029
least developed countries: un classification,2015,3.550759674
low income,2015,4.377126651
liechtenstein,2015,
sri lanka,2015,3.768367831
lower middle income,2015,3.394015384
low & middle income,2015,3.193771552
lesotho,2015,3.218445137
late-demographic dividend,2015,1.557907113
lithuania,2015,-0.884097406
luxembourg,2015,0.474743161
latvia,2015,0.174242244
"macao sar, china",2015,4.56056338
st. martin (french part),2015,
morocco,2015,1.557907113
monaco,2015,
moldova,2015,9.676240331
madagascar,2015,7.404191742
maldives,2015,0.953206659
"middle east, north africa, afghanistan & pakistan",2015,1.814077239
mexico,2015,2.72064065
marshall islands,2015,
middle income,2015,3.15783118
north macedonia,2015,-0.299920476
mali,2015,1.450690576
malta,2015,1.100548264
myanmar,2015,9.454171895
"middle east, north africa, afghanistan & pakistan (excluding high income)",2015,2.529328173
montenegro,2015,1.548691582
mongolia,2015,5.735682819
northern mariana islands,2015,
mozambique,2015,3.550759674
mauritania,2015,3.254726881
mauritius,2015,1.286549708
malawi,2015,21.86734755
malaysia,2015,2.104389802
north america,2015,0.621934248
namibia,2015,3.394015384
new caledonia,2015,0.570508141
niger,2015,-0.57609037
nigeria,2015,9.00943498
nicaragua,2015,3.997379967
netherlands,2015,0.600248147
norway,2015,2.171136654
nepal,2015,7.868908956
nauru,2015,
new zealand,2015,0.292704628
oecd members,2015,0.338705695
oman,2015,0.065290133
other small states,2015,1.026877461
pakistan,2015,2.529328173
panama,2015,0.137492058
peru,2015,3.398091947
philippines,2015,0.674192537
palau,2015,0.949040644
papua new guinea,2015,5.995957781
poland,2015,-0.874125874
pre-demographic dividend,2015,3.550759674
puerto rico (us),2015,
"korea, dem. people's rep.",2015,
portugal,2015,0.487938624
paraguay,2015,3.129002745
west bank and gaza,2015,1.431611458
pacific island small states,2015,0.648242939
post-demographic dividend,2015,0.368046842
french polynesia,2015,
qatar,2015,1.814077239
romania,2015,-0.594156437
russian federation,2015,15.53440505
rwanda,2015,2.528502842
south asia,2015,4.727558696
saudi arabia,2015,1.204693885
sudan,2015,16.90957061
senegal,2015,0.135211934
singapore,2015,-0.521975612
solomon islands,2015,-0.574469286
sierra leone,2015,6.689435625
el salvador,2015,-0.731384487
san marino,2015,0.145686073
"somalia, fed. rep.",2015,
serbia,2015,1.39235822
sub-saharan africa (excluding high income),2015,3.394015384
south sudan,2015,52.76633042
sub-saharan africa,2015,3.550759674
small states,2015,0.562405885
sao tome and principe,2015,5.24587835
suriname,2015,6.893903592
slovak republic,2015,-0.325219777
slovenia,2015,-0.525552286
sweden,2015,-0.046784745
eswatini,2015,4.951244937
sint maarten (dutch part),2015,0.330027165
seychelles,2015,4.041944107
syrian arab republic,2015,38.46114296
turks and caicos islands,2015,
chad,2015,4.377126651
east asia & pacific (ida & ibrd countries),2015,1.086486299
europe & central asia (ida & ibrd countries),2015,3.8676347
togo,2015,2.585003908
thailand,2015,-0.900424963
tajikistan,2015,5.714559496
turkmenistan,2015,
latin america & the caribbean (ida & ibrd countries),2015,2.924821697
timor-leste,2015,0.552796026
"middle east, north africa, afghanistan & pakistan (ida & ibrd)",2015,3.483349723
tonga,2015,-1.05399832
south asia (ida & ibrd),2015,4.727558696
sub-saharan africa (ida & ibrd countries),2015,3.550759674
trinidad and tobago,2015,4.661215981
tunisia,2015,4.437371273
turkiye,2015,7.670853648
tuvalu,2015,
tanzania,2015,5.58816953
uganda,2015,5.589686063
ukraine,2015,48.69986464
upper middle income,2015,2.246555065
uruguay,2015,8.666269871
united states,2015,0.118627136
uzbekistan,2015,8.751881967
st. vincent and the grenadines,2015,-1.73361195
"venezuela, rb",2015,121.7380853
british virgin islands,2015,
virgin islands (u.s.),2015,
viet nam,2015,0.631200905
vanuatu,2015,2.483268757
world,2015,1.450690576
samoa,2015,0.724470135
kosovo,2015,-0.536929393
"yemen, rep.",2015,
south africa,2015,4.518690949
zambia,2015,10.11059289
zimbabwe,2015,-2.430968424
aruba,2016,-0.931195987
africa eastern and southern,2016,6.596504907
afghanistan,2016,4.383891955
africa western and central,2016,1.487415508
angola,2016,30.69441508
albania,2016,1.275431684
andorra,2016,
arab world,2016,2.676591701
united arab emirates,2016,1.617488089
argentina,2016,
armenia,2016,-1.403607559
american samoa,2016,
antigua and barbuda,2016,-0.489437796
australia,2016,1.276990945
austria,2016,0.891591753
azerbaijan,2016,12.44337486
burundi,2016,5.557689614
belgium,2016,1.973852647
benin,2016,-0.793310146
burkina faso,2016,0.441041448
bangladesh,2016,5.513525727
bulgaria,2016,-0.798649886
bahrain,2016,2.786793476
"bahamas, the",2016,-0.34637693
bosnia and herzegovina,2016,-1.5841
belarus,2016,11.83658077
belize,2016,0.663427168
bermuda,2016,
bolivia,2016,3.623214318
brazil,2016,8.739143523
barbados,2016,1.281928131
brunei darussalam,2016,-0.278693266
bhutan,2016,3.219886894
botswana,2016,2.814957914
central african republic,2016,4.945432761
canada,2016,1.428759547
central europe and the baltics,2016,-0.054999542
switzerland,2016,-0.434618664
channel islands,2016,
chile,2016,3.786193559
china,2016,2.000001822
cote d'ivoire,2016,0.723178458
cameroon,2016,0.874190383
"congo, dem. rep.",2016,2.885851073
"congo, rep.",2016,3.190561797
colombia,2016,7.513460246
comoros,2016,
cabo verde,2016,-1.407816371
costa rica,2016,-0.017478851
caribbean small states,2016,0.402621697
cuba,2016,
curacao,2016,-0.047207985
cayman islands,2016,-0.625258359
cyprus,2016,-1.429166667
czechia,2016,0.683504209
germany,2016,0.491747008
djibouti,2016,2.738412087
dominica,2016,0.141816226
denmark,2016,0.25
dominican republic,2016,1.614166072
algeria,2016,6.397694803
east asia & pacific (excluding high income),2016,1.917310902
early-demographic dividend,2016,3.523173176
east asia & pacific,2016,1.276990945
europe & central asia (excluding high income),2016,2.134927139
europe & central asia,2016,0.388838297
ecuador,2016,1.728264633
"egypt, arab rep.",2016,13.81360621
euro area,2016,0.166009884
eritrea,2016,
spain,2016,-0.202598
estonia,2016,0.148684908
ethiopia,2016,6.628133372
european union,2016,0.183334861
fragile and conflict affected situations,2016,3.787226876
finland,2016,0.356684501
fiji,2016,3.863225382
france,2016,0.183334861
faroe islands,2016,
"micronesia, fed. sts.",2016,-1.037468064
gabon,2016,2.106707128
united kingdom,2016,1.008417368
georgia,2016,2.134927139
ghana,2016,17.45463471
gibraltar,2016,
guinea,2016,8.172681123
"gambia, the",2016,7.228792721
guinea-bissau,2016,1.503120559
equatorial guinea,2016,1.411939155
greece,2016,-0.825653978
grenada,2016,1.650389944
greenland,2016,
guatemala,2016,4.448441999
guam,2016,
guyana,2016,0.836008062
high income,2016,0.394769307
"hong kong sar, china",2016,2.409307439
honduras,2016,2.724612233
heavily indebted poor countries (hipc),2016,4.664662358
croatia,2016,-1.125
haiti,2016,11.50290739
hungary,2016,0.394769307
ibrd only,2016,2.120817134
ida & ibrd total,2016,2.818332881
ida total,2016,3.371530035
ida blend,2016,1.650389944
indonesia,2016,3.525804528
ida only,2016,3.958888466
isle of man,2016,
india,2016,4.948216341
not classified,2016,
ireland,2016,0.020124774
"iran, islamic rep.",2016,7.24542549
iraq,2016,0.556521397
iceland,2016,1.69692762
israel,2016,-0.535168196
italy,2016,-0.094016657
jamaica,2016,2.351021975
jordan,2016,-0.778430463
japan,2016,-0.127258844
kazakhstan,2016,14.36109424
kenya,2016,6.297249538
kyrgyz republic,2016,0.388838297
cambodia,2016,3.019139751
kiribati,2016,1.917310902
st. kitts and nevis,2016,-0.687037123
"korea, rep.",2016,0.97168574
kuwait,2016,3.198397767
latin america & caribbean (excluding high income),2016,2.77316004
lao pdr,2016,1.596912276
lebanon,2016,-0.783359624
liberia,2016,8.834248683
libya,2016,25.85387421
st. lucia,2016,-3.078217657
latin america & caribbean,2016,1.650389944
least developed countries: un classification,2016,5.513525727
low income,2016,5.706375046
liechtenstein,2016,
sri lanka,2016,3.958888466
lower middle income,2016,3.523173176
low & middle income,2016,3.019139751
lesotho,2016,6.596504907
late-demographic dividend,2016,1.109208058
lithuania,2016,0.905525075
luxembourg,2016,0.290833333
latvia,2016,0.140633335
"macao sar, china",2016,2.368957497
st. martin (french part),2016,
morocco,2016,1.635311143
monaco,2016,
moldova,2016,6.35930898
madagascar,2016,6.035758582
maldives,2016,0.502509414
"middle east, north africa, afghanistan & pakistan",2016,2.707501894
mexico,2016,2.821707847
marshall islands,2016,
middle income,2016,2.73151216
north macedonia,2016,-0.239290788
mali,2016,-1.799647071
malta,2016,0.642702772
myanmar,2016,6.928825258
"middle east, north africa, afghanistan & pakistan (excluding high income)",2016,3.697259269
montenegro,2016,-0.271385023
mongolia,2016,0.733272227
northern mariana islands,2016,
mozambique,2016,17.41804182
mauritania,2016,1.471710457
mauritius,2016,0.977675135
malawi,2016,21.71111321
malaysia,2016,2.090566595
north america,2016,1.345171376
namibia,2016,6.728582346
new caledonia,2016,0.578317436
niger,2016,1.653889224
nigeria,2016,15.69681264
nicaragua,2016,3.523173176
netherlands,2016,0.316666667
norway,2016,3.55
nepal,2016,8.79034332
nauru,2016,
new zealand,2016,0.646240284
oecd members,2016,0.443258158
oman,2016,1.109208058
other small states,2016,0.572606093
pakistan,2016,3.765119164
panama,2016,0.739734025
peru,2016,3.557176636
philippines,2016,1.253698801
palau,2016,-1.042305334
papua new guinea,2016,6.673728814
poland,2016,-0.664767331
pre-demographic dividend,2016,4.664662358
puerto rico (us),2016,
"korea, dem. people's rep.",2016,
portugal,2016,0.607397075
paraguay,2016,4.086822806
west bank and gaza,2016,-0.219106605
pacific island small states,2016,1.073393889
post-demographic dividend,2016,0.607397075
french polynesia,2016,
qatar,2016,2.676591701
romania,2016,-1.544796668
russian federation,2016,7.04244763
rwanda,2016,7.17434302
south asia,2016,4.453552403
saudi arabia,2016,2.067407783
sudan,2016,17.75025383
senegal,2016,0.837284943
singapore,2016,-0.52980976
solomon islands,2016,0.512485626
sierra leone,2016,10.88606094
el salvador,2016,0.604049087
san marino,2016,0.64407534
"somalia, fed. rep.",2016,
serbia,2016,1.122313974
sub-saharan africa (excluding high income),2016,5.430519661
south sudan,2016,379.9995856
sub-saharan africa,2016,5.430519661
small states,2016,0.643389056
sao tome and principe,2016,5.430519661
suriname,2016,55.41238798
slovak republic,2016,-0.520010196
slovenia,2016,-0.054999542
sweden,2016,0.984269245
eswatini,2016,7.847274591
sint maarten (dutch part),2016,0.111682656
seychelles,2016,-1.015481917
syrian arab republic,2016,47.70516153
turks and caicos islands,2016,
chad,2016,-0.792440525
east asia & pacific (ida & ibrd countries),2016,1.757111589
europe & central asia (ida & ibrd countries),2016,1.198872829
togo,2016,1.285448471
thailand,2016,0.188149704
tajikistan,2016,6.004580823
turkmenistan,2016,
latin america & the caribbean (ida & ibrd countries),2016,2.537817104
timor-leste,2016,-1.338538762
"middle east, north africa, afghanistan & pakistan (ida & ibrd)",2016,3.765119164
tonga,2016,2.578155152
south asia (ida & ibrd),2016,4.453552403
sub-saharan africa (ida & ibrd countries),2016,5.430519661
trinidad and tobago,2016,3.070667425
tunisia,2016,3.629399374
turkiye,2016,7.775134153
tuvalu,2016,
tanzania,2016,5.174766293
uganda,2016,5.706375046
ukraine,2016,13.9127102
upper middle income,2016,2.090566595
uruguay,2016,9.639413476
united states,2016,1.261583206
uzbekistan,2016,8.130886695
st. vincent and the grenadines,2016,-0.149641648
"venezuela, rb",2016,254.9485348
british virgin islands,2016,
virgin islands (u.s.),2016,
viet nam,2016,2.66824817
vanuatu,2016,0.842069084
world,2016,1.605539174
samoa,2016,1.304718693
kosovo,2016,0.273169431
"yemen, rep.",2016,
south africa,2016,6.602908424
zambia,2016,17.86973008
zimbabwe,2016,-1.543669601
aruba,2017,-1.028281788
africa eastern and southern,2017,6.399343416
afghanistan,2017,4.975951506
africa western and central,2017,1.725486024
angola,2017,29.8444799
albania,2017,1.986661332
andorra,2017,
arab world,2017,2.171832985
united arab emirates,2017,1.966825578
argentina,2017,
armenia,2017,0.969553269
american samoa,2017,
antigua and barbuda,2017,2.43248789
australia,2017,1.948647409
austria,2017,2.081269114
azerbaijan,2017,12.93591842
burundi,2017,16.0525353
belgium,2017,2.12597086
benin,2017,0.043264856
burkina faso,2017,1.482998972
bangladesh,2017,5.702070157
bulgaria,2017,2.061596194
bahrain,2017,1.386718306
"bahamas, the",2017,1.518207007
bosnia and herzegovina,2017,0.810133322
belarus,2017,6.031837252
belize,2017,1.147653393
bermuda,2017,
bolivia,2017,2.822758055
brazil,2017,3.44637335
barbados,2017,4.66018464
brunei darussalam,2017,-1.260505646
bhutan,2017,4.95508367
botswana,2017,3.308280768
central african republic,2017,4.180723319
canada,2017,1.596884129
central europe and the baltics,2017,2.075935537
switzerland,2017,0.53378784
channel islands,2017,
chile,2017,2.182718469
china,2017,1.593136001
cote d'ivoire,2017,0.685881065
cameroon,2017,0.64040915
"congo, dem. rep.",2017,
"congo, rep.",2017,0.450063823
colombia,2017,4.314313257
comoros,2017,
cabo verde,2017,0.784415251
costa rica,2017,1.62590693
caribbean small states,2017,1.699295705
cuba,2017,
curacao,2017,1.585588017
cayman islands,2017,
cyprus,2017,0.531766496
czechia,2017,2.450533985
germany,2017,1.509494851
djibouti,2017,0.568112117
dominica,2017,0.296252889
denmark,2017,1.14713217
dominican republic,2017,3.279556947
algeria,2017,5.59111591
east asia & pacific (excluding high income),2017,2.912635574
early-demographic dividend,2017,3.602477413
east asia & pacific,2017,1.800342225
europe & central asia (excluding high income),2017,4.603573558
europe & central asia,2017,1.915588465
ecuador,2017,0.417335589
"egypt, arab rep.",2017,29.50660839
euro area,2017,1.375036415
eritrea,2017,
spain,2017,1.956076334
estonia,2017,3.417235495
ethiopia,2017,10.68711503
european union,2017,1.429107433
fragile and conflict affected situations,2017,4.251037751
finland,2017,0.754015047
fiji,2017,3.347578348
france,2017,1.032282751
faroe islands,2017,
"micronesia, fed. sts.",2017,0.582253735
gabon,2017,2.651925831
united kingdom,2017,2.557755776
georgia,2017,6.035317253
ghana,2017,12.37192155
gibraltar,2017,
guinea,2017,8.914359479
"gambia, the",2017,8.034189745
guinea-bissau,2017,1.691114618
equatorial guinea,2017,0.744354747
greece,2017,1.12125452
grenada,2017,0.908458256
greenland,2017,
guatemala,2017,4.424536552
guam,2017,
guyana,2017,1.904656155
high income,2017,1.589094136
"hong kong sar, china",2017,1.493872439
honduras,2017,3.934360844
heavily indebted poor countries (hipc),2017,4.975951506
croatia,2017,1.129372103
haiti,2017,10.68008872
hungary,2017,2.348242812
ibrd only,2017,3.323894476
ida & ibrd total,2017,3.44637335
ida total,2017,3.892516254
ida blend,2017,1.147653393
indonesia,2017,3.808798577
ida only,2017,4.447699374
isle of man,2017,
india,2017,3.328173375
not classified,2017,
ireland,2017,0.362173038
"iran, islamic rep.",2017,8.044924377
iraq,2017,0.184058899
iceland,2017,1.760415592
israel,2017,0.24980784
italy,2017,1.226533166
jamaica,2017,4.37839865
jordan,2017,3.323894476
japan,2017,0.484199796
kazakhstan,2017,7.442663213
kenya,2017,8.005649677
kyrgyz republic,2017,3.175309864
cambodia,2017,2.912635574
kiribati,2017,0.355520889
st. kitts and nevis,2017,0.694916712
"korea, rep.",2017,1.944332308
kuwait,2017,2.171832985
latin america & caribbean (excluding high income),2017,3.362965149
lao pdr,2017,0.825478608
lebanon,2017,4.321352183
liberia,2017,12.41963239
libya,2017,25.80361848
st. lucia,2017,0.104262079
latin america & caribbean,2017,2.19201011
least developed countries: un classification,2017,4.774244029
low income,2017,8.156863234
liechtenstein,2017,
sri lanka,2017,7.704137679
lower middle income,2017,3.738883885
low & middle income,2017,3.666997027
lesotho,2017,4.447699374
late-demographic dividend,2017,2.177275727
lithuania,2017,3.722888623
luxembourg,2017,1.730799591
latvia,2017,2.930363124
"macao sar, china",2017,1.228124041
st. martin (french part),2017,
morocco,2017,0.754663249
monaco,2017,
moldova,2017,6.570229975
madagascar,2017,8.609050754
maldives,2017,2.817473382
"middle east, north africa, afghanistan & pakistan",2017,2.069329282
mexico,2017,6.04145724
marshall islands,2017,
middle income,2017,3.44637335
north macedonia,2017,1.351618897
mali,2017,1.759857429
malta,2017,1.364354482
myanmar,2017,4.572536553
"middle east, north africa, afghanistan & pakistan (excluding high income)",2017,4.648651844
montenegro,2017,2.380235991
mongolia,2017,4.301431053
northern mariana islands,2017,
mozambique,2017,15.11320739
mauritania,2017,2.254276519
mauritius,2017,3.666997027
malawi,2017,11.54339392
malaysia,2017,3.871201158
north america,2017,1.863497066
namibia,2017,6.145799811
new caledonia,2017,
niger,2017,2.796373189
nigeria,2017,16.50226621
nicaragua,2017,3.850671663
netherlands,2017,1.381458714
norway,2017,1.875100596
nepal,2017,3.627096107
nauru,2017,
new zealand,2017,1.850787675
oecd members,2017,1.822643361
oman,2017,1.589094136
other small states,2017,2.070325791
pakistan,2017,4.08537368
panama,2017,0.875585919
peru,2017,2.994900458
philippines,2017,2.853187726
palau,2017,1.417988197
papua new guinea,2017,5.42204568
poland,2017,2.075935537
pre-demographic dividend,2017,4.975951506
puerto rico (us),2017,
"korea, dem. people's rep.",2017,
portugal,2017,1.368614116
paraguay,2017,3.602477413
west bank and gaza,2017,0.212570934
pacific island small states,2017,1.583942486
post-demographic dividend,2017,1.730799591
french polynesia,2017,
qatar,2017,0.394878914
romania,2017,1.339021211
russian federation,2017,3.683329444
rwanda,2017,8.279536723
south asia,2017,4.291089888
saudi arabia,2017,-0.836410332
sudan,2017,32.3516261
senegal,2017,1.318153148
singapore,2017,0.576763191
solomon islands,2017,0.48868676
sierra leone,2017,18.2215094
el salvador,2017,1.012354033
san marino,2017,1.014133132
"somalia, fed. rep.",2017,
serbia,2017,3.131062486
sub-saharan africa (excluding high income),2017,5.197951807
south sudan,2017,187.8516303
sub-saharan africa,2017,5.197951807
small states,2017,1.755156183
sao tome and principe,2017,5.690296199
suriname,2017,21.99694302
slovak republic,2017,1.311945882
slovenia,2017,1.429107433
sweden,2017,1.794499047
eswatini,2017,6.221375289
sint maarten (dutch part),2017,2.19201011
seychelles,2017,2.856795756
syrian arab republic,2017,18.07526963
turks and caicos islands,2017,
chad,2017,-1.53709963
east asia & pacific (ida & ibrd countries),2017,2.88291165
europe & central asia (ida & ibrd countries),2017,3.131062486
togo,2017,-0.981889869
thailand,2017,0.665631893
tajikistan,2017,
turkmenistan,2017,
latin america & the caribbean (ida & ibrd countries),2017,2.822758055
timor-leste,2017,0.557215537
"middle east, north africa, afghanistan & pakistan (ida & ibrd)",2017,4.975951506
tonga,2017,7.517062836
south asia (ida & ibrd),2017,4.291089888
sub-saharan africa (ida & ibrd countries),2017,5.197951807
trinidad and tobago,2017,1.880384402
tunisia,2017,5.308848396
turkiye,2017,11.14431108
tuvalu,2017,
tanzania,2017,5.318716052
uganda,2017,5.209717059
ukraine,2017,14.43832275
upper middle income,2017,3.308280768
uruguay,2017,6.218093826
united states,2017,2.130110004
uzbekistan,2017,13.87574254
st. vincent and the grenadines,2017,2.153336488
"venezuela, rb",2017,
british virgin islands,2017,
virgin islands (u.s.),2017,
viet nam,2017,3.520256888
vanuatu,2017,3.084526244
world,2017,2.254276519
samoa,2017,1.749896775
kosovo,2017,1.488234306
"yemen, rep.",2017,
south africa,2017,5.186186555
zambia,2017,6.577311542
zimbabwe,2017,0.893962316
aruba,2018,3.626041414
africa eastern and southern,2018,4.720804742
afghanistan,2018,0.626149149
africa western and central,2018,1.784049948
angola,2018,19.62893797
albania,2018,2.028059631
andorra,2018,
arab world,2018,2.457198359
united arab emirates,2018,3.068633793
argentina,2018,34.27722371
armenia,2018,2.52023382
american samoa,2018,
antigua and barbuda,2018,1.207157934
australia,2018,1.911400944
austria,2018,1.998379814
azerbaijan,2018,2.268546904
burundi,2018,-2.814698077
belgium,2018,2.053164999
benin,2018,0.919170718
burkina faso,2018,1.955943027
bangladesh,2018,5.543621395
bulgaria,2018,2.814544738
bahrain,2018,2.08766938
"bahamas, the",2018,2.265863467
bosnia and herzegovina,2018,1.41710814
belarus,2018,4.872302206
belize,2018,0.269982623
bermuda,2018,
bolivia,2018,2.272059872
brazil,2018,3.664850284
barbados,2018,3.673814104
brunei darussalam,2018,1.025051793
bhutan,2018,2.723963862
botswana,2018,3.238015589
central african republic,2018,1.61215687
canada,2018,2.268225672
central europe and the baltics,2018,2.534454242
switzerland,2018,0.936335464
channel islands,2018,
chile,2018,2.434889814
china,2018,2.0747904
cote d'ivoire,2018,0.359409031
cameroon,2018,1.068858113
"congo, dem. rep.",2018,
"congo, rep.",2018,1.152778964
colombia,2018,3.240569329
comoros,2018,
cabo verde,2018,1.256995667
costa rica,2018,2.221114615
caribbean small states,2018,1.207157934
cuba,2018,
curacao,2018,2.583687566
cayman islands,2018,
cyprus,2018,1.435491195
czechia,2018,2.149494949
germany,2018,1.732168798
djibouti,2018,0.14797085
dominica,2018,0.989191119
denmark,2018,0.813609467
dominican republic,2018,3.56443426
algeria,2018,4.269990205
east asia & pacific (excluding high income),2018,3.198347559
early-demographic dividend,2018,3.975610157
east asia & pacific,2018,2.368549058
europe & central asia (excluding high income),2018,2.565728801
europe & central asia,2018,2.013219723
ecuador,2018,-0.224103246
"egypt, arab rep.",2018,14.40146578
euro area,2018,1.689239658
eritrea,2018,
spain,2018,1.674981369
estonia,2018,3.436326884
ethiopia,2018,13.83303566
european union,2018,1.73860862
fragile and conflict affected situations,2018,3.214539255
finland,2018,1.083820984
fiji,2018,4.081476376
france,2018,1.850815083
faroe islands,2018,
"micronesia, fed. sts.",2018,1.498400236
gabon,2018,4.749066521
united kingdom,2018,2.292839903
georgia,2018,2.615244714
ghana,2018,7.808765166
gibraltar,2018,
guinea,2018,9.827617013
"gambia, the",2018,6.520968239
guinea-bissau,2018,0.381324703
equatorial guinea,2018,1.060074107
greece,2018,0.625621413
grenada,2018,0.804102313
greenland,2018,
guatemala,2018,3.751861867
guam,2018,
guyana,2018,1.282842884
high income,2018,1.881108014
"hong kong sar, china",2018,2.40613432
honduras,2018,4.347349378
heavily indebted poor countries (hipc),2018,3.067359961
croatia,2018,1.50012501
haiti,2018,12.48141112
hungary,2018,2.850247926
ibrd only,2018,3.22703471
ida & ibrd total,2018,3.198347559
ida total,2018,2.96760366
ida blend,2018,2.480308432
indonesia,2018,3.198347559
ida only,2018,3.067359961
isle of man,2018,
india,2018,3.938826467
not classified,2018,
ireland,2018,0.471130714
"iran, islamic rep.",2018,18.01411834
iraq,2018,0.367441489
iceland,2018,2.682917683
israel,2018,0.80506038
italy,2018,1.137487636
jamaica,2018,3.736638822
jordan,2018,4.462311085
japan,2018,0.989094598
kazakhstan,2018,6.163662476
kenya,2018,4.689806468
kyrgyz republic,2018,1.542661452
cambodia,2018,2.459085154
kiribati,2018,0.564030491
st. kitts and nevis,2018,-1.037122141
"korea, rep.",2018,1.47583935
kuwait,2018,0.543133148
latin america & caribbean (excluding high income),2018,3.402501795
lao pdr,2018,2.040392669
lebanon,2018,6.076989079
liberia,2018,23.5635149
libya,2018,13.17020385
st. lucia,2018,1.935618932
latin america & caribbean,2018,2.379517334
least developed countries: un classification,2018,3.477966669
low income,2018,2.791807785
liechtenstein,2018,
sri lanka,2018,2.135037737
lower middle income,2018,4.17637722
low & middle income,2018,3.240569329
lesotho,2018,4.751803016
late-demographic dividend,2018,2.474463471
lithuania,2018,2.697927792
luxembourg,2018,1.528195243
latvia,2018,2.534454242
"macao sar, china",2018,3.004462932
st. martin (french part),2018,
morocco,2018,1.803916711
monaco,2018,
moldova,2018,3.045053973
madagascar,2018,8.594229589
maldives,2018,-0.133373386
"middle east, north africa, afghanistan & pakistan",2018,1.945793046
mexico,2018,4.899350154
marshall islands,2018,
middle income,2018,3.46147485
north macedonia,2018,1.458312985
mali,2018,0.299546507
malta,2018,1.157823625
myanmar,2018,6.872328657
"middle east, north africa, afghanistan & pakistan (excluding high income)",2018,4.366150645
montenegro,2018,2.611223783
mongolia,2018,6.824247901
northern mariana islands,2018,
mozambique,2018,3.9113344
mauritania,2018,3.067359961
mauritius,2018,3.216053831
malawi,2018,12.42017811
malaysia,2018,0.884709161
north america,2018,2.355404485
namibia,2018,4.291591053
new caledonia,2018,
niger,2018,2.96760366
nigeria,2018,12.09510652
nicaragua,2018,4.94723728
netherlands,2018,1.703497947
norway,2018,2.764831345
nepal,2018,4.061163388
nauru,2018,
new zealand,2018,1.598297038
oecd members,2018,1.932468123
oman,2018,0.889312371
other small states,2018,2.623847896
pakistan,2018,5.078057259
panama,2018,0.761578359
peru,2018,1.50915423
philippines,2018,5.309346616
palau,2018,2.109704641
papua new guinea,2018,4.374489215
poland,2018,1.812951565
pre-demographic dividend,2018,2.96760366
puerto rico (us),2018,
"korea, dem. people's rep.",2018,
portugal,2018,0.993715683
paraguay,2018,3.975610157
west bank and gaza,2018,-0.195107774
pacific island small states,2018,2.896219323
post-demographic dividend,2018,1.73860862
french polynesia,2018,
qatar,2018,0.255815383
romania,2018,4.625484431
russian federation,2018,2.878297236
rwanda,2018,-0.31121016
south asia,2018,3.331395164
saudi arabia,2018,2.457198359
sudan,2018,63.29250735
senegal,2018,0.460985642
singapore,2018,0.438784215
solomon islands,2018,3.46147485
sierra leone,2018,16.02954477
el salvador,2018,1.090330006
san marino,2018,1.163335223
"somalia, fed. rep.",2018,
serbia,2018,1.959840763
sub-saharan africa (excluding high income),2018,4.092978193
south sudan,2018,83.50152949
sub-saharan africa,2018,4.092978193
small states,2018,2.109704641
sao tome and principe,2018,7.868596289
suriname,2018,
slovak republic,2018,2.514037129
slovenia,2018,1.73860862
sweden,2018,1.953535301
eswatini,2018,4.815061675
sint maarten (dutch part),2018,
seychelles,2018,3.702918391
syrian arab republic,2018,0.940983844
turks and caicos islands,2018,
chad,2018,4.274621986
east asia & pacific (ida & ibrd countries),2018,2.917409785
europe & central asia (ida & ibrd countries),2018,2.611223783
togo,2018,0.927755426
thailand,2018,1.063897542
tajikistan,2018,
turkmenistan,2018,
latin america & the caribbean (ida & ibrd countries),2018,2.324144854
timor-leste,2018,2.63647201
"middle east, north africa, afghanistan & pakistan (ida & ibrd)",2018,4.462311085
tonga,2018,5.03209692
south asia (ida & ibrd),2018,3.331395164
sub-saharan africa (ida & ibrd countries),2018,4.092978193
trinidad and tobago,2018,1.018569302
tunisia,2018,7.30759176
turkiye,2018,16.3324639
tuvalu,2018,
tanzania,2018,3.494458489
uganda,2018,2.61601191
ukraine,2018,10.95185594
upper middle income,2018,3.045053973
uruguay,2018,7.606533604
united states,2018,2.442583297
uzbekistan,2018,17.52417965
st. vincent and the grenadines,2018,2.324144854
"venezuela, rb",2018,
british virgin islands,2018,
virgin islands (u.s.),2018,
viet nam,2018,3.539628059
vanuatu,2018,2.330963796
world,2018,2.449890828
samoa,2018,4.197458887
kosovo,2018,1.053797737
"yemen, rep.",2018,
south africa,2018,4.509872649
zambia,2018,7.494571927
zimbabwe,2018,10.61886587
aruba,2019,4.257462043
africa eastern and southern,2019,4.644967173
afghanistan,2019,2.302372515
africa western and central,2019,1.983092285
angola,2019,17.08095414
albania,2019,1.41109079
andorra,2019,
arab world,2019,1.091848027
united arab emirates,2019,-1.931081148
argentina,2019,53.54830435
armenia,2019,1.443446608
american samoa,2019,
antigua and barbuda,2019,1.431355982
australia,2019,1.610767873
austria,2019,1.530895642
azerbaijan,2019,2.610571828
burundi,2019,-0.686772171
belgium,2019,1.43681957
benin,2019,0.732849371
burkina faso,2019,-3.23338934
bangladesh,2019,5.591996399
bulgaria,2019,3.103729448
bahrain,2019,1.005820047
"bahamas, the",2019,2.491235274
bosnia and herzegovina,2019,0.562782154
belarus,2019,5.59815595
belize,2019,0.187069385
bermuda,2019,
bolivia,2019,1.83954505
brazil,2019,3.732976212
barbados,2019,4.100289645
brunei darussalam,2019,-0.390522069
bhutan,2019,2.726430374
botswana,2019,2.772864429
central african republic,2019,2.685373553
canada,2019,1.949269024
central europe and the baltics,2019,2.664561334
switzerland,2019,0.36288618
channel islands,2019,
chile,2019,2.557544757
china,2019,2.899234164
cote d'ivoire,2019,-1.10686344
cameroon,2019,2.452802141
"congo, dem. rep.",2019,
"congo, rep.",2019,2.206073058
colombia,2019,3.523019327
comoros,2019,
cabo verde,2019,1.106666743
costa rica,2019,2.096046353
caribbean small states,2019,1.00054293
cuba,2019,
curacao,2019,2.622207834
cayman islands,2019,
cyprus,2019,0.250370997
czechia,2019,2.847875959
germany,2019,1.445659769
djibouti,2019,3.319253727
dominica,2019,1.504623539
denmark,2019,0.758131573
dominican republic,2019,1.81060377
algeria,2019,1.951768211
east asia & pacific (excluding high income),2019,1.942575008
early-demographic dividend,2019,2.762520194
east asia & pacific,2019,1.703978632
europe & central asia (excluding high income),2019,2.643281927
europe & central asia,2019,1.763735865
ecuador,2019,0.266012515
"egypt, arab rep.",2019,9.152799593
euro area,2019,1.441239669
eritrea,2019,
spain,2019,0.699518994
estonia,2019,2.277259312
ethiopia,2019,15.80963217
european union,2019,1.630522608
fragile and conflict affected situations,2019,2.377587328
finland,2019,1.02409393
fiji,2019,1.773101825
france,2019,1.108254923
faroe islands,2019,
"micronesia, fed. sts.",2019,1.923851708
gabon,2019,2.464567562
united kingdom,2019,1.738104601
georgia,2019,4.852898217
ghana,2019,7.143640033
gibraltar,2019,
guinea,2019,9.470010393
"gambia, the",2019,7.115676256
guinea-bissau,2019,0.246600268
equatorial guinea,2019,1.53027529
greece,2019,0.253007522
grenada,2019,0.598149765
greenland,2019,
guatemala,2019,3.69998398
guam,2019,
guyana,2019,2.087230892
high income,2019,1.615199887
"hong kong sar, china",2019,2.883208538
honduras,2019,4.365871598
heavily indebted poor countries (hipc),2019,2.802703079
croatia,2019,0.771820346
haiti,2019,18.70378257
hungary,2019,3.338586354
ibrd only,2019,2.584058293
ida & ibrd total,2019,2.685373553
ida total,2019,2.726430374
ida blend,2019,1.989587441
indonesia,2019,3.030584609
ida only,2019,2.867588034
isle of man,2019,
india,2019,3.729505735
not classified,2019,
ireland,2019,0.937842961
"iran, islamic rep.",2019,39.90734557
iraq,2019,-0.19896538
iceland,2019,3.013971792
israel,2019,0.81764594
italy,2019,0.611246944
jamaica,2019,3.905100009
jordan,2019,0.761514047
japan,2019,0.468776159
kazakhstan,2019,5.333560989
kenya,2019,5.239637958
kyrgyz republic,2019,1.133622577
cambodia,2019,1.942575008
kiribati,2019,-1.813079953
st. kitts and nevis,2019,-0.329562064
"korea, rep.",2019,0.383000304
kuwait,2019,1.091848027
latin america & caribbean (excluding high income),2019,2.504609595
lao pdr,2019,3.322558813
lebanon,2019,3.005389494
liberia,2019,26.96627602
libya,2019,-2.162178835
st. lucia,2019,0.539087559
latin america & caribbean,2019,2.371678594
least developed countries: un classification,2019,3.32090627
low income,2019,2.835145557
liechtenstein,2019,
sri lanka,2019,3.528393582
lower middle income,2019,3.393419696
low & middle income,2019,2.757097276
lesotho,2019,5.187083592
late-demographic dividend,2019,2.161762581
lithuania,2019,2.33450938
luxembourg,2019,1.743320757
latvia,2019,2.811409201
"macao sar, china",2019,2.751930811
st. martin (french part),2019,
morocco,2019,0.303386037
monaco,2019,
moldova,2019,4.837783514
madagascar,2019,5.610514415
maldives,2019,0.220029731
"middle east, north africa, afghanistan & pakistan",2019,1.336015681
mexico,2019,3.635961421
marshall islands,2019,
middle income,2019,2.726430374
north macedonia,2019,0.766439573
mali,2019,-1.658266948
malta,2019,1.642060018
myanmar,2019,8.825066968
"middle east, north africa, afghanistan & pakistan (excluding high income)",2019,2.653881005
montenegro,2019,0.361563705
mongolia,2019,7.301069536
northern mariana islands,2019,
mozambique,2019,2.802703079
mauritania,2019,2.300092621
mauritius,2019,0.40565519
malawi,2019,9.370836056
malaysia,2019,0.662891866
north america,2019,1.88073955
namibia,2019,3.722394144
new caledonia,2019,
niger,2019,-2.489792651
nigeria,2019,11.39642234
nicaragua,2019,5.376289908
netherlands,2019,2.633699102
norway,2019,2.167730033
nepal,2019,5.568685478
nauru,2019,
new zealand,2019,1.619631902
oecd members,2019,1.740712679
oman,2019,0.490815363
other small states,2019,1.37436338
pakistan,2019,10.5783618
panama,2019,-0.355083821
peru,2019,2.252121914
philippines,2019,2.392065344
palau,2019,0.267379679
papua new guinea,2019,3.928672909
poland,2019,2.227478809
pre-demographic dividend,2019,2.452802141
puerto rico (us),2019,
"korea, dem. people's rep.",2019,
portugal,2019,0.33817841
paraguay,2019,2.757097276
west bank and gaza,2019,1.580183336
pacific island small states,2019,1.407199394
post-demographic dividend,2019,1.619631902
french polynesia,2019,
qatar,2019,-0.666641125
romania,2019,3.827854326
russian federation,2019,4.470366608
rwanda,2019,3.34787655
south asia,2019,3.628949659
saudi arabia,2019,-2.09334901
sudan,2019,50.9940515
senegal,2019,1.760111512
singapore,2019,0.567829988
solomon islands,2019,1.63485544
sierra leone,2019,14.80499909
el salvador,2019,0.075324135
san marino,2019,0.472651967
"somalia, fed. rep.",2019,
serbia,2019,1.849229845
sub-saharan africa (excluding high income),2019,2.835145557
south sudan,2019,87.24136415
sub-saharan africa,2019,2.835145557
small states,2019,1.179543348
sao tome and principe,2019,7.720245252
suriname,2019,
slovak republic,2019,2.664561334
slovenia,2019,1.630522608
sweden,2019,1.784150974
eswatini,2019,2.598016203
sint maarten (dutch part),2019,
seychelles,2019,1.807094008
syrian arab republic,2019,13.41756532
turks and caicos islands,2019,
chad,2019,-0.971939175
east asia & pacific (ida & ibrd countries),2019,1.933213358
europe & central asia (ida & ibrd countries),2019,2.675992026
togo,2019,0.67465277
thailand,2019,0.706728601
tajikistan,2019,
turkmenistan,2019,
latin america & the caribbean (ida & ibrd countries),2019,2.096046353
timor-leste,2019,0.95881274
"middle east, north africa, afghanistan & pakistan (ida & ibrd)",2019,3.005389494
tonga,2019,1.179543348
south asia (ida & ibrd),2019,3.628949659
sub-saharan africa (ida & ibrd countries),2019,2.835145557
trinidad and tobago,2019,1.00054293
tunisia,2019,6.720075329
turkiye,2019,15.17682157
tuvalu,2019,
tanzania,2019,3.46428058
uganda,2019,2.867588034
ukraine,2019,7.886717456
upper middle income,2019,1.849229845
uruguay,2019,7.881988709
united states,2019,1.812210075
uzbekistan,2019,14.52573596
st. vincent and the grenadines,2019,0.913069725
"venezuela, rb",2019,
british virgin islands,2019,
virgin islands (u.s.),2019,
viet nam,2019,2.795823675
vanuatu,2019,2.762520194
world,2019,2.216775934
samoa,2019,0.98232657
kosovo,2019,2.675992026
"yemen, rep.",2019,
south africa,2019,4.102850755
zambia,2019,9.150316443
zimbabwe,2019,255.3049908
aruba,2020,
africa eastern and southern,2020,5.405162079
afghanistan,2020,5.601887915
africa western and central,2020,2.490377839
angola,2020,22.27153925
albania,2020,1.620886617
andorra,2020,
arab world,2020,1.612222204
united arab emirates,2020,-2.079403179
argentina,2020,42.01509474
armenia,2020,1.211435778
american samoa,2020,
antigua and barbuda,2020,0.625989707
australia,2020,0.846905537
austria,2020,1.381910634
azerbaijan,2020,2.75980947
burundi,2020,7.321106434
belgium,2020,0.740791812
benin,2020,3.022721197
burkina faso,2020,1.884700665
bangladesh,2020,5.691074747
bulgaria,2020,1.672440969
bahrain,2020,-2.317706293
"bahamas, the",2020,0.038521098
bosnia and herzegovina,2020,-1.051296008
belarus,2020,5.548143575
belize,2020,0.121434645
bermuda,2020,
bolivia,2020,0.940742153
brazil,2020,3.211768038
barbados,2020,
brunei darussalam,2020,1.940319966
bhutan,2020,5.629365226
botswana,2020,1.890359168
central african republic,2020,1.710156595
canada,2020,0.716999632
central europe and the baltics,2020,1.672440969
switzerland,2020,-0.725874933
channel islands,2020,
chile,2020,3.045490848
china,2020,2.419421895
cote d'ivoire,2020,2.425006568
cameroon,2020,2.437608822
"congo, dem. rep.",2020,
"congo, rep.",2020,1.795371471
colombia,2020,2.526635001
comoros,2020,
cabo verde,2020,0.605795808
costa rica,2020,0.724911478
caribbean small states,2020,0.121434645
cuba,2020,
curacao,2020,
cayman islands,2020,
cyprus,2020,-0.638422798
czechia,2020,3.161295285
germany,2020,0.144877926
djibouti,2020,1.777407838
dominica,2020,1.220264422
denmark,2020,0.420711974
dominican republic,2020,3.781031799
algeria,2020,2.415130941
east asia & pacific (excluding high income),2020,2.406292144
early-demographic dividend,2020,2.963549921
east asia & pacific,2020,0.846905537
europe & central asia (excluding high income),2020,2.746150782
europe & central asia,2020,1.199983969
ecuador,2020,-0.338872393
"egypt, arab rep.",2020,5.04493289
euro area,2020,0.18693814
eritrea,2020,
spain,2020,-0.322753017
estonia,2020,-0.444531098
ethiopia,2020,20.35634686
european union,2020,0.476498853
fragile and conflict affected situations,2020,2.930871841
finland,2020,0.290554556
fiji,2020,-2.595243259
france,2020,0.476498853
faroe islands,2020,
"micronesia, fed. sts.",2020,0.554594631
gabon,2020,1.352761107
united kingdom,2020,0.989486704
georgia,2020,5.20246489
ghana,2020,9.887289563
gibraltar,2020,
guinea,2020,10.60162034
"gambia, the",2020,5.931276366
guinea-bissau,2020,1.140009394
equatorial guinea,2020,4.766695239
greece,2020,-1.247983556
grenada,2020,-0.740732597
greenland,2020,
guatemala,2020,3.214440622
guam,2020,
guyana,2020,0.993337023
high income,2020,0.598986331
"hong kong sar, china",2020,0.250962021
honduras,2020,3.46841178
heavily indebted poor countries (hipc),2020,3.483935675
croatia,2020,0.154811375
haiti,2020,22.79631136
hungary,2020,3.326743858
ibrd only,2020,2.415130941
ida & ibrd total,2020,2.919244451
ida total,2020,3.483935675
ida blend,2020,2.11018902
indonesia,2020,1.919835273
ida only,2020,4.201793122
isle of man,2020,
india,2020,6.623436776
not classified,2020,
ireland,2020,-0.326183651
"iran, islamic rep.",2020,30.59413904
iraq,2020,0.574162679
iceland,2020,2.847924015
israel,2020,-0.575254621
italy,2020,-0.137707574
jamaica,2020,5.226777793
jordan,2020,0.333294351
japan,2020,-0.024995834
kazakhstan,2020,6.718154549
kenya,2020,5.405162079
kyrgyz republic,2020,6.325422963
cambodia,2020,2.940295143
kiribati,2020,2.553245544
st. kitts and nevis,2020,-1.167245018
"korea, rep.",2020,0.537288023
kuwait,2020,2.101729548
latin america & caribbean (excluding high income),2020,2.526635001
lao pdr,2020,5.10407263
lebanon,2020,84.86433305
liberia,2020,16.95572415
libya,2020,1.44703657
st. lucia,2020,-1.755808335
latin america & caribbean,2020,1.493890173
least developed countries: un classification,2020,4.464144372
low income,2020,4.464144372
liechtenstein,2020,
sri lanka,2020,6.153945084
lower middle income,2020,4.924885374
low & middle income,2020,3.022721197
lesotho,2020,4.978096763
late-demographic dividend,2020,1.936941267
lithuania,2020,1.19989445
luxembourg,2020,0.819957302
latvia,2020,0.219064905
"macao sar, china",2020,0.811410511
st. martin (french part),2020,
morocco,2020,0.705968661
monaco,2020,
moldova,2020,3.765971222
madagascar,2020,4.201793122
maldives,2020,-1.369774256
"middle east, north africa, afghanistan & pakistan",2020,1.44703657
mexico,2020,3.396834156
marshall islands,2020,
middle income,2020,2.746150782
north macedonia,2020,1.200073489
mali,2020,0.43808894
malta,2020,0.638544957
myanmar,2020,
"middle east, north africa, afghanistan & pakistan (excluding high income)",2020,2.415130941
montenegro,2020,-0.2556557
mongolia,2020,3.723723061
northern mariana islands,2020,
mozambique,2020,3.483935675
mauritania,2020,2.385694885
mauritius,2020,2.580800772
malawi,2020,8.625514697
malaysia,2020,-1.138702154
north america,2020,0.975292014
namibia,2020,2.209382369
new caledonia,2020,
niger,2020,2.89819376
nigeria,2020,13.24602343
nicaragua,2020,3.681813416
netherlands,2020,1.272460378
norway,2020,1.286584907
nepal,2020,5.052366553
nauru,2020,
new zealand,2020,1.7145617
oecd members,2020,0.732851645
oman,2020,-0.406402919
other small states,2020,0.638544957
pakistan,2020,9.739993139
panama,2020,-1.550275408
peru,2020,2.002412058
philippines,2020,2.393162393
palau,2020,0.218181818
papua new guinea,2020,4.871673986
poland,2020,3.374469726
pre-demographic dividend,2020,3.483935675
puerto rico (us),2020,
"korea, dem. people's rep.",2020,
portugal,2020,-0.01243833
paraguay,2020,1.767515924
west bank and gaza,2020,-0.735332001
pacific island small states,2020,0.386388225
post-demographic dividend,2020,0.632267332
french polynesia,2020,
qatar,2020,-2.54031503
romania,2020,2.631073112
russian federation,2020,3.381659372
rwanda,2020,9.850399023
south asia,2020,5.660219987
saudi arabia,2020,3.445467064
sudan,2020,163.2577824
senegal,2020,2.543146857
singapore,2020,-0.172111866
solomon islands,2020,2.963549921
sierra leone,2020,13.44687111
el salvador,2020,-0.371590212
san marino,2020,-0.133368898
"somalia, fed. rep.",2020,
serbia,2020,1.575532901
sub-saharan africa (excluding high income),2020,3.483935675
south sudan,2020,29.67584355
sub-saharan africa,2020,3.483935675
small states,2020,0.576790481
sao tome and principe,2020,9.819327915
suriname,2020,34.88978431
slovak republic,2020,1.936941267
slovenia,2020,-0.054856816
sweden,2020,0.497367319
eswatini,2020,
sint maarten (dutch part),2020,
seychelles,2020,1.20266464
syrian arab republic,2020,
turks and caicos islands,2020,
chad,2020,4.464144372
east asia & pacific (ida & ibrd countries),2020,2.393162393
europe & central asia (ida & ibrd countries),2020,2.732492094
togo,2020,1.699284633
thailand,2020,-0.845937147
tajikistan,2020,
turkmenistan,2020,
latin america & the caribbean (ida & ibrd countries),2020,1.767515924
timor-leste,2020,0.495499215
"middle east, north africa, afghanistan & pakistan (ida & ibrd)",2020,3.730031915
tonga,2020,-0.349737697
south asia (ida & ibrd),2020,5.660219987
sub-saharan africa (ida & ibrd countries),2020,3.483935675
trinidad and tobago,2020,0.598986331
tunisia,2020,5.634151159
turkiye,2020,12.27895745
tuvalu,2020,
tanzania,2020,3.290290628
uganda,2020,3.313322895
ukraine,2020,2.732492094
upper middle income,2020,1.828937546
uruguay,2020,9.756406361
united states,2020,1.233584396
uzbekistan,2020,12.86772974
st. vincent and the grenadines,2020,-0.628131309
"venezuela, rb",2020,
british virgin islands,2020,
virgin islands (u.s.),2020,
viet nam,2020,3.220934367
vanuatu,2020,5.329350731
world,2020,1.919835273
samoa,2020,-1.568912477
kosovo,2020,0.198227923
"yemen, rep.",2020,
south africa,2020,3.232388316
zambia,2020,15.73306047
zimbabwe,2020,557.2018174
aruba,2021,
africa eastern and southern,2021,7.240977656
afghanistan,2021,5.133203408
africa western and central,2021,3.745567823
angola,2021,25.75429488
albania,2021,2.041471631
andorra,2021,
arab world,2021,2.965810083
united arab emirates,2021,0.179935336
argentina,2021,48.40937863
armenia,2021,7.184836294
american samoa,2021,
antigua and barbuda,2021,2.062996385
australia,2021,2.863910422
austria,2021,2.766666667
azerbaijan,2021,6.650299127
burundi,2021,8.404538451
belgium,2021,2.440248511
benin,2021,1.733539627
burkina faso,2021,3.653267618
bangladesh,2021,5.545654308
bulgaria,2021,3.297744353
bahrain,2021,-0.606319385
"bahamas, the",2021,2.904912629
bosnia and herzegovina,2021,1.981639006
belarus,2021,9.460283896
belize,2021,3.235636592
bermuda,2021,
bolivia,2021,0.737383721
brazil,2021,8.301659756
barbados,2021,
brunei darussalam,2021,1.733413885
bhutan,2021,7.346814405
botswana,2021,7.240977656
central african republic,2021,4.259364175
canada,2021,3.395193185
central europe and the baltics,2021,3.839844915
switzerland,2021,0.581814168
channel islands,2021,
chile,2021,4.524568383
china,2021,0.981015136
cote d'ivoire,2021,4.091951897
cameroon,2021,2.271857625
"congo, dem. rep.",2021,
"congo, rep.",2021,1.715642755
colombia,2021,3.495057574
comoros,2021,
cabo verde,2021,1.862152975
costa rica,2021,1.726477551
caribbean small states,2021,2.228913307
cuba,2021,
curacao,2021,
cayman islands,2021,
cyprus,2021,2.446088672
czechia,2021,3.839844915
germany,2021,3.066666667
djibouti,2021,1.181917753
dominica,2021,2.228913307
denmark,2021,1.85304544
dominican republic,2021,8.24300348
algeria,2021,7.226063074
east asia & pacific (excluding high income),2021,2.698918595
early-demographic dividend,2021,4.149680034
east asia & pacific,2021,2.477102415
europe & central asia (excluding high income),2021,6.917567711
europe & central asia,2021,3.19017771
ecuador,2021,0.133251386
"egypt, arab rep.",2021,5.214049405
euro area,2021,2.486504381
eritrea,2021,
spain,2021,3.09313512
estonia,2021,4.653166738
ethiopia,2021,26.83952216
european union,2021,2.554506996
fragile and conflict affected situations,2021,4.371477158
finland,2021,2.194574323
fiji,2021,0.155855722
france,2021,1.64233141
faroe islands,2021,
"micronesia, fed. sts.",2021,3.191284066
gabon,2021,1.086907465
united kingdom,2021,2.518371096
georgia,2021,9.566914338
ghana,2021,9.971088675
gibraltar,2021,
guinea,2021,12.59728826
"gambia, the",2021,7.370347589
guinea-bissau,2021,2.242488796
equatorial guinea,2021,-0.097100766
greece,2021,1.22382501
grenada,2021,1.219511939
greenland,2021,
guatemala,2021,4.261051274
guam,2021,
guyana,2021,5.032855746
high income,2021,2.518371096
"hong kong sar, china",2021,1.568758344
honduras,2021,4.480879634
heavily indebted poor countries (hipc),2021,4.480879634
croatia,2021,2.554506996
haiti,2021,16.84152402
hungary,2021,5.110965344
ibrd only,2021,4.271663815
ida & ibrd total,2021,4.260207725
ida total,2021,4.186215065
ida blend,2021,3.46677877
indonesia,2021,1.56007883
ida only,2021,4.480879634
isle of man,2021,
india,2021,5.131407472
not classified,2021,
ireland,2021,2.340341134
"iran, islamic rep.",2021,43.38901627
iraq,2021,6.041864891
iceland,2021,4.444239702
israel,2021,1.479654747
italy,2021,1.873783258
jamaica,2021,5.862782428
jordan,2021,1.346093772
japan,2021,-0.233352779
kazakhstan,2021,8.04147134
kenya,2021,6.107936037
kyrgyz republic,2021,11.90503982
cambodia,2021,2.920734776
kiribati,2021,2.053616768
st. kitts and nevis,2021,1.19568887
"korea, rep.",2021,2.498333333
kuwait,2021,3.423629476
latin america & caribbean (excluding high income),2021,4.271663815
lao pdr,2021,3.755620367
lebanon,2021,154.756096
liberia,2021,7.815593859
libya,2021,2.868330278
st. lucia,2021,2.410703122
latin america & caribbean,2021,3.878054424
least developed countries: un classification,2021,4.186215065
low income,2021,5.133203408
liechtenstein,2021,
sri lanka,2021,7.014780712
lower middle income,2021,4.315279834
low & middle income,2021,4.259364175
lesotho,2021,6.04774592
late-demographic dividend,2021,3.495057574
lithuania,2021,4.683544209
luxembourg,2021,2.526920091
latvia,2021,3.275829374
"macao sar, china",2021,0.026454365
st. martin (french part),2021,
morocco,2021,1.40195884
monaco,2021,
moldova,2021,5.10641129
madagascar,2021,5.812251188
maldives,2021,0.543149689
"middle east, north africa, afghanistan & pakistan",2021,2.868330278
mexico,2021,5.689208477
marshall islands,2021,
middle income,2021,4.120815965
north macedonia,2021,3.230749121
mali,2021,3.925602831
malta,2021,1.497892179
myanmar,2021,
"middle east, north africa, afghanistan & pakistan (excluding high income)",2021,5.214049405
montenegro,2021,2.410801984
mongolia,2021,7.358946579
northern mariana islands,2021,
mozambique,2021,6.40847653
mauritania,2021,3.565164847
mauritius,2021,4.028528882
malawi,2021,9.330144108
malaysia,2021,2.477102415
north america,2021,4.046526024
namibia,2021,3.616905301
new caledonia,2021,
niger,2021,3.837868028
nigeria,2021,16.95284572
nicaragua,2021,4.928413969
netherlands,2021,2.675720088
norway,2021,3.483880553
nepal,2021,4.149680034
nauru,2021,
new zealand,2021,3.941120608
oecd members,2021,2.815288544
oman,2021,1.682211859
other small states,2021,2.446088672
pakistan,2021,9.496210561
panama,2021,1.630703373
peru,2021,4.271663815
philippines,2021,3.927180221
palau,2021,2.612481858
papua new guinea,2021,4.48359014
poland,2021,5.055027047
pre-demographic dividend,2021,4.259364175
puerto rico (us),2021,
"korea, dem. people's rep.",2021,
portugal,2021,1.265657191
paraguay,2021,4.787983101
west bank and gaza,2021,1.237481028
pacific island small states,2021,2.47788272
post-demographic dividend,2021,2.508352215
french polynesia,2021,
qatar,2021,2.304465657
romania,2021,5.052328761
russian federation,2021,6.69445892
rwanda,2021,-0.391346748
south asia,2021,5.33853089
saudi arabia,2021,3.063289889
sudan,2021,359.0930408
senegal,2021,2.180322781
singapore,2021,2.316103158
solomon islands,2021,-0.115437894
sierra leone,2021,11.87395888
el salvador,2021,3.466925853
san marino,2021,1.615514116
"somalia, fed. rep.",2021,
serbia,2021,4.085102853
sub-saharan africa (excluding high income),2021,4.259364175
south sudan,2021,10.51671583
sub-saharan africa,2021,4.618745449
small states,2021,2.410752553
sao tome and principe,2021,8.137770384
suriname,2021,59.11966263
slovak republic,2021,3.149606299
slovenia,2021,1.917065061
sweden,2021,2.163197364
eswatini,2021,
sint maarten (dutch part),2021,
seychelles,2021,9.76909937
syrian arab republic,2021,
turks and caicos islands,2021,
chad,2021,-0.77284437
east asia & pacific (ida & ibrd countries),2021,2.612481858
europe & central asia (ida & ibrd countries),2021,5.10641129
togo,2021,4.186215065
thailand,2021,1.230395413
tajikistan,2021,
turkmenistan,2021,
latin america & the caribbean (ida & ibrd countries),2021,4.261051274
timor-leste,2021,3.697920947
"middle east, north africa, afghanistan & pakistan (ida & ibrd)",2021,5.460199807
tonga,2021,5.640511406
south asia (ida & ibrd),2021,5.33853089
sub-saharan africa (ida & ibrd countries),2021,4.618745449
trinidad and tobago,2021,2.059227469
tunisia,2021,5.706350208
turkiye,2021,19.59649269
tuvalu,2021,
tanzania,2021,3.690919588
uganda,2021,2.204572048
ukraine,2021,9.363139177
upper middle income,2021,4.056815867
uruguay,2021,7.747914023
united states,2021,4.697858864
uzbekistan,2021,10.84923975
st. vincent and the grenadines,2021,1.572729325
"venezuela, rb",2021,
british virgin islands,2021,
virgin islands (u.s.),2021,
viet nam,2021,1.834715548
vanuatu,2021,2.343283582
world,2021,3.483880553
samoa,2021,3.133204732
kosovo,2021,3.353691392
"yemen, rep.",2021,
south africa,2021,4.618745449
zambia,2021,22.02076762
zimbabwe,2021,98.54610509
aruba,2022,
africa eastern and southern,2022,10.77375122
afghanistan,2022,13.71210237
africa western and central,2022,7.930929254
angola,2022,21.35529013
albania,2022,6.725202715
andorra,2022,
arab world,2022,5.087542009
united arab emirates,2022,5.291226044
argentina,2022,72.43075753
armenia,2022,8.64091109
american samoa,2022,
antigua and barbuda,2022,7.531078346
australia,2022,6.594096713
austria,2022,8.546869932
azerbaijan,2022,13.85225901
burundi,2022,18.80087867
belgium,2022,9.597511729
benin,2022,1.350778636
burkina faso,2022,
bangladesh,2022,7.696954372
bulgaria,2022,15.32525893
bahrain,2022,3.625741043
"bahamas, the",2022,5.605406336
bosnia and herzegovina,2022,14.02084408
belarus,2022,15.20967527
belize,2022,6.276893194
bermuda,2022,
bolivia,2022,1.746328729
brazil,2022,9.28010609
barbados,2022,
brunei darussalam,2022,3.682250306
bhutan,2022,5.639166714
botswana,2022,11.66556748
central african republic,2022,5.583167352
canada,2022,6.802801153
central europe and the baltics,2022,14.60814395
switzerland,2022,2.835027986
channel islands,2022,
chile,2022,11.64386671
china,2022,1.973575557
cote d'ivoire,2022,5.276167243
cameroon,2022,6.247677133
"congo, dem. rep.",2022,
"congo, rep.",2022,3.043443347
colombia,2022,10.17723135
comoros,2022,
cabo verde,2022,7.930929254
costa rica,2022,8.274774902
caribbean small states,2022,5.828386385
cuba,2022,
curacao,2022,
cayman islands,2022,
cyprus,2022,8.39548298
czechia,2022,15.10016515
germany,2022,6.872574386
djibouti,2022,5.17980848
dominica,2022,2.884902268
denmark,2022,7.696566999
dominican republic,2022,8.811092093
algeria,2022,9.265515516
east asia & pacific (excluding high income),2022,5.377349082
early-demographic dividend,2022,7.198616156
east asia & pacific,2022,5.345954409
europe & central asia (excluding high income),2022,13.88758417
europe & central asia,2022,10.78058068
ecuador,2022,3.466169722
"egypt, arab rep.",2022,13.89566098
euro area,2022,8.471176456
eritrea,2022,
spain,2022,8.390576341
estonia,2022,19.39826341
ethiopia,2022,33.88987971
european union,2022,8.833698867
fragile and conflict affected situations,2022,7.005309454
finland,2022,7.123507733
fiji,2022,4.520192664
france,2022,5.222367484
faroe islands,2022,
"micronesia, fed. sts.",2022,5.408743755
gabon,2022,4.231247983
united kingdom,2022,7.922048831
georgia,2022,11.89816542
ghana,2022,31.2558951
gibraltar,2022,
guinea,2022,10.493041
"gambia, the",2022,11.51311984
guinea-bissau,2022,9.39075934
equatorial guinea,2022,4.786717047
greece,2022,9.645259813
grenada,2022,2.580539259
greenland,2022,
guatemala,2022,6.885128233
guam,2022,
guyana,2022,6.115055501
high income,2022,7.351651553
"hong kong sar, china",2022,1.881367072
honduras,2022,9.089639115
heavily indebted poor countries (hipc),2022,9.573371186
croatia,2022,10.78058068
haiti,2022,33.98393195
hungary,2022,14.60814395
ibrd only,2022,8.957735962
ida & ibrd total,2022,8.487308695
ida total,2022,8.064081968
ida blend,2022,6.327520073
indonesia,2022,4.209464637
ida only,2022,9.458012813
isle of man,2022,
india,2022,6.699034141
not classified,2022,
ireland,2022,7.829457364
"iran, islamic rep.",2022,43.48846417
iraq,2022,4.994765964
iceland,2022,8.308755116
israel,2022,4.411627255
italy,2022,8.201289912
jamaica,2022,10.34956884
jordan,2022,4.229155689
japan,2022,2.497702782
kazakhstan,2022,15.02786444
kenya,2022,7.659862683
kyrgyz republic,2022,13.92290932
cambodia,2022,5.343702649
kiribati,2022,5.345954409
st. kitts and nevis,2022,2.668175331
"korea, rep.",2022,5.089513651
kuwait,2022,3.98064962
latin america & caribbean (excluding high income),2022,8.333706301
lao pdr,2022,22.95622251
lebanon,2022,171.2054913
liberia,2022,7.592984866
libya,2022,4.510301492
st. lucia,2022,6.378146951
latin america & caribbean,2022,7.713677269
least developed countries: un classification,2022,8.83128162
low income,2022,9.506117712
liechtenstein,2022,
sri lanka,2022,49.72110211
lower middle income,2022,7.655327225
low & middle income,2022,8.320083773
lesotho,2022,8.271803899
late-demographic dividend,2022,8.518197035
lithuania,2022,19.70504615
luxembourg,2022,6.336008078
latvia,2022,17.31028302
"macao sar, china",2022,1.045028024
st. martin (french part),2022,
morocco,2022,6.657042028
monaco,2022,
moldova,2022,28.73729768
madagascar,2022,8.16059032
maldives,2022,2.333143376
"middle east, north africa, afghanistan & pakistan",2022,5.17980848
mexico,2022,7.896276192
marshall islands,2022,
middle income,2022,8.289132572
north macedonia,2022,14.20471732
mali,2022,9.621476085
malta,2022,6.153756219
myanmar,2022,
"middle east, north africa, afghanistan & pakistan (excluding high income)",2022,8.306461244
montenegro,2022,13.04030363
mongolia,2022,15.15097282
northern mariana islands,2022,
mozambique,2022,10.27940181
mauritania,2022,9.525266286
mauritius,2022,10.77375122
malawi,2022,20.95396973
malaysia,2022,3.378698625
north america,2022,7.402800487
namibia,2022,6.081281141
new caledonia,2022,
niger,2022,4.226217919
nigeria,2022,18.84718778
nicaragua,2022,10.46742445
netherlands,2022,10.00120788
norway,2022,5.764123179
nepal,2022,7.650791768
nauru,2022,
new zealand,2022,7.17222476
oecd members,2022,8.238032407
oman,2022,2.506142506
other small states,2022,7.005309454
pakistan,2022,19.87385996
panama,2022,2.859651288
peru,2022,8.333706301
philippines,2022,5.821158112
palau,2022,12.35266384
papua new guinea,2022,5.253239222
poland,2022,14.42945076
pre-demographic dividend,2022,8.064081968
puerto rico (us),2022,
"korea, dem. people's rep.",2022,
portugal,2022,7.832691242
paraguay,2022,9.765566672
west bank and gaza,2022,3.741223919
pacific island small states,2022,6.098717552
post-demographic dividend,2022,7.877370037
french polynesia,2022,
qatar,2022,4.995275537
romania,2022,13.79548874
russian federation,2022,
rwanda,2022,17.68920956
south asia,2022,7.174912954
saudi arabia,2022,2.474073719
sudan,2022,138.8084602
senegal,2022,9.696818991
singapore,2022,6.130954189
solomon islands,2022,5.518129286
sierra leone,2022,27.20828838
el salvador,2022,7.198616156
san marino,2022,5.325453213
"somalia, fed. rep.",2022,
serbia,2022,11.98151173
sub-saharan africa (excluding high income),2022,8.83128162
south sudan,2022,-6.687320942
sub-saharan africa,2022,8.83128162
small states,2022,6.13440586
sao tome and principe,2022,18.00563511
suriname,2022,52.44602728
slovak republic,2022,12.77414636
slovenia,2022,8.833698867
sweden,2022,8.369290989
eswatini,2022,
sint maarten (dutch part),2022,
seychelles,2022,2.626036329
syrian arab republic,2022,
turks and caicos islands,2022,
chad,2022,5.788026878
east asia & pacific (ida & ibrd countries),2022,5.408743755
europe & central asia (ida & ibrd countries),2022,13.88758417
togo,2022,7.967573616
thailand,2022,-1.610680305
tajikistan,2022,
turkmenistan,2022,
latin america & the caribbean (ida & ibrd countries),2022,7.896276192
timor-leste,2022,7.005309454
"middle east, north africa, afghanistan & pakistan (ida & ibrd)",2022,8.78598838
tonga,2022,10.97136529
south asia (ida & ibrd),2022,7.174912954
sub-saharan africa (ida & ibrd countries),2022,8.83128162
trinidad and tobago,2022,5.828386385
tunisia,2022,8.306461244
turkiye,2022,72.30883599
tuvalu,2022,
tanzania,2022,4.350272043
uganda,2022,7.19578886
ukraine,2022,20.18363666
upper middle income,2022,9.038303804
uruguay,2022,9.104379831
united states,2022,8.002799821
uzbekistan,2022,11.4466437
st. vincent and the grenadines,2022,5.660097792
"venezuela, rb",2022,
british virgin islands,2022,
virgin islands (u.s.),2022,
viet nam,2022,3.1565075
vanuatu,2022,6.679305819
world,2022,7.930929254
samoa,2022,10.96188223
kosovo,2022,11.58051045
"yemen, rep.",2022,
south africa,2022,7.039872725
zambia,2022,10.99320392
zimbabwe,2022,104.7051706
aruba,2023,
africa eastern and southern,2023,7.126974821
afghanistan,2023,-4.644708708
africa western and central,2023,5.489285681
angola,2023,13.64410178
albania,2023,4.759764219
andorra,2023,
arab world,2023,3.64216403
united arab emirates,2023,1.626708372
argentina,2023,133.4889356
armenia,2023,1.980418776
american samoa,2023,
antigua and barbuda,2023,5.067138654
australia,2023,5.597014925
austria,2023,7.81413417
azerbaijan,2023,8.785430498
burundi,2023,26.94148358
belgium,2023,4.049010776
benin,2023,2.738700784
burkina faso,2023,
bangladesh,2023,9.883503038
bulgaria,2023,9.442841401
bahrain,2023,0.074620678
"bahamas, the",2023,3.05291579
bosnia and herzegovina,2023,6.105901128
belarus,2023,5.000599031
belize,2023,4.389840175
bermuda,2023,
bolivia,2023,2.576888005
brazil,2023,4.593562823
barbados,2023,9.792070771
brunei darussalam,2023,0.357064312
bhutan,2023,4.229344199
botswana,2023,5.067615493
central african republic,2023,2.979138526
canada,2023,3.879001598
central europe and the baltics,2023,9.442841401
switzerland,2023,2.13540088
channel islands,2023,
chile,2023,7.581682514
china,2023,0.234836829
cote d'ivoire,2023,4.38711707
cameroon,2023,7.382813843
"congo, dem. rep.",2023,
"congo, rep.",2023,4.301745636
colombia,2023,11.73590449
comoros,2023,
cabo verde,2023,3.724375177
costa rica,2023,0.525193509
caribbean small states,2023,4.477208687
cuba,2023,
curacao,2023,
cayman islands,2023,
cyprus,2023,3.541341888
czechia,2023,10.66126014
germany,2023,5.946436677
djibouti,2023,1.495068165
dominica,2023,5.086774832
denmark,2023,3.305178112
dominican republic,2023,4.78561281
algeria,2023,9.322173759
east asia & pacific (excluding high income),2023,5.978025155
early-demographic dividend,2023,5.88585897
east asia & pacific,2023,5.215369277
europe & central asia (excluding high income),2023,9.073651498
europe & central asia,2023,7.446877174
ecuador,2023,2.215687642
"egypt, arab rep.",2023,33.88477631
euro area,2023,5.78431555
eritrea,2023,
spain,2023,3.532361335
estonia,2023,9.15922508
ethiopia,2023,30.21882781
european union,2023,6.299424874
fragile and conflict affected situations,2023,7.114592053
finland,2023,6.250643222
fiji,2023,2.148174406
france,2023,4.878357265
faroe islands,2023,
"micronesia, fed. sts.",2023,
gabon,2023,3.629015342
united kingdom,2023,6.793967068
georgia,2023,2.487760566
ghana,2023,38.10696563
gibraltar,2023,
guinea,2023,7.804975919
"gambia, the",2023,16.97421296
guinea-bissau,2023,7.102209286
equatorial guinea,2023,2.85949506
greece,2023,3.464801285
grenada,2023,2.696122698
greenland,2023,
guatemala,2023,6.206575923
guam,2023,
guyana,2023,2.821103351
high income,2023,4.833723628
"hong kong sar, china",2023,2.096605112
honduras,2023,6.663251803
heavily indebted poor countries (hipc),2023,7.126974821
croatia,2023,7.941281776
haiti,2023,36.81351628
hungary,2023,17.12496597
ibrd only,2023,6.075243846
ida & ibrd total,2023,6.274396677
ida total,2023,7.102209286
ida blend,2023,4.564577198
indonesia,2023,3.669386549
ida only,2023,7.120867169
isle of man,2023,
india,2023,5.649143189
not classified,2023,
ireland,2023,6.299424874
"iran, islamic rep.",2023,44.57918576
iraq,2023,4.358353511
iceland,2023,8.736302999
israel,2023,4.225226032
italy,2023,5.622194422
jamaica,2023,6.474137347
jordan,2023,2.084869863
japan,2023,3.268133659
kazakhstan,2023,14.72499002
kenya,2023,7.67139634
kyrgyz republic,2023,10.75327704
cambodia,2023,2.127467966
kiribati,2023,9.283073745
st. kitts and nevis,2023,3.557112308
"korea, rep.",2023,3.59745625
kuwait,2023,3.64216403
latin america & caribbean (excluding high income),2023,5.086774832
lao pdr,2023,31.23013417
lebanon,2023,221.341644
liberia,2023,10.09445357
libya,2023,2.373175314
st. lucia,2023,4.070608219
latin america & caribbean,2023,4.78561281
least developed countries: un classification,2023,7.126974821
low income,2023,7.126974821
liechtenstein,2023,
sri lanka,2023,16.54117423
lower middle income,2023,7.24878668
low & middle income,2023,6.206575923
lesotho,2023,6.342217431
late-demographic dividend,2023,6.1952832
lithuania,2023,9.117319624
luxembourg,2023,3.74140362
latvia,2023,8.938046233
"macao sar, china",2023,0.476384496
st. martin (french part),2023,
morocco,2023,6.091141525
monaco,2023,
moldova,2023,13.41701044
madagascar,2023,9.87432675
maldives,2023,2.927465424
"middle east, north africa, afghanistan & pakistan",2023,4.225226032
mexico,2023,5.527960873
marshall islands,2023,
middle income,2023,6.098521327
north macedonia,2023,9.361872498
mali,2023,2.058802283
malta,2023,5.09396759
myanmar,2023,
"middle east, north africa, afghanistan & pakistan (excluding high income)",2023,6.091141525
montenegro,2023,8.584769105
mongolia,2023,10.35034182
northern mariana islands,2023,
mozambique,2023,7.126974821
mauritania,2023,4.953050345
mauritius,2023,7.052982385
malawi,2023,28.78974282
malaysia,2023,2.488865601
north america,2023,3.997669991
namibia,2023,5.879934633
new caledonia,2023,
niger,2023,3.700973164
nigeria,2023,24.6595502
nicaragua,2023,8.387658549
netherlands,2023,3.838393543
norway,2023,5.517849871
nepal,2023,7.114759517
nauru,2023,
new zealand,2023,5.73316283
oecd members,2023,5.677678626
oman,2023,0.950782998
other small states,2023,5.09396759
pakistan,2023,30.76812807
panama,2023,1.486413553
peru,2023,6.455613484
philippines,2023,5.978025155
palau,2023,12.81997482
papua new guinea,2023,2.298699913
poland,2023,11.5289128
pre-demographic dividend,2023,7.102209286
puerto rico (us),2023,
"korea, dem. people's rep.",2023,
portugal,2023,4.311281919
paraguay,2023,4.632022854
west bank and gaza,2023,5.871101777
pacific island small states,2023,7.921646848
post-demographic dividend,2023,5.09396759
french polynesia,2023,
qatar,2023,3.027648992
romania,2023,10.39718748
russian federation,2023,
rwanda,2023,19.78954675
south asia,2023,6.381951353
saudi arabia,2023,2.327085184
sudan,2023,
senegal,2023,5.939477988
singapore,2023,4.833723628
solomon islands,2023,5.88585897
sierra leone,2023,47.64287333
el salvador,2023,4.045546942
san marino,2023,5.931908586
"somalia, fed. rep.",2023,
serbia,2023,12.37190436
sub-saharan africa (excluding high income),2023,6.697599908
south sudan,2023,2.382804348
sub-saharan africa,2023,6.697599908
small states,2023,5.076956743
sao tome and principe,2023,21.25891385
suriname,2023,51.58731596
slovak republic,2023,10.53194766
slovenia,2023,7.446877174
sweden,2023,8.548624897
eswatini,2023,
sint maarten (dutch part),2023,
seychelles,2023,-1.035300884
syrian arab republic,2023,
turks and caicos islands,2023,
chad,2023,10.83635684
east asia & pacific (ida & ibrd countries),2023,6.164577479
europe & central asia (ida & ibrd countries),2023,9.402356949
togo,2023,5.489285681
thailand,2023,8.478051744
tajikistan,2023,
turkmenistan,2023,
latin america & the caribbean (ida & ibrd countries),2023,4.926375732
timor-leste,2023,8.420351033
"middle east, north africa, afghanistan & pakistan (ida & ibrd)",2023,7.706657642
tonga,2023,6.351129803
south asia (ida & ibrd),2023,6.381951353
sub-saharan africa (ida & ibrd countries),2023,6.697599908
trinidad and tobago,2023,4.629302424
tunisia,2023,9.328995975
turkiye,2023,53.85940876
tuvalu,2023,
tanzania,2023,3.799232914
uganda,2023,5.350948043
ukraine,2023,12.84902228
upper middle income,2023,5.077195163
uruguay,2023,5.869103599
united states,2023,4.116338384
uzbekistan,2023,9.956590713
st. vincent and the grenadines,2023,4.564577198
"venezuela, rb",2023,
british virgin islands,2023,
virgin islands (u.s.),2023,
viet nam,2023,3.252892827
vanuatu,2023,11.18250171
world,2023,5.871101777
samoa,2023,7.921646848
kosovo,2023,4.944324388
"yemen, rep.",2023,
south africa,2023,6.075243846
zambia,2023,10.88453169
zimbabwe,2023,
aruba,2024,
africa eastern and southern,2024,4.425470504
afghanistan,2024,-6.601185641
africa western and central,2024,3.615965702
angola,2024,28.24049489
albania,2024,2.214489533
andorra,2024,
arab world,2024,2.07655388
united arab emirates,2024,1.663365102
argentina,2024,219.883929
armenia,2024,0.269511978
american samoa,2024,
antigua and barbuda,2024,6.198866988
australia,2024,3.161614283
austria,2024,2.937915743
azerbaijan,2024,2.212171889
burundi,2024,20.2124925
belgium,2024,3.143491365
benin,2024,1.160930896
burkina faso,2024,4.190817213
bangladesh,2024,10.46574828
bulgaria,2024,2.44651943
bahrain,2024,0.91963546
"bahamas, the",2024,0.409162489
bosnia and herzegovina,2024,1.692127336
belarus,2024,5.785319104
belize,2024,3.28955986
bermuda,2024,
bolivia,2024,5.099765683
brazil,2024,4.367464077
barbados,2024,-0.462229168
brunei darussalam,2024,-0.388674165
bhutan,2024,2.761315696
botswana,2024,2.818351317
central african republic,2024,1.477336007
canada,2024,2.381583833
central europe and the baltics,2024,2.757609094
switzerland,2024,1.06234042
channel islands,2024,
chile,2024,4.297638916
china,2024,0.218128938
cote d'ivoire,2024,3.466373147
cameroon,2024,4.530612673
"congo, dem. rep.",2024,
"congo, rep.",2024,3.091436309
colombia,2024,6.609085937
comoros,2024,
cabo verde,2024,1.048170011
costa rica,2024,-0.412853001
caribbean small states,2024,1.842563111
cuba,2024,
curacao,2024,
cayman islands,2024,
cyprus,2024,1.800230186
czechia,2024,2.435312024
germany,2024,2.256498143
djibouti,2024,2.07655388
dominica,2024,2.589738691
denmark,2024,1.372200498
dominican republic,2024,3.30223339
algeria,2024,4.046114553
east asia & pacific (excluding high income),2024,2.682579424
early-demographic dividend,2024,3.30223339
east asia & pacific,2024,2.355627261
europe & central asia (excluding high income),2024,3.48974086
europe & central asia,2024,2.749549776
ecuador,2024,1.547325156
"egypt, arab rep.",2024,28.27058993
euro area,2024,2.18497407
eritrea,2024,
spain,2024,2.774178265
estonia,2024,3.520560533
ethiopia,2024,21.03774606
european union,2024,2.435312024
fragile and conflict affected situations,2024,4.426226079
finland,2024,1.565689062
fiji,2024,4.511382565
france,2024,1.999049423
faroe islands,2024,
"micronesia, fed. sts.",2024,
gabon,2024,1.173119984
united kingdom,2024,3.271572946
georgia,2024,1.10971758
ghana,2024,22.84832812
gibraltar,2024,
guinea,2024,8.123139149
"gambia, the",2024,11.56105329
guinea-bissau,2024,3.765558258
equatorial guinea,2024,2.921402273
greece,2024,2.741490458
grenada,2024,1.086153651
greenland,2024,
guatemala,2024,2.869927529
guam,2024,
guyana,2024,2.903952264
high income,2024,2.35166356
"hong kong sar, china",2024,1.729721191
honduras,2024,4.606210981
heavily indebted poor countries (hipc),2024,4.530612673
croatia,2024,2.972004776
haiti,2024,26.94905641
hungary,2024,3.703703704
ibrd only,2024,3.336750093
ida & ibrd total,2024,3.604522038
ida total,2024,3.922063303
ida blend,2024,3.466373147
indonesia,2024,2.181512736
ida only,2024,4.190817213
isle of man,2024,
india,2024,4.95303551
not classified,2024,
ireland,2024,2.113449996
"iran, islamic rep.",2024,32.4558714
iraq,2024,-12.29698376
iceland,2024,5.8568385
israel,2024,3.074808898
italy,2024,0.982373023
jamaica,2024,5.41194448
jordan,2024,1.556596113
japan,2024,2.738536816
kazakhstan,2024,8.839438975
kenya,2024,4.489788542
kyrgyz republic,2024,
cambodia,2024,
kiribati,2024,
st. kitts and nevis,2024,1.09538753
"korea, rep.",2024,2.321743286
kuwait,2024,2.898550725
latin america & caribbean (excluding high income),2024,3.835402717
lao pdr,2024,23.13056959
lebanon,2024,45.24304227
liberia,2024,8.214974391
libya,2024,2.126157669
st. lucia,2024,-0.110283576
latin america & caribbean,2024,3.30223339
least developed countries: un classification,2024,5.213642863
low income,2024,4.190817213
liechtenstein,2024,
sri lanka,2024,-0.429360049
lower middle income,2024,4.606210981
low & middle income,2024,3.696632814
lesotho,2024,6.105446242
late-demographic dividend,2024,2.898550725
lithuania,2024,0.715735835
luxembourg,2024,2.0511327
latvia,2024,1.265798858
"macao sar, china",2024,
st. martin (french part),2024,
morocco,2024,0.985256592
monaco,2024,
moldova,2024,4.67773516
madagascar,2024,
maldives,2024,1.399797797
"middle east, north africa, afghanistan & pakistan",2024,2.07655388
mexico,2024,4.722255885
marshall islands,2024,
middle income,2024,3.604522038
north macedonia,2024,3.48974086
mali,2024,3.206398641
malta,2024,1.650794693
myanmar,2024,
"middle east, north africa, afghanistan & pakistan (excluding high income)",2024,4.046114553
montenegro,2024,3.336750093
mongolia,2024,6.205678191
northern mariana islands,2024,
mozambique,2024,4.078568348
mauritania,2024,2.491643475
mauritius,2024,3.604522038
malawi,2024,32.17965042
malaysia,2024,1.834100204
north america,2024,2.665554519
namibia,2024,4.239039229
new caledonia,2024,
niger,2024,9.071519977
nigeria,2024,33.24209665
nicaragua,2024,4.624738411
netherlands,2024,3.347543042
norway,2024,3.145301344
nepal,2024,
nauru,2024,
new zealand,2024,2.922797823
oecd members,2024,2.76589368
oman,2024,0.593589236
other small states,2024,2.06284153
pakistan,2024,12.63253185
panama,2024,0.693225551
peru,2024,2.007707394
philippines,2024,3.21260487
palau,2024,2.231727729
papua new guinea,2024,0.602403921
poland,2024,3.784260075
pre-demographic dividend,2024,4.078568348
puerto rico (us),2024,
"korea, dem. people's rep.",2024,
portugal,2024,2.416131878
paraguay,2024,3.835402717
west bank and gaza,2024,53.66914583
pacific island small states,2024,
post-demographic dividend,2024,2.440915727
french polynesia,2024,
qatar,2024,1.267343103
romania,2024,5.721405744
russian federation,2024,
rwanda,2024,1.770292402
south asia,2024,2.761315696
saudi arabia,2024,1.687921124
sudan,2024,
senegal,2024,0.804503299
singapore,2024,2.389511236
solomon islands,2024,4.321839484
sierra leone,2024,28.63375
el salvador,2024,0.853782293
san marino,2024,1.242165079
"somalia, fed. rep.",2024,
serbia,2024,4.670529749
sub-saharan africa (excluding high income),2024,4.214928221
south sudan,2024,91.44082208
sub-saharan africa,2024,4.214928221
small states,2024,2.202091517
sao tome and principe,2024,14.35192736
suriname,2024,16.22961591
slovak republic,2024,2.757609094
slovenia,2024,1.965626564
sweden,2024,2.835816582
eswatini,2024,
sint maarten (dutch part),2024,
seychelles,2024,0.311726051
syrian arab republic,2024,
turks and caicos islands,2024,
chad,2024,8.899507323
east asia & pacific (ida & ibrd countries),2024,2.231727729
europe & central asia (ida & ibrd countries),2024,3.48974086
togo,2024,2.862620741
thailand,2024,1.365805408
tajikistan,2024,
turkmenistan,2024,
latin america & the caribbean (ida & ibrd countries),2024,3.464970379
timor-leste,2024,2.06284153
"middle east, north africa, afghanistan & pakistan (ida & ibrd)",2024,3.086136111
tonga,2024,3.183646113
south asia (ida & ibrd),2024,2.761315696
sub-saharan africa (ida & ibrd countries),2024,4.214928221
trinidad and tobago,2024,0.526884626
tunisia,2024,7.206616572
turkiye,2024,58.50645073
tuvalu,2024,
tanzania,2024,3.056946763
uganda,2024,3.323380671
ukraine,2024,6.501984647
upper middle income,2024,3.052524193
uruguay,2024,4.849143666
united states,2024,2.949525205
uzbekistan,2024,9.62825466
st. vincent and the grenadines,2024,3.627707369
"venezuela, rb",2024,
british virgin islands,2024,
virgin islands (u.s.),2024,
viet nam,2024,3.621092739
vanuatu,2024,
world,2024,2.949525205
samoa,2024,2.172455305
kosovo,2024,1.619449946
"yemen, rep.",2024,
south africa,2024,4.361152465
zambia,2024,14.98562627
zimbabwe,2024,
taiwan,2020,-0.2
taiwan,2021,1.8
taiwan,2022,2.9
taiwan,2023,2.5
taiwan,2024,2.2
