country_norm,year,internet_usage_pct
aruba,1960,
africa eastern and southern,1960,
afghanistan,1960,
africa western and central,1960,
angola,1960,
albania,1960,
andorra,1960,
arab world,1960,
united arab emirates,1960,
argentina,1960,
armenia,1960,
american samoa,1960,
antigua and barbuda,1960,
australia,1960,
austria,1960,
azerbaijan,1960,
burundi,1960,
belgium,1960,
benin,1960,
burkina faso,1960,
bangladesh,1960,
bulgaria,1960,
bahrain,1960,
"bahamas, the",1960,
bosnia and herzegovina,1960,
belarus,1960,
belize,1960,
bermuda,1960,
bolivia,1960,
brazil,1960,
barbados,1960,
brunei darussalam,1960,
bhutan,1960,
botswana,1960,
central african republic,1960,
canada,1960,
central europe and the baltics,1960,
switzerland,1960,
channel islands,1960,
chile,1960,
china,1960,
cote d'ivoire,1960,
cameroon,1960,
"congo, dem. rep.",1960,
"congo, rep.",1960,
colombia,1960,
comoros,1960,
cabo verde,1960,
costa rica,1960,
caribbean small states,1960,
cuba,1960,
curacao,1960,
cayman islands,1960,
cyprus,1960,
czechia,1960,
germany,1960,
djibouti,1960,
dominica,1960,
denmark,1960,
dominican republic,1960,
algeria,1960,
east asia & pacific (excluding high income),1960,
early-demographic dividend,1960,
east asia & pacific,1960,
europe & central asia (excluding high income),1960,
europe & central asia,1960,
ecuador,1960,
"egypt, arab rep.",1960,
euro area,1960,
eritrea,1960,
spain,1960,
estonia,1960,
ethiopia,1960,
european union,1960,
fragile and conflict affected situations,1960,
finland,1960,
fiji,1960,
france,1960,
faroe islands,1960,
"micronesia, fed. sts.",1960,
gabon,1960,
united kingdom,1960,
georgia,1960,
ghana,1960,
gibraltar,1960,
guinea,1960,
"gambia, the",1960,
guinea-bissau,1960,
equatorial guinea,1960,
greece,1960,
grenada,1960,
greenland,1960,
guatemala,1960,
guam,1960,
guyana,1960,
high income,1960,
"hong kong sar, china",1960,
honduras,1960,
heavily indebted poor countries (hipc),1960,
croatia,1960,
haiti,1960,
hungary,1960,
ibrd only,1960,
ida & ibrd total,1960,
ida total,1960,
ida blend,1960,
indonesia,1960,
ida only,1960,
isle of man,1960,
india,1960,
not classified,1960,
ireland,1960,
"iran, islamic rep.",1960,
iraq,1960,
iceland,1960,
israel,1960,
italy,1960,
jamaica,1960,
jordan,1960,
japan,1960,
kazakhstan,1960,
kenya,1960,
kyrgyz republic,1960,
cambodia,1960,
kiribati,1960,
st. kitts and nevis,1960,
"korea, rep.",1960,
kuwait,1960,
latin america & caribbean (excluding high income),1960,
lao pdr,1960,
lebanon,1960,
liberia,1960,
libya,1960,
st. lucia,1960,
latin america & caribbean,1960,
least developed countries: un classification,1960,
low income,1960,
liechtenstein,1960,
sri lanka,1960,
lower middle income,1960,
low & middle income,1960,
lesotho,1960,
late-demographic dividend,1960,
lithuania,1960,
luxembourg,1960,
latvia,1960,
"macao sar, china",1960,
st. martin (french part),1960,
morocco,1960,
monaco,1960,
moldova,1960,
madagascar,1960,
maldives,1960,
"middle east, north africa, afghanistan & pakistan",1960,
mexico,1960,
marshall islands,1960,
middle income,1960,
north macedonia,1960,
mali,1960,
malta,1960,
myanmar,1960,
"middle east, north africa, afghanistan & pakistan (excluding high income)",1960,
montenegro,1960,
mongolia,1960,
northern mariana islands,1960,
mozambique,1960,
mauritania,1960,
mauritius,1960,
malawi,1960,
malaysia,1960,
north america,1960,
namibia,1960,
new caledonia,1960,
niger,1960,
nigeria,1960,
nicaragua,1960,
netherlands,1960,
norway,1960,
nepal,1960,
nauru,1960,
new zealand,1960,
oecd members,1960,
oman,1960,
other small states,1960,
pakistan,1960,
panama,1960,
peru,1960,
philippines,1960,
palau,1960,
papua new guinea,1960,
poland,1960,
pre-demographic dividend,1960,
puerto rico (us),1960,
"korea, dem. people's rep.",1960,
portugal,1960,
paraguay,1960,
west bank and gaza,1960,
pacific island small states,1960,
post-demographic dividend,1960,
french polynesia,1960,
qatar,1960,
romania,1960,
russian federation,1960,
rwanda,1960,
south asia,1960,
saudi arabia,1960,
sudan,1960,
senegal,1960,
singapore,1960,
solomon islands,1960,
sierra leone,1960,
el salvador,1960,
san marino,1960,
"somalia, fed. rep.",1960,
serbia,1960,
sub-saharan africa (excluding high income),1960,
south sudan,1960,
sub-saharan africa,1960,
small states,1960,
sao tome and principe,1960,
suriname,1960,
slovak republic,1960,
slovenia,1960,
sweden,1960,
eswatini,1960,
sint maarten (dutch part),1960,
seychelles,1960,
syrian arab republic,1960,
turks and caicos islands,1960,
chad,1960,
east asia & pacific (ida & ibrd countries),1960,
europe & central asia (ida & ibrd countries),1960,
togo,1960,
thailand,1960,
tajikistan,1960,
turkmenistan,1960,
latin america & the caribbean (ida & ibrd countries),1960,
timor-leste,1960,
"middle east, north africa, afghanistan & pakistan (ida & ibrd)",1960,
tonga,1960,
south asia (ida & ibrd),1960,
sub-saharan africa (ida & ibrd countries),1960,
trinidad and tobago,1960,
tunisia,1960,
turkiye,1960,
tuvalu,1960,
tanzania,1960,
uganda,1960,
ukraine,1960,
upper middle income,1960,
uruguay,1960,
united states,1960,
uzbekistan,1960,
st. vincent and the grenadines,1960,
"venezuela, rb",1960,
british virgin islands,1960,
virgin islands (u.s.),1960,
viet nam,1960,
vanuatu,1960,
world,1960,
samoa,1960,
kosovo,1960,
"yemen, rep.",1960,
south africa,1960,
zambia,1960,
zimbabwe,1960,
aruba,1961,
africa eastern and southern,1961,
afghanistan,1961,
africa western and central,1961,
angola,1961,
albania,1961,
andorra,1961,
arab world,1961,
united arab emirates,1961,
argentina,1961,
armenia,1961,
american samoa,1961,
antigua and barbuda,1961,
australia,1961,
austria,1961,
azerbaijan,1961,
burundi,1961,
belgium,1961,
benin,1961,
burkina faso,1961,
bangladesh,1961,
bulgaria,1961,
bahrain,1961,
"bahamas, the",1961,
bosnia and herzegovina,1961,
belarus,1961,
belize,1961,
bermuda,1961,
bolivia,1961,
brazil,1961,
barbados,1961,
brunei darussalam,1961,
bhutan,1961,
botswana,1961,
central african republic,1961,
canada,1961,
central europe and the baltics,1961,
switzerland,1961,
channel islands,1961,
chile,1961,
china,1961,
cote d'ivoire,1961,
cameroon,1961,
"congo, dem. rep.",1961,
"congo, rep.",1961,
colombia,1961,
comoros,1961,
cabo verde,1961,
costa rica,1961,
caribbean small states,1961,
cuba,1961,
curacao,1961,
cayman islands,1961,
cyprus,1961,
czechia,1961,
germany,1961,
djibouti,1961,
dominica,1961,
denmark,1961,
dominican republic,1961,
algeria,1961,
east asia & pacific (excluding high income),1961,
early-demographic dividend,1961,
east asia & pacific,1961,
europe & central asia (excluding high income),1961,
europe & central asia,1961,
ecuador,1961,
"egypt, arab rep.",1961,
euro area,1961,
eritrea,1961,
spain,1961,
estonia,1961,
ethiopia,1961,
european union,1961,
fragile and conflict affected situations,1961,
finland,1961,
fiji,1961,
france,1961,
faroe islands,1961,
"micronesia, fed. sts.",1961,
gabon,1961,
united kingdom,1961,
georgia,1961,
ghana,1961,
gibraltar,1961,
guinea,1961,
"gambia, the",1961,
guinea-bissau,1961,
equatorial guinea,1961,
greece,1961,
grenada,1961,
greenland,1961,
guatemala,1961,
guam,1961,
guyana,1961,
high income,1961,
"hong kong sar, china",1961,
honduras,1961,
heavily indebted poor countries (hipc),1961,
croatia,1961,
haiti,1961,
hungary,1961,
ibrd only,1961,
ida & ibrd total,1961,
ida total,1961,
ida blend,1961,
indonesia,1961,
ida only,1961,
isle of man,1961,
india,1961,
not classified,1961,
ireland,1961,
"iran, islamic rep.",1961,
iraq,1961,
iceland,1961,
israel,1961,
italy,1961,
jamaica,1961,
jordan,1961,
japan,1961,
kazakhstan,1961,
kenya,1961,
kyrgyz republic,1961,
cambodia,1961,
kiribati,1961,
st. kitts and nevis,1961,
"korea, rep.",1961,
kuwait,1961,
latin america & caribbean (excluding high income),1961,
lao pdr,1961,
lebanon,1961,
liberia,1961,
libya,1961,
st. lucia,1961,
latin america & caribbean,1961,
least developed countries: un classification,1961,
low income,1961,
liechtenstein,1961,
sri lanka,1961,
lower middle income,1961,
low & middle income,1961,
lesotho,1961,
late-demographic dividend,1961,
lithuania,1961,
luxembourg,1961,
latvia,1961,
"macao sar, china",1961,
st. martin (french part),1961,
morocco,1961,
monaco,1961,
moldova,1961,
madagascar,1961,
maldives,1961,
"middle east, north africa, afghanistan & pakistan",1961,
mexico,1961,
marshall islands,1961,
middle income,1961,
north macedonia,1961,
mali,1961,
malta,1961,
myanmar,1961,
"middle east, north africa, afghanistan & pakistan (excluding high income)",1961,
montenegro,1961,
mongolia,1961,
northern mariana islands,1961,
mozambique,1961,
mauritania,1961,
mauritius,1961,
malawi,1961,
malaysia,1961,
north america,1961,
namibia,1961,
new caledonia,1961,
niger,1961,
nigeria,1961,
nicaragua,1961,
netherlands,1961,
norway,1961,
nepal,1961,
nauru,1961,
new zealand,1961,
oecd members,1961,
oman,1961,
other small states,1961,
pakistan,1961,
panama,1961,
peru,1961,
philippines,1961,
palau,1961,
papua new guinea,1961,
poland,1961,
pre-demographic dividend,1961,
puerto rico (us),1961,
"korea, dem. people's rep.",1961,
portugal,1961,
paraguay,1961,
west bank and gaza,1961,
pacific island small states,1961,
post-demographic dividend,1961,
french polynesia,1961,
qatar,1961,
romania,1961,
russian federation,1961,
rwanda,1961,
south asia,1961,
saudi arabia,1961,
sudan,1961,
senegal,1961,
singapore,1961,
solomon islands,1961,
sierra leone,1961,
el salvador,1961,
san marino,1961,
"somalia, fed. rep.",1961,
serbia,1961,
sub-saharan africa (excluding high income),1961,
south sudan,1961,
sub-saharan africa,1961,
small states,1961,
sao tome and principe,1961,
suriname,1961,
slovak republic,1961,
slovenia,1961,
sweden,1961,
eswatini,1961,
sint maarten (dutch part),1961,
seychelles,1961,
syrian arab republic,1961,
turks and caicos islands,1961,
chad,1961,
east asia & pacific (ida & ibrd countries),1961,
europe & central asia (ida & ibrd countries),1961,
togo,1961,
thailand,1961,
tajikistan,1961,
turkmenistan,1961,
latin america & the caribbean (ida & ibrd countries),1961,
timor-leste,1961,
"middle east, north africa, afghanistan & pakistan (ida & ibrd)",1961,
tonga,1961,
south asia (ida & ibrd),1961,
sub-saharan africa (ida & ibrd countries),1961,
trinidad and tobago,1961,
tunisia,1961,
turkiye,1961,
tuvalu,1961,
tanzania,1961,
uganda,1961,
ukraine,1961,
upper middle income,1961,
uruguay,1961,
united states,1961,
uzbekistan,1961,
st. vincent and the grenadines,1961,
"venezuela, rb",1961,
british virgin islands,1961,
virgin islands (u.s.),1961,
viet nam,1961,
vanuatu,1961,
world,1961,
samoa,1961,
kosovo,1961,
"yemen, rep.",1961,
south africa,1961,
zambia,1961,
zimbabwe,1961,
aruba,1962,
africa eastern and southern,1962,
afghanistan,1962,
africa western and central,1962,
angola,1962,
albania,1962,
andorra,1962,
arab world,1962,
united arab emirates,1962,
argentina,1962,
armenia,1962,
american samoa,1962,
antigua and barbuda,1962,
australia,1962,
austria,1962,
azerbaijan,1962,
burundi,1962,
belgium,1962,
benin,1962,
burkina faso,1962,
bangladesh,1962,
bulgaria,1962,
bahrain,1962,
"bahamas, the",1962,
bosnia and herzegovina,1962,
belarus,1962,
belize,1962,
bermuda,1962,
bolivia,1962,
brazil,1962,
barbados,1962,
brunei darussalam,1962,
bhutan,1962,
botswana,1962,
central african republic,1962,
canada,1962,
central europe and the baltics,1962,
switzerland,1962,
channel islands,1962,
chile,1962,
china,1962,
cote d'ivoire,1962,
cameroon,1962,
"congo, dem. rep.",1962,
"congo, rep.",1962,
colombia,1962,
comoros,1962,
cabo verde,1962,
costa rica,1962,
caribbean small states,1962,
cuba,1962,
curacao,1962,
cayman islands,1962,
cyprus,1962,
czechia,1962,
germany,1962,
djibouti,1962,
dominica,1962,
denmark,1962,
dominican republic,1962,
algeria,1962,
east asia & pacific (excluding high income),1962,
early-demographic dividend,1962,
east asia & pacific,1962,
europe & central asia (excluding high income),1962,
europe & central asia,1962,
ecuador,1962,
"egypt, arab rep.",1962,
euro area,1962,
eritrea,1962,
spain,1962,
estonia,1962,
ethiopia,1962,
european union,1962,
fragile and conflict affected situations,1962,
finland,1962,
fiji,1962,
france,1962,
faroe islands,1962,
"micronesia, fed. sts.",1962,
gabon,1962,
united kingdom,1962,
georgia,1962,
ghana,1962,
gibraltar,1962,
guinea,1962,
"gambia, the",1962,
guinea-bissau,1962,
equatorial guinea,1962,
greece,1962,
grenada,1962,
greenland,1962,
guatemala,1962,
guam,1962,
guyana,1962,
high income,1962,
"hong kong sar, china",1962,
honduras,1962,
heavily indebted poor countries (hipc),1962,
croatia,1962,
haiti,1962,
hungary,1962,
ibrd only,1962,
ida & ibrd total,1962,
ida total,1962,
ida blend,1962,
indonesia,1962,
ida only,1962,
isle of man,1962,
india,1962,
not classified,1962,
ireland,1962,
"iran, islamic rep.",1962,
iraq,1962,
iceland,1962,
israel,1962,
italy,1962,
jamaica,1962,
jordan,1962,
japan,1962,
kazakhstan,1962,
kenya,1962,
kyrgyz republic,1962,
cambodia,1962,
kiribati,1962,
st. kitts and nevis,1962,
"korea, rep.",1962,
kuwait,1962,
latin america & caribbean (excluding high income),1962,
lao pdr,1962,
lebanon,1962,
liberia,1962,
libya,1962,
st. lucia,1962,
latin america & caribbean,1962,
least developed countries: un classification,1962,
low income,1962,
liechtenstein,1962,
sri lanka,1962,
lower middle income,1962,
low & middle income,1962,
lesotho,1962,
late-demographic dividend,1962,
lithuania,1962,
luxembourg,1962,
latvia,1962,
"macao sar, china",1962,
st. martin (french part),1962,
morocco,1962,
monaco,1962,
moldova,1962,
madagascar,1962,
maldives,1962,
"middle east, north africa, afghanistan & pakistan",1962,
mexico,1962,
marshall islands,1962,
middle income,1962,
north macedonia,1962,
mali,1962,
malta,1962,
myanmar,1962,
"middle east, north africa, afghanistan & pakistan (excluding high income)",1962,
montenegro,1962,
mongolia,1962,
northern mariana islands,1962,
mozambique,1962,
mauritania,1962,
mauritius,1962,
malawi,1962,
malaysia,1962,
north america,1962,
namibia,1962,
new caledonia,1962,
niger,1962,
nigeria,1962,
nicaragua,1962,
netherlands,1962,
norway,1962,
nepal,1962,
nauru,1962,
new zealand,1962,
oecd members,1962,
oman,1962,
other small states,1962,
pakistan,1962,
panama,1962,
peru,1962,
philippines,1962,
palau,1962,
papua new guinea,1962,
poland,1962,
pre-demographic dividend,1962,
puerto rico (us),1962,
"korea, dem. people's rep.",1962,
portugal,1962,
paraguay,1962,
west bank and gaza,1962,
pacific island small states,1962,
post-demographic dividend,1962,
french polynesia,1962,
qatar,1962,
romania,1962,
russian federation,1962,
rwanda,1962,
south asia,1962,
saudi arabia,1962,
sudan,1962,
senegal,1962,
singapore,1962,
solomon islands,1962,
sierra leone,1962,
el salvador,1962,
san marino,1962,
"somalia, fed. rep.",1962,
serbia,1962,
sub-saharan africa (excluding high income),1962,
south sudan,1962,
sub-saharan africa,1962,
small states,1962,
sao tome and principe,1962,
suriname,1962,
slovak republic,1962,
slovenia,1962,
sweden,1962,
eswatini,1962,
sint maarten (dutch part),1962,
seychelles,1962,
syrian arab republic,1962,
turks and caicos islands,1962,
chad,1962,
east asia & pacific (ida & ibrd countries),1962,
europe & central asia (ida & ibrd countries),1962,
togo,1962,
thailand,1962,
tajikistan,1962,
turkmenistan,1962,
latin america & the caribbean (ida & ibrd countries),1962,
timor-leste,1962,
"middle east, north africa, afghanistan & pakistan (ida & ibrd)",1962,
tonga,1962,
south asia (ida & ibrd),1962,
sub-saharan africa (ida & ibrd countries),1962,
trinidad and tobago,1962,
tunisia,1962,
turkiye,1962,
tuvalu,1962,
tanzania,1962,
uganda,1962,
ukraine,1962,
upper middle income,1962,
uruguay,1962,
united states,1962,
uzbekistan,1962,
st. vincent and the grenadines,1962,
"venezuela, rb",1962,
british virgin islands,1962,
virgin islands (u.s.),1962,
viet nam,1962,
vanuatu,1962,
world,1962,
samoa,1962,
kosovo,1962,
"yemen, rep.",1962,
south africa,1962,
zambia,1962,
zimbabwe,1962,
aruba,1963,
africa eastern and southern,1963,
afghanistan,1963,
africa western and central,1963,
angola,1963,
albania,1963,
andorra,1963,
arab world,1963,
united arab emirates,1963,
argentina,1963,
armenia,1963,
american samoa,1963,
antigua and barbuda,1963,
australia,1963,
austria,1963,
azerbaijan,1963,
burundi,1963,
belgium,1963,
benin,1963,
burkina faso,1963,
bangladesh,1963,
bulgaria,1963,
bahrain,1963,
"bahamas, the",1963,
bosnia and herzegovina,1963,
belarus,1963,
belize,1963,
bermuda,1963,
bolivia,1963,
brazil,1963,
barbados,1963,
brunei darussalam,1963,
bhutan,1963,
botswana,1963,
central african republic,1963,
canada,1963,
central europe and the baltics,1963,
switzerland,1963,
channel islands,1963,
chile,1963,
china,1963,
cote d'ivoire,1963,
cameroon,1963,
"congo, dem. rep.",1963,
"congo, rep.",1963,
colombia,1963,
comoros,1963,
cabo verde,1963,
costa rica,1963,
caribbean small states,1963,
cuba,1963,
curacao,1963,
cayman islands,1963,
cyprus,1963,
czechia,1963,
germany,1963,
djibouti,1963,
dominica,1963,
denmark,1963,
dominican republic,1963,
algeria,1963,
east asia & pacific (excluding high income),1963,
early-demographic dividend,1963,
east asia & pacific,1963,
europe & central asia (excluding high income),1963,
europe & central asia,1963,
ecuador,1963,
"egypt, arab rep.",1963,
euro area,1963,
eritrea,1963,
spain,1963,
estonia,1963,
ethiopia,1963,
european union,1963,
fragile and conflict affected situations,1963,
finland,1963,
fiji,1963,
france,1963,
faroe islands,1963,
"micronesia, fed. sts.",1963,
gabon,1963,
united kingdom,1963,
georgia,1963,
ghana,1963,
gibraltar,1963,
guinea,1963,
"gambia, the",1963,
guinea-bissau,1963,
equatorial guinea,1963,
greece,1963,
grenada,1963,
greenland,1963,
guatemala,1963,
guam,1963,
guyana,1963,
high income,1963,
"hong kong sar, china",1963,
honduras,1963,
heavily indebted poor countries (hipc),1963,
croatia,1963,
haiti,1963,
hungary,1963,
ibrd only,1963,
ida & ibrd total,1963,
ida total,1963,
ida blend,1963,
indonesia,1963,
ida only,1963,
isle of man,1963,
india,1963,
not classified,1963,
ireland,1963,
"iran, islamic rep.",1963,
iraq,1963,
iceland,1963,
israel,1963,
italy,1963,
jamaica,1963,
jordan,1963,
japan,1963,
kazakhstan,1963,
kenya,1963,
kyrgyz republic,1963,
cambodia,1963,
kiribati,1963,
st. kitts and nevis,1963,
"korea, rep.",1963,
kuwait,1963,
latin america & caribbean (excluding high income),1963,
lao pdr,1963,
lebanon,1963,
liberia,1963,
libya,1963,
st. lucia,1963,
latin america & caribbean,1963,
least developed countries: un classification,1963,
low income,1963,
liechtenstein,1963,
sri lanka,1963,
lower middle income,1963,
low & middle income,1963,
lesotho,1963,
late-demographic dividend,1963,
lithuania,1963,
luxembourg,1963,
latvia,1963,
"macao sar, china",1963,
st. martin (french part),1963,
morocco,1963,
monaco,1963,
moldova,1963,
madagascar,1963,
maldives,1963,
"middle east, north africa, afghanistan & pakistan",1963,
mexico,1963,
marshall islands,1963,
middle income,1963,
north macedonia,1963,
mali,1963,
malta,1963,
myanmar,1963,
"middle east, north africa, afghanistan & pakistan (excluding high income)",1963,
montenegro,1963,
mongolia,1963,
northern mariana islands,1963,
mozambique,1963,
mauritania,1963,
mauritius,1963,
malawi,1963,
malaysia,1963,
north america,1963,
namibia,1963,
new caledonia,1963,
niger,1963,
nigeria,1963,
nicaragua,1963,
netherlands,1963,
norway,1963,
nepal,1963,
nauru,1963,
new zealand,1963,
oecd members,1963,
oman,1963,
other small states,1963,
pakistan,1963,
panama,1963,
peru,1963,
philippines,1963,
palau,1963,
papua new guinea,1963,
poland,1963,
pre-demographic dividend,1963,
puerto rico (us),1963,
"korea, dem. people's rep.",1963,
portugal,1963,
paraguay,1963,
west bank and gaza,1963,
pacific island small states,1963,
post-demographic dividend,1963,
french polynesia,1963,
qatar,1963,
romania,1963,
russian federation,1963,
rwanda,1963,
south asia,1963,
saudi arabia,1963,
sudan,1963,
senegal,1963,
singapore,1963,
solomon islands,1963,
sierra leone,1963,
el salvador,1963,
san marino,1963,
"somalia, fed. rep.",1963,
serbia,1963,
sub-saharan africa (excluding high income),1963,
south sudan,1963,
sub-saharan africa,1963,
small states,1963,
sao tome and principe,1963,
suriname,1963,
slovak republic,1963,
slovenia,1963,
sweden,1963,
eswatini,1963,
sint maarten (dutch part),1963,
seychelles,1963,
syrian arab republic,1963,
turks and caicos islands,1963,
chad,1963,
east asia & pacific (ida & ibrd countries),1963,
europe & central asia (ida & ibrd countries),1963,
togo,1963,
thailand,1963,
tajikistan,1963,
turkmenistan,1963,
latin america & the caribbean (ida & ibrd countries),1963,
timor-leste,1963,
"middle east, north africa, afghanistan & pakistan (ida & ibrd)",1963,
tonga,1963,
south asia (ida & ibrd),1963,
sub-saharan africa (ida & ibrd countries),1963,
trinidad and tobago,1963,
tunisia,1963,
turkiye,1963,
tuvalu,1963,
tanzania,1963,
uganda,1963,
ukraine,1963,
upper middle income,1963,
uruguay,1963,
united states,1963,
uzbekistan,1963,
st. vincent and the grenadines,1963,
"venezuela, rb",1963,
british virgin islands,1963,
virgin islands (u.s.),1963,
viet nam,1963,
vanuatu,1963,
world,1963,
samoa,1963,
kosovo,1963,
"yemen, rep.",1963,
south africa,1963,
zambia,1963,
zimbabwe,1963,
aruba,1964,
africa eastern and southern,1964,
afghanistan,1964,
africa western and central,1964,
angola,1964,
albania,1964,
andorra,1964,
arab world,1964,
united arab emirates,1964,
argentina,1964,
armenia,1964,
american samoa,1964,
antigua and barbuda,1964,
australia,1964,
austria,1964,
azerbaijan,1964,
burundi,1964,
belgium,1964,
benin,1964,
burkina faso,1964,
bangladesh,1964,
bulgaria,1964,
bahrain,1964,
"bahamas, the",1964,
bosnia and herzegovina,1964,
belarus,1964,
belize,1964,
bermuda,1964,
bolivia,1964,
brazil,1964,
barbados,1964,
brunei darussalam,1964,
bhutan,1964,
botswana,1964,
central african republic,1964,
canada,1964,
central europe and the baltics,1964,
switzerland,1964,
channel islands,1964,
chile,1964,
china,1964,
cote d'ivoire,1964,
cameroon,1964,
"congo, dem. rep.",1964,
"congo, rep.",1964,
colombia,1964,
comoros,1964,
cabo verde,1964,
costa rica,1964,
caribbean small states,1964,
cuba,1964,
curacao,1964,
cayman islands,1964,
cyprus,1964,
czechia,1964,
germany,1964,
djibouti,1964,
dominica,1964,
denmark,1964,
dominican republic,1964,
algeria,1964,
east asia & pacific (excluding high income),1964,
early-demographic dividend,1964,
east asia & pacific,1964,
europe & central asia (excluding high income),1964,
europe & central asia,1964,
ecuador,1964,
"egypt, arab rep.",1964,
euro area,1964,
eritrea,1964,
spain,1964,
estonia,1964,
ethiopia,1964,
european union,1964,
fragile and conflict affected situations,1964,
finland,1964,
fiji,1964,
france,1964,
faroe islands,1964,
"micronesia, fed. sts.",1964,
gabon,1964,
united kingdom,1964,
georgia,1964,
ghana,1964,
gibraltar,1964,
guinea,1964,
"gambia, the",1964,
guinea-bissau,1964,
equatorial guinea,1964,
greece,1964,
grenada,1964,
greenland,1964,
guatemala,1964,
guam,1964,
guyana,1964,
high income,1964,
"hong kong sar, china",1964,
honduras,1964,
heavily indebted poor countries (hipc),1964,
croatia,1964,
haiti,1964,
hungary,1964,
ibrd only,1964,
ida & ibrd total,1964,
ida total,1964,
ida blend,1964,
indonesia,1964,
ida only,1964,
isle of man,1964,
india,1964,
not classified,1964,
ireland,1964,
"iran, islamic rep.",1964,
iraq,1964,
iceland,1964,
israel,1964,
italy,1964,
jamaica,1964,
jordan,1964,
japan,1964,
kazakhstan,1964,
kenya,1964,
kyrgyz republic,1964,
cambodia,1964,
kiribati,1964,
st. kitts and nevis,1964,
"korea, rep.",1964,
kuwait,1964,
latin america & caribbean (excluding high income),1964,
lao pdr,1964,
lebanon,1964,
liberia,1964,
libya,1964,
st. lucia,1964,
latin america & caribbean,1964,
least developed countries: un classification,1964,
low income,1964,
liechtenstein,1964,
sri lanka,1964,
lower middle income,1964,
low & middle income,1964,
lesotho,1964,
late-demographic dividend,1964,
lithuania,1964,
luxembourg,1964,
latvia,1964,
"macao sar, china",1964,
st. martin (french part),1964,
morocco,1964,
monaco,1964,
moldova,1964,
madagascar,1964,
maldives,1964,
"middle east, north africa, afghanistan & pakistan",1964,
mexico,1964,
marshall islands,1964,
middle income,1964,
north macedonia,1964,
mali,1964,
malta,1964,
myanmar,1964,
"middle east, north africa, afghanistan & pakistan (excluding high income)",1964,
montenegro,1964,
mongolia,1964,
northern mariana islands,1964,
mozambique,1964,
mauritania,1964,
mauritius,1964,
malawi,1964,
malaysia,1964,
north america,1964,
namibia,1964,
new caledonia,1964,
niger,1964,
nigeria,1964,
nicaragua,1964,
netherlands,1964,
norway,1964,
nepal,1964,
nauru,1964,
new zealand,1964,
oecd members,1964,
oman,1964,
other small states,1964,
pakistan,1964,
panama,1964,
peru,1964,
philippines,1964,
palau,1964,
papua new guinea,1964,
poland,1964,
pre-demographic dividend,1964,
puerto rico (us),1964,
"korea, dem. people's rep.",1964,
portugal,1964,
paraguay,1964,
west bank and gaza,1964,
pacific island small states,1964,
post-demographic dividend,1964,
french polynesia,1964,
qatar,1964,
romania,1964,
russian federation,1964,
rwanda,1964,
south asia,1964,
saudi arabia,1964,
sudan,1964,
senegal,1964,
singapore,1964,
solomon islands,1964,
sierra leone,1964,
el salvador,1964,
san marino,1964,
"somalia, fed. rep.",1964,
serbia,1964,
sub-saharan africa (excluding high income),1964,
south sudan,1964,
sub-saharan africa,1964,
small states,1964,
sao tome and principe,1964,
suriname,1964,
slovak republic,1964,
slovenia,1964,
sweden,1964,
eswatini,1964,
sint maarten (dutch part),1964,
seychelles,1964,
syrian arab republic,1964,
turks and caicos islands,1964,
chad,1964,
east asia & pacific (ida & ibrd countries),1964,
europe & central asia (ida & ibrd countries),1964,
togo,1964,
thailand,1964,
tajikistan,1964,
turkmenistan,1964,
latin america & the caribbean (ida & ibrd countries),1964,
timor-leste,1964,
"middle east, north africa, afghanistan & pakistan (ida & ibrd)",1964,
tonga,1964,
south asia (ida & ibrd),1964,
sub-saharan africa (ida & ibrd countries),1964,
trinidad and tobago,1964,
tunisia,1964,
turkiye,1964,
tuvalu,1964,
tanzania,1964,
uganda,1964,
ukraine,1964,
upper middle income,1964,
uruguay,1964,
united states,1964,
uzbekistan,1964,
st. vincent and the grenadines,1964,
"venezuela, rb",1964,
british virgin islands,1964,
virgin islands (u.s.),1964,
viet nam,1964,
vanuatu,1964,
world,1964,
samoa,1964,
kosovo,1964,
"yemen, rep.",1964,
south africa,1964,
zambia,1964,
zimbabwe,1964,
aruba,1965,
africa eastern and southern,1965,
afghanistan,1965,
africa western and central,1965,
angola,1965,
albania,1965,
andorra,1965,
arab world,1965,
united arab emirates,1965,
argentina,1965,
armenia,1965,
american samoa,1965,
antigua and barbuda,1965,
australia,1965,
austria,1965,
azerbaijan,1965,
burundi,1965,
belgium,1965,
benin,1965,
burkina faso,1965,
bangladesh,1965,
bulgaria,1965,
bahrain,1965,
"bahamas, the",1965,
bosnia and herzegovina,1965,
belarus,1965,
belize,1965,
bermuda,1965,
bolivia,1965,
brazil,1965,
barbados,1965,
brunei darussalam,1965,
bhutan,1965,
botswana,1965,
central african republic,1965,
canada,1965,
central europe and the baltics,1965,
switzerland,1965,
channel islands,1965,
chile,1965,
china,1965,
cote d'ivoire,1965,
cameroon,1965,
"congo, dem. rep.",1965,
"congo, rep.",1965,
colombia,1965,
comoros,1965,
cabo verde,1965,
costa rica,1965,
caribbean small states,1965,
cuba,1965,
curacao,1965,
cayman islands,1965,
cyprus,1965,
czechia,1965,
germany,1965,
djibouti,1965,
dominica,1965,
denmark,1965,
dominican republic,1965,
algeria,1965,
east asia & pacific (excluding high income),1965,
early-demographic dividend,1965,
east asia & pacific,1965,
europe & central asia (excluding high income),1965,
europe & central asia,1965,
ecuador,1965,
"egypt, arab rep.",1965,
euro area,1965,
eritrea,1965,
spain,1965,
estonia,1965,
ethiopia,1965,
european union,1965,
fragile and conflict affected situations,1965,
finland,1965,
fiji,1965,
france,1965,
faroe islands,1965,
"micronesia, fed. sts.",1965,
gabon,1965,
united kingdom,1965,
georgia,1965,
ghana,1965,
gibraltar,1965,
guinea,1965,
"gambia, the",1965,
guinea-bissau,1965,
equatorial guinea,1965,
greece,1965,
grenada,1965,
greenland,1965,
guatemala,1965,
guam,1965,
guyana,1965,
high income,1965,
"hong kong sar, china",1965,
honduras,1965,
heavily indebted poor countries (hipc),1965,
croatia,1965,
haiti,1965,
hungary,1965,
ibrd only,1965,
ida & ibrd total,1965,
ida total,1965,
ida blend,1965,
indonesia,1965,
ida only,1965,
isle of man,1965,
india,1965,
not classified,1965,
ireland,1965,
"iran, islamic rep.",1965,
iraq,1965,
iceland,1965,
israel,1965,
italy,1965,
jamaica,1965,
jordan,1965,
japan,1965,
kazakhstan,1965,
kenya,1965,
kyrgyz republic,1965,
cambodia,1965,
kiribati,1965,
st. kitts and nevis,1965,
"korea, rep.",1965,
kuwait,1965,
latin america & caribbean (excluding high income),1965,
lao pdr,1965,
lebanon,1965,
liberia,1965,
libya,1965,
st. lucia,1965,
latin america & caribbean,1965,
least developed countries: un classification,1965,
low income,1965,
liechtenstein,1965,
sri lanka,1965,
lower middle income,1965,
low & middle income,1965,
lesotho,1965,
late-demographic dividend,1965,
lithuania,1965,
luxembourg,1965,
latvia,1965,
"macao sar, china",1965,
st. martin (french part),1965,
morocco,1965,
monaco,1965,
moldova,1965,
madagascar,1965,
maldives,1965,
"middle east, north africa, afghanistan & pakistan",1965,
mexico,1965,
marshall islands,1965,
middle income,1965,
north macedonia,1965,
mali,1965,
malta,1965,
myanmar,1965,
"middle east, north africa, afghanistan & pakistan (excluding high income)",1965,
montenegro,1965,
mongolia,1965,
northern mariana islands,1965,
mozambique,1965,
mauritania,1965,
mauritius,1965,
malawi,1965,
malaysia,1965,
north america,1965,
namibia,1965,
new caledonia,1965,
niger,1965,
nigeria,1965,
nicaragua,1965,
netherlands,1965,
norway,1965,
nepal,1965,
nauru,1965,
new zealand,1965,
oecd members,1965,
oman,1965,
other small states,1965,
pakistan,1965,
panama,1965,
peru,1965,
philippines,1965,
palau,1965,
papua new guinea,1965,
poland,1965,
pre-demographic dividend,1965,
puerto rico (us),1965,
"korea, dem. people's rep.",1965,
portugal,1965,
paraguay,1965,
west bank and gaza,1965,
pacific island small states,1965,
post-demographic dividend,1965,
french polynesia,1965,
qatar,1965,
romania,1965,
russian federation,1965,
rwanda,1965,
south asia,1965,
saudi arabia,1965,
sudan,1965,
senegal,1965,
singapore,1965,
solomon islands,1965,
sierra leone,1965,
el salvador,1965,
san marino,1965,
"somalia, fed. rep.",1965,
serbia,1965,
sub-saharan africa (excluding high income),1965,
south sudan,1965,
sub-saharan africa,1965,
small states,1965,
sao tome and principe,1965,
suriname,1965,
slovak republic,1965,
slovenia,1965,
sweden,1965,
eswatini,1965,
sint maarten (dutch part),1965,
seychelles,1965,
syrian arab republic,1965,
turks and caicos islands,1965,
chad,1965,
east asia & pacific (ida & ibrd countries),1965,
europe & central asia (ida & ibrd countries),1965,
togo,1965,
thailand,1965,
tajikistan,1965,
turkmenistan,1965,
latin america & the caribbean (ida & ibrd countries),1965,
timor-leste,1965,
"middle east, north africa, afghanistan & pakistan (ida & ibrd)",1965,
tonga,1965,
south asia (ida & ibrd),1965,
sub-saharan africa (ida & ibrd countries),1965,
trinidad and tobago,1965,
tunisia,1965,
turkiye,1965,
tuvalu,1965,
tanzania,1965,
uganda,1965,
ukraine,1965,
upper middle income,1965,
uruguay,1965,
united states,1965,
uzbekistan,1965,
st. vincent and the grenadines,1965,
"venezuela, rb",1965,
british virgin islands,1965,
virgin islands (u.s.),1965,
viet nam,1965,
vanuatu,1965,
world,1965,
samoa,1965,
kosovo,1965,
"yemen, rep.",1965,
south africa,1965,
zambia,1965,
zimbabwe,1965,
aruba,1966,
africa eastern and southern,1966,
afghanistan,1966,
africa western and central,1966,
angola,1966,
albania,1966,
andorra,1966,
arab world,1966,
united arab emirates,1966,
argentina,1966,
armenia,1966,
american samoa,1966,
antigua and barbuda,1966,
australia,1966,
austria,1966,
azerbaijan,1966,
burundi,1966,
belgium,1966,
benin,1966,
burkina faso,1966,
bangladesh,1966,
bulgaria,1966,
bahrain,1966,
"bahamas, the",1966,
bosnia and herzegovina,1966,
belarus,1966,
belize,1966,
bermuda,1966,
bolivia,1966,
brazil,1966,
barbados,1966,
brunei darussalam,1966,
bhutan,1966,
botswana,1966,
central african republic,1966,
canada,1966,
central europe and the baltics,1966,
switzerland,1966,
channel islands,1966,
chile,1966,
china,1966,
cote d'ivoire,1966,
cameroon,1966,
"congo, dem. rep.",1966,
"congo, rep.",1966,
colombia,1966,
comoros,1966,
cabo verde,1966,
costa rica,1966,
caribbean small states,1966,
cuba,1966,
curacao,1966,
cayman islands,1966,
cyprus,1966,
czechia,1966,
germany,1966,
djibouti,1966,
dominica,1966,
denmark,1966,
dominican republic,1966,
algeria,1966,
east asia & pacific (excluding high income),1966,
early-demographic dividend,1966,
east asia & pacific,1966,
europe & central asia (excluding high income),1966,
europe & central asia,1966,
ecuador,1966,
"egypt, arab rep.",1966,
euro area,1966,
eritrea,1966,
spain,1966,
estonia,1966,
ethiopia,1966,
european union,1966,
fragile and conflict affected situations,1966,
finland,1966,
fiji,1966,
france,1966,
faroe islands,1966,
"micronesia, fed. sts.",1966,
gabon,1966,
united kingdom,1966,
georgia,1966,
ghana,1966,
gibraltar,1966,
guinea,1966,
"gambia, the",1966,
guinea-bissau,1966,
equatorial guinea,1966,
greece,1966,
grenada,1966,
greenland,1966,
guatemala,1966,
guam,1966,
guyana,1966,
high income,1966,
"hong kong sar, china",1966,
honduras,1966,
heavily indebted poor countries (hipc),1966,
croatia,1966,
haiti,1966,
hungary,1966,
ibrd only,1966,
ida & ibrd total,1966,
ida total,1966,
ida blend,1966,
indonesia,1966,
ida only,1966,
isle of man,1966,
india,1966,
not classified,1966,
ireland,1966,
"iran, islamic rep.",1966,
iraq,1966,
iceland,1966,
israel,1966,
italy,1966,
jamaica,1966,
jordan,1966,
japan,1966,
kazakhstan,1966,
kenya,1966,
kyrgyz republic,1966,
cambodia,1966,
kiribati,1966,
st. kitts and nevis,1966,
"korea, rep.",1966,
kuwait,1966,
latin america & caribbean (excluding high income),1966,
lao pdr,1966,
lebanon,1966,
liberia,1966,
libya,1966,
st. lucia,1966,
latin america & caribbean,1966,
least developed countries: un classification,1966,
low income,1966,
liechtenstein,1966,
sri lanka,1966,
lower middle income,1966,
low & middle income,1966,
lesotho,1966,
late-demographic dividend,1966,
lithuania,1966,
luxembourg,1966,
latvia,1966,
"macao sar, china",1966,
st. martin (french part),1966,
morocco,1966,
monaco,1966,
moldova,1966,
madagascar,1966,
maldives,1966,
"middle east, north africa, afghanistan & pakistan",1966,
mexico,1966,
marshall islands,1966,
middle income,1966,
north macedonia,1966,
mali,1966,
malta,1966,
myanmar,1966,
"middle east, north africa, afghanistan & pakistan (excluding high income)",1966,
montenegro,1966,
mongolia,1966,
northern mariana islands,1966,
mozambique,1966,
mauritania,1966,
mauritius,1966,
malawi,1966,
malaysia,1966,
north america,1966,
namibia,1966,
new caledonia,1966,
niger,1966,
nigeria,1966,
nicaragua,1966,
netherlands,1966,
norway,1966,
nepal,1966,
nauru,1966,
new zealand,1966,
oecd members,1966,
oman,1966,
other small states,1966,
pakistan,1966,
panama,1966,
peru,1966,
philippines,1966,
palau,1966,
papua new guinea,1966,
poland,1966,
pre-demographic dividend,1966,
puerto rico (us),1966,
"korea, dem. people's rep.",1966,
portugal,1966,
paraguay,1966,
west bank and gaza,1966,
pacific island small states,1966,
post-demographic dividend,1966,
french polynesia,1966,
qatar,1966,
romania,1966,
russian federation,1966,
rwanda,1966,
south asia,1966,
saudi arabia,1966,
sudan,1966,
senegal,1966,
singapore,1966,
solomon islands,1966,
sierra leone,1966,
el salvador,1966,
san marino,1966,
"somalia, fed. rep.",1966,
serbia,1966,
sub-saharan africa (excluding high income),1966,
south sudan,1966,
sub-saharan africa,1966,
small states,1966,
sao tome and principe,1966,
suriname,1966,
slovak republic,1966,
slovenia,1966,
sweden,1966,
eswatini,1966,
sint maarten (dutch part),1966,
seychelles,1966,
syrian arab republic,1966,
turks and caicos islands,1966,
chad,1966,
east asia & pacific (ida & ibrd countries),1966,
europe & central asia (ida & ibrd countries),1966,
togo,1966,
thailand,1966,
tajikistan,1966,
turkmenistan,1966,
latin america & the caribbean (ida & ibrd countries),1966,
timor-leste,1966,
"middle east, north africa, afghanistan & pakistan (ida & ibrd)",1966,
tonga,1966,
south asia (ida & ibrd),1966,
sub-saharan africa (ida & ibrd countries),1966,
trinidad and tobago,1966,
tunisia,1966,
turkiye,1966,
tuvalu,1966,
tanzania,1966,
uganda,1966,
ukraine,1966,
upper middle income,1966,
uruguay,1966,
united states,1966,
uzbekistan,1966,
st. vincent and the grenadines,1966,
"venezuela, rb",1966,
british virgin islands,1966,
virgin islands (u.s.),1966,
viet nam,1966,
vanuatu,1966,
world,1966,
samoa,1966,
kosovo,1966,
"yemen, rep.",1966,
south africa,1966,
zambia,1966,
zimbabwe,1966,
aruba,1967,
africa eastern and southern,1967,
afghanistan,1967,
africa western and central,1967,
angola,1967,
albania,1967,
andorra,1967,
arab world,1967,
united arab emirates,1967,
argentina,1967,
armenia,1967,
american samoa,1967,
antigua and barbuda,1967,
australia,1967,
austria,1967,
azerbaijan,1967,
burundi,1967,
belgium,1967,
benin,1967,
burkina faso,1967,
bangladesh,1967,
bulgaria,1967,
bahrain,1967,
"bahamas, the",1967,
bosnia and herzegovina,1967,
belarus,1967,
belize,1967,
bermuda,1967,
bolivia,1967,
brazil,1967,
barbados,1967,
brunei darussalam,1967,
bhutan,1967,
botswana,1967,
central african republic,1967,
canada,1967,
central europe and the baltics,1967,
switzerland,1967,
channel islands,1967,
chile,1967,
china,1967,
cote d'ivoire,1967,
cameroon,1967,
"congo, dem. rep.",1967,
"congo, rep.",1967,
colombia,1967,
comoros,1967,
cabo verde,1967,
costa rica,1967,
caribbean small states,1967,
cuba,1967,
curacao,1967,
cayman islands,1967,
cyprus,1967,
czechia,1967,
germany,1967,
djibouti,1967,
dominica,1967,
denmark,1967,
dominican republic,1967,
algeria,1967,
east asia & pacific (excluding high income),1967,
early-demographic dividend,1967,
east asia & pacific,1967,
europe & central asia (excluding high income),1967,
europe & central asia,1967,
ecuador,1967,
"egypt, arab rep.",1967,
euro area,1967,
eritrea,1967,
spain,1967,
estonia,1967,
ethiopia,1967,
european union,1967,
fragile and conflict affected situations,1967,
finland,1967,
fiji,1967,
france,1967,
faroe islands,1967,
"micronesia, fed. sts.",1967,
gabon,1967,
united kingdom,1967,
georgia,1967,
ghana,1967,
gibraltar,1967,
guinea,1967,
"gambia, the",1967,
guinea-bissau,1967,
equatorial guinea,1967,
greece,1967,
grenada,1967,
greenland,1967,
guatemala,1967,
guam,1967,
guyana,1967,
high income,1967,
"hong kong sar, china",1967,
honduras,1967,
heavily indebted poor countries (hipc),1967,
croatia,1967,
haiti,1967,
hungary,1967,
ibrd only,1967,
ida & ibrd total,1967,
ida total,1967,
ida blend,1967,
indonesia,1967,
ida only,1967,
isle of man,1967,
india,1967,
not classified,1967,
ireland,1967,
"iran, islamic rep.",1967,
iraq,1967,
iceland,1967,
israel,1967,
italy,1967,
jamaica,1967,
jordan,1967,
japan,1967,
kazakhstan,1967,
kenya,1967,
kyrgyz republic,1967,
cambodia,1967,
kiribati,1967,
st. kitts and nevis,1967,
"korea, rep.",1967,
kuwait,1967,
latin america & caribbean (excluding high income),1967,
lao pdr,1967,
lebanon,1967,
liberia,1967,
libya,1967,
st. lucia,1967,
latin america & caribbean,1967,
least developed countries: un classification,1967,
low income,1967,
liechtenstein,1967,
sri lanka,1967,
lower middle income,1967,
low & middle income,1967,
lesotho,1967,
late-demographic dividend,1967,
lithuania,1967,
luxembourg,1967,
latvia,1967,
"macao sar, china",1967,
st. martin (french part),1967,
morocco,1967,
monaco,1967,
moldova,1967,
madagascar,1967,
maldives,1967,
"middle east, north africa, afghanistan & pakistan",1967,
mexico,1967,
marshall islands,1967,
middle income,1967,
north macedonia,1967,
mali,1967,
malta,1967,
myanmar,1967,
"middle east, north africa, afghanistan & pakistan (excluding high income)",1967,
montenegro,1967,
mongolia,1967,
northern mariana islands,1967,
mozambique,1967,
mauritania,1967,
mauritius,1967,
malawi,1967,
malaysia,1967,
north america,1967,
namibia,1967,
new caledonia,1967,
niger,1967,
nigeria,1967,
nicaragua,1967,
netherlands,1967,
norway,1967,
nepal,1967,
nauru,1967,
new zealand,1967,
oecd members,1967,
oman,1967,
other small states,1967,
pakistan,1967,
panama,1967,
peru,1967,
philippines,1967,
palau,1967,
papua new guinea,1967,
poland,1967,
pre-demographic dividend,1967,
puerto rico (us),1967,
"korea, dem. people's rep.",1967,
portugal,1967,
paraguay,1967,
west bank and gaza,1967,
pacific island small states,1967,
post-demographic dividend,1967,
french polynesia,1967,
qatar,1967,
romania,1967,
russian federation,1967,
rwanda,1967,
south asia,1967,
saudi arabia,1967,
sudan,1967,
senegal,1967,
singapore,1967,
solomon islands,1967,
sierra leone,1967,
el salvador,1967,
san marino,1967,
"somalia, fed. rep.",1967,
serbia,1967,
sub-saharan africa (excluding high income),1967,
south sudan,1967,
sub-saharan africa,1967,
small states,1967,
sao tome and principe,1967,
suriname,1967,
slovak republic,1967,
slovenia,1967,
sweden,1967,
eswatini,1967,
sint maarten (dutch part),1967,
seychelles,1967,
syrian arab republic,1967,
turks and caicos islands,1967,
chad,1967,
east asia & pacific (ida & ibrd countries),1967,
europe & central asia (ida & ibrd countries),1967,
togo,1967,
thailand,1967,
tajikistan,1967,
turkmenistan,1967,
latin america & the caribbean (ida & ibrd countries),1967,
timor-leste,1967,
"middle east, north africa, afghanistan & pakistan (ida & ibrd)",1967,
tonga,1967,
south asia (ida & ibrd),1967,
sub-saharan africa (ida & ibrd countries),1967,
trinidad and tobago,1967,
tunisia,1967,
turkiye,1967,
tuvalu,1967,
tanzania,1967,
uganda,1967,
ukraine,1967,
upper middle income,1967,
uruguay,1967,
united states,1967,
uzbekistan,1967,
st. vincent and the grenadines,1967,
"venezuela, rb",1967,
british virgin islands,1967,
virgin islands (u.s.),1967,
viet nam,1967,
vanuatu,1967,
world,1967,
samoa,1967,
kosovo,1967,
"yemen, rep.",1967,
south africa,1967,
zambia,1967,
zimbabwe,1967,
aruba,1968,
africa eastern and southern,1968,
afghanistan,1968,
africa western and central,1968,
angola,1968,
albania,1968,
andorra,1968,
arab world,1968,
united arab emirates,1968,
argentina,1968,
armenia,1968,
american samoa,1968,
antigua and barbuda,1968,
australia,1968,
austria,1968,
azerbaijan,1968,
burundi,1968,
belgium,1968,
benin,1968,
burkina faso,1968,
bangladesh,1968,
bulgaria,1968,
bahrain,1968,
"bahamas, the",1968,
bosnia and herzegovina,1968,
belarus,1968,
belize,1968,
bermuda,1968,
bolivia,1968,
brazil,1968,
barbados,1968,
brunei darussalam,1968,
bhutan,1968,
botswana,1968,
central african republic,1968,
canada,1968,
central europe and the baltics,1968,
switzerland,1968,
channel islands,1968,
chile,1968,
china,1968,
cote d'ivoire,1968,
cameroon,1968,
"congo, dem. rep.",1968,
"congo, rep.",1968,
colombia,1968,
comoros,1968,
cabo verde,1968,
costa rica,1968,
caribbean small states,1968,
cuba,1968,
curacao,1968,
cayman islands,1968,
cyprus,1968,
czechia,1968,
germany,1968,
djibouti,1968,
dominica,1968,
denmark,1968,
dominican republic,1968,
algeria,1968,
east asia & pacific (excluding high income),1968,
early-demographic dividend,1968,
east asia & pacific,1968,
europe & central asia (excluding high income),1968,
europe & central asia,1968,
ecuador,1968,
"egypt, arab rep.",1968,
euro area,1968,
eritrea,1968,
spain,1968,
estonia,1968,
ethiopia,1968,
european union,1968,
fragile and conflict affected situations,1968,
finland,1968,
fiji,1968,
france,1968,
faroe islands,1968,
"micronesia, fed. sts.",1968,
gabon,1968,
united kingdom,1968,
georgia,1968,
ghana,1968,
gibraltar,1968,
guinea,1968,
"gambia, the",1968,
guinea-bissau,1968,
equatorial guinea,1968,
greece,1968,
grenada,1968,
greenland,1968,
guatemala,1968,
guam,1968,
guyana,1968,
high income,1968,
"hong kong sar, china",1968,
honduras,1968,
heavily indebted poor countries (hipc),1968,
croatia,1968,
haiti,1968,
hungary,1968,
ibrd only,1968,
ida & ibrd total,1968,
ida total,1968,
ida blend,1968,
indonesia,1968,
ida only,1968,
isle of man,1968,
india,1968,
not classified,1968,
ireland,1968,
"iran, islamic rep.",1968,
iraq,1968,
iceland,1968,
israel,1968,
italy,1968,
jamaica,1968,
jordan,1968,
japan,1968,
kazakhstan,1968,
kenya,1968,
kyrgyz republic,1968,
cambodia,1968,
kiribati,1968,
st. kitts and nevis,1968,
"korea, rep.",1968,
kuwait,1968,
latin america & caribbean (excluding high income),1968,
lao pdr,1968,
lebanon,1968,
liberia,1968,
libya,1968,
st. lucia,1968,
latin america & caribbean,1968,
least developed countries: un classification,1968,
low income,1968,
liechtenstein,1968,
sri lanka,1968,
lower middle income,1968,
low & middle income,1968,
lesotho,1968,
late-demographic dividend,1968,
lithuania,1968,
luxembourg,1968,
latvia,1968,
"macao sar, china",1968,
st. martin (french part),1968,
morocco,1968,
monaco,1968,
moldova,1968,
madagascar,1968,
maldives,1968,
"middle east, north africa, afghanistan & pakistan",1968,
mexico,1968,
marshall islands,1968,
middle income,1968,
north macedonia,1968,
mali,1968,
malta,1968,
myanmar,1968,
"middle east, north africa, afghanistan & pakistan (excluding high income)",1968,
montenegro,1968,
mongolia,1968,
northern mariana islands,1968,
mozambique,1968,
mauritania,1968,
mauritius,1968,
malawi,1968,
malaysia,1968,
north america,1968,
namibia,1968,
new caledonia,1968,
niger,1968,
nigeria,1968,
nicaragua,1968,
netherlands,1968,
norway,1968,
nepal,1968,
nauru,1968,
new zealand,1968,
oecd members,1968,
oman,1968,
other small states,1968,
pakistan,1968,
panama,1968,
peru,1968,
philippines,1968,
palau,1968,
papua new guinea,1968,
poland,1968,
pre-demographic dividend,1968,
puerto rico (us),1968,
"korea, dem. people's rep.",1968,
portugal,1968,
paraguay,1968,
west bank and gaza,1968,
pacific island small states,1968,
post-demographic dividend,1968,
french polynesia,1968,
qatar,1968,
romania,1968,
russian federation,1968,
rwanda,1968,
south asia,1968,
saudi arabia,1968,
sudan,1968,
senegal,1968,
singapore,1968,
solomon islands,1968,
sierra leone,1968,
el salvador,1968,
san marino,1968,
"somalia, fed. rep.",1968,
serbia,1968,
sub-saharan africa (excluding high income),1968,
south sudan,1968,
sub-saharan africa,1968,
small states,1968,
sao tome and principe,1968,
suriname,1968,
slovak republic,1968,
slovenia,1968,
sweden,1968,
eswatini,1968,
sint maarten (dutch part),1968,
seychelles,1968,
syrian arab republic,1968,
turks and caicos islands,1968,
chad,1968,
east asia & pacific (ida & ibrd countries),1968,
europe & central asia (ida & ibrd countries),1968,
togo,1968,
thailand,1968,
tajikistan,1968,
turkmenistan,1968,
latin america & the caribbean (ida & ibrd countries),1968,
timor-leste,1968,
"middle east, north africa, afghanistan & pakistan (ida & ibrd)",1968,
tonga,1968,
south asia (ida & ibrd),1968,
sub-saharan africa (ida & ibrd countries),1968,
trinidad and tobago,1968,
tunisia,1968,
turkiye,1968,
tuvalu,1968,
tanzania,1968,
uganda,1968,
ukraine,1968,
upper middle income,1968,
uruguay,1968,
united states,1968,
uzbekistan,1968,
st. vincent and the grenadines,1968,
"venezuela, rb",1968,
british virgin islands,1968,
virgin islands (u.s.),1968,
viet nam,1968,
vanuatu,1968,
world,1968,
samoa,1968,
kosovo,1968,
"yemen, rep.",1968,
south africa,1968,
zambia,1968,
zimbabwe,1968,
aruba,1969,
africa eastern and southern,1969,
afghanistan,1969,
africa western and central,1969,
angola,1969,
albania,1969,
andorra,1969,
arab world,1969,
united arab emirates,1969,
argentina,1969,
armenia,1969,
american samoa,1969,
antigua and barbuda,1969,
australia,1969,
austria,1969,
azerbaijan,1969,
burundi,1969,
belgium,1969,
benin,1969,
burkina faso,1969,
bangladesh,1969,
bulgaria,1969,
bahrain,1969,
"bahamas, the",1969,
bosnia and herzegovina,1969,
belarus,1969,
belize,1969,
bermuda,1969,
bolivia,1969,
brazil,1969,
barbados,1969,
brunei darussalam,1969,
bhutan,1969,
botswana,1969,
central african republic,1969,
canada,1969,
central europe and the baltics,1969,
switzerland,1969,
channel islands,1969,
chile,1969,
china,1969,
cote d'ivoire,1969,
cameroon,1969,
"congo, dem. rep.",1969,
"congo, rep.",1969,
colombia,1969,
comoros,1969,
cabo verde,1969,
costa rica,1969,
caribbean small states,1969,
cuba,1969,
curacao,1969,
cayman islands,1969,
cyprus,1969,
czechia,1969,
germany,1969,
djibouti,1969,
dominica,1969,
denmark,1969,
dominican republic,1969,
algeria,1969,
east asia & pacific (excluding high income),1969,
early-demographic dividend,1969,
east asia & pacific,1969,
europe & central asia (excluding high income),1969,
europe & central asia,1969,
ecuador,1969,
"egypt, arab rep.",1969,
euro area,1969,
eritrea,1969,
spain,1969,
estonia,1969,
ethiopia,1969,
european union,1969,
fragile and conflict affected situations,1969,
finland,1969,
fiji,1969,
france,1969,
faroe islands,1969,
"micronesia, fed. sts.",1969,
gabon,1969,
united kingdom,1969,
georgia,1969,
ghana,1969,
gibraltar,1969,
guinea,1969,
"gambia, the",1969,
guinea-bissau,1969,
equatorial guinea,1969,
greece,1969,
grenada,1969,
greenland,1969,
guatemala,1969,
guam,1969,
guyana,1969,
high income,1969,
"hong kong sar, china",1969,
honduras,1969,
heavily indebted poor countries (hipc),1969,
croatia,1969,
haiti,1969,
hungary,1969,
ibrd only,1969,
ida & ibrd total,1969,
ida total,1969,
ida blend,1969,
indonesia,1969,
ida only,1969,
isle of man,1969,
india,1969,
not classified,1969,
ireland,1969,
"iran, islamic rep.",1969,
iraq,1969,
iceland,1969,
israel,1969,
italy,1969,
jamaica,1969,
jordan,1969,
japan,1969,
kazakhstan,1969,
kenya,1969,
kyrgyz republic,1969,
cambodia,1969,
kiribati,1969,
st. kitts and nevis,1969,
"korea, rep.",1969,
kuwait,1969,
latin america & caribbean (excluding high income),1969,
lao pdr,1969,
lebanon,1969,
liberia,1969,
libya,1969,
st. lucia,1969,
latin america & caribbean,1969,
least developed countries: un classification,1969,
low income,1969,
liechtenstein,1969,
sri lanka,1969,
lower middle income,1969,
low & middle income,1969,
lesotho,1969,
late-demographic dividend,1969,
lithuania,1969,
luxembourg,1969,
latvia,1969,
"macao sar, china",1969,
st. martin (french part),1969,
morocco,1969,
monaco,1969,
moldova,1969,
madagascar,1969,
maldives,1969,
"middle east, north africa, afghanistan & pakistan",1969,
mexico,1969,
marshall islands,1969,
middle income,1969,
north macedonia,1969,
mali,1969,
malta,1969,
myanmar,1969,
"middle east, north africa, afghanistan & pakistan (excluding high income)",1969,
montenegro,1969,
mongolia,1969,
northern mariana islands,1969,
mozambique,1969,
mauritania,1969,
mauritius,1969,
malawi,1969,
malaysia,1969,
north america,1969,
namibia,1969,
new caledonia,1969,
niger,1969,
nigeria,1969,
nicaragua,1969,
netherlands,1969,
norway,1969,
nepal,1969,
nauru,1969,
new zealand,1969,
oecd members,1969,
oman,1969,
other small states,1969,
pakistan,1969,
panama,1969,
peru,1969,
philippines,1969,
palau,1969,
papua new guinea,1969,
poland,1969,
pre-demographic dividend,1969,
puerto rico (us),1969,
"korea, dem. people's rep.",1969,
portugal,1969,
paraguay,1969,
west bank and gaza,1969,
pacific island small states,1969,
post-demographic dividend,1969,
french polynesia,1969,
qatar,1969,
romania,1969,
russian federation,1969,
rwanda,1969,
south asia,1969,
saudi arabia,1969,
sudan,1969,
senegal,1969,
singapore,1969,
solomon islands,1969,
sierra leone,1969,
el salvador,1969,
san marino,1969,
"somalia, fed. rep.",1969,
serbia,1969,
sub-saharan africa (excluding high income),1969,
south sudan,1969,
sub-saharan africa,1969,
small states,1969,
sao tome and principe,1969,
suriname,1969,
slovak republic,1969,
slovenia,1969,
sweden,1969,
eswatini,1969,
sint maarten (dutch part),1969,
seychelles,1969,
syrian arab republic,1969,
turks and caicos islands,1969,
chad,1969,
east asia & pacific (ida & ibrd countries),1969,
europe & central asia (ida & ibrd countries),1969,
togo,1969,
thailand,1969,
tajikistan,1969,
turkmenistan,1969,
latin america & the caribbean (ida & ibrd countries),1969,
timor-leste,1969,
"middle east, north africa, afghanistan & pakistan (ida & ibrd)",1969,
tonga,1969,
south asia (ida & ibrd),1969,
sub-saharan africa (ida & ibrd countries),1969,
trinidad and tobago,1969,
tunisia,1969,
turkiye,1969,
tuvalu,1969,
tanzania,1969,
uganda,1969,
ukraine,1969,
upper middle income,1969,
uruguay,1969,
united states,1969,
uzbekistan,1969,
st. vincent and the grenadines,1969,
"venezuela, rb",1969,
british virgin islands,1969,
virgin islands (u.s.),1969,
viet nam,1969,
vanuatu,1969,
world,1969,
samoa,1969,
kosovo,1969,
"yemen, rep.",1969,
south africa,1969,
zambia,1969,
zimbabwe,1969,
aruba,1970,
africa eastern and southern,1970,
afghanistan,1970,
africa western and central,1970,
angola,1970,
albania,1970,
andorra,1970,
arab world,1970,
united arab emirates,1970,
argentina,1970,
armenia,1970,
american samoa,1970,
antigua and barbuda,1970,
australia,1970,
austria,1970,
azerbaijan,1970,
burundi,1970,
belgium,1970,
benin,1970,
burkina faso,1970,
bangladesh,1970,
bulgaria,1970,
bahrain,1970,
"bahamas, the",1970,
bosnia and herzegovina,1970,
belarus,1970,
belize,1970,
bermuda,1970,
bolivia,1970,
brazil,1970,
barbados,1970,
brunei darussalam,1970,
bhutan,1970,
botswana,1970,
central african republic,1970,
canada,1970,
central europe and the baltics,1970,
switzerland,1970,
channel islands,1970,
chile,1970,
china,1970,
cote d'ivoire,1970,
cameroon,1970,
"congo, dem. rep.",1970,
"congo, rep.",1970,
colombia,1970,
comoros,1970,
cabo verde,1970,
costa rica,1970,
caribbean small states,1970,
cuba,1970,
curacao,1970,
cayman islands,1970,
cyprus,1970,
czechia,1970,
germany,1970,
djibouti,1970,
dominica,1970,
denmark,1970,
dominican republic,1970,
algeria,1970,
east asia & pacific (excluding high income),1970,
early-demographic dividend,1970,
east asia & pacific,1970,
europe & central asia (excluding high income),1970,
europe & central asia,1970,
ecuador,1970,
"egypt, arab rep.",1970,
euro area,1970,
eritrea,1970,
spain,1970,
estonia,1970,
ethiopia,1970,
european union,1970,
fragile and conflict affected situations,1970,
finland,1970,
fiji,1970,
france,1970,
faroe islands,1970,
"micronesia, fed. sts.",1970,
gabon,1970,
united kingdom,1970,
georgia,1970,
ghana,1970,
gibraltar,1970,
guinea,1970,
"gambia, the",1970,
guinea-bissau,1970,
equatorial guinea,1970,
greece,1970,
grenada,1970,
greenland,1970,
guatemala,1970,
guam,1970,
guyana,1970,
high income,1970,
"hong kong sar, china",1970,
honduras,1970,
heavily indebted poor countries (hipc),1970,
croatia,1970,
haiti,1970,
hungary,1970,
ibrd only,1970,
ida & ibrd total,1970,
ida total,1970,
ida blend,1970,
indonesia,1970,
ida only,1970,
isle of man,1970,
india,1970,
not classified,1970,
ireland,1970,
"iran, islamic rep.",1970,
iraq,1970,
iceland,1970,
israel,1970,
italy,1970,
jamaica,1970,
jordan,1970,
japan,1970,
kazakhstan,1970,
kenya,1970,
kyrgyz republic,1970,
cambodia,1970,
kiribati,1970,
st. kitts and nevis,1970,
"korea, rep.",1970,
kuwait,1970,
latin america & caribbean (excluding high income),1970,
lao pdr,1970,
lebanon,1970,
liberia,1970,
libya,1970,
st. lucia,1970,
latin america & caribbean,1970,
least developed countries: un classification,1970,
low income,1970,
liechtenstein,1970,
sri lanka,1970,
lower middle income,1970,
low & middle income,1970,
lesotho,1970,
late-demographic dividend,1970,
lithuania,1970,
luxembourg,1970,
latvia,1970,
"macao sar, china",1970,
st. martin (french part),1970,
morocco,1970,
monaco,1970,
moldova,1970,
madagascar,1970,
maldives,1970,
"middle east, north africa, afghanistan & pakistan",1970,
mexico,1970,
marshall islands,1970,
middle income,1970,
north macedonia,1970,
mali,1970,
malta,1970,
myanmar,1970,
"middle east, north africa, afghanistan & pakistan (excluding high income)",1970,
montenegro,1970,
mongolia,1970,
northern mariana islands,1970,
mozambique,1970,
mauritania,1970,
mauritius,1970,
malawi,1970,
malaysia,1970,
north america,1970,
namibia,1970,
new caledonia,1970,
niger,1970,
nigeria,1970,
nicaragua,1970,
netherlands,1970,
norway,1970,
nepal,1970,
nauru,1970,
new zealand,1970,
oecd members,1970,
oman,1970,
other small states,1970,
pakistan,1970,
panama,1970,
peru,1970,
philippines,1970,
palau,1970,
papua new guinea,1970,
poland,1970,
pre-demographic dividend,1970,
puerto rico (us),1970,
"korea, dem. people's rep.",1970,
portugal,1970,
paraguay,1970,
west bank and gaza,1970,
pacific island small states,1970,
post-demographic dividend,1970,
french polynesia,1970,
qatar,1970,
romania,1970,
russian federation,1970,
rwanda,1970,
south asia,1970,
saudi arabia,1970,
sudan,1970,
senegal,1970,
singapore,1970,
solomon islands,1970,
sierra leone,1970,
el salvador,1970,
san marino,1970,
"somalia, fed. rep.",1970,
serbia,1970,
sub-saharan africa (excluding high income),1970,
south sudan,1970,
sub-saharan africa,1970,
small states,1970,
sao tome and principe,1970,
suriname,1970,
slovak republic,1970,
slovenia,1970,
sweden,1970,
eswatini,1970,
sint maarten (dutch part),1970,
seychelles,1970,
syrian arab republic,1970,
turks and caicos islands,1970,
chad,1970,
east asia & pacific (ida & ibrd countries),1970,
europe & central asia (ida & ibrd countries),1970,
togo,1970,
thailand,1970,
tajikistan,1970,
turkmenistan,1970,
latin america & the caribbean (ida & ibrd countries),1970,
timor-leste,1970,
"middle east, north africa, afghanistan & pakistan (ida & ibrd)",1970,
tonga,1970,
south asia (ida & ibrd),1970,
sub-saharan africa (ida & ibrd countries),1970,
trinidad and tobago,1970,
tunisia,1970,
turkiye,1970,
tuvalu,1970,
tanzania,1970,
uganda,1970,
ukraine,1970,
upper middle income,1970,
uruguay,1970,
united states,1970,
uzbekistan,1970,
st. vincent and the grenadines,1970,
"venezuela, rb",1970,
british virgin islands,1970,
virgin islands (u.s.),1970,
viet nam,1970,
vanuatu,1970,
world,1970,
samoa,1970,
kosovo,1970,
"yemen, rep.",1970,
south africa,1970,
zambia,1970,
zimbabwe,1970,
aruba,1971,
africa eastern and southern,1971,
afghanistan,1971,
africa western and central,1971,
angola,1971,
albania,1971,
andorra,1971,
arab world,1971,
united arab emirates,1971,
argentina,1971,
armenia,1971,
american samoa,1971,
antigua and barbuda,1971,
australia,1971,
austria,1971,
azerbaijan,1971,
burundi,1971,
belgium,1971,
benin,1971,
burkina faso,1971,
bangladesh,1971,
bulgaria,1971,
bahrain,1971,
"bahamas, the",1971,
bosnia and herzegovina,1971,
belarus,1971,
belize,1971,
bermuda,1971,
bolivia,1971,
brazil,1971,
barbados,1971,
brunei darussalam,1971,
bhutan,1971,
botswana,1971,
central african republic,1971,
canada,1971,
central europe and the baltics,1971,
switzerland,1971,
channel islands,1971,
chile,1971,
china,1971,
cote d'ivoire,1971,
cameroon,1971,
"congo, dem. rep.",1971,
"congo, rep.",1971,
colombia,1971,
comoros,1971,
cabo verde,1971,
costa rica,1971,
caribbean small states,1971,
cuba,1971,
curacao,1971,
cayman islands,1971,
cyprus,1971,
czechia,1971,
germany,1971,
djibouti,1971,
dominica,1971,
denmark,1971,
dominican republic,1971,
algeria,1971,
east asia & pacific (excluding high income),1971,
early-demographic dividend,1971,
east asia & pacific,1971,
europe & central asia (excluding high income),1971,
europe & central asia,1971,
ecuador,1971,
"egypt, arab rep.",1971,
euro area,1971,
eritrea,1971,
spain,1971,
estonia,1971,
ethiopia,1971,
european union,1971,
fragile and conflict affected situations,1971,
finland,1971,
fiji,1971,
france,1971,
faroe islands,1971,
"micronesia, fed. sts.",1971,
gabon,1971,
united kingdom,1971,
georgia,1971,
ghana,1971,
gibraltar,1971,
guinea,1971,
"gambia, the",1971,
guinea-bissau,1971,
equatorial guinea,1971,
greece,1971,
grenada,1971,
greenland,1971,
guatemala,1971,
guam,1971,
guyana,1971,
high income,1971,
"hong kong sar, china",1971,
honduras,1971,
heavily indebted poor countries (hipc),1971,
croatia,1971,
haiti,1971,
hungary,1971,
ibrd only,1971,
ida & ibrd total,1971,
ida total,1971,
ida blend,1971,
indonesia,1971,
ida only,1971,
isle of man,1971,
india,1971,
not classified,1971,
ireland,1971,
"iran, islamic rep.",1971,
iraq,1971,
iceland,1971,
israel,1971,
italy,1971,
jamaica,1971,
jordan,1971,
japan,1971,
kazakhstan,1971,
kenya,1971,
kyrgyz republic,1971,
cambodia,1971,
kiribati,1971,
st. kitts and nevis,1971,
"korea, rep.",1971,
kuwait,1971,
latin america & caribbean (excluding high income),1971,
lao pdr,1971,
lebanon,1971,
liberia,1971,
libya,1971,
st. lucia,1971,
latin america & caribbean,1971,
least developed countries: un classification,1971,
low income,1971,
liechtenstein,1971,
sri lanka,1971,
lower middle income,1971,
low & middle income,1971,
lesotho,1971,
late-demographic dividend,1971,
lithuania,1971,
luxembourg,1971,
latvia,1971,
"macao sar, china",1971,
st. martin (french part),1971,
morocco,1971,
monaco,1971,
moldova,1971,
madagascar,1971,
maldives,1971,
"middle east, north africa, afghanistan & pakistan",1971,
mexico,1971,
marshall islands,1971,
middle income,1971,
north macedonia,1971,
mali,1971,
malta,1971,
myanmar,1971,
"middle east, north africa, afghanistan & pakistan (excluding high income)",1971,
montenegro,1971,
mongolia,1971,
northern mariana islands,1971,
mozambique,1971,
mauritania,1971,
mauritius,1971,
malawi,1971,
malaysia,1971,
north america,1971,
namibia,1971,
new caledonia,1971,
niger,1971,
nigeria,1971,
nicaragua,1971,
netherlands,1971,
norway,1971,
nepal,1971,
nauru,1971,
new zealand,1971,
oecd members,1971,
oman,1971,
other small states,1971,
pakistan,1971,
panama,1971,
peru,1971,
philippines,1971,
palau,1971,
papua new guinea,1971,
poland,1971,
pre-demographic dividend,1971,
puerto rico (us),1971,
"korea, dem. people's rep.",1971,
portugal,1971,
paraguay,1971,
west bank and gaza,1971,
pacific island small states,1971,
post-demographic dividend,1971,
french polynesia,1971,
qatar,1971,
romania,1971,
russian federation,1971,
rwanda,1971,
south asia,1971,
saudi arabia,1971,
sudan,1971,
senegal,1971,
singapore,1971,
solomon islands,1971,
sierra leone,1971,
el salvador,1971,
san marino,1971,
"somalia, fed. rep.",1971,
serbia,1971,
sub-saharan africa (excluding high income),1971,
south sudan,1971,
sub-saharan africa,1971,
small states,1971,
sao tome and principe,1971,
suriname,1971,
slovak republic,1971,
slovenia,1971,
sweden,1971,
eswatini,1971,
sint maarten (dutch part),1971,
seychelles,1971,
syrian arab republic,1971,
turks and caicos islands,1971,
chad,1971,
east asia & pacific (ida & ibrd countries),1971,
europe & central asia (ida & ibrd countries),1971,
togo,1971,
thailand,1971,
tajikistan,1971,
turkmenistan,1971,
latin america & the caribbean (ida & ibrd countries),1971,
timor-leste,1971,
"middle east, north africa, afghanistan & pakistan (ida & ibrd)",1971,
tonga,1971,
south asia (ida & ibrd),1971,
sub-saharan africa (ida & ibrd countries),1971,
trinidad and tobago,1971,
tunisia,1971,
turkiye,1971,
tuvalu,1971,
tanzania,1971,
uganda,1971,
ukraine,1971,
upper middle income,1971,
uruguay,1971,
united states,1971,
uzbekistan,1971,
st. vincent and the grenadines,1971,
"venezuela, rb",1971,
british virgin islands,1971,
virgin islands (u.s.),1971,
viet nam,1971,
vanuatu,1971,
world,1971,
samoa,1971,
kosovo,1971,
"yemen, rep.",1971,
south africa,1971,
zambia,1971,
zimbabwe,1971,
aruba,1972,
africa eastern and southern,1972,
afghanistan,1972,
africa western and central,1972,
angola,1972,
albania,1972,
andorra,1972,
arab world,1972,
united arab emirates,1972,
argentina,1972,
armenia,1972,
american samoa,1972,
antigua and barbuda,1972,
australia,1972,
austria,1972,
azerbaijan,1972,
burundi,1972,
belgium,1972,
benin,1972,
burkina faso,1972,
bangladesh,1972,
bulgaria,1972,
bahrain,1972,
"bahamas, the",1972,
bosnia and herzegovina,1972,
belarus,1972,
belize,1972,
bermuda,1972,
bolivia,1972,
brazil,1972,
barbados,1972,
brunei darussalam,1972,
bhutan,1972,
botswana,1972,
central african republic,1972,
canada,1972,
central europe and the baltics,1972,
switzerland,1972,
channel islands,1972,
chile,1972,
china,1972,
cote d'ivoire,1972,
cameroon,1972,
"congo, dem. rep.",1972,
"congo, rep.",1972,
colombia,1972,
comoros,1972,
cabo verde,1972,
costa rica,1972,
caribbean small states,1972,
cuba,1972,
curacao,1972,
cayman islands,1972,
cyprus,1972,
czechia,1972,
germany,1972,
djibouti,1972,
dominica,1972,
denmark,1972,
dominican republic,1972,
algeria,1972,
east asia & pacific (excluding high income),1972,
early-demographic dividend,1972,
east asia & pacific,1972,
europe & central asia (excluding high income),1972,
europe & central asia,1972,
ecuador,1972,
"egypt, arab rep.",1972,
euro area,1972,
eritrea,1972,
spain,1972,
estonia,1972,
ethiopia,1972,
european union,1972,
fragile and conflict affected situations,1972,
finland,1972,
fiji,1972,
france,1972,
faroe islands,1972,
"micronesia, fed. sts.",1972,
gabon,1972,
united kingdom,1972,
georgia,1972,
ghana,1972,
gibraltar,1972,
guinea,1972,
"gambia, the",1972,
guinea-bissau,1972,
equatorial guinea,1972,
greece,1972,
grenada,1972,
greenland,1972,
guatemala,1972,
guam,1972,
guyana,1972,
high income,1972,
"hong kong sar, china",1972,
honduras,1972,
heavily indebted poor countries (hipc),1972,
croatia,1972,
haiti,1972,
hungary,1972,
ibrd only,1972,
ida & ibrd total,1972,
ida total,1972,
ida blend,1972,
indonesia,1972,
ida only,1972,
isle of man,1972,
india,1972,
not classified,1972,
ireland,1972,
"iran, islamic rep.",1972,
iraq,1972,
iceland,1972,
israel,1972,
italy,1972,
jamaica,1972,
jordan,1972,
japan,1972,
kazakhstan,1972,
kenya,1972,
kyrgyz republic,1972,
cambodia,1972,
kiribati,1972,
st. kitts and nevis,1972,
"korea, rep.",1972,
kuwait,1972,
latin america & caribbean (excluding high income),1972,
lao pdr,1972,
lebanon,1972,
liberia,1972,
libya,1972,
st. lucia,1972,
latin america & caribbean,1972,
least developed countries: un classification,1972,
low income,1972,
liechtenstein,1972,
sri lanka,1972,
lower middle income,1972,
low & middle income,1972,
lesotho,1972,
late-demographic dividend,1972,
lithuania,1972,
luxembourg,1972,
latvia,1972,
"macao sar, china",1972,
st. martin (french part),1972,
morocco,1972,
monaco,1972,
moldova,1972,
madagascar,1972,
maldives,1972,
"middle east, north africa, afghanistan & pakistan",1972,
mexico,1972,
marshall islands,1972,
middle income,1972,
north macedonia,1972,
mali,1972,
malta,1972,
myanmar,1972,
"middle east, north africa, afghanistan & pakistan (excluding high income)",1972,
montenegro,1972,
mongolia,1972,
northern mariana islands,1972,
mozambique,1972,
mauritania,1972,
mauritius,1972,
malawi,1972,
malaysia,1972,
north america,1972,
namibia,1972,
new caledonia,1972,
niger,1972,
nigeria,1972,
nicaragua,1972,
netherlands,1972,
norway,1972,
nepal,1972,
nauru,1972,
new zealand,1972,
oecd members,1972,
oman,1972,
other small states,1972,
pakistan,1972,
panama,1972,
peru,1972,
philippines,1972,
palau,1972,
papua new guinea,1972,
poland,1972,
pre-demographic dividend,1972,
puerto rico (us),1972,
"korea, dem. people's rep.",1972,
portugal,1972,
paraguay,1972,
west bank and gaza,1972,
pacific island small states,1972,
post-demographic dividend,1972,
french polynesia,1972,
qatar,1972,
romania,1972,
russian federation,1972,
rwanda,1972,
south asia,1972,
saudi arabia,1972,
sudan,1972,
senegal,1972,
singapore,1972,
solomon islands,1972,
sierra leone,1972,
el salvador,1972,
san marino,1972,
"somalia, fed. rep.",1972,
serbia,1972,
sub-saharan africa (excluding high income),1972,
south sudan,1972,
sub-saharan africa,1972,
small states,1972,
sao tome and principe,1972,
suriname,1972,
slovak republic,1972,
slovenia,1972,
sweden,1972,
eswatini,1972,
sint maarten (dutch part),1972,
seychelles,1972,
syrian arab republic,1972,
turks and caicos islands,1972,
chad,1972,
east asia & pacific (ida & ibrd countries),1972,
europe & central asia (ida & ibrd countries),1972,
togo,1972,
thailand,1972,
tajikistan,1972,
turkmenistan,1972,
latin america & the caribbean (ida & ibrd countries),1972,
timor-leste,1972,
"middle east, north africa, afghanistan & pakistan (ida & ibrd)",1972,
tonga,1972,
south asia (ida & ibrd),1972,
sub-saharan africa (ida & ibrd countries),1972,
trinidad and tobago,1972,
tunisia,1972,
turkiye,1972,
tuvalu,1972,
tanzania,1972,
uganda,1972,
ukraine,1972,
upper middle income,1972,
uruguay,1972,
united states,1972,
uzbekistan,1972,
st. vincent and the grenadines,1972,
"venezuela, rb",1972,
british virgin islands,1972,
virgin islands (u.s.),1972,
viet nam,1972,
vanuatu,1972,
world,1972,
samoa,1972,
kosovo,1972,
"yemen, rep.",1972,
south africa,1972,
zambia,1972,
zimbabwe,1972,
aruba,1973,
africa eastern and southern,1973,
afghanistan,1973,
africa western and central,1973,
angola,1973,
albania,1973,
andorra,1973,
arab world,1973,
united arab emirates,1973,
argentina,1973,
armenia,1973,
american samoa,1973,
antigua and barbuda,1973,
australia,1973,
austria,1973,
azerbaijan,1973,
burundi,1973,
belgium,1973,
benin,1973,
burkina faso,1973,
bangladesh,1973,
bulgaria,1973,
bahrain,1973,
"bahamas, the",1973,
bosnia and herzegovina,1973,
belarus,1973,
belize,1973,
bermuda,1973,
bolivia,1973,
brazil,1973,
barbados,1973,
brunei darussalam,1973,
bhutan,1973,
botswana,1973,
central african republic,1973,
canada,1973,
central europe and the baltics,1973,
switzerland,1973,
channel islands,1973,
chile,1973,
china,1973,
cote d'ivoire,1973,
cameroon,1973,
"congo, dem. rep.",1973,
"congo, rep.",1973,
colombia,1973,
comoros,1973,
cabo verde,1973,
costa rica,1973,
caribbean small states,1973,
cuba,1973,
curacao,1973,
cayman islands,1973,
cyprus,1973,
czechia,1973,
germany,1973,
djibouti,1973,
dominica,1973,
denmark,1973,
dominican republic,1973,
algeria,1973,
east asia & pacific (excluding high income),1973,
early-demographic dividend,1973,
east asia & pacific,1973,
europe & central asia (excluding high income),1973,
europe & central asia,1973,
ecuador,1973,
"egypt, arab rep.",1973,
euro area,1973,
eritrea,1973,
spain,1973,
estonia,1973,
ethiopia,1973,
european union,1973,
fragile and conflict affected situations,1973,
finland,1973,
fiji,1973,
france,1973,
faroe islands,1973,
"micronesia, fed. sts.",1973,
gabon,1973,
united kingdom,1973,
georgia,1973,
ghana,1973,
gibraltar,1973,
guinea,1973,
"gambia, the",1973,
guinea-bissau,1973,
equatorial guinea,1973,
greece,1973,
grenada,1973,
greenland,1973,
guatemala,1973,
guam,1973,
guyana,1973,
high income,1973,
"hong kong sar, china",1973,
honduras,1973,
heavily indebted poor countries (hipc),1973,
croatia,1973,
haiti,1973,
hungary,1973,
ibrd only,1973,
ida & ibrd total,1973,
ida total,1973,
ida blend,1973,
indonesia,1973,
ida only,1973,
isle of man,1973,
india,1973,
not classified,1973,
ireland,1973,
"iran, islamic rep.",1973,
iraq,1973,
iceland,1973,
israel,1973,
italy,1973,
jamaica,1973,
jordan,1973,
japan,1973,
kazakhstan,1973,
kenya,1973,
kyrgyz republic,1973,
cambodia,1973,
kiribati,1973,
st. kitts and nevis,1973,
"korea, rep.",1973,
kuwait,1973,
latin america & caribbean (excluding high income),1973,
lao pdr,1973,
lebanon,1973,
liberia,1973,
libya,1973,
st. lucia,1973,
latin america & caribbean,1973,
least developed countries: un classification,1973,
low income,1973,
liechtenstein,1973,
sri lanka,1973,
lower middle income,1973,
low & middle income,1973,
lesotho,1973,
late-demographic dividend,1973,
lithuania,1973,
luxembourg,1973,
latvia,1973,
"macao sar, china",1973,
st. martin (french part),1973,
morocco,1973,
monaco,1973,
moldova,1973,
madagascar,1973,
maldives,1973,
"middle east, north africa, afghanistan & pakistan",1973,
mexico,1973,
marshall islands,1973,
middle income,1973,
north macedonia,1973,
mali,1973,
malta,1973,
myanmar,1973,
"middle east, north africa, afghanistan & pakistan (excluding high income)",1973,
montenegro,1973,
mongolia,1973,
northern mariana islands,1973,
mozambique,1973,
mauritania,1973,
mauritius,1973,
malawi,1973,
malaysia,1973,
north america,1973,
namibia,1973,
new caledonia,1973,
niger,1973,
nigeria,1973,
nicaragua,1973,
netherlands,1973,
norway,1973,
nepal,1973,
nauru,1973,
new zealand,1973,
oecd members,1973,
oman,1973,
other small states,1973,
pakistan,1973,
panama,1973,
peru,1973,
philippines,1973,
palau,1973,
papua new guinea,1973,
poland,1973,
pre-demographic dividend,1973,
puerto rico (us),1973,
"korea, dem. people's rep.",1973,
portugal,1973,
paraguay,1973,
west bank and gaza,1973,
pacific island small states,1973,
post-demographic dividend,1973,
french polynesia,1973,
qatar,1973,
romania,1973,
russian federation,1973,
rwanda,1973,
south asia,1973,
saudi arabia,1973,
sudan,1973,
senegal,1973,
singapore,1973,
solomon islands,1973,
sierra leone,1973,
el salvador,1973,
san marino,1973,
"somalia, fed. rep.",1973,
serbia,1973,
sub-saharan africa (excluding high income),1973,
south sudan,1973,
sub-saharan africa,1973,
small states,1973,
sao tome and principe,1973,
suriname,1973,
slovak republic,1973,
slovenia,1973,
sweden,1973,
eswatini,1973,
sint maarten (dutch part),1973,
seychelles,1973,
syrian arab republic,1973,
turks and caicos islands,1973,
chad,1973,
east asia & pacific (ida & ibrd countries),1973,
europe & central asia (ida & ibrd countries),1973,
togo,1973,
thailand,1973,
tajikistan,1973,
turkmenistan,1973,
latin america & the caribbean (ida & ibrd countries),1973,
timor-leste,1973,
"middle east, north africa, afghanistan & pakistan (ida & ibrd)",1973,
tonga,1973,
south asia (ida & ibrd),1973,
sub-saharan africa (ida & ibrd countries),1973,
trinidad and tobago,1973,
tunisia,1973,
turkiye,1973,
tuvalu,1973,
tanzania,1973,
uganda,1973,
ukraine,1973,
upper middle income,1973,
uruguay,1973,
united states,1973,
uzbekistan,1973,
st. vincent and the grenadines,1973,
"venezuela, rb",1973,
british virgin islands,1973,
virgin islands (u.s.),1973,
viet nam,1973,
vanuatu,1973,
world,1973,
samoa,1973,
kosovo,1973,
"yemen, rep.",1973,
south africa,1973,
zambia,1973,
zimbabwe,1973,
aruba,1974,
africa eastern and southern,1974,
afghanistan,1974,
africa western and central,1974,
angola,1974,
albania,1974,
andorra,1974,
arab world,1974,
united arab emirates,1974,
argentina,1974,
armenia,1974,
american samoa,1974,
antigua and barbuda,1974,
australia,1974,
austria,1974,
azerbaijan,1974,
burundi,1974,
belgium,1974,
benin,1974,
burkina faso,1974,
bangladesh,1974,
bulgaria,1974,
bahrain,1974,
"bahamas, the",1974,
bosnia and herzegovina,1974,
belarus,1974,
belize,1974,
bermuda,1974,
bolivia,1974,
brazil,1974,
barbados,1974,
brunei darussalam,1974,
bhutan,1974,
botswana,1974,
central african republic,1974,
canada,1974,
central europe and the baltics,1974,
switzerland,1974,
channel islands,1974,
chile,1974,
china,1974,
cote d'ivoire,1974,
cameroon,1974,
"congo, dem. rep.",1974,
"congo, rep.",1974,
colombia,1974,
comoros,1974,
cabo verde,1974,
costa rica,1974,
caribbean small states,1974,
cuba,1974,
curacao,1974,
cayman islands,1974,
cyprus,1974,
czechia,1974,
germany,1974,
djibouti,1974,
dominica,1974,
denmark,1974,
dominican republic,1974,
algeria,1974,
east asia & pacific (excluding high income),1974,
early-demographic dividend,1974,
east asia & pacific,1974,
europe & central asia (excluding high income),1974,
europe & central asia,1974,
ecuador,1974,
"egypt, arab rep.",1974,
euro area,1974,
eritrea,1974,
spain,1974,
estonia,1974,
ethiopia,1974,
european union,1974,
fragile and conflict affected situations,1974,
finland,1974,
fiji,1974,
france,1974,
faroe islands,1974,
"micronesia, fed. sts.",1974,
gabon,1974,
united kingdom,1974,
georgia,1974,
ghana,1974,
gibraltar,1974,
guinea,1974,
"gambia, the",1974,
guinea-bissau,1974,
equatorial guinea,1974,
greece,1974,
grenada,1974,
greenland,1974,
guatemala,1974,
guam,1974,
guyana,1974,
high income,1974,
"hong kong sar, china",1974,
honduras,1974,
heavily indebted poor countries (hipc),1974,
croatia,1974,
haiti,1974,
hungary,1974,
ibrd only,1974,
ida & ibrd total,1974,
ida total,1974,
ida blend,1974,
indonesia,1974,
ida only,1974,
isle of man,1974,
india,1974,
not classified,1974,
ireland,1974,
"iran, islamic rep.",1974,
iraq,1974,
iceland,1974,
israel,1974,
italy,1974,
jamaica,1974,
jordan,1974,
japan,1974,
kazakhstan,1974,
kenya,1974,
kyrgyz republic,1974,
cambodia,1974,
kiribati,1974,
st. kitts and nevis,1974,
"korea, rep.",1974,
kuwait,1974,
latin america & caribbean (excluding high income),1974,
lao pdr,1974,
lebanon,1974,
liberia,1974,
libya,1974,
st. lucia,1974,
latin america & caribbean,1974,
least developed countries: un classification,1974,
low income,1974,
liechtenstein,1974,
sri lanka,1974,
lower middle income,1974,
low & middle income,1974,
lesotho,1974,
late-demographic dividend,1974,
lithuania,1974,
luxembourg,1974,
latvia,1974,
"macao sar, china",1974,
st. martin (french part),1974,
morocco,1974,
monaco,1974,
moldova,1974,
madagascar,1974,
maldives,1974,
"middle east, north africa, afghanistan & pakistan",1974,
mexico,1974,
marshall islands,1974,
middle income,1974,
north macedonia,1974,
mali,1974,
malta,1974,
myanmar,1974,
"middle east, north africa, afghanistan & pakistan (excluding high income)",1974,
montenegro,1974,
mongolia,1974,
northern mariana islands,1974,
mozambique,1974,
mauritania,1974,
mauritius,1974,
malawi,1974,
malaysia,1974,
north america,1974,
namibia,1974,
new caledonia,1974,
niger,1974,
nigeria,1974,
nicaragua,1974,
netherlands,1974,
norway,1974,
nepal,1974,
nauru,1974,
new zealand,1974,
oecd members,1974,
oman,1974,
other small states,1974,
pakistan,1974,
panama,1974,
peru,1974,
philippines,1974,
palau,1974,
papua new guinea,1974,
poland,1974,
pre-demographic dividend,1974,
puerto rico (us),1974,
"korea, dem. people's rep.",1974,
portugal,1974,
paraguay,1974,
west bank and gaza,1974,
pacific island small states,1974,
post-demographic dividend,1974,
french polynesia,1974,
qatar,1974,
romania,1974,
russian federation,1974,
rwanda,1974,
south asia,1974,
saudi arabia,1974,
sudan,1974,
senegal,1974,
singapore,1974,
solomon islands,1974,
sierra leone,1974,
el salvador,1974,
san marino,1974,
"somalia, fed. rep.",1974,
serbia,1974,
sub-saharan africa (excluding high income),1974,
south sudan,1974,
sub-saharan africa,1974,
small states,1974,
sao tome and principe,1974,
suriname,1974,
slovak republic,1974,
slovenia,1974,
sweden,1974,
eswatini,1974,
sint maarten (dutch part),1974,
seychelles,1974,
syrian arab republic,1974,
turks and caicos islands,1974,
chad,1974,
east asia & pacific (ida & ibrd countries),1974,
europe & central asia (ida & ibrd countries),1974,
togo,1974,
thailand,1974,
tajikistan,1974,
turkmenistan,1974,
latin america & the caribbean (ida & ibrd countries),1974,
timor-leste,1974,
"middle east, north africa, afghanistan & pakistan (ida & ibrd)",1974,
tonga,1974,
south asia (ida & ibrd),1974,
sub-saharan africa (ida & ibrd countries),1974,
trinidad and tobago,1974,
tunisia,1974,
turkiye,1974,
tuvalu,1974,
tanzania,1974,
uganda,1974,
ukraine,1974,
upper middle income,1974,
uruguay,1974,
united states,1974,
uzbekistan,1974,
st. vincent and the grenadines,1974,
"venezuela, rb",1974,
british virgin islands,1974,
virgin islands (u.s.),1974,
viet nam,1974,
vanuatu,1974,
world,1974,
samoa,1974,
kosovo,1974,
"yemen, rep.",1974,
south africa,1974,
zambia,1974,
zimbabwe,1974,
aruba,1975,
africa eastern and southern,1975,
afghanistan,1975,
africa western and central,1975,
angola,1975,
albania,1975,
andorra,1975,
arab world,1975,
united arab emirates,1975,
argentina,1975,
armenia,1975,
american samoa,1975,
antigua and barbuda,1975,
australia,1975,
austria,1975,
azerbaijan,1975,
burundi,1975,
belgium,1975,
benin,1975,
burkina faso,1975,
bangladesh,1975,
bulgaria,1975,
bahrain,1975,
"bahamas, the",1975,
bosnia and herzegovina,1975,
belarus,1975,
belize,1975,
bermuda,1975,
bolivia,1975,
brazil,1975,
barbados,1975,
brunei darussalam,1975,
bhutan,1975,
botswana,1975,
central african republic,1975,
canada,1975,
central europe and the baltics,1975,
switzerland,1975,
channel islands,1975,
chile,1975,
china,1975,
cote d'ivoire,1975,
cameroon,1975,
"congo, dem. rep.",1975,
"congo, rep.",1975,
colombia,1975,
comoros,1975,
cabo verde,1975,
costa rica,1975,
caribbean small states,1975,
cuba,1975,
curacao,1975,
cayman islands,1975,
cyprus,1975,
czechia,1975,
germany,1975,
djibouti,1975,
dominica,1975,
denmark,1975,
dominican republic,1975,
algeria,1975,
east asia & pacific (excluding high income),1975,
early-demographic dividend,1975,
east asia & pacific,1975,
europe & central asia (excluding high income),1975,
europe & central asia,1975,
ecuador,1975,
"egypt, arab rep.",1975,
euro area,1975,
eritrea,1975,
spain,1975,
estonia,1975,
ethiopia,1975,
european union,1975,
fragile and conflict affected situations,1975,
finland,1975,
fiji,1975,
france,1975,
faroe islands,1975,
"micronesia, fed. sts.",1975,
gabon,1975,
united kingdom,1975,
georgia,1975,
ghana,1975,
gibraltar,1975,
guinea,1975,
"gambia, the",1975,
guinea-bissau,1975,
equatorial guinea,1975,
greece,1975,
grenada,1975,
greenland,1975,
guatemala,1975,
guam,1975,
guyana,1975,
high income,1975,
"hong kong sar, china",1975,
honduras,1975,
heavily indebted poor countries (hipc),1975,
croatia,1975,
haiti,1975,
hungary,1975,
ibrd only,1975,
ida & ibrd total,1975,
ida total,1975,
ida blend,1975,
indonesia,1975,
ida only,1975,
isle of man,1975,
india,1975,
not classified,1975,
ireland,1975,
"iran, islamic rep.",1975,
iraq,1975,
iceland,1975,
israel,1975,
italy,1975,
jamaica,1975,
jordan,1975,
japan,1975,
kazakhstan,1975,
kenya,1975,
kyrgyz republic,1975,
cambodia,1975,
kiribati,1975,
st. kitts and nevis,1975,
"korea, rep.",1975,
kuwait,1975,
latin america & caribbean (excluding high income),1975,
lao pdr,1975,
lebanon,1975,
liberia,1975,
libya,1975,
st. lucia,1975,
latin america & caribbean,1975,
least developed countries: un classification,1975,
low income,1975,
liechtenstein,1975,
sri lanka,1975,
lower middle income,1975,
low & middle income,1975,
lesotho,1975,
late-demographic dividend,1975,
lithuania,1975,
luxembourg,1975,
latvia,1975,
"macao sar, china",1975,
st. martin (french part),1975,
morocco,1975,
monaco,1975,
moldova,1975,
madagascar,1975,
maldives,1975,
"middle east, north africa, afghanistan & pakistan",1975,
mexico,1975,
marshall islands,1975,
middle income,1975,
north macedonia,1975,
mali,1975,
malta,1975,
myanmar,1975,
"middle east, north africa, afghanistan & pakistan (excluding high income)",1975,
montenegro,1975,
mongolia,1975,
northern mariana islands,1975,
mozambique,1975,
mauritania,1975,
mauritius,1975,
malawi,1975,
malaysia,1975,
north america,1975,
namibia,1975,
new caledonia,1975,
niger,1975,
nigeria,1975,
nicaragua,1975,
netherlands,1975,
norway,1975,
nepal,1975,
nauru,1975,
new zealand,1975,
oecd members,1975,
oman,1975,
other small states,1975,
pakistan,1975,
panama,1975,
peru,1975,
philippines,1975,
palau,1975,
papua new guinea,1975,
poland,1975,
pre-demographic dividend,1975,
puerto rico (us),1975,
"korea, dem. people's rep.",1975,
portugal,1975,
paraguay,1975,
west bank and gaza,1975,
pacific island small states,1975,
post-demographic dividend,1975,
french polynesia,1975,
qatar,1975,
romania,1975,
russian federation,1975,
rwanda,1975,
south asia,1975,
saudi arabia,1975,
sudan,1975,
senegal,1975,
singapore,1975,
solomon islands,1975,
sierra leone,1975,
el salvador,1975,
san marino,1975,
"somalia, fed. rep.",1975,
serbia,1975,
sub-saharan africa (excluding high income),1975,
south sudan,1975,
sub-saharan africa,1975,
small states,1975,
sao tome and principe,1975,
suriname,1975,
slovak republic,1975,
slovenia,1975,
sweden,1975,
eswatini,1975,
sint maarten (dutch part),1975,
seychelles,1975,
syrian arab republic,1975,
turks and caicos islands,1975,
chad,1975,
east asia & pacific (ida & ibrd countries),1975,
europe & central asia (ida & ibrd countries),1975,
togo,1975,
thailand,1975,
tajikistan,1975,
turkmenistan,1975,
latin america & the caribbean (ida & ibrd countries),1975,
timor-leste,1975,
"middle east, north africa, afghanistan & pakistan (ida & ibrd)",1975,
tonga,1975,
south asia (ida & ibrd),1975,
sub-saharan africa (ida & ibrd countries),1975,
trinidad and tobago,1975,
tunisia,1975,
turkiye,1975,
tuvalu,1975,
tanzania,1975,
uganda,1975,
ukraine,1975,
upper middle income,1975,
uruguay,1975,
united states,1975,
uzbekistan,1975,
st. vincent and the grenadines,1975,
"venezuela, rb",1975,
british virgin islands,1975,
virgin islands (u.s.),1975,
viet nam,1975,
vanuatu,1975,
world,1975,
samoa,1975,
kosovo,1975,
"yemen, rep.",1975,
south africa,1975,
zambia,1975,
zimbabwe,1975,
aruba,1976,
africa eastern and southern,1976,
afghanistan,1976,
africa western and central,1976,
angola,1976,
albania,1976,
andorra,1976,
arab world,1976,
united arab emirates,1976,
argentina,1976,
armenia,1976,
american samoa,1976,
antigua and barbuda,1976,
australia,1976,
austria,1976,
azerbaijan,1976,
burundi,1976,
belgium,1976,
benin,1976,
burkina faso,1976,
bangladesh,1976,
bulgaria,1976,
bahrain,1976,
"bahamas, the",1976,
bosnia and herzegovina,1976,
belarus,1976,
belize,1976,
bermuda,1976,
bolivia,1976,
brazil,1976,
barbados,1976,
brunei darussalam,1976,
bhutan,1976,
botswana,1976,
central african republic,1976,
canada,1976,
central europe and the baltics,1976,
switzerland,1976,
channel islands,1976,
chile,1976,
china,1976,
cote d'ivoire,1976,
cameroon,1976,
"congo, dem. rep.",1976,
"congo, rep.",1976,
colombia,1976,
comoros,1976,
cabo verde,1976,
costa rica,1976,
caribbean small states,1976,
cuba,1976,
curacao,1976,
cayman islands,1976,
cyprus,1976,
czechia,1976,
germany,1976,
djibouti,1976,
dominica,1976,
denmark,1976,
dominican republic,1976,
algeria,1976,
east asia & pacific (excluding high income),1976,
early-demographic dividend,1976,
east asia & pacific,1976,
europe & central asia (excluding high income),1976,
europe & central asia,1976,
ecuador,1976,
"egypt, arab rep.",1976,
euro area,1976,
eritrea,1976,
spain,1976,
estonia,1976,
ethiopia,1976,
european union,1976,
fragile and conflict affected situations,1976,
finland,1976,
fiji,1976,
france,1976,
faroe islands,1976,
"micronesia, fed. sts.",1976,
gabon,1976,
united kingdom,1976,
georgia,1976,
ghana,1976,
gibraltar,1976,
guinea,1976,
"gambia, the",1976,
guinea-bissau,1976,
equatorial guinea,1976,
greece,1976,
grenada,1976,
greenland,1976,
guatemala,1976,
guam,1976,
guyana,1976,
high income,1976,
"hong kong sar, china",1976,
honduras,1976,
heavily indebted poor countries (hipc),1976,
croatia,1976,
haiti,1976,
hungary,1976,
ibrd only,1976,
ida & ibrd total,1976,
ida total,1976,
ida blend,1976,
indonesia,1976,
ida only,1976,
isle of man,1976,
india,1976,
not classified,1976,
ireland,1976,
"iran, islamic rep.",1976,
iraq,1976,
iceland,1976,
israel,1976,
italy,1976,
jamaica,1976,
jordan,1976,
japan,1976,
kazakhstan,1976,
kenya,1976,
kyrgyz republic,1976,
cambodia,1976,
kiribati,1976,
st. kitts and nevis,1976,
"korea, rep.",1976,
kuwait,1976,
latin america & caribbean (excluding high income),1976,
lao pdr,1976,
lebanon,1976,
liberia,1976,
libya,1976,
st. lucia,1976,
latin america & caribbean,1976,
least developed countries: un classification,1976,
low income,1976,
liechtenstein,1976,
sri lanka,1976,
lower middle income,1976,
low & middle income,1976,
lesotho,1976,
late-demographic dividend,1976,
lithuania,1976,
luxembourg,1976,
latvia,1976,
"macao sar, china",1976,
st. martin (french part),1976,
morocco,1976,
monaco,1976,
moldova,1976,
madagascar,1976,
maldives,1976,
"middle east, north africa, afghanistan & pakistan",1976,
mexico,1976,
marshall islands,1976,
middle income,1976,
north macedonia,1976,
mali,1976,
malta,1976,
myanmar,1976,
"middle east, north africa, afghanistan & pakistan (excluding high income)",1976,
montenegro,1976,
mongolia,1976,
northern mariana islands,1976,
mozambique,1976,
mauritania,1976,
mauritius,1976,
malawi,1976,
malaysia,1976,
north america,1976,
namibia,1976,
new caledonia,1976,
niger,1976,
nigeria,1976,
nicaragua,1976,
netherlands,1976,
norway,1976,
nepal,1976,
nauru,1976,
new zealand,1976,
oecd members,1976,
oman,1976,
other small states,1976,
pakistan,1976,
panama,1976,
peru,1976,
philippines,1976,
palau,1976,
papua new guinea,1976,
poland,1976,
pre-demographic dividend,1976,
puerto rico (us),1976,
"korea, dem. people's rep.",1976,
portugal,1976,
paraguay,1976,
west bank and gaza,1976,
pacific island small states,1976,
post-demographic dividend,1976,
french polynesia,1976,
qatar,1976,
romania,1976,
russian federation,1976,
rwanda,1976,
south asia,1976,
saudi arabia,1976,
sudan,1976,
senegal,1976,
singapore,1976,
solomon islands,1976,
sierra leone,1976,
el salvador,1976,
san marino,1976,
"somalia, fed. rep.",1976,
serbia,1976,
sub-saharan africa (excluding high income),1976,
south sudan,1976,
sub-saharan africa,1976,
small states,1976,
sao tome and principe,1976,
suriname,1976,
slovak republic,1976,
slovenia,1976,
sweden,1976,
eswatini,1976,
sint maarten (dutch part),1976,
seychelles,1976,
syrian arab republic,1976,
turks and caicos islands,1976,
chad,1976,
east asia & pacific (ida & ibrd countries),1976,
europe & central asia (ida & ibrd countries),1976,
togo,1976,
thailand,1976,
tajikistan,1976,
turkmenistan,1976,
latin america & the caribbean (ida & ibrd countries),1976,
timor-leste,1976,
"middle east, north africa, afghanistan & pakistan (ida & ibrd)",1976,
tonga,1976,
south asia (ida & ibrd),1976,
sub-saharan africa (ida & ibrd countries),1976,
trinidad and tobago,1976,
tunisia,1976,
turkiye,1976,
tuvalu,1976,
tanzania,1976,
uganda,1976,
ukraine,1976,
upper middle income,1976,
uruguay,1976,
united states,1976,
uzbekistan,1976,
st. vincent and the grenadines,1976,
"venezuela, rb",1976,
british virgin islands,1976,
virgin islands (u.s.),1976,
viet nam,1976,
vanuatu,1976,
world,1976,
samoa,1976,
kosovo,1976,
"yemen, rep.",1976,
south africa,1976,
zambia,1976,
zimbabwe,1976,
aruba,1977,
africa eastern and southern,1977,
afghanistan,1977,
africa western and central,1977,
angola,1977,
albania,1977,
andorra,1977,
arab world,1977,
united arab emirates,1977,
argentina,1977,
armenia,1977,
american samoa,1977,
antigua and barbuda,1977,
australia,1977,
austria,1977,
azerbaijan,1977,
burundi,1977,
belgium,1977,
benin,1977,
burkina faso,1977,
bangladesh,1977,
bulgaria,1977,
bahrain,1977,
"bahamas, the",1977,
bosnia and herzegovina,1977,
belarus,1977,
belize,1977,
bermuda,1977,
bolivia,1977,
brazil,1977,
barbados,1977,
brunei darussalam,1977,
bhutan,1977,
botswana,1977,
central african republic,1977,
canada,1977,
central europe and the baltics,1977,
switzerland,1977,
channel islands,1977,
chile,1977,
china,1977,
cote d'ivoire,1977,
cameroon,1977,
"congo, dem. rep.",1977,
"congo, rep.",1977,
colombia,1977,
comoros,1977,
cabo verde,1977,
costa rica,1977,
caribbean small states,1977,
cuba,1977,
curacao,1977,
cayman islands,1977,
cyprus,1977,
czechia,1977,
germany,1977,
djibouti,1977,
dominica,1977,
denmark,1977,
dominican republic,1977,
algeria,1977,
east asia & pacific (excluding high income),1977,
early-demographic dividend,1977,
east asia & pacific,1977,
europe & central asia (excluding high income),1977,
europe & central asia,1977,
ecuador,1977,
"egypt, arab rep.",1977,
euro area,1977,
eritrea,1977,
spain,1977,
estonia,1977,
ethiopia,1977,
european union,1977,
fragile and conflict affected situations,1977,
finland,1977,
fiji,1977,
france,1977,
faroe islands,1977,
"micronesia, fed. sts.",1977,
gabon,1977,
united kingdom,1977,
georgia,1977,
ghana,1977,
gibraltar,1977,
guinea,1977,
"gambia, the",1977,
guinea-bissau,1977,
equatorial guinea,1977,
greece,1977,
grenada,1977,
greenland,1977,
guatemala,1977,
guam,1977,
guyana,1977,
high income,1977,
"hong kong sar, china",1977,
honduras,1977,
heavily indebted poor countries (hipc),1977,
croatia,1977,
haiti,1977,
hungary,1977,
ibrd only,1977,
ida & ibrd total,1977,
ida total,1977,
ida blend,1977,
indonesia,1977,
ida only,1977,
isle of man,1977,
india,1977,
not classified,1977,
ireland,1977,
"iran, islamic rep.",1977,
iraq,1977,
iceland,1977,
israel,1977,
italy,1977,
jamaica,1977,
jordan,1977,
japan,1977,
kazakhstan,1977,
kenya,1977,
kyrgyz republic,1977,
cambodia,1977,
kiribati,1977,
st. kitts and nevis,1977,
"korea, rep.",1977,
kuwait,1977,
latin america & caribbean (excluding high income),1977,
lao pdr,1977,
lebanon,1977,
liberia,1977,
libya,1977,
st. lucia,1977,
latin america & caribbean,1977,
least developed countries: un classification,1977,
low income,1977,
liechtenstein,1977,
sri lanka,1977,
lower middle income,1977,
low & middle income,1977,
lesotho,1977,
late-demographic dividend,1977,
lithuania,1977,
luxembourg,1977,
latvia,1977,
"macao sar, china",1977,
st. martin (french part),1977,
morocco,1977,
monaco,1977,
moldova,1977,
madagascar,1977,
maldives,1977,
"middle east, north africa, afghanistan & pakistan",1977,
mexico,1977,
marshall islands,1977,
middle income,1977,
north macedonia,1977,
mali,1977,
malta,1977,
myanmar,1977,
"middle east, north africa, afghanistan & pakistan (excluding high income)",1977,
montenegro,1977,
mongolia,1977,
northern mariana islands,1977,
mozambique,1977,
mauritania,1977,
mauritius,1977,
malawi,1977,
malaysia,1977,
north america,1977,
namibia,1977,
new caledonia,1977,
niger,1977,
nigeria,1977,
nicaragua,1977,
netherlands,1977,
norway,1977,
nepal,1977,
nauru,1977,
new zealand,1977,
oecd members,1977,
oman,1977,
other small states,1977,
pakistan,1977,
panama,1977,
peru,1977,
philippines,1977,
palau,1977,
papua new guinea,1977,
poland,1977,
pre-demographic dividend,1977,
puerto rico (us),1977,
"korea, dem. people's rep.",1977,
portugal,1977,
paraguay,1977,
west bank and gaza,1977,
pacific island small states,1977,
post-demographic dividend,1977,
french polynesia,1977,
qatar,1977,
romania,1977,
russian federation,1977,
rwanda,1977,
south asia,1977,
saudi arabia,1977,
sudan,1977,
senegal,1977,
singapore,1977,
solomon islands,1977,
sierra leone,1977,
el salvador,1977,
san marino,1977,
"somalia, fed. rep.",1977,
serbia,1977,
sub-saharan africa (excluding high income),1977,
south sudan,1977,
sub-saharan africa,1977,
small states,1977,
sao tome and principe,1977,
suriname,1977,
slovak republic,1977,
slovenia,1977,
sweden,1977,
eswatini,1977,
sint maarten (dutch part),1977,
seychelles,1977,
syrian arab republic,1977,
turks and caicos islands,1977,
chad,1977,
east asia & pacific (ida & ibrd countries),1977,
europe & central asia (ida & ibrd countries),1977,
togo,1977,
thailand,1977,
tajikistan,1977,
turkmenistan,1977,
latin america & the caribbean (ida & ibrd countries),1977,
timor-leste,1977,
"middle east, north africa, afghanistan & pakistan (ida & ibrd)",1977,
tonga,1977,
south asia (ida & ibrd),1977,
sub-saharan africa (ida & ibrd countries),1977,
trinidad and tobago,1977,
tunisia,1977,
turkiye,1977,
tuvalu,1977,
tanzania,1977,
uganda,1977,
ukraine,1977,
upper middle income,1977,
uruguay,1977,
united states,1977,
uzbekistan,1977,
st. vincent and the grenadines,1977,
"venezuela, rb",1977,
british virgin islands,1977,
virgin islands (u.s.),1977,
viet nam,1977,
vanuatu,1977,
world,1977,
samoa,1977,
kosovo,1977,
"yemen, rep.",1977,
south africa,1977,
zambia,1977,
zimbabwe,1977,
aruba,1978,
africa eastern and southern,1978,
afghanistan,1978,
africa western and central,1978,
angola,1978,
albania,1978,
andorra,1978,
arab world,1978,
united arab emirates,1978,
argentina,1978,
armenia,1978,
american samoa,1978,
antigua and barbuda,1978,
australia,1978,
austria,1978,
azerbaijan,1978,
burundi,1978,
belgium,1978,
benin,1978,
burkina faso,1978,
bangladesh,1978,
bulgaria,1978,
bahrain,1978,
"bahamas, the",1978,
bosnia and herzegovina,1978,
belarus,1978,
belize,1978,
bermuda,1978,
bolivia,1978,
brazil,1978,
barbados,1978,
brunei darussalam,1978,
bhutan,1978,
botswana,1978,
central african republic,1978,
canada,1978,
central europe and the baltics,1978,
switzerland,1978,
channel islands,1978,
chile,1978,
china,1978,
cote d'ivoire,1978,
cameroon,1978,
"congo, dem. rep.",1978,
"congo, rep.",1978,
colombia,1978,
comoros,1978,
cabo verde,1978,
costa rica,1978,
caribbean small states,1978,
cuba,1978,
curacao,1978,
cayman islands,1978,
cyprus,1978,
czechia,1978,
germany,1978,
djibouti,1978,
dominica,1978,
denmark,1978,
dominican republic,1978,
algeria,1978,
east asia & pacific (excluding high income),1978,
early-demographic dividend,1978,
east asia & pacific,1978,
europe & central asia (excluding high income),1978,
europe & central asia,1978,
ecuador,1978,
"egypt, arab rep.",1978,
euro area,1978,
eritrea,1978,
spain,1978,
estonia,1978,
ethiopia,1978,
european union,1978,
fragile and conflict affected situations,1978,
finland,1978,
fiji,1978,
france,1978,
faroe islands,1978,
"micronesia, fed. sts.",1978,
gabon,1978,
united kingdom,1978,
georgia,1978,
ghana,1978,
gibraltar,1978,
guinea,1978,
"gambia, the",1978,
guinea-bissau,1978,
equatorial guinea,1978,
greece,1978,
grenada,1978,
greenland,1978,
guatemala,1978,
guam,1978,
guyana,1978,
high income,1978,
"hong kong sar, china",1978,
honduras,1978,
heavily indebted poor countries (hipc),1978,
croatia,1978,
haiti,1978,
hungary,1978,
ibrd only,1978,
ida & ibrd total,1978,
ida total,1978,
ida blend,1978,
indonesia,1978,
ida only,1978,
isle of man,1978,
india,1978,
not classified,1978,
ireland,1978,
"iran, islamic rep.",1978,
iraq,1978,
iceland,1978,
israel,1978,
italy,1978,
jamaica,1978,
jordan,1978,
japan,1978,
kazakhstan,1978,
kenya,1978,
kyrgyz republic,1978,
cambodia,1978,
kiribati,1978,
st. kitts and nevis,1978,
"korea, rep.",1978,
kuwait,1978,
latin america & caribbean (excluding high income),1978,
lao pdr,1978,
lebanon,1978,
liberia,1978,
libya,1978,
st. lucia,1978,
latin america & caribbean,1978,
least developed countries: un classification,1978,
low income,1978,
liechtenstein,1978,
sri lanka,1978,
lower middle income,1978,
low & middle income,1978,
lesotho,1978,
late-demographic dividend,1978,
lithuania,1978,
luxembourg,1978,
latvia,1978,
"macao sar, china",1978,
st. martin (french part),1978,
morocco,1978,
monaco,1978,
moldova,1978,
madagascar,1978,
maldives,1978,
"middle east, north africa, afghanistan & pakistan",1978,
mexico,1978,
marshall islands,1978,
middle income,1978,
north macedonia,1978,
mali,1978,
malta,1978,
myanmar,1978,
"middle east, north africa, afghanistan & pakistan (excluding high income)",1978,
montenegro,1978,
mongolia,1978,
northern mariana islands,1978,
mozambique,1978,
mauritania,1978,
mauritius,1978,
malawi,1978,
malaysia,1978,
north america,1978,
namibia,1978,
new caledonia,1978,
niger,1978,
nigeria,1978,
nicaragua,1978,
netherlands,1978,
norway,1978,
nepal,1978,
nauru,1978,
new zealand,1978,
oecd members,1978,
oman,1978,
other small states,1978,
pakistan,1978,
panama,1978,
peru,1978,
philippines,1978,
palau,1978,
papua new guinea,1978,
poland,1978,
pre-demographic dividend,1978,
puerto rico (us),1978,
"korea, dem. people's rep.",1978,
portugal,1978,
paraguay,1978,
west bank and gaza,1978,
pacific island small states,1978,
post-demographic dividend,1978,
french polynesia,1978,
qatar,1978,
romania,1978,
russian federation,1978,
rwanda,1978,
south asia,1978,
saudi arabia,1978,
sudan,1978,
senegal,1978,
singapore,1978,
solomon islands,1978,
sierra leone,1978,
el salvador,1978,
san marino,1978,
"somalia, fed. rep.",1978,
serbia,1978,
sub-saharan africa (excluding high income),1978,
south sudan,1978,
sub-saharan africa,1978,
small states,1978,
sao tome and principe,1978,
suriname,1978,
slovak republic,1978,
slovenia,1978,
sweden,1978,
eswatini,1978,
sint maarten (dutch part),1978,
seychelles,1978,
syrian arab republic,1978,
turks and caicos islands,1978,
chad,1978,
east asia & pacific (ida & ibrd countries),1978,
europe & central asia (ida & ibrd countries),1978,
togo,1978,
thailand,1978,
tajikistan,1978,
turkmenistan,1978,
latin america & the caribbean (ida & ibrd countries),1978,
timor-leste,1978,
"middle east, north africa, afghanistan & pakistan (ida & ibrd)",1978,
tonga,1978,
south asia (ida & ibrd),1978,
sub-saharan africa (ida & ibrd countries),1978,
trinidad and tobago,1978,
tunisia,1978,
turkiye,1978,
tuvalu,1978,
tanzania,1978,
uganda,1978,
ukraine,1978,
upper middle income,1978,
uruguay,1978,
united states,1978,
uzbekistan,1978,
st. vincent and the grenadines,1978,
"venezuela, rb",1978,
british virgin islands,1978,
virgin islands (u.s.),1978,
viet nam,1978,
vanuatu,1978,
world,1978,
samoa,1978,
kosovo,1978,
"yemen, rep.",1978,
south africa,1978,
zambia,1978,
zimbabwe,1978,
aruba,1979,
africa eastern and southern,1979,
afghanistan,1979,
africa western and central,1979,
angola,1979,
albania,1979,
andorra,1979,
arab world,1979,
united arab emirates,1979,
argentina,1979,
armenia,1979,
american samoa,1979,
antigua and barbuda,1979,
australia,1979,
austria,1979,
azerbaijan,1979,
burundi,1979,
belgium,1979,
benin,1979,
burkina faso,1979,
bangladesh,1979,
bulgaria,1979,
bahrain,1979,
"bahamas, the",1979,
bosnia and herzegovina,1979,
belarus,1979,
belize,1979,
bermuda,1979,
bolivia,1979,
brazil,1979,
barbados,1979,
brunei darussalam,1979,
bhutan,1979,
botswana,1979,
central african republic,1979,
canada,1979,
central europe and the baltics,1979,
switzerland,1979,
channel islands,1979,
chile,1979,
china,1979,
cote d'ivoire,1979,
cameroon,1979,
"congo, dem. rep.",1979,
"congo, rep.",1979,
colombia,1979,
comoros,1979,
cabo verde,1979,
costa rica,1979,
caribbean small states,1979,
cuba,1979,
curacao,1979,
cayman islands,1979,
cyprus,1979,
czechia,1979,
germany,1979,
djibouti,1979,
dominica,1979,
denmark,1979,
dominican republic,1979,
algeria,1979,
east asia & pacific (excluding high income),1979,
early-demographic dividend,1979,
east asia & pacific,1979,
europe & central asia (excluding high income),1979,
europe & central asia,1979,
ecuador,1979,
"egypt, arab rep.",1979,
euro area,1979,
eritrea,1979,
spain,1979,
estonia,1979,
ethiopia,1979,
european union,1979,
fragile and conflict affected situations,1979,
finland,1979,
fiji,1979,
france,1979,
faroe islands,1979,
"micronesia, fed. sts.",1979,
gabon,1979,
united kingdom,1979,
georgia,1979,
ghana,1979,
gibraltar,1979,
guinea,1979,
"gambia, the",1979,
guinea-bissau,1979,
equatorial guinea,1979,
greece,1979,
grenada,1979,
greenland,1979,
guatemala,1979,
guam,1979,
guyana,1979,
high income,1979,
"hong kong sar, china",1979,
honduras,1979,
heavily indebted poor countries (hipc),1979,
croatia,1979,
haiti,1979,
hungary,1979,
ibrd only,1979,
ida & ibrd total,1979,
ida total,1979,
ida blend,1979,
indonesia,1979,
ida only,1979,
isle of man,1979,
india,1979,
not classified,1979,
ireland,1979,
"iran, islamic rep.",1979,
iraq,1979,
iceland,1979,
israel,1979,
italy,1979,
jamaica,1979,
jordan,1979,
japan,1979,
kazakhstan,1979,
kenya,1979,
kyrgyz republic,1979,
cambodia,1979,
kiribati,1979,
st. kitts and nevis,1979,
"korea, rep.",1979,
kuwait,1979,
latin america & caribbean (excluding high income),1979,
lao pdr,1979,
lebanon,1979,
liberia,1979,
libya,1979,
st. lucia,1979,
latin america & caribbean,1979,
least developed countries: un classification,1979,
low income,1979,
liechtenstein,1979,
sri lanka,1979,
lower middle income,1979,
low & middle income,1979,
lesotho,1979,
late-demographic dividend,1979,
lithuania,1979,
luxembourg,1979,
latvia,1979,
"macao sar, china",1979,
st. martin (french part),1979,
morocco,1979,
monaco,1979,
moldova,1979,
madagascar,1979,
maldives,1979,
"middle east, north africa, afghanistan & pakistan",1979,
mexico,1979,
marshall islands,1979,
middle income,1979,
north macedonia,1979,
mali,1979,
malta,1979,
myanmar,1979,
"middle east, north africa, afghanistan & pakistan (excluding high income)",1979,
montenegro,1979,
mongolia,1979,
northern mariana islands,1979,
mozambique,1979,
mauritania,1979,
mauritius,1979,
malawi,1979,
malaysia,1979,
north america,1979,
namibia,1979,
new caledonia,1979,
niger,1979,
nigeria,1979,
nicaragua,1979,
netherlands,1979,
norway,1979,
nepal,1979,
nauru,1979,
new zealand,1979,
oecd members,1979,
oman,1979,
other small states,1979,
pakistan,1979,
panama,1979,
peru,1979,
philippines,1979,
palau,1979,
papua new guinea,1979,
poland,1979,
pre-demographic dividend,1979,
puerto rico (us),1979,
"korea, dem. people's rep.",1979,
portugal,1979,
paraguay,1979,
west bank and gaza,1979,
pacific island small states,1979,
post-demographic dividend,1979,
french polynesia,1979,
qatar,1979,
romania,1979,
russian federation,1979,
rwanda,1979,
south asia,1979,
saudi arabia,1979,
sudan,1979,
senegal,1979,
singapore,1979,
solomon islands,1979,
sierra leone,1979,
el salvador,1979,
san marino,1979,
"somalia, fed. rep.",1979,
serbia,1979,
sub-saharan africa (excluding high income),1979,
south sudan,1979,
sub-saharan africa,1979,
small states,1979,
sao tome and principe,1979,
suriname,1979,
slovak republic,1979,
slovenia,1979,
sweden,1979,
eswatini,1979,
sint maarten (dutch part),1979,
seychelles,1979,
syrian arab republic,1979,
turks and caicos islands,1979,
chad,1979,
east asia & pacific (ida & ibrd countries),1979,
europe & central asia (ida & ibrd countries),1979,
togo,1979,
thailand,1979,
tajikistan,1979,
turkmenistan,1979,
latin america & the caribbean (ida & ibrd countries),1979,
timor-leste,1979,
"middle east, north africa, afghanistan & pakistan (ida & ibrd)",1979,
tonga,1979,
south asia (ida & ibrd),1979,
sub-saharan africa (ida & ibrd countries),1979,
trinidad and tobago,1979,
tunisia,1979,
turkiye,1979,
tuvalu,1979,
tanzania,1979,
uganda,1979,
ukraine,1979,
upper middle income,1979,
uruguay,1979,
united states,1979,
uzbekistan,1979,
st. vincent and the grenadines,1979,
"venezuela, rb",1979,
british virgin islands,1979,
virgin islands (u.s.),1979,
viet nam,1979,
vanuatu,1979,
world,1979,
samoa,1979,
kosovo,1979,
"yemen, rep.",1979,
south africa,1979,
zambia,1979,
zimbabwe,1979,
aruba,1980,
africa eastern and southern,1980,
afghanistan,1980,
africa western and central,1980,
angola,1980,
albania,1980,
andorra,1980,
arab world,1980,
united arab emirates,1980,
argentina,1980,
armenia,1980,
american samoa,1980,
antigua and barbuda,1980,
australia,1980,
austria,1980,
azerbaijan,1980,
burundi,1980,
belgium,1980,
benin,1980,
burkina faso,1980,
bangladesh,1980,
bulgaria,1980,
bahrain,1980,
"bahamas, the",1980,
bosnia and herzegovina,1980,
belarus,1980,
belize,1980,
bermuda,1980,
bolivia,1980,
brazil,1980,
barbados,1980,
brunei darussalam,1980,
bhutan,1980,
botswana,1980,
central african republic,1980,
canada,1980,
central europe and the baltics,1980,
switzerland,1980,
channel islands,1980,
chile,1980,
china,1980,
cote d'ivoire,1980,
cameroon,1980,
"congo, dem. rep.",1980,
"congo, rep.",1980,
colombia,1980,
comoros,1980,
cabo verde,1980,
costa rica,1980,
caribbean small states,1980,
cuba,1980,
curacao,1980,
cayman islands,1980,
cyprus,1980,
czechia,1980,
germany,1980,
djibouti,1980,
dominica,1980,
denmark,1980,
dominican republic,1980,
algeria,1980,
east asia & pacific (excluding high income),1980,
early-demographic dividend,1980,
east asia & pacific,1980,
europe & central asia (excluding high income),1980,
europe & central asia,1980,
ecuador,1980,
"egypt, arab rep.",1980,
euro area,1980,
eritrea,1980,
spain,1980,
estonia,1980,
ethiopia,1980,
european union,1980,
fragile and conflict affected situations,1980,
finland,1980,
fiji,1980,
france,1980,
faroe islands,1980,
"micronesia, fed. sts.",1980,
gabon,1980,
united kingdom,1980,
georgia,1980,
ghana,1980,
gibraltar,1980,
guinea,1980,
"gambia, the",1980,
guinea-bissau,1980,
equatorial guinea,1980,
greece,1980,
grenada,1980,
greenland,1980,
guatemala,1980,
guam,1980,
guyana,1980,
high income,1980,
"hong kong sar, china",1980,
honduras,1980,
heavily indebted poor countries (hipc),1980,
croatia,1980,
haiti,1980,
hungary,1980,
ibrd only,1980,
ida & ibrd total,1980,
ida total,1980,
ida blend,1980,
indonesia,1980,
ida only,1980,
isle of man,1980,
india,1980,
not classified,1980,
ireland,1980,
"iran, islamic rep.",1980,
iraq,1980,
iceland,1980,
israel,1980,
italy,1980,
jamaica,1980,
jordan,1980,
japan,1980,
kazakhstan,1980,
kenya,1980,
kyrgyz republic,1980,
cambodia,1980,
kiribati,1980,
st. kitts and nevis,1980,
"korea, rep.",1980,
kuwait,1980,
latin america & caribbean (excluding high income),1980,
lao pdr,1980,
lebanon,1980,
liberia,1980,
libya,1980,
st. lucia,1980,
latin america & caribbean,1980,
least developed countries: un classification,1980,
low income,1980,
liechtenstein,1980,
sri lanka,1980,
lower middle income,1980,
low & middle income,1980,
lesotho,1980,
late-demographic dividend,1980,
lithuania,1980,
luxembourg,1980,
latvia,1980,
"macao sar, china",1980,
st. martin (french part),1980,
morocco,1980,
monaco,1980,
moldova,1980,
madagascar,1980,
maldives,1980,
"middle east, north africa, afghanistan & pakistan",1980,
mexico,1980,
marshall islands,1980,
middle income,1980,
north macedonia,1980,
mali,1980,
malta,1980,
myanmar,1980,
"middle east, north africa, afghanistan & pakistan (excluding high income)",1980,
montenegro,1980,
mongolia,1980,
northern mariana islands,1980,
mozambique,1980,
mauritania,1980,
mauritius,1980,
malawi,1980,
malaysia,1980,
north america,1980,
namibia,1980,
new caledonia,1980,
niger,1980,
nigeria,1980,
nicaragua,1980,
netherlands,1980,
norway,1980,
nepal,1980,
nauru,1980,
new zealand,1980,
oecd members,1980,
oman,1980,
other small states,1980,
pakistan,1980,
panama,1980,
peru,1980,
philippines,1980,
palau,1980,
papua new guinea,1980,
poland,1980,
pre-demographic dividend,1980,
puerto rico (us),1980,
"korea, dem. people's rep.",1980,
portugal,1980,
paraguay,1980,
west bank and gaza,1980,
pacific island small states,1980,
post-demographic dividend,1980,
french polynesia,1980,
qatar,1980,
romania,1980,
russian federation,1980,
rwanda,1980,
south asia,1980,
saudi arabia,1980,
sudan,1980,
senegal,1980,
singapore,1980,
solomon islands,1980,
sierra leone,1980,
el salvador,1980,
san marino,1980,
"somalia, fed. rep.",1980,
serbia,1980,
sub-saharan africa (excluding high income),1980,
south sudan,1980,
sub-saharan africa,1980,
small states,1980,
sao tome and principe,1980,
suriname,1980,
slovak republic,1980,
slovenia,1980,
sweden,1980,
eswatini,1980,
sint maarten (dutch part),1980,
seychelles,1980,
syrian arab republic,1980,
turks and caicos islands,1980,
chad,1980,
east asia & pacific (ida & ibrd countries),1980,
europe & central asia (ida & ibrd countries),1980,
togo,1980,
thailand,1980,
tajikistan,1980,
turkmenistan,1980,
latin america & the caribbean (ida & ibrd countries),1980,
timor-leste,1980,
"middle east, north africa, afghanistan & pakistan (ida & ibrd)",1980,
tonga,1980,
south asia (ida & ibrd),1980,
sub-saharan africa (ida & ibrd countries),1980,
trinidad and tobago,1980,
tunisia,1980,
turkiye,1980,
tuvalu,1980,
tanzania,1980,
uganda,1980,
ukraine,1980,
upper middle income,1980,
uruguay,1980,
united states,1980,
uzbekistan,1980,
st. vincent and the grenadines,1980,
"venezuela, rb",1980,
british virgin islands,1980,
virgin islands (u.s.),1980,
viet nam,1980,
vanuatu,1980,
world,1980,
samoa,1980,
kosovo,1980,
"yemen, rep.",1980,
south africa,1980,
zambia,1980,
zimbabwe,1980,
aruba,1981,
africa eastern and southern,1981,
afghanistan,1981,
africa western and central,1981,
angola,1981,
albania,1981,
andorra,1981,
arab world,1981,
united arab emirates,1981,
argentina,1981,
armenia,1981,
american samoa,1981,
antigua and barbuda,1981,
australia,1981,
austria,1981,
azerbaijan,1981,
burundi,1981,
belgium,1981,
benin,1981,
burkina faso,1981,
bangladesh,1981,
bulgaria,1981,
bahrain,1981,
"bahamas, the",1981,
bosnia and herzegovina,1981,
belarus,1981,
belize,1981,
bermuda,1981,
bolivia,1981,
brazil,1981,
barbados,1981,
brunei darussalam,1981,
bhutan,1981,
botswana,1981,
central african republic,1981,
canada,1981,
central europe and the baltics,1981,
switzerland,1981,
channel islands,1981,
chile,1981,
china,1981,
cote d'ivoire,1981,
cameroon,1981,
"congo, dem. rep.",1981,
"congo, rep.",1981,
colombia,1981,
comoros,1981,
cabo verde,1981,
costa rica,1981,
caribbean small states,1981,
cuba,1981,
curacao,1981,
cayman islands,1981,
cyprus,1981,
czechia,1981,
germany,1981,
djibouti,1981,
dominica,1981,
denmark,1981,
dominican republic,1981,
algeria,1981,
east asia & pacific (excluding high income),1981,
early-demographic dividend,1981,
east asia & pacific,1981,
europe & central asia (excluding high income),1981,
europe & central asia,1981,
ecuador,1981,
"egypt, arab rep.",1981,
euro area,1981,
eritrea,1981,
spain,1981,
estonia,1981,
ethiopia,1981,
european union,1981,
fragile and conflict affected situations,1981,
finland,1981,
fiji,1981,
france,1981,
faroe islands,1981,
"micronesia, fed. sts.",1981,
gabon,1981,
united kingdom,1981,
georgia,1981,
ghana,1981,
gibraltar,1981,
guinea,1981,
"gambia, the",1981,
guinea-bissau,1981,
equatorial guinea,1981,
greece,1981,
grenada,1981,
greenland,1981,
guatemala,1981,
guam,1981,
guyana,1981,
high income,1981,
"hong kong sar, china",1981,
honduras,1981,
heavily indebted poor countries (hipc),1981,
croatia,1981,
haiti,1981,
hungary,1981,
ibrd only,1981,
ida & ibrd total,1981,
ida total,1981,
ida blend,1981,
indonesia,1981,
ida only,1981,
isle of man,1981,
india,1981,
not classified,1981,
ireland,1981,
"iran, islamic rep.",1981,
iraq,1981,
iceland,1981,
israel,1981,
italy,1981,
jamaica,1981,
jordan,1981,
japan,1981,
kazakhstan,1981,
kenya,1981,
kyrgyz republic,1981,
cambodia,1981,
kiribati,1981,
st. kitts and nevis,1981,
"korea, rep.",1981,
kuwait,1981,
latin america & caribbean (excluding high income),1981,
lao pdr,1981,
lebanon,1981,
liberia,1981,
libya,1981,
st. lucia,1981,
latin america & caribbean,1981,
least developed countries: un classification,1981,
low income,1981,
liechtenstein,1981,
sri lanka,1981,
lower middle income,1981,
low & middle income,1981,
lesotho,1981,
late-demographic dividend,1981,
lithuania,1981,
luxembourg,1981,
latvia,1981,
"macao sar, china",1981,
st. martin (french part),1981,
morocco,1981,
monaco,1981,
moldova,1981,
madagascar,1981,
maldives,1981,
"middle east, north africa, afghanistan & pakistan",1981,
mexico,1981,
marshall islands,1981,
middle income,1981,
north macedonia,1981,
mali,1981,
malta,1981,
myanmar,1981,
"middle east, north africa, afghanistan & pakistan (excluding high income)",1981,
montenegro,1981,
mongolia,1981,
northern mariana islands,1981,
mozambique,1981,
mauritania,1981,
mauritius,1981,
malawi,1981,
malaysia,1981,
north america,1981,
namibia,1981,
new caledonia,1981,
niger,1981,
nigeria,1981,
nicaragua,1981,
netherlands,1981,
norway,1981,
nepal,1981,
nauru,1981,
new zealand,1981,
oecd members,1981,
oman,1981,
other small states,1981,
pakistan,1981,
panama,1981,
peru,1981,
philippines,1981,
palau,1981,
papua new guinea,1981,
poland,1981,
pre-demographic dividend,1981,
puerto rico (us),1981,
"korea, dem. people's rep.",1981,
portugal,1981,
paraguay,1981,
west bank and gaza,1981,
pacific island small states,1981,
post-demographic dividend,1981,
french polynesia,1981,
qatar,1981,
romania,1981,
russian federation,1981,
rwanda,1981,
south asia,1981,
saudi arabia,1981,
sudan,1981,
senegal,1981,
singapore,1981,
solomon islands,1981,
sierra leone,1981,
el salvador,1981,
san marino,1981,
"somalia, fed. rep.",1981,
serbia,1981,
sub-saharan africa (excluding high income),1981,
south sudan,1981,
sub-saharan africa,1981,
small states,1981,
sao tome and principe,1981,
suriname,1981,
slovak republic,1981,
slovenia,1981,
sweden,1981,
eswatini,1981,
sint maarten (dutch part),1981,
seychelles,1981,
syrian arab republic,1981,
turks and caicos islands,1981,
chad,1981,
east asia & pacific (ida & ibrd countries),1981,
europe & central asia (ida & ibrd countries),1981,
togo,1981,
thailand,1981,
tajikistan,1981,
turkmenistan,1981,
latin america & the caribbean (ida & ibrd countries),1981,
timor-leste,1981,
"middle east, north africa, afghanistan & pakistan (ida & ibrd)",1981,
tonga,1981,
south asia (ida & ibrd),1981,
sub-saharan africa (ida & ibrd countries),1981,
trinidad and tobago,1981,
tunisia,1981,
turkiye,1981,
tuvalu,1981,
tanzania,1981,
uganda,1981,
ukraine,1981,
upper middle income,1981,
uruguay,1981,
united states,1981,
uzbekistan,1981,
st. vincent and the grenadines,1981,
"venezuela, rb",1981,
british virgin islands,1981,
virgin islands (u.s.),1981,
viet nam,1981,
vanuatu,1981,
world,1981,
samoa,1981,
kosovo,1981,
"yemen, rep.",1981,
south africa,1981,
zambia,1981,
zimbabwe,1981,
aruba,1982,
africa eastern and southern,1982,
afghanistan,1982,
africa western and central,1982,
angola,1982,
albania,1982,
andorra,1982,
arab world,1982,
united arab emirates,1982,
argentina,1982,
armenia,1982,
american samoa,1982,
antigua and barbuda,1982,
australia,1982,
austria,1982,
azerbaijan,1982,
burundi,1982,
belgium,1982,
benin,1982,
burkina faso,1982,
bangladesh,1982,
bulgaria,1982,
bahrain,1982,
"bahamas, the",1982,
bosnia and herzegovina,1982,
belarus,1982,
belize,1982,
bermuda,1982,
bolivia,1982,
brazil,1982,
barbados,1982,
brunei darussalam,1982,
bhutan,1982,
botswana,1982,
central african republic,1982,
canada,1982,
central europe and the baltics,1982,
switzerland,1982,
channel islands,1982,
chile,1982,
china,1982,
cote d'ivoire,1982,
cameroon,1982,
"congo, dem. rep.",1982,
"congo, rep.",1982,
colombia,1982,
comoros,1982,
cabo verde,1982,
costa rica,1982,
caribbean small states,1982,
cuba,1982,
curacao,1982,
cayman islands,1982,
cyprus,1982,
czechia,1982,
germany,1982,
djibouti,1982,
dominica,1982,
denmark,1982,
dominican republic,1982,
algeria,1982,
east asia & pacific (excluding high income),1982,
early-demographic dividend,1982,
east asia & pacific,1982,
europe & central asia (excluding high income),1982,
europe & central asia,1982,
ecuador,1982,
"egypt, arab rep.",1982,
euro area,1982,
eritrea,1982,
spain,1982,
estonia,1982,
ethiopia,1982,
european union,1982,
fragile and conflict affected situations,1982,
finland,1982,
fiji,1982,
france,1982,
faroe islands,1982,
"micronesia, fed. sts.",1982,
gabon,1982,
united kingdom,1982,
georgia,1982,
ghana,1982,
gibraltar,1982,
guinea,1982,
"gambia, the",1982,
guinea-bissau,1982,
equatorial guinea,1982,
greece,1982,
grenada,1982,
greenland,1982,
guatemala,1982,
guam,1982,
guyana,1982,
high income,1982,
"hong kong sar, china",1982,
honduras,1982,
heavily indebted poor countries (hipc),1982,
croatia,1982,
haiti,1982,
hungary,1982,
ibrd only,1982,
ida & ibrd total,1982,
ida total,1982,
ida blend,1982,
indonesia,1982,
ida only,1982,
isle of man,1982,
india,1982,
not classified,1982,
ireland,1982,
"iran, islamic rep.",1982,
iraq,1982,
iceland,1982,
israel,1982,
italy,1982,
jamaica,1982,
jordan,1982,
japan,1982,
kazakhstan,1982,
kenya,1982,
kyrgyz republic,1982,
cambodia,1982,
kiribati,1982,
st. kitts and nevis,1982,
"korea, rep.",1982,
kuwait,1982,
latin america & caribbean (excluding high income),1982,
lao pdr,1982,
lebanon,1982,
liberia,1982,
libya,1982,
st. lucia,1982,
latin america & caribbean,1982,
least developed countries: un classification,1982,
low income,1982,
liechtenstein,1982,
sri lanka,1982,
lower middle income,1982,
low & middle income,1982,
lesotho,1982,
late-demographic dividend,1982,
lithuania,1982,
luxembourg,1982,
latvia,1982,
"macao sar, china",1982,
st. martin (french part),1982,
morocco,1982,
monaco,1982,
moldova,1982,
madagascar,1982,
maldives,1982,
"middle east, north africa, afghanistan & pakistan",1982,
mexico,1982,
marshall islands,1982,
middle income,1982,
north macedonia,1982,
mali,1982,
malta,1982,
myanmar,1982,
"middle east, north africa, afghanistan & pakistan (excluding high income)",1982,
montenegro,1982,
mongolia,1982,
northern mariana islands,1982,
mozambique,1982,
mauritania,1982,
mauritius,1982,
malawi,1982,
malaysia,1982,
north america,1982,
namibia,1982,
new caledonia,1982,
niger,1982,
nigeria,1982,
nicaragua,1982,
netherlands,1982,
norway,1982,
nepal,1982,
nauru,1982,
new zealand,1982,
oecd members,1982,
oman,1982,
other small states,1982,
pakistan,1982,
panama,1982,
peru,1982,
philippines,1982,
palau,1982,
papua new guinea,1982,
poland,1982,
pre-demographic dividend,1982,
puerto rico (us),1982,
"korea, dem. people's rep.",1982,
portugal,1982,
paraguay,1982,
west bank and gaza,1982,
pacific island small states,1982,
post-demographic dividend,1982,
french polynesia,1982,
qatar,1982,
romania,1982,
russian federation,1982,
rwanda,1982,
south asia,1982,
saudi arabia,1982,
sudan,1982,
senegal,1982,
singapore,1982,
solomon islands,1982,
sierra leone,1982,
el salvador,1982,
san marino,1982,
"somalia, fed. rep.",1982,
serbia,1982,
sub-saharan africa (excluding high income),1982,
south sudan,1982,
sub-saharan africa,1982,
small states,1982,
sao tome and principe,1982,
suriname,1982,
slovak republic,1982,
slovenia,1982,
sweden,1982,
eswatini,1982,
sint maarten (dutch part),1982,
seychelles,1982,
syrian arab republic,1982,
turks and caicos islands,1982,
chad,1982,
east asia & pacific (ida & ibrd countries),1982,
europe & central asia (ida & ibrd countries),1982,
togo,1982,
thailand,1982,
tajikistan,1982,
turkmenistan,1982,
latin america & the caribbean (ida & ibrd countries),1982,
timor-leste,1982,
"middle east, north africa, afghanistan & pakistan (ida & ibrd)",1982,
tonga,1982,
south asia (ida & ibrd),1982,
sub-saharan africa (ida & ibrd countries),1982,
trinidad and tobago,1982,
tunisia,1982,
turkiye,1982,
tuvalu,1982,
tanzania,1982,
uganda,1982,
ukraine,1982,
upper middle income,1982,
uruguay,1982,
united states,1982,
uzbekistan,1982,
st. vincent and the grenadines,1982,
"venezuela, rb",1982,
british virgin islands,1982,
virgin islands (u.s.),1982,
viet nam,1982,
vanuatu,1982,
world,1982,
samoa,1982,
kosovo,1982,
"yemen, rep.",1982,
south africa,1982,
zambia,1982,
zimbabwe,1982,
aruba,1983,
africa eastern and southern,1983,
afghanistan,1983,
africa western and central,1983,
angola,1983,
albania,1983,
andorra,1983,
arab world,1983,
united arab emirates,1983,
argentina,1983,
armenia,1983,
american samoa,1983,
antigua and barbuda,1983,
australia,1983,
austria,1983,
azerbaijan,1983,
burundi,1983,
belgium,1983,
benin,1983,
burkina faso,1983,
bangladesh,1983,
bulgaria,1983,
bahrain,1983,
"bahamas, the",1983,
bosnia and herzegovina,1983,
belarus,1983,
belize,1983,
bermuda,1983,
bolivia,1983,
brazil,1983,
barbados,1983,
brunei darussalam,1983,
bhutan,1983,
botswana,1983,
central african republic,1983,
canada,1983,
central europe and the baltics,1983,
switzerland,1983,
channel islands,1983,
chile,1983,
china,1983,
cote d'ivoire,1983,
cameroon,1983,
"congo, dem. rep.",1983,
"congo, rep.",1983,
colombia,1983,
comoros,1983,
cabo verde,1983,
costa rica,1983,
caribbean small states,1983,
cuba,1983,
curacao,1983,
cayman islands,1983,
cyprus,1983,
czechia,1983,
germany,1983,
djibouti,1983,
dominica,1983,
denmark,1983,
dominican republic,1983,
algeria,1983,
east asia & pacific (excluding high income),1983,
early-demographic dividend,1983,
east asia & pacific,1983,
europe & central asia (excluding high income),1983,
europe & central asia,1983,
ecuador,1983,
"egypt, arab rep.",1983,
euro area,1983,
eritrea,1983,
spain,1983,
estonia,1983,
ethiopia,1983,
european union,1983,
fragile and conflict affected situations,1983,
finland,1983,
fiji,1983,
france,1983,
faroe islands,1983,
"micronesia, fed. sts.",1983,
gabon,1983,
united kingdom,1983,
georgia,1983,
ghana,1983,
gibraltar,1983,
guinea,1983,
"gambia, the",1983,
guinea-bissau,1983,
equatorial guinea,1983,
greece,1983,
grenada,1983,
greenland,1983,
guatemala,1983,
guam,1983,
guyana,1983,
high income,1983,
"hong kong sar, china",1983,
honduras,1983,
heavily indebted poor countries (hipc),1983,
croatia,1983,
haiti,1983,
hungary,1983,
ibrd only,1983,
ida & ibrd total,1983,
ida total,1983,
ida blend,1983,
indonesia,1983,
ida only,1983,
isle of man,1983,
india,1983,
not classified,1983,
ireland,1983,
"iran, islamic rep.",1983,
iraq,1983,
iceland,1983,
israel,1983,
italy,1983,
jamaica,1983,
jordan,1983,
japan,1983,
kazakhstan,1983,
kenya,1983,
kyrgyz republic,1983,
cambodia,1983,
kiribati,1983,
st. kitts and nevis,1983,
"korea, rep.",1983,
kuwait,1983,
latin america & caribbean (excluding high income),1983,
lao pdr,1983,
lebanon,1983,
liberia,1983,
libya,1983,
st. lucia,1983,
latin america & caribbean,1983,
least developed countries: un classification,1983,
low income,1983,
liechtenstein,1983,
sri lanka,1983,
lower middle income,1983,
low & middle income,1983,
lesotho,1983,
late-demographic dividend,1983,
lithuania,1983,
luxembourg,1983,
latvia,1983,
"macao sar, china",1983,
st. martin (french part),1983,
morocco,1983,
monaco,1983,
moldova,1983,
madagascar,1983,
maldives,1983,
"middle east, north africa, afghanistan & pakistan",1983,
mexico,1983,
marshall islands,1983,
middle income,1983,
north macedonia,1983,
mali,1983,
malta,1983,
myanmar,1983,
"middle east, north africa, afghanistan & pakistan (excluding high income)",1983,
montenegro,1983,
mongolia,1983,
northern mariana islands,1983,
mozambique,1983,
mauritania,1983,
mauritius,1983,
malawi,1983,
malaysia,1983,
north america,1983,
namibia,1983,
new caledonia,1983,
niger,1983,
nigeria,1983,
nicaragua,1983,
netherlands,1983,
norway,1983,
nepal,1983,
nauru,1983,
new zealand,1983,
oecd members,1983,
oman,1983,
other small states,1983,
pakistan,1983,
panama,1983,
peru,1983,
philippines,1983,
palau,1983,
papua new guinea,1983,
poland,1983,
pre-demographic dividend,1983,
puerto rico (us),1983,
"korea, dem. people's rep.",1983,
portugal,1983,
paraguay,1983,
west bank and gaza,1983,
pacific island small states,1983,
post-demographic dividend,1983,
french polynesia,1983,
qatar,1983,
romania,1983,
russian federation,1983,
rwanda,1983,
south asia,1983,
saudi arabia,1983,
sudan,1983,
senegal,1983,
singapore,1983,
solomon islands,1983,
sierra leone,1983,
el salvador,1983,
san marino,1983,
"somalia, fed. rep.",1983,
serbia,1983,
sub-saharan africa (excluding high income),1983,
south sudan,1983,
sub-saharan africa,1983,
small states,1983,
sao tome and principe,1983,
suriname,1983,
slovak republic,1983,
slovenia,1983,
sweden,1983,
eswatini,1983,
sint maarten (dutch part),1983,
seychelles,1983,
syrian arab republic,1983,
turks and caicos islands,1983,
chad,1983,
east asia & pacific (ida & ibrd countries),1983,
europe & central asia (ida & ibrd countries),1983,
togo,1983,
thailand,1983,
tajikistan,1983,
turkmenistan,1983,
latin america & the caribbean (ida & ibrd countries),1983,
timor-leste,1983,
"middle east, north africa, afghanistan & pakistan (ida & ibrd)",1983,
tonga,1983,
south asia (ida & ibrd),1983,
sub-saharan africa (ida & ibrd countries),1983,
trinidad and tobago,1983,
tunisia,1983,
turkiye,1983,
tuvalu,1983,
tanzania,1983,
uganda,1983,
ukraine,1983,
upper middle income,1983,
uruguay,1983,
united states,1983,
uzbekistan,1983,
st. vincent and the grenadines,1983,
"venezuela, rb",1983,
british virgin islands,1983,
virgin islands (u.s.),1983,
viet nam,1983,
vanuatu,1983,
world,1983,
samoa,1983,
kosovo,1983,
"yemen, rep.",1983,
south africa,1983,
zambia,1983,
zimbabwe,1983,
aruba,1984,
africa eastern and southern,1984,
afghanistan,1984,
africa western and central,1984,
angola,1984,
albania,1984,
andorra,1984,
arab world,1984,
united arab emirates,1984,
argentina,1984,
armenia,1984,
american samoa,1984,
antigua and barbuda,1984,
australia,1984,
austria,1984,
azerbaijan,1984,
burundi,1984,
belgium,1984,
benin,1984,
burkina faso,1984,
bangladesh,1984,
bulgaria,1984,
bahrain,1984,
"bahamas, the",1984,
bosnia and herzegovina,1984,
belarus,1984,
belize,1984,
bermuda,1984,
bolivia,1984,
brazil,1984,
barbados,1984,
brunei darussalam,1984,
bhutan,1984,
botswana,1984,
central african republic,1984,
canada,1984,
central europe and the baltics,1984,
switzerland,1984,
channel islands,1984,
chile,1984,
china,1984,
cote d'ivoire,1984,
cameroon,1984,
"congo, dem. rep.",1984,
"congo, rep.",1984,
colombia,1984,
comoros,1984,
cabo verde,1984,
costa rica,1984,
caribbean small states,1984,
cuba,1984,
curacao,1984,
cayman islands,1984,
cyprus,1984,
czechia,1984,
germany,1984,
djibouti,1984,
dominica,1984,
denmark,1984,
dominican republic,1984,
algeria,1984,
east asia & pacific (excluding high income),1984,
early-demographic dividend,1984,
east asia & pacific,1984,
europe & central asia (excluding high income),1984,
europe & central asia,1984,
ecuador,1984,
"egypt, arab rep.",1984,
euro area,1984,
eritrea,1984,
spain,1984,
estonia,1984,
ethiopia,1984,
european union,1984,
fragile and conflict affected situations,1984,
finland,1984,
fiji,1984,
france,1984,
faroe islands,1984,
"micronesia, fed. sts.",1984,
gabon,1984,
united kingdom,1984,
georgia,1984,
ghana,1984,
gibraltar,1984,
guinea,1984,
"gambia, the",1984,
guinea-bissau,1984,
equatorial guinea,1984,
greece,1984,
grenada,1984,
greenland,1984,
guatemala,1984,
guam,1984,
guyana,1984,
high income,1984,
"hong kong sar, china",1984,
honduras,1984,
heavily indebted poor countries (hipc),1984,
croatia,1984,
haiti,1984,
hungary,1984,
ibrd only,1984,
ida & ibrd total,1984,
ida total,1984,
ida blend,1984,
indonesia,1984,
ida only,1984,
isle of man,1984,
india,1984,
not classified,1984,
ireland,1984,
"iran, islamic rep.",1984,
iraq,1984,
iceland,1984,
israel,1984,
italy,1984,
jamaica,1984,
jordan,1984,
japan,1984,
kazakhstan,1984,
kenya,1984,
kyrgyz republic,1984,
cambodia,1984,
kiribati,1984,
st. kitts and nevis,1984,
"korea, rep.",1984,
kuwait,1984,
latin america & caribbean (excluding high income),1984,
lao pdr,1984,
lebanon,1984,
liberia,1984,
libya,1984,
st. lucia,1984,
latin america & caribbean,1984,
least developed countries: un classification,1984,
low income,1984,
liechtenstein,1984,
sri lanka,1984,
lower middle income,1984,
low & middle income,1984,
lesotho,1984,
late-demographic dividend,1984,
lithuania,1984,
luxembourg,1984,
latvia,1984,
"macao sar, china",1984,
st. martin (french part),1984,
morocco,1984,
monaco,1984,
moldova,1984,
madagascar,1984,
maldives,1984,
"middle east, north africa, afghanistan & pakistan",1984,
mexico,1984,
marshall islands,1984,
middle income,1984,
north macedonia,1984,
mali,1984,
malta,1984,
myanmar,1984,
"middle east, north africa, afghanistan & pakistan (excluding high income)",1984,
montenegro,1984,
mongolia,1984,
northern mariana islands,1984,
mozambique,1984,
mauritania,1984,
mauritius,1984,
malawi,1984,
malaysia,1984,
north america,1984,
namibia,1984,
new caledonia,1984,
niger,1984,
nigeria,1984,
nicaragua,1984,
netherlands,1984,
norway,1984,
nepal,1984,
nauru,1984,
new zealand,1984,
oecd members,1984,
oman,1984,
other small states,1984,
pakistan,1984,
panama,1984,
peru,1984,
philippines,1984,
palau,1984,
papua new guinea,1984,
poland,1984,
pre-demographic dividend,1984,
puerto rico (us),1984,
"korea, dem. people's rep.",1984,
portugal,1984,
paraguay,1984,
west bank and gaza,1984,
pacific island small states,1984,
post-demographic dividend,1984,
french polynesia,1984,
qatar,1984,
romania,1984,
russian federation,1984,
rwanda,1984,
south asia,1984,
saudi arabia,1984,
sudan,1984,
senegal,1984,
singapore,1984,
solomon islands,1984,
sierra leone,1984,
el salvador,1984,
san marino,1984,
"somalia, fed. rep.",1984,
serbia,1984,
sub-saharan africa (excluding high income),1984,
south sudan,1984,
sub-saharan africa,1984,
small states,1984,
sao tome and principe,1984,
suriname,1984,
slovak republic,1984,
slovenia,1984,
sweden,1984,
eswatini,1984,
sint maarten (dutch part),1984,
seychelles,1984,
syrian arab republic,1984,
turks and caicos islands,1984,
chad,1984,
east asia & pacific (ida & ibrd countries),1984,
europe & central asia (ida & ibrd countries),1984,
togo,1984,
thailand,1984,
tajikistan,1984,
turkmenistan,1984,
latin america & the caribbean (ida & ibrd countries),1984,
timor-leste,1984,
"middle east, north africa, afghanistan & pakistan (ida & ibrd)",1984,
tonga,1984,
south asia (ida & ibrd),1984,
sub-saharan africa (ida & ibrd countries),1984,
trinidad and tobago,1984,
tunisia,1984,
turkiye,1984,
tuvalu,1984,
tanzania,1984,
uganda,1984,
ukraine,1984,
upper middle income,1984,
uruguay,1984,
united states,1984,
uzbekistan,1984,
st. vincent and the grenadines,1984,
"venezuela, rb",1984,
british virgin islands,1984,
virgin islands (u.s.),1984,
viet nam,1984,
vanuatu,1984,
world,1984,
samoa,1984,
kosovo,1984,
"yemen, rep.",1984,
south africa,1984,
zambia,1984,
zimbabwe,1984,
aruba,1985,
africa eastern and southern,1985,
afghanistan,1985,
africa western and central,1985,
angola,1985,
albania,1985,
andorra,1985,
arab world,1985,
united arab emirates,1985,
argentina,1985,
armenia,1985,
american samoa,1985,
antigua and barbuda,1985,
australia,1985,
austria,1985,
azerbaijan,1985,
burundi,1985,
belgium,1985,
benin,1985,
burkina faso,1985,
bangladesh,1985,
bulgaria,1985,
bahrain,1985,
"bahamas, the",1985,
bosnia and herzegovina,1985,
belarus,1985,
belize,1985,
bermuda,1985,
bolivia,1985,
brazil,1985,
barbados,1985,
brunei darussalam,1985,
bhutan,1985,
botswana,1985,
central african republic,1985,
canada,1985,
central europe and the baltics,1985,
switzerland,1985,
channel islands,1985,
chile,1985,
china,1985,
cote d'ivoire,1985,
cameroon,1985,
"congo, dem. rep.",1985,
"congo, rep.",1985,
colombia,1985,
comoros,1985,
cabo verde,1985,
costa rica,1985,
caribbean small states,1985,
cuba,1985,
curacao,1985,
cayman islands,1985,
cyprus,1985,
czechia,1985,
germany,1985,
djibouti,1985,
dominica,1985,
denmark,1985,
dominican republic,1985,
algeria,1985,
east asia & pacific (excluding high income),1985,
early-demographic dividend,1985,
east asia & pacific,1985,
europe & central asia (excluding high income),1985,
europe & central asia,1985,
ecuador,1985,
"egypt, arab rep.",1985,
euro area,1985,
eritrea,1985,
spain,1985,
estonia,1985,
ethiopia,1985,
european union,1985,
fragile and conflict affected situations,1985,
finland,1985,
fiji,1985,
france,1985,
faroe islands,1985,
"micronesia, fed. sts.",1985,
gabon,1985,
united kingdom,1985,
georgia,1985,
ghana,1985,
gibraltar,1985,
guinea,1985,
"gambia, the",1985,
guinea-bissau,1985,
equatorial guinea,1985,
greece,1985,
grenada,1985,
greenland,1985,
guatemala,1985,
guam,1985,
guyana,1985,
high income,1985,
"hong kong sar, china",1985,
honduras,1985,
heavily indebted poor countries (hipc),1985,
croatia,1985,
haiti,1985,
hungary,1985,
ibrd only,1985,
ida & ibrd total,1985,
ida total,1985,
ida blend,1985,
indonesia,1985,
ida only,1985,
isle of man,1985,
india,1985,
not classified,1985,
ireland,1985,
"iran, islamic rep.",1985,
iraq,1985,
iceland,1985,
israel,1985,
italy,1985,
jamaica,1985,
jordan,1985,
japan,1985,
kazakhstan,1985,
kenya,1985,
kyrgyz republic,1985,
cambodia,1985,
kiribati,1985,
st. kitts and nevis,1985,
"korea, rep.",1985,
kuwait,1985,
latin america & caribbean (excluding high income),1985,
lao pdr,1985,
lebanon,1985,
liberia,1985,
libya,1985,
st. lucia,1985,
latin america & caribbean,1985,
least developed countries: un classification,1985,
low income,1985,
liechtenstein,1985,
sri lanka,1985,
lower middle income,1985,
low & middle income,1985,
lesotho,1985,
late-demographic dividend,1985,
lithuania,1985,
luxembourg,1985,
latvia,1985,
"macao sar, china",1985,
st. martin (french part),1985,
morocco,1985,
monaco,1985,
moldova,1985,
madagascar,1985,
maldives,1985,
"middle east, north africa, afghanistan & pakistan",1985,
mexico,1985,
marshall islands,1985,
middle income,1985,
north macedonia,1985,
mali,1985,
malta,1985,
myanmar,1985,
"middle east, north africa, afghanistan & pakistan (excluding high income)",1985,
montenegro,1985,
mongolia,1985,
northern mariana islands,1985,
mozambique,1985,
mauritania,1985,
mauritius,1985,
malawi,1985,
malaysia,1985,
north america,1985,
namibia,1985,
new caledonia,1985,
niger,1985,
nigeria,1985,
nicaragua,1985,
netherlands,1985,
norway,1985,
nepal,1985,
nauru,1985,
new zealand,1985,
oecd members,1985,
oman,1985,
other small states,1985,
pakistan,1985,
panama,1985,
peru,1985,
philippines,1985,
palau,1985,
papua new guinea,1985,
poland,1985,
pre-demographic dividend,1985,
puerto rico (us),1985,
"korea, dem. people's rep.",1985,
portugal,1985,
paraguay,1985,
west bank and gaza,1985,
pacific island small states,1985,
post-demographic dividend,1985,
french polynesia,1985,
qatar,1985,
romania,1985,
russian federation,1985,
rwanda,1985,
south asia,1985,
saudi arabia,1985,
sudan,1985,
senegal,1985,
singapore,1985,
solomon islands,1985,
sierra leone,1985,
el salvador,1985,
san marino,1985,
"somalia, fed. rep.",1985,
serbia,1985,
sub-saharan africa (excluding high income),1985,
south sudan,1985,
sub-saharan africa,1985,
small states,1985,
sao tome and principe,1985,
suriname,1985,
slovak republic,1985,
slovenia,1985,
sweden,1985,
eswatini,1985,
sint maarten (dutch part),1985,
seychelles,1985,
syrian arab republic,1985,
turks and caicos islands,1985,
chad,1985,
east asia & pacific (ida & ibrd countries),1985,
europe & central asia (ida & ibrd countries),1985,
togo,1985,
thailand,1985,
tajikistan,1985,
turkmenistan,1985,
latin america & the caribbean (ida & ibrd countries),1985,
timor-leste,1985,
"middle east, north africa, afghanistan & pakistan (ida & ibrd)",1985,
tonga,1985,
south asia (ida & ibrd),1985,
sub-saharan africa (ida & ibrd countries),1985,
trinidad and tobago,1985,
tunisia,1985,
turkiye,1985,
tuvalu,1985,
tanzania,1985,
uganda,1985,
ukraine,1985,
upper middle income,1985,
uruguay,1985,
united states,1985,
uzbekistan,1985,
st. vincent and the grenadines,1985,
"venezuela, rb",1985,
british virgin islands,1985,
virgin islands (u.s.),1985,
viet nam,1985,
vanuatu,1985,
world,1985,
samoa,1985,
kosovo,1985,
"yemen, rep.",1985,
south africa,1985,
zambia,1985,
zimbabwe,1985,
aruba,1986,
africa eastern and southern,1986,
afghanistan,1986,
africa western and central,1986,
angola,1986,
albania,1986,
andorra,1986,
arab world,1986,
united arab emirates,1986,
argentina,1986,
armenia,1986,
american samoa,1986,
antigua and barbuda,1986,
australia,1986,
austria,1986,
azerbaijan,1986,
burundi,1986,
belgium,1986,
benin,1986,
burkina faso,1986,
bangladesh,1986,
bulgaria,1986,
bahrain,1986,
"bahamas, the",1986,
bosnia and herzegovina,1986,
belarus,1986,
belize,1986,
bermuda,1986,
bolivia,1986,
brazil,1986,
barbados,1986,
brunei darussalam,1986,
bhutan,1986,
botswana,1986,
central african republic,1986,
canada,1986,
central europe and the baltics,1986,
switzerland,1986,
channel islands,1986,
chile,1986,
china,1986,
cote d'ivoire,1986,
cameroon,1986,
"congo, dem. rep.",1986,
"congo, rep.",1986,
colombia,1986,
comoros,1986,
cabo verde,1986,
costa rica,1986,
caribbean small states,1986,
cuba,1986,
curacao,1986,
cayman islands,1986,
cyprus,1986,
czechia,1986,
germany,1986,
djibouti,1986,
dominica,1986,
denmark,1986,
dominican republic,1986,
algeria,1986,
east asia & pacific (excluding high income),1986,
early-demographic dividend,1986,
east asia & pacific,1986,
europe & central asia (excluding high income),1986,
europe & central asia,1986,
ecuador,1986,
"egypt, arab rep.",1986,
euro area,1986,
eritrea,1986,
spain,1986,
estonia,1986,
ethiopia,1986,
european union,1986,
fragile and conflict affected situations,1986,
finland,1986,
fiji,1986,
france,1986,
faroe islands,1986,
"micronesia, fed. sts.",1986,
gabon,1986,
united kingdom,1986,
georgia,1986,
ghana,1986,
gibraltar,1986,
guinea,1986,
"gambia, the",1986,
guinea-bissau,1986,
equatorial guinea,1986,
greece,1986,
grenada,1986,
greenland,1986,
guatemala,1986,
guam,1986,
guyana,1986,
high income,1986,
"hong kong sar, china",1986,
honduras,1986,
heavily indebted poor countries (hipc),1986,
croatia,1986,
haiti,1986,
hungary,1986,
ibrd only,1986,
ida & ibrd total,1986,
ida total,1986,
ida blend,1986,
indonesia,1986,
ida only,1986,
isle of man,1986,
india,1986,
not classified,1986,
ireland,1986,
"iran, islamic rep.",1986,
iraq,1986,
iceland,1986,
israel,1986,
italy,1986,
jamaica,1986,
jordan,1986,
japan,1986,
kazakhstan,1986,
kenya,1986,
kyrgyz republic,1986,
cambodia,1986,
kiribati,1986,
st. kitts and nevis,1986,
"korea, rep.",1986,
kuwait,1986,
latin america & caribbean (excluding high income),1986,
lao pdr,1986,
lebanon,1986,
liberia,1986,
libya,1986,
st. lucia,1986,
latin america & caribbean,1986,
least developed countries: un classification,1986,
low income,1986,
liechtenstein,1986,
sri lanka,1986,
lower middle income,1986,
low & middle income,1986,
lesotho,1986,
late-demographic dividend,1986,
lithuania,1986,
luxembourg,1986,
latvia,1986,
"macao sar, china",1986,
st. martin (french part),1986,
morocco,1986,
monaco,1986,
moldova,1986,
madagascar,1986,
maldives,1986,
"middle east, north africa, afghanistan & pakistan",1986,
mexico,1986,
marshall islands,1986,
middle income,1986,
north macedonia,1986,
mali,1986,
malta,1986,
myanmar,1986,
"middle east, north africa, afghanistan & pakistan (excluding high income)",1986,
montenegro,1986,
mongolia,1986,
northern mariana islands,1986,
mozambique,1986,
mauritania,1986,
mauritius,1986,
malawi,1986,
malaysia,1986,
north america,1986,
namibia,1986,
new caledonia,1986,
niger,1986,
nigeria,1986,
nicaragua,1986,
netherlands,1986,
norway,1986,
nepal,1986,
nauru,1986,
new zealand,1986,
oecd members,1986,
oman,1986,
other small states,1986,
pakistan,1986,
panama,1986,
peru,1986,
philippines,1986,
palau,1986,
papua new guinea,1986,
poland,1986,
pre-demographic dividend,1986,
puerto rico (us),1986,
"korea, dem. people's rep.",1986,
portugal,1986,
paraguay,1986,
west bank and gaza,1986,
pacific island small states,1986,
post-demographic dividend,1986,
french polynesia,1986,
qatar,1986,
romania,1986,
russian federation,1986,
rwanda,1986,
south asia,1986,
saudi arabia,1986,
sudan,1986,
senegal,1986,
singapore,1986,
solomon islands,1986,
sierra leone,1986,
el salvador,1986,
san marino,1986,
"somalia, fed. rep.",1986,
serbia,1986,
sub-saharan africa (excluding high income),1986,
south sudan,1986,
sub-saharan africa,1986,
small states,1986,
sao tome and principe,1986,
suriname,1986,
slovak republic,1986,
slovenia,1986,
sweden,1986,
eswatini,1986,
sint maarten (dutch part),1986,
seychelles,1986,
syrian arab republic,1986,
turks and caicos islands,1986,
chad,1986,
east asia & pacific (ida & ibrd countries),1986,
europe & central asia (ida & ibrd countries),1986,
togo,1986,
thailand,1986,
tajikistan,1986,
turkmenistan,1986,
latin america & the caribbean (ida & ibrd countries),1986,
timor-leste,1986,
"middle east, north africa, afghanistan & pakistan (ida & ibrd)",1986,
tonga,1986,
south asia (ida & ibrd),1986,
sub-saharan africa (ida & ibrd countries),1986,
trinidad and tobago,1986,
tunisia,1986,
turkiye,1986,
tuvalu,1986,
tanzania,1986,
uganda,1986,
ukraine,1986,
upper middle income,1986,
uruguay,1986,
united states,1986,
uzbekistan,1986,
st. vincent and the grenadines,1986,
"venezuela, rb",1986,
british virgin islands,1986,
virgin islands (u.s.),1986,
viet nam,1986,
vanuatu,1986,
world,1986,
samoa,1986,
kosovo,1986,
"yemen, rep.",1986,
south africa,1986,
zambia,1986,
zimbabwe,1986,
aruba,1987,
africa eastern and southern,1987,
afghanistan,1987,
africa western and central,1987,
angola,1987,
albania,1987,
andorra,1987,
arab world,1987,
united arab emirates,1987,
argentina,1987,
armenia,1987,
american samoa,1987,
antigua and barbuda,1987,
australia,1987,
austria,1987,
azerbaijan,1987,
burundi,1987,
belgium,1987,
benin,1987,
burkina faso,1987,
bangladesh,1987,
bulgaria,1987,
bahrain,1987,
"bahamas, the",1987,
bosnia and herzegovina,1987,
belarus,1987,
belize,1987,
bermuda,1987,
bolivia,1987,
brazil,1987,
barbados,1987,
brunei darussalam,1987,
bhutan,1987,
botswana,1987,
central african republic,1987,
canada,1987,
central europe and the baltics,1987,
switzerland,1987,
channel islands,1987,
chile,1987,
china,1987,
cote d'ivoire,1987,
cameroon,1987,
"congo, dem. rep.",1987,
"congo, rep.",1987,
colombia,1987,
comoros,1987,
cabo verde,1987,
costa rica,1987,
caribbean small states,1987,
cuba,1987,
curacao,1987,
cayman islands,1987,
cyprus,1987,
czechia,1987,
germany,1987,
djibouti,1987,
dominica,1987,
denmark,1987,
dominican republic,1987,
algeria,1987,
east asia & pacific (excluding high income),1987,
early-demographic dividend,1987,
east asia & pacific,1987,
europe & central asia (excluding high income),1987,
europe & central asia,1987,
ecuador,1987,
"egypt, arab rep.",1987,
euro area,1987,
eritrea,1987,
spain,1987,
estonia,1987,
ethiopia,1987,
european union,1987,
fragile and conflict affected situations,1987,
finland,1987,
fiji,1987,
france,1987,
faroe islands,1987,
"micronesia, fed. sts.",1987,
gabon,1987,
united kingdom,1987,
georgia,1987,
ghana,1987,
gibraltar,1987,
guinea,1987,
"gambia, the",1987,
guinea-bissau,1987,
equatorial guinea,1987,
greece,1987,
grenada,1987,
greenland,1987,
guatemala,1987,
guam,1987,
guyana,1987,
high income,1987,
"hong kong sar, china",1987,
honduras,1987,
heavily indebted poor countries (hipc),1987,
croatia,1987,
haiti,1987,
hungary,1987,
ibrd only,1987,
ida & ibrd total,1987,
ida total,1987,
ida blend,1987,
indonesia,1987,
ida only,1987,
isle of man,1987,
india,1987,
not classified,1987,
ireland,1987,
"iran, islamic rep.",1987,
iraq,1987,
iceland,1987,
israel,1987,
italy,1987,
jamaica,1987,
jordan,1987,
japan,1987,
kazakhstan,1987,
kenya,1987,
kyrgyz republic,1987,
cambodia,1987,
kiribati,1987,
st. kitts and nevis,1987,
"korea, rep.",1987,
kuwait,1987,
latin america & caribbean (excluding high income),1987,
lao pdr,1987,
lebanon,1987,
liberia,1987,
libya,1987,
st. lucia,1987,
latin america & caribbean,1987,
least developed countries: un classification,1987,
low income,1987,
liechtenstein,1987,
sri lanka,1987,
lower middle income,1987,
low & middle income,1987,
lesotho,1987,
late-demographic dividend,1987,
lithuania,1987,
luxembourg,1987,
latvia,1987,
"macao sar, china",1987,
st. martin (french part),1987,
morocco,1987,
monaco,1987,
moldova,1987,
madagascar,1987,
maldives,1987,
"middle east, north africa, afghanistan & pakistan",1987,
mexico,1987,
marshall islands,1987,
middle income,1987,
north macedonia,1987,
mali,1987,
malta,1987,
myanmar,1987,
"middle east, north africa, afghanistan & pakistan (excluding high income)",1987,
montenegro,1987,
mongolia,1987,
northern mariana islands,1987,
mozambique,1987,
mauritania,1987,
mauritius,1987,
malawi,1987,
malaysia,1987,
north america,1987,
namibia,1987,
new caledonia,1987,
niger,1987,
nigeria,1987,
nicaragua,1987,
netherlands,1987,
norway,1987,
nepal,1987,
nauru,1987,
new zealand,1987,
oecd members,1987,
oman,1987,
other small states,1987,
pakistan,1987,
panama,1987,
peru,1987,
philippines,1987,
palau,1987,
papua new guinea,1987,
poland,1987,
pre-demographic dividend,1987,
puerto rico (us),1987,
"korea, dem. people's rep.",1987,
portugal,1987,
paraguay,1987,
west bank and gaza,1987,
pacific island small states,1987,
post-demographic dividend,1987,
french polynesia,1987,
qatar,1987,
romania,1987,
russian federation,1987,
rwanda,1987,
south asia,1987,
saudi arabia,1987,
sudan,1987,
senegal,1987,
singapore,1987,
solomon islands,1987,
sierra leone,1987,
el salvador,1987,
san marino,1987,
"somalia, fed. rep.",1987,
serbia,1987,
sub-saharan africa (excluding high income),1987,
south sudan,1987,
sub-saharan africa,1987,
small states,1987,
sao tome and principe,1987,
suriname,1987,
slovak republic,1987,
slovenia,1987,
sweden,1987,
eswatini,1987,
sint maarten (dutch part),1987,
seychelles,1987,
syrian arab republic,1987,
turks and caicos islands,1987,
chad,1987,
east asia & pacific (ida & ibrd countries),1987,
europe & central asia (ida & ibrd countries),1987,
togo,1987,
thailand,1987,
tajikistan,1987,
turkmenistan,1987,
latin america & the caribbean (ida & ibrd countries),1987,
timor-leste,1987,
"middle east, north africa, afghanistan & pakistan (ida & ibrd)",1987,
tonga,1987,
south asia (ida & ibrd),1987,
sub-saharan africa (ida & ibrd countries),1987,
trinidad and tobago,1987,
tunisia,1987,
turkiye,1987,
tuvalu,1987,
tanzania,1987,
uganda,1987,
ukraine,1987,
upper middle income,1987,
uruguay,1987,
united states,1987,
uzbekistan,1987,
st. vincent and the grenadines,1987,
"venezuela, rb",1987,
british virgin islands,1987,
virgin islands (u.s.),1987,
viet nam,1987,
vanuatu,1987,
world,1987,
samoa,1987,
kosovo,1987,
"yemen, rep.",1987,
south africa,1987,
zambia,1987,
zimbabwe,1987,
aruba,1988,
africa eastern and southern,1988,
afghanistan,1988,
africa western and central,1988,
angola,1988,
albania,1988,
andorra,1988,
arab world,1988,
united arab emirates,1988,
argentina,1988,
armenia,1988,
american samoa,1988,
antigua and barbuda,1988,
australia,1988,
austria,1988,
azerbaijan,1988,
burundi,1988,
belgium,1988,
benin,1988,
burkina faso,1988,
bangladesh,1988,
bulgaria,1988,
bahrain,1988,
"bahamas, the",1988,
bosnia and herzegovina,1988,
belarus,1988,
belize,1988,
bermuda,1988,
bolivia,1988,
brazil,1988,
barbados,1988,
brunei darussalam,1988,
bhutan,1988,
botswana,1988,
central african republic,1988,
canada,1988,
central europe and the baltics,1988,
switzerland,1988,
channel islands,1988,
chile,1988,
china,1988,
cote d'ivoire,1988,
cameroon,1988,
"congo, dem. rep.",1988,
"congo, rep.",1988,
colombia,1988,
comoros,1988,
cabo verde,1988,
costa rica,1988,
caribbean small states,1988,
cuba,1988,
curacao,1988,
cayman islands,1988,
cyprus,1988,
czechia,1988,
germany,1988,
djibouti,1988,
dominica,1988,
denmark,1988,
dominican republic,1988,
algeria,1988,
east asia & pacific (excluding high income),1988,
early-demographic dividend,1988,
east asia & pacific,1988,
europe & central asia (excluding high income),1988,
europe & central asia,1988,
ecuador,1988,
"egypt, arab rep.",1988,
euro area,1988,
eritrea,1988,
spain,1988,
estonia,1988,
ethiopia,1988,
european union,1988,
fragile and conflict affected situations,1988,
finland,1988,
fiji,1988,
france,1988,
faroe islands,1988,
"micronesia, fed. sts.",1988,
gabon,1988,
united kingdom,1988,
georgia,1988,
ghana,1988,
gibraltar,1988,
guinea,1988,
"gambia, the",1988,
guinea-bissau,1988,
equatorial guinea,1988,
greece,1988,
grenada,1988,
greenland,1988,
guatemala,1988,
guam,1988,
guyana,1988,
high income,1988,
"hong kong sar, china",1988,
honduras,1988,
heavily indebted poor countries (hipc),1988,
croatia,1988,
haiti,1988,
hungary,1988,
ibrd only,1988,
ida & ibrd total,1988,
ida total,1988,
ida blend,1988,
indonesia,1988,
ida only,1988,
isle of man,1988,
india,1988,
not classified,1988,
ireland,1988,
"iran, islamic rep.",1988,
iraq,1988,
iceland,1988,
israel,1988,
italy,1988,
jamaica,1988,
jordan,1988,
japan,1988,
kazakhstan,1988,
kenya,1988,
kyrgyz republic,1988,
cambodia,1988,
kiribati,1988,
st. kitts and nevis,1988,
"korea, rep.",1988,
kuwait,1988,
latin america & caribbean (excluding high income),1988,
lao pdr,1988,
lebanon,1988,
liberia,1988,
libya,1988,
st. lucia,1988,
latin america & caribbean,1988,
least developed countries: un classification,1988,
low income,1988,
liechtenstein,1988,
sri lanka,1988,
lower middle income,1988,
low & middle income,1988,
lesotho,1988,
late-demographic dividend,1988,
lithuania,1988,
luxembourg,1988,
latvia,1988,
"macao sar, china",1988,
st. martin (french part),1988,
morocco,1988,
monaco,1988,
moldova,1988,
madagascar,1988,
maldives,1988,
"middle east, north africa, afghanistan & pakistan",1988,
mexico,1988,
marshall islands,1988,
middle income,1988,
north macedonia,1988,
mali,1988,
malta,1988,
myanmar,1988,
"middle east, north africa, afghanistan & pakistan (excluding high income)",1988,
montenegro,1988,
mongolia,1988,
northern mariana islands,1988,
mozambique,1988,
mauritania,1988,
mauritius,1988,
malawi,1988,
malaysia,1988,
north america,1988,
namibia,1988,
new caledonia,1988,
niger,1988,
nigeria,1988,
nicaragua,1988,
netherlands,1988,
norway,1988,
nepal,1988,
nauru,1988,
new zealand,1988,
oecd members,1988,
oman,1988,
other small states,1988,
pakistan,1988,
panama,1988,
peru,1988,
philippines,1988,
palau,1988,
papua new guinea,1988,
poland,1988,
pre-demographic dividend,1988,
puerto rico (us),1988,
"korea, dem. people's rep.",1988,
portugal,1988,
paraguay,1988,
west bank and gaza,1988,
pacific island small states,1988,
post-demographic dividend,1988,
french polynesia,1988,
qatar,1988,
romania,1988,
russian federation,1988,
rwanda,1988,
south asia,1988,
saudi arabia,1988,
sudan,1988,
senegal,1988,
singapore,1988,
solomon islands,1988,
sierra leone,1988,
el salvador,1988,
san marino,1988,
"somalia, fed. rep.",1988,
serbia,1988,
sub-saharan africa (excluding high income),1988,
south sudan,1988,
sub-saharan africa,1988,
small states,1988,
sao tome and principe,1988,
suriname,1988,
slovak republic,1988,
slovenia,1988,
sweden,1988,
eswatini,1988,
sint maarten (dutch part),1988,
seychelles,1988,
syrian arab republic,1988,
turks and caicos islands,1988,
chad,1988,
east asia & pacific (ida & ibrd countries),1988,
europe & central asia (ida & ibrd countries),1988,
togo,1988,
thailand,1988,
tajikistan,1988,
turkmenistan,1988,
latin america & the caribbean (ida & ibrd countries),1988,
timor-leste,1988,
"middle east, north africa, afghanistan & pakistan (ida & ibrd)",1988,
tonga,1988,
south asia (ida & ibrd),1988,
sub-saharan africa (ida & ibrd countries),1988,
trinidad and tobago,1988,
tunisia,1988,
turkiye,1988,
tuvalu,1988,
tanzania,1988,
uganda,1988,
ukraine,1988,
upper middle income,1988,
uruguay,1988,
united states,1988,
uzbekistan,1988,
st. vincent and the grenadines,1988,
"venezuela, rb",1988,
british virgin islands,1988,
virgin islands (u.s.),1988,
viet nam,1988,
vanuatu,1988,
world,1988,
samoa,1988,
kosovo,1988,
"yemen, rep.",1988,
south africa,1988,
zambia,1988,
zimbabwe,1988,
aruba,1989,
africa eastern and southern,1989,
afghanistan,1989,
africa western and central,1989,
angola,1989,
albania,1989,
andorra,1989,
arab world,1989,
united arab emirates,1989,
argentina,1989,
armenia,1989,
american samoa,1989,
antigua and barbuda,1989,
australia,1989,
austria,1989,
azerbaijan,1989,
burundi,1989,
belgium,1989,
benin,1989,
burkina faso,1989,
bangladesh,1989,
bulgaria,1989,
bahrain,1989,
"bahamas, the",1989,
bosnia and herzegovina,1989,
belarus,1989,
belize,1989,
bermuda,1989,
bolivia,1989,
brazil,1989,
barbados,1989,
brunei darussalam,1989,
bhutan,1989,
botswana,1989,
central african republic,1989,
canada,1989,
central europe and the baltics,1989,
switzerland,1989,
channel islands,1989,
chile,1989,
china,1989,
cote d'ivoire,1989,
cameroon,1989,
"congo, dem. rep.",1989,
"congo, rep.",1989,
colombia,1989,
comoros,1989,
cabo verde,1989,
costa rica,1989,
caribbean small states,1989,
cuba,1989,
curacao,1989,
cayman islands,1989,
cyprus,1989,
czechia,1989,
germany,1989,
djibouti,1989,
dominica,1989,
denmark,1989,
dominican republic,1989,
algeria,1989,
east asia & pacific (excluding high income),1989,
early-demographic dividend,1989,
east asia & pacific,1989,
europe & central asia (excluding high income),1989,
europe & central asia,1989,
ecuador,1989,
"egypt, arab rep.",1989,
euro area,1989,
eritrea,1989,
spain,1989,
estonia,1989,
ethiopia,1989,
european union,1989,
fragile and conflict affected situations,1989,
finland,1989,
fiji,1989,
france,1989,
faroe islands,1989,
"micronesia, fed. sts.",1989,
gabon,1989,
united kingdom,1989,
georgia,1989,
ghana,1989,
gibraltar,1989,
guinea,1989,
"gambia, the",1989,
guinea-bissau,1989,
equatorial guinea,1989,
greece,1989,
grenada,1989,
greenland,1989,
guatemala,1989,
guam,1989,
guyana,1989,
high income,1989,
"hong kong sar, china",1989,
honduras,1989,
heavily indebted poor countries (hipc),1989,
croatia,1989,
haiti,1989,
hungary,1989,
ibrd only,1989,
ida & ibrd total,1989,
ida total,1989,
ida blend,1989,
indonesia,1989,
ida only,1989,
isle of man,1989,
india,1989,
not classified,1989,
ireland,1989,
"iran, islamic rep.",1989,
iraq,1989,
iceland,1989,
israel,1989,
italy,1989,
jamaica,1989,
jordan,1989,
japan,1989,
kazakhstan,1989,
kenya,1989,
kyrgyz republic,1989,
cambodia,1989,
kiribati,1989,
st. kitts and nevis,1989,
"korea, rep.",1989,
kuwait,1989,
latin america & caribbean (excluding high income),1989,
lao pdr,1989,
lebanon,1989,
liberia,1989,
libya,1989,
st. lucia,1989,
latin america & caribbean,1989,
least developed countries: un classification,1989,
low income,1989,
liechtenstein,1989,
sri lanka,1989,
lower middle income,1989,
low & middle income,1989,
lesotho,1989,
late-demographic dividend,1989,
lithuania,1989,
luxembourg,1989,
latvia,1989,
"macao sar, china",1989,
st. martin (french part),1989,
morocco,1989,
monaco,1989,
moldova,1989,
madagascar,1989,
maldives,1989,
"middle east, north africa, afghanistan & pakistan",1989,
mexico,1989,
marshall islands,1989,
middle income,1989,
north macedonia,1989,
mali,1989,
malta,1989,
myanmar,1989,
"middle east, north africa, afghanistan & pakistan (excluding high income)",1989,
montenegro,1989,
mongolia,1989,
northern mariana islands,1989,
mozambique,1989,
mauritania,1989,
mauritius,1989,
malawi,1989,
malaysia,1989,
north america,1989,
namibia,1989,
new caledonia,1989,
niger,1989,
nigeria,1989,
nicaragua,1989,
netherlands,1989,
norway,1989,
nepal,1989,
nauru,1989,
new zealand,1989,
oecd members,1989,
oman,1989,
other small states,1989,
pakistan,1989,
panama,1989,
peru,1989,
philippines,1989,
palau,1989,
papua new guinea,1989,
poland,1989,
pre-demographic dividend,1989,
puerto rico (us),1989,
"korea, dem. people's rep.",1989,
portugal,1989,
paraguay,1989,
west bank and gaza,1989,
pacific island small states,1989,
post-demographic dividend,1989,
french polynesia,1989,
qatar,1989,
romania,1989,
russian federation,1989,
rwanda,1989,
south asia,1989,
saudi arabia,1989,
sudan,1989,
senegal,1989,
singapore,1989,
solomon islands,1989,
sierra leone,1989,
el salvador,1989,
san marino,1989,
"somalia, fed. rep.",1989,
serbia,1989,
sub-saharan africa (excluding high income),1989,
south sudan,1989,
sub-saharan africa,1989,
small states,1989,
sao tome and principe,1989,
suriname,1989,
slovak republic,1989,
slovenia,1989,
sweden,1989,
eswatini,1989,
sint maarten (dutch part),1989,
seychelles,1989,
syrian arab republic,1989,
turks and caicos islands,1989,
chad,1989,
east asia & pacific (ida & ibrd countries),1989,
europe & central asia (ida & ibrd countries),1989,
togo,1989,
thailand,1989,
tajikistan,1989,
turkmenistan,1989,
latin america & the caribbean (ida & ibrd countries),1989,
timor-leste,1989,
"middle east, north africa, afghanistan & pakistan (ida & ibrd)",1989,
tonga,1989,
south asia (ida & ibrd),1989,
sub-saharan africa (ida & ibrd countries),1989,
trinidad and tobago,1989,
tunisia,1989,
turkiye,1989,
tuvalu,1989,
tanzania,1989,
uganda,1989,
ukraine,1989,
upper middle income,1989,
uruguay,1989,
united states,1989,
uzbekistan,1989,
st. vincent and the grenadines,1989,
"venezuela, rb",1989,
british virgin islands,1989,
virgin islands (u.s.),1989,
viet nam,1989,
vanuatu,1989,
world,1989,
samoa,1989,
kosovo,1989,
"yemen, rep.",1989,
south africa,1989,
zambia,1989,
zimbabwe,1989,
aruba,1990,0.0
africa eastern and southern,1990,
afghanistan,1990,0.0
africa western and central,1990,
angola,1990,0.0
albania,1990,0.0
andorra,1990,0.0
arab world,1990,
united arab emirates,1990,0.0
argentina,1990,0.0
armenia,1990,0.0
american samoa,1990,0.0
antigua and barbuda,1990,0.0
australia,1990,0.585
austria,1990,0.13
azerbaijan,1990,0.0
burundi,1990,0.0
belgium,1990,0.00101
benin,1990,0.0
burkina faso,1990,0.0
bangladesh,1990,0.0
bulgaria,1990,0.0
bahrain,1990,0.0
"bahamas, the",1990,0.0
bosnia and herzegovina,1990,0.0
belarus,1990,0.0
belize,1990,0.0
bermuda,1990,0.0
bolivia,1990,0.0
brazil,1990,0.0
barbados,1990,0.0
brunei darussalam,1990,0.0
bhutan,1990,0.0
botswana,1990,0.0
central african republic,1990,0.0
canada,1990,0.361
central europe and the baltics,1990,
switzerland,1990,0.596
channel islands,1990,
chile,1990,0.0
china,1990,0.0
cote d'ivoire,1990,0.0
cameroon,1990,0.0
"congo, dem. rep.",1990,0.0
"congo, rep.",1990,0.0
colombia,1990,0.0
comoros,1990,0.0
cabo verde,1990,0.0
costa rica,1990,0.0
caribbean small states,1990,
cuba,1990,0.0
curacao,1990,
cayman islands,1990,0.0
cyprus,1990,0.0
czechia,1990,0.0
germany,1990,0.126
djibouti,1990,0.0
dominica,1990,0.0
denmark,1990,0.0973
dominican republic,1990,0.0
algeria,1990,0.0
east asia & pacific (excluding high income),1990,
early-demographic dividend,1990,
east asia & pacific,1990,
europe & central asia (excluding high income),1990,
europe & central asia,1990,
ecuador,1990,0.0
"egypt, arab rep.",1990,0.0
euro area,1990,
eritrea,1990,0.0
spain,1990,0.0129
estonia,1990,0.0
ethiopia,1990,0.0
european union,1990,
fragile and conflict affected situations,1990,
finland,1990,0.401
fiji,1990,0.0
france,1990,0.0528
faroe islands,1990,0.0
"micronesia, fed. sts.",1990,0.0
gabon,1990,0.0
united kingdom,1990,0.0874
georgia,1990,0.0
ghana,1990,0.0
gibraltar,1990,0.0
guinea,1990,0.0
"gambia, the",1990,0.0
guinea-bissau,1990,0.0
equatorial guinea,1990,0.0
greece,1990,0.0
grenada,1990,0.0
greenland,1990,0.0
guatemala,1990,0.0
guam,1990,0.0
guyana,1990,0.0
high income,1990,
"hong kong sar, china",1990,0.0
honduras,1990,0.0
heavily indebted poor countries (hipc),1990,
croatia,1990,0.0
haiti,1990,0.0
hungary,1990,0.0
ibrd only,1990,
ida & ibrd total,1990,
ida total,1990,
ida blend,1990,
indonesia,1990,0.0
ida only,1990,
isle of man,1990,
india,1990,0.0
not classified,1990,
ireland,1990,0.0
"iran, islamic rep.",1990,0.0
iraq,1990,0.0
iceland,1990,0.0
israel,1990,0.111
italy,1990,0.0175
jamaica,1990,0.0
jordan,1990,0.0
japan,1990,0.0203
kazakhstan,1990,0.0
kenya,1990,0.0
kyrgyz republic,1990,0.0
cambodia,1990,0.0
kiribati,1990,0.0
st. kitts and nevis,1990,0.0
"korea, rep.",1990,0.0233
kuwait,1990,0.0
latin america & caribbean (excluding high income),1990,
lao pdr,1990,0.0
lebanon,1990,0.0
liberia,1990,0.0
libya,1990,0.0
st. lucia,1990,0.0
latin america & caribbean,1990,
least developed countries: un classification,1990,
low income,1990,
liechtenstein,1990,0.0
sri lanka,1990,0.0
lower middle income,1990,
low & middle income,1990,
lesotho,1990,0.0
late-demographic dividend,1990,
lithuania,1990,0.0
luxembourg,1990,0.0
latvia,1990,0.0
"macao sar, china",1990,0.0
st. martin (french part),1990,
morocco,1990,0.0
monaco,1990,0.0
moldova,1990,0.0
madagascar,1990,0.0
maldives,1990,0.0
"middle east, north africa, afghanistan & pakistan",1990,
mexico,1990,0.0
marshall islands,1990,0.0
middle income,1990,
north macedonia,1990,0.0
mali,1990,0.0
malta,1990,0.0
myanmar,1990,0.0
"middle east, north africa, afghanistan & pakistan (excluding high income)",1990,
montenegro,1990,
mongolia,1990,0.0
northern mariana islands,1990,0.0
mozambique,1990,0.0
mauritania,1990,0.0
mauritius,1990,0.0
malawi,1990,0.0
malaysia,1990,0.0
north america,1990,
namibia,1990,0.0
new caledonia,1990,0.0
niger,1990,0.0
nigeria,1990,0.0
nicaragua,1990,0.0
netherlands,1990,0.334
norway,1990,0.707
nepal,1990,0.0
nauru,1990,0.0
new zealand,1990,0.0
oecd members,1990,
oman,1990,0.0
other small states,1990,
pakistan,1990,0.0
panama,1990,0.0
peru,1990,0.0
philippines,1990,0.0
palau,1990,0.0
papua new guinea,1990,0.0
poland,1990,0.0
pre-demographic dividend,1990,
puerto rico (us),1990,0.0
"korea, dem. people's rep.",1990,0.0
portugal,1990,0.0
paraguay,1990,0.0
west bank and gaza,1990,0.0
pacific island small states,1990,
post-demographic dividend,1990,
french polynesia,1990,0.0
qatar,1990,0.0
romania,1990,0.0
russian federation,1990,0.0
rwanda,1990,0.0
south asia,1990,
saudi arabia,1990,0.0
sudan,1990,0.0
senegal,1990,0.0
singapore,1990,0.0
solomon islands,1990,0.0
sierra leone,1990,0.0
el salvador,1990,0.0
san marino,1990,0.0
"somalia, fed. rep.",1990,0.0
serbia,1990,
sub-saharan africa (excluding high income),1990,
south sudan,1990,
sub-saharan africa,1990,
small states,1990,
sao tome and principe,1990,0.0
suriname,1990,0.0
slovak republic,1990,0.0
slovenia,1990,0.0
sweden,1990,0.584
eswatini,1990,0.0
sint maarten (dutch part),1990,
seychelles,1990,0.0
syrian arab republic,1990,0.0
turks and caicos islands,1990,0.0
chad,1990,0.0
east asia & pacific (ida & ibrd countries),1990,
europe & central asia (ida & ibrd countries),1990,
togo,1990,0.0
thailand,1990,0.0
tajikistan,1990,0.0
turkmenistan,1990,0.0
latin america & the caribbean (ida & ibrd countries),1990,
timor-leste,1990,0.0
"middle east, north africa, afghanistan & pakistan (ida & ibrd)",1990,
tonga,1990,0.0
south asia (ida & ibrd),1990,
sub-saharan africa (ida & ibrd countries),1990,
trinidad and tobago,1990,0.0
tunisia,1990,0.0
turkiye,1990,0.0
tuvalu,1990,0.0
tanzania,1990,0.0
uganda,1990,0.0
ukraine,1990,0.0
upper middle income,1990,
uruguay,1990,0.0
united states,1990,0.785
uzbekistan,1990,0.0
st. vincent and the grenadines,1990,0.0
"venezuela, rb",1990,0.0
british virgin islands,1990,0.0
virgin islands (u.s.),1990,0.0
viet nam,1990,0.0
vanuatu,1990,0.0
world,1990,
samoa,1990,0.0
kosovo,1990,
"yemen, rep.",1990,0.0
south africa,1990,0.0
zambia,1990,0.0
zimbabwe,1990,0.0
aruba,1991,
africa eastern and southern,1991,
afghanistan,1991,
africa western and central,1991,
angola,1991,
albania,1991,
andorra,1991,
arab world,1991,
united arab emirates,1991,
argentina,1991,
armenia,1991,
american samoa,1991,
antigua and barbuda,1991,
australia,1991,1.1
austria,1991,0.259
azerbaijan,1991,
burundi,1991,0.0
belgium,1991,0.0201
benin,1991,
burkina faso,1991,
bangladesh,1991,
bulgaria,1991,
bahrain,1991,
"bahamas, the",1991,
bosnia and herzegovina,1991,
belarus,1991,
belize,1991,
bermuda,1991,
bolivia,1991,
brazil,1991,0.00329
barbados,1991,
brunei darussalam,1991,
bhutan,1991,
botswana,1991,0.0
central african republic,1991,
canada,1991,0.57
central europe and the baltics,1991,
switzerland,1991,1.18
channel islands,1991,
chile,1991,
china,1991,
cote d'ivoire,1991,
cameroon,1991,
"congo, dem. rep.",1991,
"congo, rep.",1991,
colombia,1991,
comoros,1991,
cabo verde,1991,
costa rica,1991,
caribbean small states,1991,
cuba,1991,
curacao,1991,
cayman islands,1991,
cyprus,1991,
czechia,1991,
germany,1991,0.25
djibouti,1991,
dominica,1991,
denmark,1991,0.194
dominican republic,1991,
algeria,1991,
east asia & pacific (excluding high income),1991,
early-demographic dividend,1991,
east asia & pacific,1991,
europe & central asia (excluding high income),1991,
europe & central asia,1991,
ecuador,1991,
"egypt, arab rep.",1991,
euro area,1991,
eritrea,1991,
spain,1991,0.0257
estonia,1991,
ethiopia,1991,
european union,1991,
fragile and conflict affected situations,1991,
finland,1991,1.4
fiji,1991,
france,1991,0.14
faroe islands,1991,
"micronesia, fed. sts.",1991,
gabon,1991,
united kingdom,1991,0.174
georgia,1991,
ghana,1991,
gibraltar,1991,
guinea,1991,
"gambia, the",1991,
guinea-bissau,1991,
equatorial guinea,1991,
greece,1991,0.0488
grenada,1991,0.0
greenland,1991,
guatemala,1991,
guam,1991,
guyana,1991,
high income,1991,
"hong kong sar, china",1991,0.121
honduras,1991,
heavily indebted poor countries (hipc),1991,
croatia,1991,
haiti,1991,
hungary,1991,0.00338
ibrd only,1991,
ida & ibrd total,1991,
ida total,1991,
ida blend,1991,
indonesia,1991,
ida only,1991,
isle of man,1991,
india,1991,
not classified,1991,
ireland,1991,0.0568
"iran, islamic rep.",1991,
iraq,1991,
iceland,1991,0.505
israel,1991,0.215
italy,1991,0.0351
jamaica,1991,
jordan,1991,
japan,1991,0.0404
kazakhstan,1991,
kenya,1991,
kyrgyz republic,1991,
cambodia,1991,
kiribati,1991,
st. kitts and nevis,1991,
"korea, rep.",1991,0.0461
kuwait,1991,
latin america & caribbean (excluding high income),1991,
lao pdr,1991,
lebanon,1991,
liberia,1991,
libya,1991,
st. lucia,1991,
latin america & caribbean,1991,
least developed countries: un classification,1991,
low income,1991,
liechtenstein,1991,
sri lanka,1991,
lower middle income,1991,
low & middle income,1991,
lesotho,1991,
late-demographic dividend,1991,
lithuania,1991,
luxembourg,1991,
latvia,1991,
"macao sar, china",1991,
st. martin (french part),1991,
morocco,1991,
monaco,1991,
moldova,1991,
madagascar,1991,
maldives,1991,0.0
"middle east, north africa, afghanistan & pakistan",1991,
mexico,1991,0.00588
marshall islands,1991,0.0
middle income,1991,
north macedonia,1991,
mali,1991,
malta,1991,
myanmar,1991,
"middle east, north africa, afghanistan & pakistan (excluding high income)",1991,
montenegro,1991,
mongolia,1991,
northern mariana islands,1991,
mozambique,1991,
mauritania,1991,
mauritius,1991,
malawi,1991,
malaysia,1991,
north america,1991,
namibia,1991,
new caledonia,1991,
niger,1991,
nigeria,1991,
nicaragua,1991,
netherlands,1991,0.531
norway,1991,1.41
nepal,1991,0.0
nauru,1991,
new zealand,1991,
oecd members,1991,
oman,1991,
other small states,1991,
pakistan,1991,
panama,1991,
peru,1991,
philippines,1991,
palau,1991,
papua new guinea,1991,
poland,1991,0.00523
pre-demographic dividend,1991,
puerto rico (us),1991,
"korea, dem. people's rep.",1991,
portugal,1991,0.1
paraguay,1991,
west bank and gaza,1991,
pacific island small states,1991,
post-demographic dividend,1991,
french polynesia,1991,
qatar,1991,
romania,1991,
russian federation,1991,
rwanda,1991,
south asia,1991,
saudi arabia,1991,
sudan,1991,
senegal,1991,
singapore,1991,0.162
solomon islands,1991,
sierra leone,1991,
el salvador,1991,
san marino,1991,
"somalia, fed. rep.",1991,
serbia,1991,
sub-saharan africa (excluding high income),1991,
south sudan,1991,
sub-saharan africa,1991,
small states,1991,
sao tome and principe,1991,
suriname,1991,
slovak republic,1991,
slovenia,1991,
sweden,1991,1.16
eswatini,1991,
sint maarten (dutch part),1991,
seychelles,1991,
syrian arab republic,1991,0.0
turks and caicos islands,1991,
chad,1991,
east asia & pacific (ida & ibrd countries),1991,
europe & central asia (ida & ibrd countries),1991,
togo,1991,0.0
thailand,1991,5.22e-05
tajikistan,1991,
turkmenistan,1991,
latin america & the caribbean (ida & ibrd countries),1991,
timor-leste,1991,
"middle east, north africa, afghanistan & pakistan (ida & ibrd)",1991,
tonga,1991,
south asia (ida & ibrd),1991,
sub-saharan africa (ida & ibrd countries),1991,
trinidad and tobago,1991,
tunisia,1991,
turkiye,1991,
tuvalu,1991,
tanzania,1991,
uganda,1991,
ukraine,1991,
upper middle income,1991,
uruguay,1991,
united states,1991,1.16
uzbekistan,1991,
st. vincent and the grenadines,1991,
"venezuela, rb",1991,
british virgin islands,1991,
virgin islands (u.s.),1991,
viet nam,1991,
vanuatu,1991,
world,1991,
samoa,1991,
kosovo,1991,
"yemen, rep.",1991,
south africa,1991,0.0133
zambia,1991,
zimbabwe,1991,
aruba,1992,
africa eastern and southern,1992,
afghanistan,1992,
africa western and central,1992,
angola,1992,
albania,1992,
andorra,1992,
arab world,1992,
united arab emirates,1992,
argentina,1992,0.00299
armenia,1992,
american samoa,1992,
antigua and barbuda,1992,
australia,1992,1.77
austria,1992,0.643
azerbaijan,1992,
burundi,1992,0.0
belgium,1992,0.1
benin,1992,
burkina faso,1992,
bangladesh,1992,
bulgaria,1992,
bahrain,1992,
"bahamas, the",1992,
bosnia and herzegovina,1992,
belarus,1992,
belize,1992,
bermuda,1992,
bolivia,1992,
brazil,1992,0.0129
barbados,1992,
brunei darussalam,1992,
bhutan,1992,
botswana,1992,
central african republic,1992,
canada,1992,0.916
central europe and the baltics,1992,
switzerland,1992,1.75
channel islands,1992,
chile,1992,0.0365
china,1992,
cote d'ivoire,1992,
cameroon,1992,
"congo, dem. rep.",1992,
"congo, rep.",1992,
colombia,1992,
comoros,1992,
cabo verde,1992,
costa rica,1992,0.00111
caribbean small states,1992,
cuba,1992,
curacao,1992,
cayman islands,1992,
cyprus,1992,0.0501
czechia,1992,
germany,1992,0.435
djibouti,1992,
dominica,1992,
denmark,1992,0.387
dominican republic,1992,
algeria,1992,
east asia & pacific (excluding high income),1992,
early-demographic dividend,1992,
east asia & pacific,1992,
europe & central asia (excluding high income),1992,
europe & central asia,1992,
ecuador,1992,0.00512
"egypt, arab rep.",1992,
euro area,1992,
eritrea,1992,
spain,1992,0.0768
estonia,1992,0.0655
ethiopia,1992,
european union,1992,
fragile and conflict affected situations,1992,
finland,1992,1.89
fiji,1992,
france,1992,0.279
faroe islands,1992,
"micronesia, fed. sts.",1992,
gabon,1992,
united kingdom,1992,0.261
georgia,1992,
ghana,1992,
gibraltar,1992,
guinea,1992,
"gambia, the",1992,
guinea-bissau,1992,
equatorial guinea,1992,
greece,1992,0.0483
grenada,1992,0.0
greenland,1992,
guatemala,1992,
guam,1992,
guyana,1992,
high income,1992,
"hong kong sar, china",1992,0.85
honduras,1992,
heavily indebted poor countries (hipc),1992,
croatia,1992,
haiti,1992,
hungary,1992,0.0484
ibrd only,1992,
ida & ibrd total,1992,
ida total,1992,
ida blend,1992,
indonesia,1992,
ida only,1992,
isle of man,1992,
india,1992,0.000111
not classified,1992,
ireland,1992,0.17
"iran, islamic rep.",1992,
iraq,1992,
iceland,1992,1.54
israel,1992,0.311
italy,1992,0.0701
jamaica,1992,
jordan,1992,
japan,1992,0.0967
kazakhstan,1992,
kenya,1992,
kyrgyz republic,1992,
cambodia,1992,
kiribati,1992,
st. kitts and nevis,1992,
"korea, rep.",1992,0.0984
kuwait,1992,
latin america & caribbean (excluding high income),1992,
lao pdr,1992,
lebanon,1992,
liberia,1992,
libya,1992,
st. lucia,1992,
latin america & caribbean,1992,
least developed countries: un classification,1992,
low income,1992,
liechtenstein,1992,
sri lanka,1992,
lower middle income,1992,
low & middle income,1992,
lesotho,1992,
late-demographic dividend,1992,
lithuania,1992,
luxembourg,1992,0.153
latvia,1992,
"macao sar, china",1992,
st. martin (french part),1992,
morocco,1992,
monaco,1992,
moldova,1992,
madagascar,1992,
maldives,1992,0.0
"middle east, north africa, afghanistan & pakistan",1992,
mexico,1992,0.0173
marshall islands,1992,0.0
middle income,1992,
north macedonia,1992,
mali,1992,
malta,1992,
myanmar,1992,
"middle east, north africa, afghanistan & pakistan (excluding high income)",1992,
montenegro,1992,
mongolia,1992,
northern mariana islands,1992,
mozambique,1992,
mauritania,1992,
mauritius,1992,
malawi,1992,
malaysia,1992,0.00105
north america,1992,
namibia,1992,
new caledonia,1992,
niger,1992,
nigeria,1992,
nicaragua,1992,
netherlands,1992,1.32
norway,1992,2.22
nepal,1992,0.0
nauru,1992,
new zealand,1992,0.286
oecd members,1992,
oman,1992,
other small states,1992,
pakistan,1992,
panama,1992,
peru,1992,
philippines,1992,
palau,1992,
papua new guinea,1992,
poland,1992,0.0521
pre-demographic dividend,1992,
puerto rico (us),1992,
"korea, dem. people's rep.",1992,
portugal,1992,0.25
paraguay,1992,
west bank and gaza,1992,
pacific island small states,1992,
post-demographic dividend,1992,
french polynesia,1992,
qatar,1992,
romania,1992,
russian federation,1992,0.000673
rwanda,1992,
south asia,1992,
saudi arabia,1992,
sudan,1992,
senegal,1992,
singapore,1992,0.471
solomon islands,1992,
sierra leone,1992,
el salvador,1992,
san marino,1992,
"somalia, fed. rep.",1992,
serbia,1992,
sub-saharan africa (excluding high income),1992,
south sudan,1992,
sub-saharan africa,1992,
small states,1992,
sao tome and principe,1992,
suriname,1992,
slovak republic,1992,
slovenia,1992,
sweden,1992,1.5
eswatini,1992,
sint maarten (dutch part),1992,
seychelles,1992,
syrian arab republic,1992,0.0
turks and caicos islands,1992,
chad,1992,
east asia & pacific (ida & ibrd countries),1992,
europe & central asia (ida & ibrd countries),1992,
togo,1992,0.0
thailand,1992,0.000344
tajikistan,1992,
turkmenistan,1992,
latin america & the caribbean (ida & ibrd countries),1992,
timor-leste,1992,
"middle east, north africa, afghanistan & pakistan (ida & ibrd)",1992,
tonga,1992,
south asia (ida & ibrd),1992,
sub-saharan africa (ida & ibrd countries),1992,
trinidad and tobago,1992,
tunisia,1992,
turkiye,1992,
tuvalu,1992,
tanzania,1992,
uganda,1992,
ukraine,1992,
upper middle income,1992,
uruguay,1992,
united states,1992,1.72
uzbekistan,1992,
st. vincent and the grenadines,1992,
"venezuela, rb",1992,0.0121
british virgin islands,1992,
virgin islands (u.s.),1992,
viet nam,1992,
vanuatu,1992,
world,1992,
samoa,1992,
kosovo,1992,
"yemen, rep.",1992,
south africa,1992,0.0389
zambia,1992,
zimbabwe,1992,
aruba,1993,
africa eastern and southern,1993,
afghanistan,1993,
africa western and central,1993,
angola,1993,
albania,1993,
andorra,1993,
arab world,1993,
united arab emirates,1993,
argentina,1993,0.0295
armenia,1993,
american samoa,1993,
antigua and barbuda,1993,
australia,1993,1.97
austria,1993,0.765
azerbaijan,1993,
burundi,1993,0.0
belgium,1993,0.199
benin,1993,
burkina faso,1993,
bangladesh,1993,
bulgaria,1993,0.00234
bahrain,1993,
"bahamas, the",1993,
bosnia and herzegovina,1993,
belarus,1993,
belize,1993,
bermuda,1993,
bolivia,1993,
brazil,1993,0.0255
barbados,1993,
brunei darussalam,1993,
bhutan,1993,
botswana,1993,
central african republic,1993,
canada,1993,1.18
central europe and the baltics,1993,
switzerland,1993,2.17
channel islands,1993,
chile,1993,0.0718
china,1993,0.000169
cote d'ivoire,1993,
cameroon,1993,
"congo, dem. rep.",1993,
"congo, rep.",1993,
colombia,1993,
comoros,1993,
cabo verde,1993,
costa rica,1993,0.0815
caribbean small states,1993,
cuba,1993,
curacao,1993,
cayman islands,1993,0.0
cyprus,1993,0.0564
czechia,1993,0.581
germany,1993,0.464
djibouti,1993,
dominica,1993,
denmark,1993,0.578
dominican republic,1993,
algeria,1993,
east asia & pacific (excluding high income),1993,
early-demographic dividend,1993,
east asia & pacific,1993,
europe & central asia (excluding high income),1993,
europe & central asia,1993,
ecuador,1993,0.0164
"egypt, arab rep.",1993,0.000976
euro area,1993,
eritrea,1993,0.0
spain,1993,0.128
estonia,1993,0.301
ethiopia,1993,
european union,1993,
fragile and conflict affected situations,1993,
finland,1993,2.57
fiji,1993,0.00668
france,1993,0.591
faroe islands,1993,
"micronesia, fed. sts.",1993,
gabon,1993,
united kingdom,1993,0.52
georgia,1993,
ghana,1993,
gibraltar,1993,
guinea,1993,
"gambia, the",1993,
guinea-bissau,1993,
equatorial guinea,1993,
greece,1993,0.191
grenada,1993,0.0
greenland,1993,
guatemala,1993,
guam,1993,
guyana,1993,
high income,1993,
"hong kong sar, china",1993,1.33
honduras,1993,
heavily indebted poor countries (hipc),1993,
croatia,1993,0.0972
haiti,1993,
hungary,1993,0.193
ibrd only,1993,
ida & ibrd total,1993,
ida total,1993,
ida blend,1993,
indonesia,1993,
ida only,1993,
isle of man,1993,
india,1993,0.000218
not classified,1993,
ireland,1993,0.281
"iran, islamic rep.",1993,
iraq,1993,
iceland,1993,2.67
israel,1993,0.399
italy,1993,0.122
jamaica,1993,
jordan,1993,
japan,1993,0.401
kazakhstan,1993,
kenya,1993,
kyrgyz republic,1993,
cambodia,1993,
kiribati,1993,
st. kitts and nevis,1993,
"korea, rep.",1993,0.25
kuwait,1993,0.0911
latin america & caribbean (excluding high income),1993,
lao pdr,1993,
lebanon,1993,
liberia,1993,
libya,1993,
st. lucia,1993,
latin america & caribbean,1993,
least developed countries: un classification,1993,
low income,1993,
liechtenstein,1993,
sri lanka,1993,
lower middle income,1993,
low & middle income,1993,
lesotho,1993,
late-demographic dividend,1993,
lithuania,1993,
luxembourg,1993,0.302
latvia,1993,
"macao sar, china",1993,
st. martin (french part),1993,
morocco,1993,
monaco,1993,
moldova,1993,
madagascar,1993,
maldives,1993,0.0
"middle east, north africa, afghanistan & pakistan",1993,
mexico,1993,0.0283
marshall islands,1993,0.0
middle income,1993,
north macedonia,1993,
mali,1993,
malta,1993,
myanmar,1993,
"middle east, north africa, afghanistan & pakistan (excluding high income)",1993,
montenegro,1993,
mongolia,1993,
northern mariana islands,1993,
mozambique,1993,
mauritania,1993,
mauritius,1993,
malawi,1993,
malaysia,1993,0.0255
north america,1993,
namibia,1993,
new caledonia,1993,
niger,1993,
nigeria,1993,
nicaragua,1993,
netherlands,1993,1.97
norway,1993,2.78
nepal,1993,0.0
nauru,1993,
new zealand,1993,0.631
oecd members,1993,
oman,1993,
other small states,1993,
pakistan,1993,
panama,1993,
peru,1993,
philippines,1993,
palau,1993,
papua new guinea,1993,
poland,1993,0.13
pre-demographic dividend,1993,
puerto rico (us),1993,
"korea, dem. people's rep.",1993,
portugal,1993,0.45
paraguay,1993,
west bank and gaza,1993,
pacific island small states,1993,
post-demographic dividend,1993,
french polynesia,1993,
qatar,1993,
romania,1993,0.0037
russian federation,1993,0.0134
rwanda,1993,
south asia,1993,
saudi arabia,1993,
sudan,1993,
senegal,1993,
singapore,1993,0.763
solomon islands,1993,
sierra leone,1993,0.0
el salvador,1993,
san marino,1993,
"somalia, fed. rep.",1993,
serbia,1993,
sub-saharan africa (excluding high income),1993,
south sudan,1993,
sub-saharan africa,1993,
small states,1993,
sao tome and principe,1993,
suriname,1993,
slovak republic,1993,0.128
slovenia,1993,0.41
sweden,1993,1.72
eswatini,1993,
sint maarten (dutch part),1993,
seychelles,1993,
syrian arab republic,1993,0.0
turks and caicos islands,1993,
chad,1993,
east asia & pacific (ida & ibrd countries),1993,
europe & central asia (ida & ibrd countries),1993,
togo,1993,0.0
thailand,1993,0.0136
tajikistan,1993,
turkmenistan,1993,
latin america & the caribbean (ida & ibrd countries),1993,
timor-leste,1993,
"middle east, north africa, afghanistan & pakistan (ida & ibrd)",1993,
tonga,1993,
south asia (ida & ibrd),1993,
sub-saharan africa (ida & ibrd countries),1993,
trinidad and tobago,1993,
tunisia,1993,
turkiye,1993,0.00846
tuvalu,1993,
tanzania,1993,
uganda,1993,
ukraine,1993,0.000777
upper middle income,1993,
uruguay,1993,
united states,1993,2.27
uzbekistan,1993,
st. vincent and the grenadines,1993,
"venezuela, rb",1993,0.0416
british virgin islands,1993,
virgin islands (u.s.),1993,
viet nam,1993,
vanuatu,1993,
world,1993,
samoa,1993,
kosovo,1993,
"yemen, rep.",1993,
south africa,1993,0.114
zambia,1993,
zimbabwe,1993,
aruba,1994,
africa eastern and southern,1994,
afghanistan,1994,
africa western and central,1994,
angola,1994,
albania,1994,
andorra,1994,
arab world,1994,
united arab emirates,1994,
argentina,1994,0.0437
armenia,1994,0.00912
american samoa,1994,
antigua and barbuda,1994,
australia,1994,2.23
austria,1994,1.39
azerbaijan,1994,0.00143
burundi,1994,0.0
belgium,1994,0.696
benin,1994,
burkina faso,1994,
bangladesh,1994,
bulgaria,1994,0.0195
bahrain,1994,
"bahamas, the",1994,
bosnia and herzegovina,1994,
belarus,1994,0.000486
belize,1994,
bermuda,1994,
bolivia,1994,
brazil,1994,0.0377
barbados,1994,
brunei darussalam,1994,
bhutan,1994,
botswana,1994,
central african republic,1994,
canada,1994,2.38
central europe and the baltics,1994,
switzerland,1994,2.72
channel islands,1994,
chile,1994,0.141
china,1994,0.00117
cote d'ivoire,1994,
cameroon,1994,
"congo, dem. rep.",1994,
"congo, rep.",1994,
colombia,1994,0.107
comoros,1994,
cabo verde,1994,
costa rica,1994,0.28
caribbean small states,1994,
cuba,1994,
curacao,1994,
cayman islands,1994,0.0
cyprus,1994,0.111
czechia,1994,1.26
germany,1994,0.923
djibouti,1994,
dominica,1994,
denmark,1994,1.34
dominican republic,1994,
algeria,1994,0.000361
east asia & pacific (excluding high income),1994,
early-demographic dividend,1994,
east asia & pacific,1994,
europe & central asia (excluding high income),1994,
europe & central asia,1994,
ecuador,1994,0.0348
"egypt, arab rep.",1994,0.00638
euro area,1994,
eritrea,1994,0.0
spain,1994,0.28
estonia,1994,1.16
ethiopia,1994,
european union,1994,
fragile and conflict affected situations,1994,
finland,1994,4.92
fiji,1994,0.00791
france,1994,0.9
faroe islands,1994,
"micronesia, fed. sts.",1994,
gabon,1994,
united kingdom,1994,1.04
georgia,1994,
ghana,1994,
gibraltar,1994,
guinea,1994,0.000138
"gambia, the",1994,
guinea-bissau,1994,
equatorial guinea,1994,
greece,1994,0.378
grenada,1994,0.0
greenland,1994,0.0647
guatemala,1994,
guam,1994,0.348
guyana,1994,
high income,1994,
"hong kong sar, china",1994,2.78
honduras,1994,
heavily indebted poor countries (hipc),1994,
croatia,1994,0.268
haiti,1994,
hungary,1994,0.484
ibrd only,1994,
ida & ibrd total,1994,
ida total,1994,
ida blend,1994,
indonesia,1994,0.00106
ida only,1994,
isle of man,1994,
india,1994,0.00107
not classified,1994,
ireland,1994,0.558
"iran, islamic rep.",1994,0.000408
iraq,1994,
iceland,1994,6.79
israel,1994,0.577
italy,1994,0.192
jamaica,1994,0.0368
jordan,1994,
japan,1994,0.8
kazakhstan,1994,0.000521
kenya,1994,
kyrgyz republic,1994,
cambodia,1994,
kiribati,1994,
st. kitts and nevis,1994,
"korea, rep.",1994,0.311
kuwait,1994,0.147
latin america & caribbean (excluding high income),1994,
lao pdr,1994,
lebanon,1994,
liberia,1994,
libya,1994,
st. lucia,1994,
latin america & caribbean,1994,
least developed countries: un classification,1994,
low income,1994,
liechtenstein,1994,
sri lanka,1994,0.00277
lower middle income,1994,
low & middle income,1994,
lesotho,1994,
late-demographic dividend,1994,
lithuania,1994,
luxembourg,1994,0.496
latvia,1994,
"macao sar, china",1994,0.037
st. martin (french part),1994,
morocco,1994,
monaco,1994,
moldova,1994,0.000825
madagascar,1994,
maldives,1994,0.0
"middle east, north africa, afghanistan & pakistan",1994,
mexico,1994,0.0433
marshall islands,1994,0.0
middle income,1994,
north macedonia,1994,
mali,1994,
malta,1994,
myanmar,1994,
"middle east, north africa, afghanistan & pakistan (excluding high income)",1994,
montenegro,1994,
mongolia,1994,
northern mariana islands,1994,
mozambique,1994,
mauritania,1994,
mauritius,1994,
malawi,1994,
malaysia,1994,0.0996
north america,1994,
namibia,1994,
new caledonia,1994,
niger,1994,
nigeria,1994,
nicaragua,1994,0.0132
netherlands,1994,3.26
norway,1994,4.15
nepal,1994,0.0
nauru,1994,
new zealand,1994,3.17
oecd members,1994,
oman,1994,
other small states,1994,
pakistan,1994,
panama,1994,0.00764
peru,1994,0.0085
philippines,1994,0.00584
palau,1994,
papua new guinea,1994,
poland,1994,0.389
pre-demographic dividend,1994,
puerto rico (us),1994,0.0273
"korea, dem. people's rep.",1994,
portugal,1994,0.719
paraguay,1994,
west bank and gaza,1994,
pacific island small states,1994,
post-demographic dividend,1994,
french polynesia,1994,
qatar,1994,
romania,1994,0.0263
russian federation,1994,0.0538
rwanda,1994,
south asia,1994,
saudi arabia,1994,
sudan,1994,0.0
senegal,1994,
singapore,1994,1.19
solomon islands,1994,
sierra leone,1994,0.0
el salvador,1994,
san marino,1994,
"somalia, fed. rep.",1994,
serbia,1994,
sub-saharan africa (excluding high income),1994,
south sudan,1994,
sub-saharan africa,1994,
small states,1994,
sao tome and principe,1994,
suriname,1994,
slovak republic,1994,0.319
slovenia,1994,1.07
sweden,1994,3.41
eswatini,1994,
sint maarten (dutch part),1994,
seychelles,1994,
syrian arab republic,1994,0.0
turks and caicos islands,1994,
chad,1994,
east asia & pacific (ida & ibrd countries),1994,
europe & central asia (ida & ibrd countries),1994,
togo,1994,0.0
thailand,1994,0.0386
tajikistan,1994,
turkmenistan,1994,
latin america & the caribbean (ida & ibrd countries),1994,
timor-leste,1994,
"middle east, north africa, afghanistan & pakistan (ida & ibrd)",1994,
tonga,1994,
south asia (ida & ibrd),1994,
sub-saharan africa (ida & ibrd countries),1994,
trinidad and tobago,1994,
tunisia,1994,0.00738
turkiye,1994,0.0499
tuvalu,1994,
tanzania,1994,
uganda,1994,
ukraine,1994,0.0136
upper middle income,1994,
uruguay,1994,0.0625
united states,1994,4.86
uzbekistan,1994,
st. vincent and the grenadines,1994,
"venezuela, rb",1994,0.0555
british virgin islands,1994,
virgin islands (u.s.),1994,0.941
viet nam,1994,
vanuatu,1994,
world,1994,
samoa,1994,
kosovo,1994,
"yemen, rep.",1994,
south africa,1994,0.247
zambia,1994,0.00678
zimbabwe,1994,0.00174
aruba,1995,
africa eastern and southern,1995,
afghanistan,1995,
africa western and central,1995,
angola,1995,
albania,1995,0.0112
andorra,1995,
arab world,1995,
united arab emirates,1995,0.103
argentina,1995,0.0863
armenia,1995,0.0527
american samoa,1995,
antigua and barbuda,1995,2.2
australia,1995,2.76
austria,1995,1.89
azerbaijan,1995,0.00206
burundi,1995,0.0
belgium,1995,0.992
benin,1995,
burkina faso,1995,
bangladesh,1995,
bulgaria,1995,0.12
bahrain,1995,0.346
"bahamas, the",1995,0.96
bosnia and herzegovina,1995,
belarus,1995,0.00292
belize,1995,0.0454
bermuda,1995,6.84
bolivia,1995,0.0668
brazil,1995,0.105
barbados,1995,0.00775
brunei darussalam,1995,1.02
bhutan,1995,
botswana,1995,0.0645
central african republic,1995,
canada,1995,4.16
central europe and the baltics,1995,
switzerland,1995,3.55
channel islands,1995,
chile,1995,0.347
china,1995,0.00495
cote d'ivoire,1995,0.0002
cameroon,1995,
"congo, dem. rep.",1995,
"congo, rep.",1995,
colombia,1995,0.188
comoros,1995,
cabo verde,1995,
costa rica,1995,0.417
caribbean small states,1995,
cuba,1995,9.17e-05
curacao,1995,
cayman islands,1995,3.95
cyprus,1995,0.41
czechia,1995,1.45
germany,1995,1.84
djibouti,1995,0.016
dominica,1995,0.549
denmark,1995,3.83
dominican republic,1995,0.0172
algeria,1995,0.00177
east asia & pacific (excluding high income),1995,
early-demographic dividend,1995,
east asia & pacific,1995,
europe & central asia (excluding high income),1995,
europe & central asia,1995,
ecuador,1995,0.0438
"egypt, arab rep.",1995,0.0313
euro area,1995,
eritrea,1995,0.0
spain,1995,0.381
estonia,1995,2.78
ethiopia,1995,1.75e-05
european union,1995,
fragile and conflict affected situations,1995,
finland,1995,13.9
fiji,1995,0.00912
france,1995,1.64
faroe islands,1995,0.0
"micronesia, fed. sts.",1995,
gabon,1995,
united kingdom,1995,1.9
georgia,1995,0.0118
ghana,1995,0.000348
gibraltar,1995,
guinea,1995,0.000669
"gambia, the",1995,0.00922
guinea-bissau,1995,
equatorial guinea,1995,
greece,1995,0.75
grenada,1995,0.0
greenland,1995,0.0539
guatemala,1995,0.003
guam,1995,0.66
guyana,1995,
high income,1995,
"hong kong sar, china",1995,3.22
honduras,1995,0.0368
heavily indebted poor countries (hipc),1995,
croatia,1995,0.514
haiti,1995,
hungary,1995,0.677
ibrd only,1995,
ida & ibrd total,1995,
ida total,1995,
ida blend,1995,
indonesia,1995,0.0261
ida only,1995,
isle of man,1995,
india,1995,0.0262
not classified,1995,
ireland,1995,1.11
"iran, islamic rep.",1995,0.00418
iraq,1995,
iceland,1995,11.2
israel,1995,0.93
italy,1995,0.524
jamaica,1995,0.109
jordan,1995,0.0232
japan,1995,1.59
kazakhstan,1995,0.0113
kenya,1995,0.000727
kyrgyz republic,1995,
cambodia,1995,
kiribati,1995,
st. kitts and nevis,1995,
"korea, rep.",1995,0.82
kuwait,1995,0.203
latin america & caribbean (excluding high income),1995,
lao pdr,1995,
lebanon,1995,0.0716
liberia,1995,
libya,1995,
st. lucia,1995,0.306
latin america & caribbean,1995,
least developed countries: un classification,1995,
low income,1995,
liechtenstein,1995,
sri lanka,1995,0.00548
lower middle income,1995,
low & middle income,1995,
lesotho,1995,
late-demographic dividend,1995,
lithuania,1995,
luxembourg,1995,1.59
latvia,1995,
"macao sar, china",1995,0.28
st. martin (french part),1995,
morocco,1995,0.00371
monaco,1995,
moldova,1995,0.00346
madagascar,1995,
maldives,1995,0.0
"middle east, north africa, afghanistan & pakistan",1995,
mexico,1995,0.103
marshall islands,1995,0.0
middle income,1995,
north macedonia,1995,0.0407
mali,1995,
malta,1995,0.225
myanmar,1995,
"middle east, north africa, afghanistan & pakistan (excluding high income)",1995,
montenegro,1995,
mongolia,1995,0.00881
northern mariana islands,1995,
mozambique,1995,
mauritania,1995,
mauritius,1995,
malawi,1995,
malaysia,1995,0.146
north america,1995,
namibia,1995,0.00617
new caledonia,1995,0.00518
niger,1995,
nigeria,1995,
nicaragua,1995,0.03
netherlands,1995,6.47
norway,1995,6.42
nepal,1995,0.000925
nauru,1995,
new zealand,1995,4.88
oecd members,1995,
oman,1995,
other small states,1995,
pakistan,1995,0.000123
panama,1995,0.0561
peru,1995,0.0334
philippines,1995,0.0286
palau,1995,
papua new guinea,1995,
poland,1995,0.648
pre-demographic dividend,1995,
puerto rico (us),1995,0.135
"korea, dem. people's rep.",1995,
portugal,1995,1.49
paraguay,1995,
west bank and gaza,1995,
pacific island small states,1995,
post-demographic dividend,1995,
french polynesia,1995,
qatar,1995,0.19
romania,1995,0.075
russian federation,1995,0.148
rwanda,1995,
south asia,1995,
saudi arabia,1995,0.011
sudan,1995,0.0
senegal,1995,0.000693
singapore,1995,2.87
solomon islands,1995,0.0249
sierra leone,1995,0.0
el salvador,1995,
san marino,1995,1.36
"somalia, fed. rep.",1995,0.0
serbia,1995,
sub-saharan africa (excluding high income),1995,
south sudan,1995,
sub-saharan africa,1995,
small states,1995,
sao tome and principe,1995,
suriname,1995,0.115
slovak republic,1995,0.523
slovenia,1995,2.9
sweden,1995,5.1
eswatini,1995,0.00103
sint maarten (dutch part),1995,
seychelles,1995,
syrian arab republic,1995,0.0
turks and caicos islands,1995,
chad,1995,
east asia & pacific (ida & ibrd countries),1995,
europe & central asia (ida & ibrd countries),1995,
togo,1995,0.0
thailand,1995,0.0748
tajikistan,1995,
turkmenistan,1995,
latin america & the caribbean (ida & ibrd countries),1995,
timor-leste,1995,
"middle east, north africa, afghanistan & pakistan (ida & ibrd)",1995,
tonga,1995,0.123
south asia (ida & ibrd),1995,
sub-saharan africa (ida & ibrd countries),1995,
trinidad and tobago,1995,0.158
tunisia,1995,0.0112
turkiye,1995,0.0817
tuvalu,1995,
tanzania,1995,
uganda,1995,0.00286
ukraine,1995,0.0431
upper middle income,1995,
uruguay,1995,0.31
united states,1995,9.24
uzbekistan,1995,0.00153
st. vincent and the grenadines,1995,0.129
"venezuela, rb",1995,0.122
british virgin islands,1995,
virgin islands (u.s.),1995,2.8
viet nam,1995,
vanuatu,1995,
world,1995,
samoa,1995,
kosovo,1995,
"yemen, rep.",1995,
south africa,1995,0.677
zambia,1995,0.00878
zimbabwe,1995,0.00768
aruba,1996,2.77
africa eastern and southern,1996,
afghanistan,1996,
africa western and central,1996,
angola,1996,0.000776
albania,1996,0.0322
andorra,1996,1.53
arab world,1996,
united arab emirates,1996,0.375
argentina,1996,0.142
armenia,1996,0.0946
american samoa,1996,
antigua and barbuda,1996,2.86
australia,1996,3.28
austria,1996,6.91
azerbaijan,1996,0.00635
burundi,1996,0.000804
belgium,1996,2.97
benin,1996,0.00169
burkina faso,1996,0.000961
bangladesh,1996,
bulgaria,1996,0.725
bahrain,1996,0.843
"bahamas, the",1996,1.75
bosnia and herzegovina,1996,0.0151
belarus,1996,0.0293
belize,1996,0.883
bermuda,1996,16.2
bolivia,1996,0.196
brazil,1996,0.451
barbados,1996,0.389
brunei darussalam,1996,3.3
bhutan,1996,
botswana,1996,0.157
central african republic,1996,0.00585
canada,1996,6.76
central europe and the baltics,1996,
switzerland,1996,4.55
channel islands,1996,
chile,1996,0.683
china,1996,0.0131
cote d'ivoire,1996,0.00841
cameroon,1996,
"congo, dem. rep.",1996,0.000108
"congo, rep.",1996,0.00353
colombia,1996,0.33
comoros,1996,
cabo verde,1996,
costa rica,1996,0.841
caribbean small states,1996,
cuba,1996,0.0319
curacao,1996,
cayman islands,1996,
cyprus,1996,0.673
czechia,1996,1.94
germany,1996,3.05
djibouti,1996,0.0312
dominica,1996,1.17
denmark,1996,5.71
dominican republic,1996,0.075
algeria,1996,0.00174
east asia & pacific (excluding high income),1996,
early-demographic dividend,1996,
east asia & pacific,1996,
europe & central asia (excluding high income),1996,
europe & central asia,1996,
ecuador,1996,0.0862
"egypt, arab rep.",1996,0.0615
euro area,1996,
eritrea,1996,0.0
spain,1996,1.33
estonia,1996,3.53
ethiopia,1996,0.0017
european union,1996,
fragile and conflict affected situations,1996,
finland,1996,16.8
fiji,1996,0.0644
france,1996,2.58
faroe islands,1996,2.32
"micronesia, fed. sts.",1996,0.278
gabon,1996,0.0
united kingdom,1996,4.12
georgia,1996,0.0401
ghana,1996,0.00565
gibraltar,1996,
guinea,1996,0.00195
"gambia, the",1996,0.0355
guinea-bissau,1996,
equatorial guinea,1996,
greece,1996,1.4
grenada,1996,0.298
greenland,1996,1.8
guatemala,1996,0.0195
guam,1996,1.36
guyana,1996,0.0659
high income,1996,
"hong kong sar, china",1996,4.75
honduras,1996,0.0437
heavily indebted poor countries (hipc),1996,
croatia,1996,0.859
haiti,1996,0.00748
hungary,1996,0.969
ibrd only,1996,
ida & ibrd total,1996,
ida total,1996,
ida blend,1996,
indonesia,1996,0.0566
ida only,1996,
isle of man,1996,
india,1996,0.0463
not classified,1996,
ireland,1996,2.2
"iran, islamic rep.",1996,0.0158
iraq,1996,
iceland,1996,14.8
israel,1996,2.17
italy,1996,1.02
jamaica,1996,0.591
jordan,1996,0.0449
japan,1996,4.37
kazakhstan,1996,0.0318
kenya,1996,0.00884
kyrgyz republic,1996,
cambodia,1996,
kiribati,1996,
st. kitts and nevis,1996,1.95
"korea, rep.",1996,1.62
kuwait,1996,0.856
latin america & caribbean (excluding high income),1996,
lao pdr,1996,
lebanon,1996,0.14
liberia,1996,
libya,1996,
st. lucia,1996,0.67
latin america & caribbean,1996,
least developed countries: un classification,1996,
low income,1996,
liechtenstein,1996,
sri lanka,1996,0.0545
lower middle income,1996,
low & middle income,1996,
lesotho,1996,0.00285
late-demographic dividend,1996,
lithuania,1996,0.277
luxembourg,1996,5.55
latvia,1996,0.813
"macao sar, china",1996,0.727
st. martin (french part),1996,
morocco,1996,0.00568
monaco,1996,
moldova,1996,0.00464
madagascar,1996,0.0037
maldives,1996,0.227
"middle east, north africa, afghanistan & pakistan",1996,
mexico,1996,0.2
marshall islands,1996,0.0371
middle income,1996,
north macedonia,1996,0.076
mali,1996,0.00206
malta,1996,1.05
myanmar,1996,
"middle east, north africa, afghanistan & pakistan (excluding high income)",1996,
montenegro,1996,
mongolia,1996,0.0182
northern mariana islands,1996,
mozambique,1996,0.00304
mauritania,1996,
mauritius,1996,0.184
malawi,1996,
malaysia,1996,0.852
north america,1996,
namibia,1996,0.00903
new caledonia,1996,0.253
niger,1996,0.00104
nigeria,1996,0.00883
nicaragua,1996,0.0841
netherlands,1996,9.65
norway,1996,18.3
nepal,1996,0.00451
nauru,1996,
new zealand,1996,8.04
oecd members,1996,
oman,1996,0.0
other small states,1996,
pakistan,1996,0.00299
panama,1996,0.22
peru,1996,0.246
philippines,1996,0.0559
palau,1996,
papua new guinea,1996,0.00207
poland,1996,1.3
pre-demographic dividend,1996,
puerto rico (us),1996,0.268
"korea, dem. people's rep.",1996,
portugal,1996,2.98
paraguay,1996,0.0204
west bank and gaza,1996,
pacific island small states,1996,
post-demographic dividend,1996,
french polynesia,1996,0.091
qatar,1996,0.93
romania,1996,0.222
russian federation,1996,0.27
rwanda,1996,0.000883
south asia,1996,
saudi arabia,1996,0.0267
sudan,1996,0.0
senegal,1996,0.0112
singapore,1996,8.35
solomon islands,1996,0.269
sierra leone,1996,0.00251
el salvador,1996,0.0864
san marino,1996,1.43
"somalia, fed. rep.",1996,0.00151
serbia,1996,
sub-saharan africa (excluding high income),1996,
south sudan,1996,
sub-saharan africa,1996,
small states,1996,
sao tome and principe,1996,
suriname,1996,0.226
slovak republic,1996,0.783
slovenia,1996,5.07
sweden,1996,9.04
eswatini,1996,0.0504
sint maarten (dutch part),1996,
seychelles,1996,0.651
syrian arab republic,1996,0.0
turks and caicos islands,1996,
chad,1996,
east asia & pacific (ida & ibrd countries),1996,
europe & central asia (ida & ibrd countries),1996,
togo,1996,0.0109
thailand,1996,0.115
tajikistan,1996,
turkmenistan,1996,
latin america & the caribbean (ida & ibrd countries),1996,
timor-leste,1996,
"middle east, north africa, afghanistan & pakistan (ida & ibrd)",1996,
tonga,1996,0.164
south asia (ida & ibrd),1996,
sub-saharan africa (ida & ibrd countries),1996,
trinidad and tobago,1996,0.393
tunisia,1996,0.0276
turkiye,1996,0.193
tuvalu,1996,
tanzania,1996,0.00162
uganda,1996,0.00463
ukraine,1996,0.0986
upper middle income,1996,
uruguay,1996,1.85
united states,1996,16.4
uzbekistan,1996,0.00429
st. vincent and the grenadines,1996,0.483
"venezuela, rb",1996,0.248
british virgin islands,1996,
virgin islands (u.s.),1996,4.65
viet nam,1996,0.000135
vanuatu,1996,0.0568
world,1996,
samoa,1996,
kosovo,1996,
"yemen, rep.",1996,0.000621
south africa,1996,0.842
zambia,1996,0.00907
zimbabwe,1996,0.0168
aruba,1997,
africa eastern and southern,1997,
afghanistan,1997,
africa western and central,1997,
angola,1997,0.00567
albania,1997,0.0486
andorra,1997,3.05
arab world,1997,
united arab emirates,1997,3.3
argentina,1997,0.28
armenia,1997,0.112
american samoa,1997,
antigua and barbuda,1997,3.48
australia,1997,16.4
austria,1997,9.53
azerbaijan,1997,0.0252
burundi,1997,0.00798
belgium,1997,4.94
benin,1997,0.0246
burkina faso,1997,0.0187
bangladesh,1997,0.000751
bulgaria,1997,1.22
bahrain,1997,1.65
"bahamas, the",1997,1.36
bosnia and herzegovina,1997,0.0594
belarus,1997,0.049
belize,1997,1.29
bermuda,1997,24.2
bolivia,1997,0.448
brazil,1997,0.786
barbados,1997,0.783
brunei darussalam,1997,4.83
bhutan,1997,
botswana,1997,0.308
central african republic,1997,0.0143
canada,1997,15.1
central europe and the baltics,1997,
switzerland,1997,15.1
channel islands,1997,
chile,1997,1.06
china,1997,0.0324
cote d'ivoire,1997,0.0188
cameroon,1997,0.00677
"congo, dem. rep.",1997,0.000211
"congo, rep.",1997,0.00347
colombia,1997,0.551
comoros,1997,0.0
cabo verde,1997,0.241
costa rica,1997,1.64
caribbean small states,1997,
cuba,1997,0.0682
curacao,1997,
cayman islands,1997,
cyprus,1997,4.38
czechia,1997,2.92
germany,1997,6.71
djibouti,1997,0.0829
dominica,1997,
denmark,1997,11.4
dominican republic,1997,0.143
algeria,1997,0.0103
east asia & pacific (excluding high income),1997,
early-demographic dividend,1997,
east asia & pacific,1997,
europe & central asia (excluding high income),1997,
europe & central asia,1997,
ecuador,1997,0.11
"egypt, arab rep.",1997,0.0905
euro area,1997,
eritrea,1997,0.00902
spain,1997,2.8
estonia,1997,5.71
ethiopia,1997,0.00497
european union,1997,
fragile and conflict affected situations,1997,
finland,1997,19.5
fiji,1997,0.223
france,1997,4.26
faroe islands,1997,4.6
"micronesia, fed. sts.",1997,0.571
gabon,1997,0.048
united kingdom,1997,7.39
georgia,1997,0.0609
ghana,1997,0.0275
gibraltar,1997,2.66
guinea,1997,0.0038
"gambia, the",1997,0.0513
guinea-bissau,1997,0.0164
equatorial guinea,1997,0.0415
greece,1997,1.85
grenada,1997,0.991
greenland,1997,7.95
guatemala,1997,0.0955
guam,1997,2.34
guyana,1997,0.132
high income,1997,
"hong kong sar, china",1997,10.5
honduras,1997,0.171
heavily indebted poor countries (hipc),1997,
croatia,1997,1.73
haiti,1997,
hungary,1997,1.94
ibrd only,1997,
ida & ibrd total,1997,
ida total,1997,
ida blend,1997,
indonesia,1997,0.195
ida only,1997,
isle of man,1997,
india,1997,0.0708
not classified,1997,
ireland,1997,4.09
"iran, islamic rep.",1997,0.0468
iraq,1997,
iceland,1997,27.5
israel,1997,4.4
italy,1997,2.28
jamaica,1997,0.798
jordan,1997,0.599
japan,1997,9.16
kazakhstan,1997,0.0646
kenya,1997,0.0344
kyrgyz republic,1997,
cambodia,1997,0.00584
kiribati,1997,
st. kitts and nevis,1997,2.26
"korea, rep.",1997,3.6
kuwait,1997,2.17
latin america & caribbean (excluding high income),1997,
lao pdr,1997,
lebanon,1997,1.24
liberia,1997,0.00449
libya,1997,
st. lucia,1997,0.992
latin america & caribbean,1997,
least developed countries: un classification,1997,
low income,1997,
liechtenstein,1997,
sri lanka,1997,0.162
lower middle income,1997,
low & middle income,1997,
lesotho,1997,0.00558
late-demographic dividend,1997,
lithuania,1997,0.978
luxembourg,1997,7.14
latvia,1997,2.05
"macao sar, china",1997,2.36
st. martin (french part),1997,
morocco,1997,0.0216
monaco,1997,
moldova,1997,0.0281
madagascar,1997,0.0143
maldives,1997,0.309
"middle east, north africa, afghanistan & pakistan",1997,
mexico,1997,0.627
marshall islands,1997,
middle income,1997,
north macedonia,1997,0.504
mali,1997,0.0101
malta,1997,3.92
myanmar,1997,
"middle east, north africa, afghanistan & pakistan (excluding high income)",1997,
montenegro,1997,
mongolia,1997,0.113
northern mariana islands,1997,
mozambique,1997,0.0118
mauritania,1997,0.00417
mauritius,1997,0.476
malawi,1997,0.00467
malaysia,1997,2.31
north america,1997,
namibia,1997,0.0588
new caledonia,1997,0.989
niger,1997,0.00201
nigeria,1997,0.0172
nicaragua,1997,0.206
netherlands,1997,14.1
norway,1997,20.4
nepal,1997,0.022
nauru,1997,
new zealand,1997,14.6
oecd members,1997,
oman,1997,0.44
other small states,1997,
pakistan,1997,0.0275
panama,1997,0.539
peru,1997,0.403
philippines,1997,0.137
palau,1997,
papua new guinea,1997,0.101
poland,1997,2.07
pre-demographic dividend,1997,
puerto rico (us),1997,1.33
"korea, dem. people's rep.",1997,0.0
portugal,1997,4.95
paraguay,1997,0.0996
west bank and gaza,1997,
pacific island small states,1997,
post-demographic dividend,1997,
french polynesia,1997,0.214
qatar,1997,3.08
romania,1997,0.445
russian federation,1997,0.473
rwanda,1997,0.00163
south asia,1997,
saudi arabia,1997,0.0521
sudan,1997,0.00123
senegal,1997,0.0273
singapore,1997,13.5
solomon islands,1997,0.392
sierra leone,1997,0.00499
el salvador,1997,0.257
san marino,1997,1.42
"somalia, fed. rep.",1997,0.00295
serbia,1997,
sub-saharan africa (excluding high income),1997,
south sudan,1997,
sub-saharan africa,1997,
small states,1997,
sao tome and principe,1997,
suriname,1997,1.0
slovak republic,1997,1.17
slovenia,1997,7.59
sweden,1997,23.7
eswatini,1997,0.0885
sint maarten (dutch part),1997,
seychelles,1997,1.28
syrian arab republic,1997,0.0326
turks and caicos islands,1997,
chad,1997,0.000658
east asia & pacific (ida & ibrd countries),1997,
europe & central asia (ida & ibrd countries),1997,
togo,1997,0.211
thailand,1997,0.361
tajikistan,1997,
turkmenistan,1997,
latin america & the caribbean (ida & ibrd countries),1997,
timor-leste,1997,
"middle east, north africa, afghanistan & pakistan (ida & ibrd)",1997,
tonga,1997,0.511
south asia (ida & ibrd),1997,
sub-saharan africa (ida & ibrd countries),1997,
trinidad and tobago,1997,1.17
tunisia,1997,0.0437
turkiye,1997,0.474
tuvalu,1997,
tanzania,1997,0.0079
uganda,1997,0.0103
ukraine,1997,0.199
upper middle income,1997,
uruguay,1997,3.36
united states,1997,21.6
uzbekistan,1997,0.0105
st. vincent and the grenadines,1997,0.926
"venezuela, rb",1997,0.391
british virgin islands,1997,
virgin islands (u.s.),1997,6.95
viet nam,1997,0.00398
vanuatu,1997,0.14
world,1997,
samoa,1997,0.175
kosovo,1997,
"yemen, rep.",1997,0.015
south africa,1997,1.63
zambia,1997,0.00933
zimbabwe,1997,0.0331
aruba,1998,
africa eastern and southern,1998,
afghanistan,1998,
africa western and central,1998,
angola,1998,0.0185
albania,1998,0.065
andorra,1998,6.89
arab world,1998,
united arab emirates,1998,6.91
argentina,1998,0.831
armenia,1998,0.129
american samoa,1998,
antigua and barbuda,1998,4.07
australia,1998,30.8
austria,1998,15.4
azerbaijan,1998,0.0375
burundi,1998,0.0158
belgium,1998,7.89
benin,1998,0.0479
burkina faso,1998,0.0454
bangladesh,1998,0.00368
bulgaria,1998,1.84
bahrain,1998,3.22
"bahamas, the",1998,2.34
bosnia and herzegovina,1998,0.144
belarus,1998,0.0739
belize,1998,2.09
bermuda,1998,32.1
bolivia,1998,0.626
brazil,1998,1.48
barbados,1998,1.97
brunei darussalam,1998,6.28
bhutan,1998,
botswana,1998,0.602
central african republic,1998,0.0279
canada,1998,24.9
central europe and the baltics,1998,
switzerland,1998,24.8
channel islands,1998,
chile,1998,1.66
china,1998,0.169
cote d'ivoire,1998,0.061
cameroon,1998,0.0132
"congo, dem. rep.",1998,0.000413
"congo, rep.",1998,0.00342
colombia,1998,1.13
comoros,1998,0.0379
cabo verde,1998,0.473
costa rica,1998,2.67
caribbean small states,1998,
cuba,1998,0.227
curacao,1998,
cayman islands,1998,
cyprus,1998,8.89
czechia,1998,3.9
germany,1998,9.88
djibouti,1998,0.0947
dominica,1998,2.93
denmark,1998,22.7
dominican republic,1998,0.234
algeria,1998,0.0202
east asia & pacific (excluding high income),1998,
early-demographic dividend,1998,
east asia & pacific,1998,
europe & central asia (excluding high income),1998,
europe & central asia,1998,
ecuador,1998,0.125
"egypt, arab rep.",1998,0.148
euro area,1998,
eritrea,1998,0.00877
spain,1998,4.36
estonia,1998,10.8
ethiopia,1998,0.00966
european union,1998,
fragile and conflict affected situations,1998,
finland,1998,25.5
fiji,1998,0.633
france,1998,6.32
faroe islands,1998,11.3
"micronesia, fed. sts.",1998,1.86
gabon,1998,0.17
united kingdom,1998,13.7
georgia,1998,0.103
ghana,1998,0.0322
gibraltar,1998,4.18
guinea,1998,0.0062
"gambia, the",1998,0.206
guinea-bissau,1998,0.0241
equatorial guinea,1998,0.0944
greece,1998,3.22
grenada,1998,1.48
greenland,1998,14.7
guatemala,1998,0.467
guam,1998,4.5
guyana,1998,0.264
high income,1998,
"hong kong sar, china",1998,14.5
honduras,1998,0.301
heavily indebted poor countries (hipc),1998,
croatia,1998,3.27
haiti,1998,0.024
hungary,1998,3.89
ibrd only,1998,
ida & ibrd total,1998,
ida total,1998,
ida blend,1998,
indonesia,1998,0.255
ida only,1998,
isle of man,1998,
india,1998,0.139
not classified,1998,
ireland,1998,8.1
"iran, islamic rep.",1998,0.0998
iraq,1998,
iceland,1998,36.3
israel,1998,10.3
italy,1998,4.56
jamaica,1998,1.98
jordan,1998,1.31
japan,1998,13.4
kazakhstan,1998,0.131
kenya,1998,0.0503
kyrgyz republic,1998,0.0728
cambodia,1998,0.0163
kiribati,1998,0.617
st. kitts and nevis,1998,3.34
"korea, rep.",1998,6.78
kuwait,1998,3.05
latin america & caribbean (excluding high income),1998,
lao pdr,1998,0.00966
lebanon,1998,2.72
liberia,1998,0.0041
libya,1998,
st. lucia,1998,1.3
latin america & caribbean,1998,
least developed countries: un classification,1998,
low income,1998,
liechtenstein,1998,
sri lanka,1998,0.296
lower middle income,1998,
low & middle income,1998,
lesotho,1998,0.011
late-demographic dividend,1998,
lithuania,1998,1.97
luxembourg,1998,11.7
latvia,1998,3.32
"macao sar, china",1998,7.0
st. martin (french part),1998,
morocco,1998,0.142
monaco,1998,
moldova,1998,0.261
madagascar,1998,0.0626
maldives,1998,0.57
"middle east, north africa, afghanistan & pakistan",1998,
mexico,1998,1.27
marshall islands,1998,
middle income,1998,
north macedonia,1998,1.0
mali,1998,0.0198
malta,1998,6.5
myanmar,1998,
"middle east, north africa, afghanistan & pakistan (excluding high income)",1998,
montenegro,1998,
mongolia,1998,0.146
northern mariana islands,1998,
mozambique,1998,0.0202
mauritania,1998,0.0406
mauritius,1998,2.57
malawi,1998,0.0181
malaysia,1998,6.75
north america,1998,
namibia,1998,0.287
new caledonia,1998,1.94
niger,1998,0.00291
nigeria,1998,0.0252
nicaragua,1998,0.304
netherlands,1998,22.2
norway,1998,22.6
nepal,1998,0.0644
nauru,1998,
new zealand,1998,31.6
oecd members,1998,
oman,1998,0.863
other small states,1998,
pakistan,1998,0.0439
panama,1998,2.75
peru,1998,1.19
philippines,1998,1.1
palau,1998,
papua new guinea,1998,0.235
poland,1998,4.1
pre-demographic dividend,1998,
puerto rico (us),1998,2.65
"korea, dem. people's rep.",1998,0.0
portugal,1998,9.87
paraguay,1998,0.195
west bank and gaza,1998,
pacific island small states,1998,
post-demographic dividend,1998,
french polynesia,1998,1.32
qatar,1998,3.52
romania,1998,2.24
russian federation,1998,0.813
rwanda,1998,0.0118
south asia,1998,
saudi arabia,1998,0.101
sudan,1998,0.00481
senegal,1998,0.0799
singapore,1998,19.6
solomon islands,1998,0.508
sierra leone,1998,0.0148
el salvador,1998,0.425
san marino,1998,1.41
"somalia, fed. rep.",1998,0.00716
serbia,1998,
sub-saharan africa (excluding high income),1998,
south sudan,1998,
sub-saharan africa,1998,
small states,1998,
sao tome and principe,1998,0.296
suriname,1998,1.67
slovak republic,1998,2.69
slovenia,1998,10.1
sweden,1998,33.5
eswatini,1998,0.0961
sint maarten (dutch part),1998,
seychelles,1998,2.53
syrian arab republic,1998,0.0637
turks and caicos islands,1998,
chad,1998,0.00427
east asia & pacific (ida & ibrd countries),1998,
europe & central asia (ida & ibrd countries),1998,
togo,1998,0.306
thailand,1998,1.09
tajikistan,1998,
turkmenistan,1998,
latin america & the caribbean (ida & ibrd countries),1998,
timor-leste,1998,
"middle east, north africa, afghanistan & pakistan (ida & ibrd)",1998,
tonga,1998,0.765
south asia (ida & ibrd),1998,
sub-saharan africa (ida & ibrd countries),1998,
trinidad and tobago,1998,2.72
tunisia,1998,0.108
turkiye,1998,0.699
tuvalu,1998,
tanzania,1998,0.00924
uganda,1998,0.0653
ukraine,1998,0.301
upper middle income,1998,
uruguay,1998,6.99
united states,1998,30.1
uzbekistan,1998,0.0208
st. vincent and the grenadines,1998,1.85
"venezuela, rb",1998,1.38
british virgin islands,1998,
virgin islands (u.s.),1998,9.25
viet nam,1998,0.0131
vanuatu,1998,0.274
world,1998,
samoa,1998,0.23
kosovo,1998,
"yemen, rep.",1998,0.0233
south africa,1998,2.91
zambia,1998,0.0302
zimbabwe,1998,0.0816
aruba,1999,4.51
africa eastern and southern,1999,
afghanistan,1999,
africa western and central,1999,
angola,1999,0.072
albania,1999,0.0814
andorra,1999,7.64
arab world,1999,
united arab emirates,1999,14.9
argentina,1999,3.28
armenia,1999,0.971
american samoa,1999,
antigua and barbuda,1999,5.3
australia,1999,40.8
austria,1999,23.0
azerbaijan,1999,0.0992
burundi,1999,0.0392
belgium,1999,13.8
benin,1999,0.155
burkina faso,1999,0.0618
bangladesh,1999,0.0362
bulgaria,1999,2.91
bahrain,1999,4.72
"bahamas, the",1999,3.76
bosnia and herzegovina,1999,0.194
belarus,1999,0.495
belize,1999,4.08
bermuda,1999,39.9
bolivia,1999,0.982
brazil,1999,2.04
barbados,1999,2.38
brunei darussalam,1999,7.67
bhutan,1999,0.138
botswana,1999,1.12
central african republic,1999,0.0409
canada,1999,36.2
central europe and the baltics,1999,
switzerland,1999,34.0
channel islands,1999,
chile,1999,4.1
china,1999,0.708
cote d'ivoire,1999,0.119
cameroon,1999,0.129
"congo, dem. rep.",1999,0.00101
"congo, rep.",1999,0.0168
colombia,1999,1.7
comoros,1999,0.148
cabo verde,1999,1.16
costa rica,1999,3.9
caribbean small states,1999,
cuba,1999,0.315
curacao,1999,
cayman islands,1999,
cyprus,1999,11.3
czechia,1999,6.83
germany,1999,20.8
djibouti,1999,0.106
dominica,1999,2.93
denmark,1999,30.6
dominican republic,1999,1.1
algeria,1999,0.2
east asia & pacific (excluding high income),1999,
early-demographic dividend,1999,
east asia & pacific,1999,
europe & central asia (excluding high income),1999,
europe & central asia,1999,
ecuador,1999,0.823
"egypt, arab rep.",1999,0.29
euro area,1999,
eritrea,1999,0.0255
spain,1999,7.09
estonia,1999,14.5
ethiopia,1999,0.0125
european union,1999,
fragile and conflict affected situations,1999,
finland,1999,32.3
fiji,1999,0.942
france,1999,9.13
faroe islands,1999,22.3
"micronesia, fed. sts.",1999,2.8
gabon,1999,0.249
united kingdom,1999,21.3
georgia,1999,0.416
ghana,1999,0.105
gibraltar,1999,5.94
guinea,1999,0.0608
"gambia, the",1999,0.716
guinea-bissau,1999,0.118
equatorial guinea,1999,0.0974
greece,1999,6.88
grenada,1999,2.47
greenland,1999,21.6
guatemala,1999,0.593
guam,1999,8.5
guyana,1999,0.4
high income,1999,
"hong kong sar, china",1999,21.2
honduras,1999,0.574
heavily indebted poor countries (hipc),1999,
croatia,1999,4.41
haiti,1999,0.0707
hungary,1999,5.86
ibrd only,1999,
ida & ibrd total,1999,
ida total,1999,
ida blend,1999,
indonesia,1999,0.444
ida only,1999,
isle of man,1999,
india,1999,0.273
not classified,1999,
ireland,1999,10.9
"iran, islamic rep.",1999,0.379
iraq,1999,
iceland,1999,41.3
israel,1999,13.4
italy,1999,14.4
jamaica,1999,2.36
jordan,1999,2.53
japan,1999,21.4
kazakhstan,1999,0.464
kenya,1999,0.114
kyrgyz republic,1999,0.205
cambodia,1999,0.032
kiribati,1999,1.21
st. kitts and nevis,1999,4.4
"korea, rep.",1999,23.6
kuwait,1999,4.76
latin america & caribbean (excluding high income),1999,
lao pdr,1999,0.0378
lebanon,1999,5.38
liberia,1999,0.0113
libya,1999,0.134
st. lucia,1999,1.93
latin america & caribbean,1999,
least developed countries: un classification,1999,
low income,1999,
liechtenstein,1999,
sri lanka,1999,0.348
lower middle income,1999,
low & middle income,1999,
lesotho,1999,0.0538
late-demographic dividend,1999,
lithuania,1999,2.92
luxembourg,1999,17.4
latvia,1999,4.39
"macao sar, china",1999,9.21
st. martin (french part),1999,
morocco,1999,0.176
monaco,1999,
moldova,1999,0.601
madagascar,1999,0.169
maldives,1999,1.12
"middle east, north africa, afghanistan & pakistan",1999,
mexico,1999,1.86
marshall islands,1999,0.966
middle income,1999,
north macedonia,1999,1.5
mali,1999,0.0609
malta,1999,7.76
myanmar,1999,0.000152
"middle east, north africa, afghanistan & pakistan (excluding high income)",1999,
montenegro,1999,
mongolia,1999,0.508
northern mariana islands,1999,
mozambique,1999,0.0563
mauritania,1999,0.118
mauritius,1999,4.65
malawi,1999,0.0873
malaysia,1999,12.3
north america,1999,
namibia,1999,0.336
new caledonia,1999,5.69
niger,1999,0.0281
nigeria,1999,0.041
nicaragua,1999,0.498
netherlands,1999,39.2
norway,1999,40.0
nepal,1999,0.147
nauru,1999,
new zealand,1999,41.5
oecd members,1999,
oman,1999,2.52
other small states,1999,
pakistan,1999,0.0554
panama,1999,3.84
peru,1999,1.95
philippines,1999,1.43
palau,1999,
papua new guinea,1999,0.667
poland,1999,5.46
pre-demographic dividend,1999,
puerto rico (us),1999,5.27
"korea, dem. people's rep.",1999,0.0
portugal,1999,14.7
paraguay,1999,0.382
west bank and gaza,1999,
pacific island small states,1999,
post-demographic dividend,1999,
french polynesia,1999,3.45
qatar,1999,4.07
romania,1999,2.7
russian federation,1999,1.02
rwanda,1999,0.0672
south asia,1999,
saudi arabia,1999,0.494
sudan,1999,0.00879
senegal,1999,0.311
singapore,1999,24.2
solomon islands,1999,0.495
sierra leone,1999,0.0485
el salvador,1999,0.845
san marino,1999,42.8
"somalia, fed. rep.",1999,0.0139
serbia,1999,
sub-saharan africa (excluding high income),1999,
south sudan,1999,
sub-saharan africa,1999,
small states,1999,
sao tome and principe,1999,0.363
suriname,1999,1.89
slovak republic,1999,5.44
slovenia,1999,12.6
sweden,1999,41.4
eswatini,1999,0.471
sint maarten (dutch part),1999,
seychelles,1999,6.23
syrian arab republic,1999,0.124
turks and caicos islands,1999,
chad,1999,0.0123
east asia & pacific (ida & ibrd countries),1999,
europe & central asia (ida & ibrd countries),1999,
togo,1999,0.59
thailand,1999,2.43
tajikistan,1999,0.0328
turkmenistan,1999,0.045
latin america & the caribbean (ida & ibrd countries),1999,
timor-leste,1999,
"middle east, north africa, afghanistan & pakistan (ida & ibrd)",1999,
tonga,1999,1.02
south asia (ida & ibrd),1999,
sub-saharan africa (ida & ibrd countries),1999,
trinidad and tobago,1999,5.81
tunisia,1999,1.6
turkiye,1999,2.29
tuvalu,1999,
tanzania,1999,0.0751
uganda,1999,0.106
ukraine,1999,0.405
upper middle income,1999,
uruguay,1999,9.97
united states,1999,35.8
uzbekistan,1999,0.0307
st. vincent and the grenadines,1999,2.78
"venezuela, rb",1999,2.84
british virgin islands,1999,
virgin islands (u.s.),1999,11.1
viet nam,1999,0.129
vanuatu,1999,0.538
world,1999,
samoa,1999,0.285
kosovo,1999,
"yemen, rep.",1999,0.0566
south africa,1999,4.12
zambia,1999,0.147
zimbabwe,1999,0.162
aruba,2000,15.4428
africa eastern and southern,2000,
afghanistan,2000,
africa western and central,2000,
angola,2000,0.105046
albania,2000,0.114097
andorra,2000,10.5388
arab world,2000,
united arab emirates,2000,23.6253
argentina,2000,7.03868
armenia,2000,1.30047
american samoa,2000,
antigua and barbuda,2000,6.48223
australia,2000,46.7561
austria,2000,33.7301
azerbaijan,2000,0.147758
burundi,2000,0.0772484
belgium,2000,29.4317
benin,2000,0.225248
burkina faso,2000,0.0770802
bangladesh,2000,0.0710394
bulgaria,2000,5.37092
bahrain,2000,6.15373
"bahamas, the",2000,8.0
bosnia and herzegovina,2000,1.08296
belarus,2000,1.8604
belize,2000,5.96384
bermuda,2000,42.9499
bolivia,2000,1.44276
brazil,2000,2.87069
barbados,2000,3.97368
brunei darussalam,2000,8.99628
bhutan,2000,0.400944
botswana,2000,2.90267
central african republic,2000,0.0533942
canada,2000,51.3
central europe and the baltics,2000,
switzerland,2000,47.1
channel islands,2000,
chile,2000,16.6
china,2000,1.77591
cote d'ivoire,2000,0.231462
cameroon,2000,0.25212
"congo, dem. rep.",2000,0.00590211
"congo, rep.",2000,0.0263547
colombia,2000,2.20753
comoros,2000,0.271741
cabo verde,2000,1.82244
costa rica,2000,5.80025
caribbean small states,2000,
cuba,2000,0.541183
curacao,2000,
cayman islands,2000,
cyprus,2000,15.2554
czechia,2000,9.78053
germany,2000,30.2163
djibouti,2000,0.194501
dominica,2000,8.81484
denmark,2000,39.1724
dominican republic,2000,3.70469
algeria,2000,0.491706
east asia & pacific (excluding high income),2000,
early-demographic dividend,2000,
east asia & pacific,2000,
europe & central asia (excluding high income),2000,
europe & central asia,2000,
ecuador,2000,1.46219
"egypt, arab rep.",2000,0.641265
euro area,2000,
eritrea,2000,0.136712
spain,2000,13.625
estonia,2000,28.577
ethiopia,2000,0.0152638
european union,2000,
fragile and conflict affected situations,2000,
finland,2000,37.2485
fiji,2000,1.49685
france,2000,14.3079
faroe islands,2000,32.9164
"micronesia, fed. sts.",2000,3.73486
gabon,2000,1.21614
united kingdom,2000,26.8218
georgia,2000,0.484746
ghana,2000,0.153615
gibraltar,2000,19.1316
guinea,2000,0.0954249
"gambia, the",2000,0.921795
guinea-bissau,2000,0.230103
equatorial guinea,2000,0.132355
greece,2000,9.13884
grenada,2000,4.06391
greenland,2000,31.7478
guatemala,2000,0.712333
guam,2000,16.1131
guyana,2000,0.6
high income,2000,
"hong kong sar, china",2000,27.8278
honduras,2000,1.20386
heavily indebted poor countries (hipc),2000,
croatia,2000,6.64488
haiti,2000,0.231271
hungary,2000,6.99968
ibrd only,2000,
ida & ibrd total,2000,
ida total,2000,
ida blend,2000,
indonesia,2000,0.925564
ida only,2000,
isle of man,2000,
india,2000,0.527532
not classified,2000,
ireland,2000,17.8505
"iran, islamic rep.",2000,0.93419
iraq,2000,
iceland,2000,44.4705
israel,2000,20.8738
italy,2000,23.1109
jamaica,2000,3.11578
jordan,2000,2.62328
japan,2000,29.9907
kazakhstan,2000,0.668594
kenya,2000,0.31806
kyrgyz republic,2000,1.0414
cambodia,2000,0.0470226
kiribati,2000,1.78523
st. kitts and nevis,2000,5.86281
"korea, rep.",2000,44.7
kuwait,2000,6.7314
latin america & caribbean (excluding high income),2000,
lao pdr,2000,0.111044
lebanon,2000,7.95274
liberia,2000,0.0177027
libya,2000,0.187043
st. lucia,2000,5.09048
latin america & caribbean,2000,
least developed countries: un classification,2000,
low income,2000,
liechtenstein,2000,36.5152
sri lanka,2000,0.64741
lower middle income,2000,
low & middle income,2000,
lesotho,2000,0.211806
late-demographic dividend,2000,
lithuania,2000,6.42707
luxembourg,2000,22.8873
latvia,2000,6.31906
"macao sar, china",2000,13.6086
st. martin (french part),2000,
morocco,2000,0.693791
monaco,2000,42.1849
moldova,2000,1.28285
madagascar,2000,0.196395
maldives,2000,2.20387
"middle east, north africa, afghanistan & pakistan",2000,
mexico,2000,5.08138
marshall islands,2000,1.53427
middle income,2000,
north macedonia,2000,2.48557
mali,2000,0.142546
malta,2000,13.1137
myanmar,2000,
"middle east, north africa, afghanistan & pakistan (excluding high income)",2000,
montenegro,2000,
mongolia,2000,1.25565
northern mariana islands,2000,
mozambique,2000,0.109593
mauritania,2000,0.192031
mauritius,2000,7.28154
malawi,2000,0.126781
malaysia,2000,21.3847
north america,2000,
namibia,2000,1.64474
new caledonia,2000,13.9395
niger,2000,0.0362613
nigeria,2000,0.0640808
nicaragua,2000,0.980216
netherlands,2000,43.9844
norway,2000,52.0
nepal,2000,0.204652
nauru,2000,
new zealand,2000,47.3796
oecd members,2000,
oman,2000,3.52042
other small states,2000,
pakistan,2000,
panama,2000,6.5548
peru,2000,3.07643
philippines,2000,1.98225
palau,2000,
papua new guinea,2000,0.835249
poland,2000,7.28543
pre-demographic dividend,2000,
puerto rico (us),2000,10.4746
"korea, dem. people's rep.",2000,0.0
portugal,2000,16.4305
paraguay,2000,0.747631
west bank and gaza,2000,1.11131
pacific island small states,2000,
post-demographic dividend,2000,
french polynesia,2000,6.35706
qatar,2000,4.86368
romania,2000,3.61372
russian federation,2000,1.97723
rwanda,2000,0.0628315
south asia,2000,
saudi arabia,2000,2.21069
sudan,2000,0.025785
senegal,2000,0.403967
singapore,2000,36.0
solomon islands,2000,0.481297
sierra leone,2000,0.118254
el salvador,2000,1.1774
san marino,2000,48.7995
"somalia, fed. rep.",2000,0.02
serbia,2000,
sub-saharan africa (excluding high income),2000,
south sudan,2000,
sub-saharan africa,2000,
small states,2000,
sao tome and principe,2000,4.63852
suriname,2000,2.50641
slovak republic,2000,9.4268
slovenia,2000,15.1103
sweden,2000,45.6877
eswatini,2000,0.926192
sint maarten (dutch part),2000,
seychelles,2000,7.39563
syrian arab republic,2000,0.181699
turks and caicos islands,2000,
chad,2000,0.0357071
east asia & pacific (ida & ibrd countries),2000,
europe & central asia (ida & ibrd countries),2000,
togo,2000,0.8
thailand,2000,3.68904
tajikistan,2000,0.0485996
turkmenistan,2000,0.133282
latin america & the caribbean (ida & ibrd countries),2000,
timor-leste,2000,
"middle east, north africa, afghanistan & pakistan (ida & ibrd)",2000,
tonga,2000,2.4344
south asia (ida & ibrd),2000,
sub-saharan africa (ida & ibrd countries),2000,
trinidad and tobago,2000,7.72141
tunisia,2000,2.75074
turkiye,2000,3.76169
tuvalu,2000,5.24164
tanzania,2000,0.117194
uganda,2000,0.163714
ukraine,2000,0.716184
upper middle income,2000,
uruguay,2000,10.5391
united states,2000,43.0792
uzbekistan,2000,0.484347
st. vincent and the grenadines,2000,3.24504
"venezuela, rb",2000,3.3596
british virgin islands,2000,
virgin islands (u.s.),2000,13.8151
viet nam,2000,0.254248
vanuatu,2000,2.10834
world,2000,
samoa,2000,0.566393
kosovo,2000,
"yemen, rep.",2000,0.0825004
south africa,2000,5.34856
zambia,2000,0.191072
zimbabwe,2000,0.401434
aruba,2001,17.1
africa eastern and southern,2001,
afghanistan,2001,0.00472257
africa western and central,2001,
angola,2001,0.136014
albania,2001,0.325798
andorra,2001,
arab world,2001,
united arab emirates,2001,26.2718
argentina,2001,9.78081
armenia,2001,1.63109
american samoa,2001,
antigua and barbuda,2001,8.89929
australia,2001,52.6893
austria,2001,39.1855
azerbaijan,2001,0.305565
burundi,2001,0.106001
belgium,2001,31.2884
benin,2001,0.363418
burkina faso,2001,0.157732
bangladesh,2001,0.129808
bulgaria,2001,7.6123
bahrain,2001,15.0386
"bahamas, the",2001,11.8
bosnia and herzegovina,2001,1.20053
belarus,2001,4.30062
belize,2001,
bermuda,2001,47.5097
bolivia,2001,2.12046
brazil,2001,4.52849
barbados,2001,11.9365
brunei darussalam,2001,12.9178
bhutan,2001,0.864629
botswana,2001,3.43089
central african republic,2001,0.0785434
canada,2001,60.2
central europe and the baltics,2001,
switzerland,2001,55.1
channel islands,2001,
chile,2001,19.1
china,2001,2.63965
cote d'ivoire,2001,0.395748
cameroon,2001,0.277051
"congo, dem. rep.",2001,0.0114758
"congo, rep.",2001,0.0322236
colombia,2001,2.8542
comoros,2001,0.443068
cabo verde,2001,2.68533
costa rica,2001,9.55948
caribbean small states,2001,
cuba,2001,1.07975
curacao,2001,
cayman islands,2001,
cyprus,2001,18.8188
czechia,2001,14.6972
germany,2001,31.6509
djibouti,2001,0.343526
dominica,2001,13.2452
denmark,2001,42.9575
dominican republic,2001,4.42939
algeria,2001,0.646114
east asia & pacific (excluding high income),2001,
early-demographic dividend,2001,
east asia & pacific,2001,
europe & central asia (excluding high income),2001,
europe & central asia,2001,
ecuador,2001,2.67044
"egypt, arab rep.",2001,0.838946
euro area,2001,
eritrea,2001,0.157815
spain,2001,18.1487
estonia,2001,31.5275
ethiopia,2001,0.0371624
european union,2001,
fragile and conflict affected situations,2001,
finland,2001,43.1054
fiji,2001,1.85798
france,2001,26.3259
faroe islands,2001,43.247
"micronesia, fed. sts.",2001,4.66053
gabon,2001,1.34762
united kingdom,2001,33.4811
georgia,2001,0.992344
ghana,2001,0.200008
gibraltar,2001,21.1711
guinea,2001,0.175542
"gambia, the",2001,1.33679
guinea-bissau,2001,0.299569
equatorial guinea,2001,0.16526
greece,2001,10.935
grenada,2001,5.1281
greenland,2001,35.4641
guatemala,2001,1.7382
guam,2001,25.3802
guyana,2001,1.0
high income,2001,
"hong kong sar, china",2001,38.6714
honduras,2001,1.41528
heavily indebted poor countries (hipc),2001,
croatia,2001,11.5586
haiti,2001,0.340832
hungary,2001,14.5286
ibrd only,2001,
ida & ibrd total,2001,
ida total,2001,
ida blend,2001,
indonesia,2001,2.01861
ida only,2001,
isle of man,2001,
india,2001,0.660146
not classified,2001,
ireland,2001,23.1388
"iran, islamic rep.",2001,1.48422
iraq,2001,0.1
iceland,2001,49.393
israel,2001,17.3786
italy,2001,27.2221
jamaica,2001,3.86302
jordan,2001,4.70572
japan,2001,38.5321
kazakhstan,2001,1.00612
kenya,2001,0.619782
kyrgyz republic,2001,3.00294
cambodia,2001,0.0769561
kiribati,2001,2.33746
st. kitts and nevis,2001,7.71473
"korea, rep.",2001,56.6
kuwait,2001,8.55179
latin america & caribbean (excluding high income),2001,
lao pdr,2001,0.181664
lebanon,2001,6.78322
liberia,2001,0.0338122
libya,2001,0.366533
st. lucia,2001,8.18186
latin america & caribbean,2001,
least developed countries: un classification,2001,
low income,2001,
liechtenstein,2001,45.1169
sri lanka,2001,0.793822
lower middle income,2001,
low & middle income,2001,
lesotho,2001,0.26115
late-demographic dividend,2001,
lithuania,2001,7.17936
luxembourg,2001,36.1634
latvia,2001,7.21935
"macao sar, china",2001,22.5212
st. martin (french part),2001,
morocco,2001,1.37144
monaco,2001,46.6461
moldova,2001,1.48781
madagascar,2001,0.222512
maldives,2001,3.61729
"middle east, north africa, afghanistan & pakistan",2001,
mexico,2001,7.03802
marshall islands,2001,1.70661
middle income,2001,
north macedonia,2001,3.46818
mali,2001,0.185897
malta,2001,17.8778
myanmar,2001,0.000289277
"middle east, north africa, afghanistan & pakistan (excluding high income)",2001,
montenegro,2001,
mongolia,2001,1.65324
northern mariana islands,2001,
mozambique,2001,0.160032
mauritania,2001,0.261449
mauritius,2001,8.7809
malawi,2001,0.164021
malaysia,2001,26.696
north america,2001,
namibia,2001,2.41698
new caledonia,2001,18.2371
niger,2001,0.105185
nigeria,2001,0.0899014
nicaragua,2001,1.4488
netherlands,2001,49.3731
norway,2001,64.0
nepal,2001,0.240015
nauru,2001,2.98716
new zealand,2001,53.241
oecd members,2001,
oman,2001,5.89384
other small states,2001,
pakistan,2001,1.31855
panama,2001,7.2684
peru,2001,7.57876
philippines,2001,2.52401
palau,2001,
papua new guinea,2001,0.904104
poland,2001,9.90067
pre-demographic dividend,2001,
puerto rico (us),2001,15.63
"korea, dem. people's rep.",2001,0.0
portugal,2001,18.0871
paraguay,2001,1.09879
west bank and gaza,2001,1.83685
pacific island small states,2001,
post-demographic dividend,2001,
french polynesia,2001,6.25159
qatar,2001,6.17027
romania,2001,4.53867
russian federation,2001,2.94437
rwanda,2001,0.240672
south asia,2001,
saudi arabia,2001,4.68105
sudan,2001,0.140185
senegal,2001,0.983794
singapore,2001,41.6704
solomon islands,2001,0.468552
sierra leone,2001,0.160264
el salvador,2001,1.5
san marino,2001,50.3417
"somalia, fed. rep.",2001,0.0790392
serbia,2001,
sub-saharan africa (excluding high income),2001,
south sudan,2001,
sub-saharan africa,2001,
small states,2001,
sao tome and principe,2001,6.31092
suriname,2001,3.06445
slovak republic,2001,12.5283
slovenia,2001,30.1759
sweden,2001,51.7657
eswatini,2001,1.28159
sint maarten (dutch part),2001,
seychelles,2001,11.0151
syrian arab republic,2001,0.353759
turks and caicos islands,2001,
chad,2001,0.0459341
east asia & pacific (ida & ibrd countries),2001,
europe & central asia (ida & ibrd countries),2001,
togo,2001,0.9
thailand,2001,5.55633
tajikistan,2001,0.0512591
turkmenistan,2001,0.17521
latin america & the caribbean (ida & ibrd countries),2001,
timor-leste,2001,
"middle east, north africa, afghanistan & pakistan (ida & ibrd)",2001,
tonga,2001,2.82537
south asia (ida & ibrd),2001,
sub-saharan africa (ida & ibrd countries),2001,
trinidad and tobago,2001,15.3846
tunisia,2001,4.29797
turkiye,2001,5.18948
tuvalu,2001,5.7
tanzania,2001,0.1713
uganda,2001,0.237945
ukraine,2001,1.23876
upper middle income,2001,
uruguay,2001,11.1214
united states,2001,49.0808
uzbekistan,2001,0.597568
st. vincent and the grenadines,2001,5.09481
"venezuela, rb",2001,4.636
british virgin islands,2001,
virgin islands (u.s.),2001,18.3758
viet nam,2001,1.26565
vanuatu,2001,2.83057
world,2001,
samoa,2001,1.6899
kosovo,2001,
"yemen, rep.",2001,0.0908025
south africa,2001,6.34662
zambia,2001,0.23313
zimbabwe,2001,0.799846
aruba,2002,18.8
africa eastern and southern,2002,
afghanistan,2002,0.0045614
africa western and central,2002,
angola,2002,0.270377
albania,2002,0.390081
andorra,2002,11.2605
arab world,2002,
united arab emirates,2002,28.3165
argentina,2002,10.8821
armenia,2002,1.96041
american samoa,2002,
antigua and barbuda,2002,12.5
australia,2002,
austria,2002,36.56
azerbaijan,2002,4.99971
burundi,2002,0.118228
belgium,2002,46.33
benin,2002,0.702946
burkina faso,2002,0.200993
bangladesh,2002,0.13992
bulgaria,2002,9.08
bahrain,2002,18.0507
"bahamas, the",2002,18.0
bosnia and herzegovina,2002,2.64827
belarus,2002,8.95097
belize,2002,5.68425
bermuda,2002,52.0316
bolivia,2002,3.11719
brazil,2002,9.14943
barbados,2002,27.8363
brunei darussalam,2002,15.3299
bhutan,2002,1.6758
botswana,2002,3.38592
central african republic,2002,0.128537
canada,2002,61.5933
central europe and the baltics,2002,
switzerland,2002,61.4
channel islands,2002,
chile,2002,22.1
china,2002,4.5957
cote d'ivoire,2002,0.497929
cameroon,2002,0.360872
"congo, dem. rep.",2002,0.0927907
"congo, rep.",2002,0.15725
colombia,2002,4.6
comoros,2002,0.55487
cabo verde,2002,3.51876
costa rica,2002,19.8949
caribbean small states,2002,
cuba,2002,3.77059
curacao,2002,
cayman islands,2002,
cyprus,2002,28.32
czechia,2002,23.93
germany,2002,48.82
djibouti,2002,0.486972
dominica,2002,18.4249
denmark,2002,64.25
dominican republic,2002,6.82373
algeria,2002,1.59164
east asia & pacific (excluding high income),2002,
early-demographic dividend,2002,
east asia & pacific,2002,
europe & central asia (excluding high income),2002,
europe & central asia,2002,
ecuador,2002,4.2608
"egypt, arab rep.",2002,2.72
euro area,2002,
eritrea,2002,0.22709
spain,2002,20.39
estonia,2002,41.52
ethiopia,2002,0.0724023
european union,2002,
fragile and conflict affected situations,2002,
finland,2002,62.43
fiji,2002,6.15265
france,2002,30.18
faroe islands,2002,53.2992
"micronesia, fed. sts.",2002,5.5701
gabon,2002,1.93953
united kingdom,2002,56.48
georgia,2002,1.58788
ghana,2002,0.830284
gibraltar,2002,23.6702
guinea,2002,0.402023
"gambia, the",2002,1.79678
guinea-bissau,2002,1.02299
equatorial guinea,2002,0.321198
greece,2002,14.67
grenada,2002,14.7588
greenland,2002,44.1548
guatemala,2002,3.39175
guam,2002,31.1923
guyana,2002,1.5
high income,2002,
"hong kong sar, china",2002,43.0824
honduras,2002,2.5974
heavily indebted poor countries (hipc),2002,
croatia,2002,17.76
haiti,2002,0.893433
hungary,2002,16.67
ibrd only,2002,
ida & ibrd total,2002,
ida total,2002,
ida blend,2002,
indonesia,2002,2.13414
ida only,2002,
isle of man,2002,
india,2002,1.53788
not classified,2002,
ireland,2002,25.85
"iran, islamic rep.",2002,4.62618
iraq,2002,0.5
iceland,2002,79.12
israel,2002,17.7646
italy,2002,28.04
jamaica,2002,6.1
jordan,2002,6.02553
japan,2002,46.5942
kazakhstan,2002,1.67477
kenya,2002,1.20777
kyrgyz republic,2002,2.99927
cambodia,2002,0.226983
kiribati,2002,2.5
st. kitts and nevis,2002,21.1524
"korea, rep.",2002,59.4
kuwait,2002,10.249
latin america & caribbean (excluding high income),2002,
lao pdr,2002,0.267899
lebanon,2002,7.0
liberia,2002,0.0327133
libya,2002,2.24442
st. lucia,2002,14.6418
latin america & caribbean,2002,
least developed countries: un classification,2002,
low income,2002,
liechtenstein,2002,59.4707
sri lanka,2002,1.05042
lower middle income,2002,
low & middle income,2002,
lesotho,2002,1.08394
late-demographic dividend,2002,
lithuania,2002,17.69
luxembourg,2002,39.84
latvia,2002,21.94
"macao sar, china",2002,25.1719
st. martin (french part),2002,
morocco,2002,2.37325
monaco,2002,48.0471
moldova,2002,3.78724
madagascar,2002,0.33972
maldives,2002,5.34777
"middle east, north africa, afghanistan & pakistan",2002,
mexico,2002,11.9
marshall islands,2002,2.33544
middle income,2002,
north macedonia,2002,17.33
mali,2002,0.227046
malta,2002,28.92
myanmar,2002,0.000426494
"middle east, north africa, afghanistan & pakistan (excluding high income)",2002,
montenegro,2002,
mongolia,2002,2.03957
northern mariana islands,2002,
mozambique,2002,0.259613
mauritania,2002,0.363229
mauritius,2002,10.2526
malawi,2002,0.215095
malaysia,2002,32.3382
north america,2002,
namibia,2002,2.6337
new caledonia,2002,22.3898
niger,2002,0.127152
nigeria,2002,0.320462
nicaragua,2002,1.71473
netherlands,2002,61.29
norway,2002,72.84
nepal,2002,0.312956
nauru,2002,
new zealand,2002,59.0808
oecd members,2002,
oman,2002,6.8734
other small states,2002,
pakistan,2002,2.57743
panama,2002,8.51808
peru,2002,8.96695
philippines,2002,4.33228
palau,2002,20.2439
papua new guinea,2002,1.32166
poland,2002,21.15
pre-demographic dividend,2002,
puerto rico (us),2002,17.5476
"korea, dem. people's rep.",2002,0.0
portugal,2002,19.37
paraguay,2002,1.79497
west bank and gaza,2002,3.10009
pacific island small states,2002,
post-demographic dividend,2002,
french polynesia,2002,8.20022
qatar,2002,10.2261
romania,2002,6.58
russian federation,2002,4.12827
rwanda,2002,0.292785
south asia,2002,
saudi arabia,2002,6.38471
sudan,2002,0.439478
senegal,2002,1.00645
singapore,2002,47.0
solomon islands,2002,0.50192
sierra leone,2002,0.176199
el salvador,2002,1.9
san marino,2002,50.8348
"somalia, fed. rep.",2002,0.115614
serbia,2002,
sub-saharan africa (excluding high income),2002,
south sudan,2002,
sub-saharan africa,2002,
small states,2002,
sao tome and principe,2002,7.58067
suriname,2002,4.16157
slovak republic,2002,40.14
slovenia,2002,27.8389
sweden,2002,70.57
eswatini,2002,1.8162
sint maarten (dutch part),2002,
seychelles,2002,14.3042
syrian arab republic,2002,2.0931
turks and caicos islands,2002,
chad,2002,0.16607
east asia & pacific (ida & ibrd countries),2002,
europe & central asia (ida & ibrd countries),2002,
togo,2002,1.0
thailand,2002,7.53125
tajikistan,2002,0.0554628
turkmenistan,2002,0.302132
latin america & the caribbean (ida & ibrd countries),2002,
timor-leste,2002,0.0
"middle east, north africa, afghanistan & pakistan (ida & ibrd)",2002,
tonga,2002,2.9073
south asia (ida & ibrd),2002,
sub-saharan africa (ida & ibrd countries),2002,
trinidad and tobago,2002,21.9987
tunisia,2002,5.25289
turkiye,2002,11.38
tuvalu,2002,6.3
tanzania,2002,0.222484
uganda,2002,0.384094
ukraine,2002,1.87389
upper middle income,2002,
uruguay,2002,11.4195
united states,2002,58.7854
uzbekistan,2002,1.08194
st. vincent and the grenadines,2002,5.54959
"venezuela, rb",2002,4.91045
british virgin islands,2002,18.8857
virgin islands (u.s.),2002,27.4944
viet nam,2002,1.855
vanuatu,2002,3.51004
world,2002,
samoa,2002,2.24483
kosovo,2002,
"yemen, rep.",2002,0.518796
south africa,2002,6.71032
zambia,2002,0.477751
zimbabwe,2002,1.1
aruba,2003,20.8
africa eastern and southern,2003,
afghanistan,2003,0.0878913
africa western and central,2003,
angola,2003,0.370682
albania,2003,0.9719
andorra,2003,13.5464
arab world,2003,
united arab emirates,2003,29.478
argentina,2003,11.9137
armenia,2003,4.57522
american samoa,2003,
antigua and barbuda,2003,17.2286
australia,2003,
austria,2003,42.7
azerbaijan,2003,
burundi,2003,0.201273
belgium,2003,49.97
benin,2003,0.951327
burkina faso,2003,0.37344
bangladesh,2003,0.163878
bulgaria,2003,12.04
bahrain,2003,21.5549
"bahamas, the",2003,20.0
bosnia and herzegovina,2003,3.96504
belarus,2003,
belize,2003,
bermuda,2003,56.522
bolivia,2003,3.5086
brazil,2003,13.2076
barbados,2003,39.6896
brunei darussalam,2003,19.595
bhutan,2003,2.43691
botswana,2003,3.34519
central african republic,2003,0.151563
canada,2003,64.2
central europe and the baltics,2003,
switzerland,2003,65.1
channel islands,2003,
chile,2003,25.4738
china,2003,6.2
cote d'ivoire,2003,0.75867
cameroon,2003,0.587623
"congo, dem. rep.",2003,0.134915
"congo, rep.",2003,0.460014
colombia,2003,7.38892
comoros,2003,0.848189
cabo verde,2003,4.32489
costa rica,2003,20.3336
caribbean small states,2003,
cuba,2003,5.24127
curacao,2003,
cayman islands,2003,
cyprus,2003,30.09
czechia,2003,34.3
germany,2003,55.9
djibouti,2003,0.62594
dominica,2003,23.6204
denmark,2003,76.26
dominican republic,2003,7.89839
algeria,2003,2.19536
east asia & pacific (excluding high income),2003,
early-demographic dividend,2003,
east asia & pacific,2003,
europe & central asia (excluding high income),2003,
europe & central asia,2003,
ecuador,2003,4.46023
"egypt, arab rep.",2003,4.03789
euro area,2003,
eritrea,2003,
spain,2003,39.93
estonia,2003,45.32
ethiopia,2003,0.105812
european union,2003,
fragile and conflict affected situations,2003,
finland,2003,69.22
fiji,2003,6.72543
france,2003,36.14
faroe islands,2003,58.9126
"micronesia, fed. sts.",2003,9.2325
gabon,2003,2.65959
united kingdom,2003,64.82
georgia,2003,2.55882
ghana,2003,1.19306
gibraltar,2003,28.3258
guinea,2003,0.45096
"gambia, the",2003,2.43678
guinea-bissau,2003,1.3542
equatorial guinea,2003,0.520524
greece,2003,17.8
grenada,2003,18.6452
greenland,2003,54.5343
guatemala,2003,4.54885
guam,2003,33.7167
guyana,2003,2.4
high income,2003,
"hong kong sar, china",2003,52.2
honduras,2003,4.8
heavily indebted poor countries (hipc),2003,
croatia,2003,22.75
haiti,2003,1.64736
hungary,2003,21.63
ibrd only,2003,
ida & ibrd total,2003,
ida total,2003,
ida blend,2003,
indonesia,2003,2.38702
ida only,2003,
isle of man,2003,
india,2003,1.68649
not classified,2003,
ireland,2003,34.31
"iran, islamic rep.",2003,6.93372
iraq,2003,0.6
iceland,2003,83.14
israel,2003,19.5934
italy,2003,29.04
jamaica,2003,7.8
jordan,2003,8.46601
japan,2003,48.4353
kazakhstan,2003,2.00041
kenya,2003,2.9419
kyrgyz republic,2003,3.90877
cambodia,2003,0.26057
kiribati,2003,3.0
st. kitts and nevis,2003,22.9698
"korea, rep.",2003,65.5
kuwait,2003,22.4029
latin america & caribbean (excluding high income),2003,
lao pdr,2003,0.333912
lebanon,2003,8.0
liberia,2003,0.0318689
libya,2003,2.81452
st. lucia,2003,20.9825
latin america & caribbean,2003,
least developed countries: un classification,2003,
low income,2003,
liechtenstein,2003,58.8097
sri lanka,2003,1.45858
lower middle income,2003,
low & middle income,2003,
lesotho,2003,1.5325
late-demographic dividend,2003,
lithuania,2003,25.91
luxembourg,2003,54.55
latvia,2003,26.98
"macao sar, china",2003,25.7421
st. martin (french part),2003,
morocco,2003,3.35337
monaco,2003,49.4912
moldova,2003,7.40754
madagascar,2003,0.423252
maldives,2003,5.97659
"middle east, north africa, afghanistan & pakistan",2003,
mexico,2003,12.9
marshall islands,2003,2.56975
middle income,2003,
north macedonia,2003,19.07
mali,2003,0.310364
malta,2003,31.64
myanmar,2003,0.0240641
"middle east, north africa, afghanistan & pakistan (excluding high income)",2003,
montenegro,2003,
mongolia,2003,
northern mariana islands,2003,
mozambique,2003,0.419539
mauritania,2003,0.424005
mauritius,2003,12.1871
malawi,2003,0.278815
malaysia,2003,34.9712
north america,2003,
namibia,2003,3.35984
new caledonia,2003,26.4083
niger,2003,0.155699
nigeria,2003,0.558576
nicaragua,2003,1.88041
netherlands,2003,64.35
norway,2003,78.13
nepal,2003,0.382811
nauru,2003,
new zealand,2003,60.9625
oecd members,2003,
oman,2003,7.25574
other small states,2003,
pakistan,2003,5.04116
panama,2003,9.98742
peru,2003,11.6
philippines,2003,4.85767
palau,2003,21.6015
papua new guinea,2003,1.3744
poland,2003,24.87
pre-demographic dividend,2003,
puerto rico (us),2003,19.707
"korea, dem. people's rep.",2003,0.0
portugal,2003,29.67
paraguay,2003,2.11194
west bank and gaza,2003,4.13062
pacific island small states,2003,
post-demographic dividend,2003,
french polynesia,2003,14.1243
qatar,2003,19.2423
romania,2003,8.9
russian federation,2003,8.29886
rwanda,2003,0.356918
south asia,2003,
saudi arabia,2003,8.00158
sudan,2003,0.538472
senegal,2003,2.10144
singapore,2003,53.8379
solomon islands,2003,0.55561
sierra leone,2003,0.190173
el salvador,2003,2.5
san marino,2003,50.0035
"somalia, fed. rep.",2003,0.376198
serbia,2003,
sub-saharan africa (excluding high income),2003,
south sudan,2003,
sub-saharan africa,2003,
small states,2003,
sao tome and principe,2003,10.1618
suriname,2003,4.71988
slovak republic,2003,43.04
slovenia,2003,31.8548
sweden,2003,79.13
eswatini,2003,2.43707
sint maarten (dutch part),2003,
seychelles,2003,14.5925
syrian arab republic,2003,3.39797
turks and caicos islands,2003,
chad,2003,0.320309
east asia & pacific (ida & ibrd countries),2003,
europe & central asia (ida & ibrd countries),2003,
togo,2003,1.2
thailand,2003,9.29903
tajikistan,2003,0.0645838
turkmenistan,2003,0.425183
latin america & the caribbean (ida & ibrd countries),2003,
timor-leste,2003,
"middle east, north africa, afghanistan & pakistan (ida & ibrd)",2003,
tonga,2003,2.98582
south asia (ida & ibrd),2003,
sub-saharan africa (ida & ibrd countries),2003,
trinidad and tobago,2003,25.9718
tunisia,2003,6.49085
turkiye,2003,12.33
tuvalu,2003,6.9
tanzania,2003,0.676963
uganda,2003,0.46485
ukraine,2003,3.14813
upper middle income,2003,
uruguay,2003,15.9371
united states,2003,61.6971
uzbekistan,2003,1.9126
st. vincent and the grenadines,2003,6.46227
"venezuela, rb",2003,7.49996
british virgin islands,2003,
virgin islands (u.s.),2003,27.4291
viet nam,2003,3.78028
vanuatu,2003,3.9033
world,2003,
samoa,2003,2.79963
kosovo,2003,
"yemen, rep.",2003,0.604734
south africa,2003,7.00769
zambia,2003,0.980483
zimbabwe,2003,1.8
aruba,2004,23.0
africa eastern and southern,2004,
afghanistan,2004,0.105809
africa western and central,2004,
angola,2004,0.464815
albania,2004,2.42039
andorra,2004,26.838
arab world,2004,
united arab emirates,2004,30.1313
argentina,2004,16.0367
armenia,2004,4.89901
american samoa,2004,
antigua and barbuda,2004,24.2665
australia,2004,
austria,2004,54.28
azerbaijan,2004,
burundi,2004,0.34906
belgium,2004,53.86
benin,2004,1.18254
burkina faso,2004,0.400295
bangladesh,2004,0.199036
bulgaria,2004,18.13
bahrain,2004,21.4587
"bahamas, the",2004,22.0
bosnia and herzegovina,2004,15.469
belarus,2004,
belize,2004,9.8
bermuda,2004,60.9909
bolivia,2004,4.43992
brazil,2004,19.0737
barbados,2004,49.8
brunei darussalam,2004,29.7156
bhutan,2004,3.15698
botswana,2004,3.30489
central african republic,2004,0.223401
canada,2004,65.956
central europe and the baltics,2004,
switzerland,2004,67.8
channel islands,2004,
chile,2004,28.1779
china,2004,7.3
cote d'ivoire,2004,0.849282
cameroon,2004,0.976075
"congo, dem. rep.",2004,0.196208
"congo, rep.",2004,1.0775
colombia,2004,9.11869
comoros,2004,1.32733
cabo verde,2004,5.31883
costa rica,2004,20.7923
caribbean small states,2004,
cuba,2004,8.40798
curacao,2004,
cayman islands,2004,
cyprus,2004,33.83
czechia,2004,35.5
germany,2004,64.73
djibouti,2004,0.781317
dominica,2004,30.3196
denmark,2004,80.93
dominican republic,2004,8.86555
algeria,2004,4.63448
east asia & pacific (excluding high income),2004,
early-demographic dividend,2004,
east asia & pacific,2004,
europe & central asia (excluding high income),2004,
europe & central asia,2004,
ecuador,2004,4.83444
"egypt, arab rep.",2004,11.92
euro area,2004,
eritrea,2004,
spain,2004,44.01
estonia,2004,53.2
ethiopia,2004,0.155335
european union,2004,
fragile and conflict affected situations,2004,
finland,2004,72.39
fiji,2004,7.41294
france,2004,39.15
faroe islands,2004,66.5336
"micronesia, fed. sts.",2004,11.0179
gabon,2004,2.97907
united kingdom,2004,65.61
georgia,2004,3.88622
ghana,2004,1.7168
gibraltar,2004,32.8861
guinea,2004,0.508819
"gambia, the",2004,3.308
guinea-bissau,2004,1.80814
equatorial guinea,2004,0.84393
greece,2004,21.42
grenada,2004,19.5706
greenland,2004,56.099
guatemala,2004,5.1
guam,2004,36.1618
guyana,2004,3.7
high income,2004,
"hong kong sar, china",2004,56.3999
honduras,2004,5.6
heavily indebted poor countries (hipc),2004,
croatia,2004,30.91
haiti,2004,5.40126
hungary,2004,27.74
ibrd only,2004,
ida & ibrd total,2004,
ida total,2004,
ida blend,2004,
indonesia,2004,2.60029
ida only,2004,
isle of man,2004,
india,2004,1.97614
not classified,2004,
ireland,2004,36.99
"iran, islamic rep.",2004,7.49
iraq,2004,0.9
iceland,2004,83.88
israel,2004,22.7705
italy,2004,33.24
jamaica,2004,10.0
jordan,2004,11.6587
japan,2004,62.3939
kazakhstan,2004,2.65039
kenya,2004,3.02353
kyrgyz republic,2004,5.09039
cambodia,2004,0.300437
kiribati,2004,3.5
st. kitts and nevis,2004,24.7377
"korea, rep.",2004,72.7
kuwait,2004,22.9271
latin america & caribbean (excluding high income),2004,
lao pdr,2004,0.361434
lebanon,2004,9.0
liberia,2004,0.0310112
libya,2004,3.53284
st. lucia,2004,21.3952
latin america & caribbean,2004,
least developed countries: un classification,2004,
low income,2004,
liechtenstein,2004,64.0074
sri lanka,2004,1.44616
lower middle income,2004,
low & middle income,2004,
lesotho,2004,2.17552
late-demographic dividend,2004,
lithuania,2004,31.23
luxembourg,2004,65.88
latvia,2004,38.58
"macao sar, china",2004,31.4841
st. martin (french part),2004,
morocco,2004,11.6079
monaco,2004,52.4902
moldova,2004,10.6294
madagascar,2004,0.525354
maldives,2004,6.58825
"middle east, north africa, afghanistan & pakistan",2004,
mexico,2004,14.1
marshall islands,2004,3.59978
middle income,2004,
north macedonia,2004,24.44
mali,2004,0.43282
malta,2004,34.62
myanmar,2004,0.0243374
"middle east, north africa, afghanistan & pakistan (excluding high income)",2004,
montenegro,2004,25.3501
mongolia,2004,
northern mariana islands,2004,
mozambique,2004,0.679448
mauritania,2004,0.48147
mauritius,2004,13.6891
malawi,2004,0.347505
malaysia,2004,42.2523
north america,2004,
namibia,2004,3.80472
new caledonia,2004,30.298
niger,2004,0.189934
nigeria,2004,1.28614
nicaragua,2004,2.32066
netherlands,2004,68.52
norway,2004,77.69
nepal,2004,0.449844
nauru,2004,
new zealand,2004,61.8476
oecd members,2004,
oman,2004,6.75885
other small states,2004,
pakistan,2004,6.16432
panama,2004,11.1409
peru,2004,14.1
philippines,2004,5.24363
palau,2004,26.9703
papua new guinea,2004,1.50791
poland,2004,32.53
pre-demographic dividend,2004,
puerto rico (us),2004,22.1307
"korea, dem. people's rep.",2004,0.0
portugal,2004,31.78
paraguay,2004,3.45244
west bank and gaza,2004,4.4009
pacific island small states,2004,
post-demographic dividend,2004,
french polynesia,2004,17.8845
qatar,2004,20.7016
romania,2004,15.0
russian federation,2004,12.8594
rwanda,2004,0.430854
south asia,2004,
saudi arabia,2004,10.2345
sudan,2004,0.791562
senegal,2004,4.38602
singapore,2004,62.0
solomon islands,2004,0.649673
sierra leone,2004,0.203008
el salvador,2004,3.2
san marino,2004,50.5663
"somalia, fed. rep.",2004,1.05345
serbia,2004,23.5
sub-saharan africa (excluding high income),2004,
south sudan,2004,
sub-saharan africa,2004,
small states,2004,
sao tome and principe,2004,13.3229
suriname,2004,6.07605
slovak republic,2004,52.89
slovenia,2004,40.81
sweden,2004,83.89
eswatini,2004,3.22869
sint maarten (dutch part),2004,
seychelles,2004,24.2721
syrian arab republic,2004,4.32159
turks and caicos islands,2004,
chad,2004,0.36092
east asia & pacific (ida & ibrd countries),2004,
europe & central asia (ida & ibrd countries),2004,
togo,2004,1.5
thailand,2004,10.6773
tajikistan,2004,0.0774799
turkmenistan,2004,0.754054
latin america & the caribbean (ida & ibrd countries),2004,
timor-leste,2004,
"middle east, north africa, afghanistan & pakistan (ida & ibrd)",2004,
tonga,2004,3.95237
south asia (ida & ibrd),2004,
sub-saharan africa (ida & ibrd countries),2004,
trinidad and tobago,2004,27.0243
tunisia,2004,8.52882
turkiye,2004,14.58
tuvalu,2004,7.6
tanzania,2004,0.877575
uganda,2004,0.719971
ukraine,2004,3.48948
upper middle income,2004,
uruguay,2004,17.0631
united states,2004,64.7583
uzbekistan,2004,2.59373
st. vincent and the grenadines,2004,7.37117
"venezuela, rb",2004,8.40447
british virgin islands,2004,
virgin islands (u.s.),2004,27.377
viet nam,2004,7.64241
vanuatu,2004,4.7466
world,2004,
samoa,2004,3.07553
kosovo,2004,
"yemen, rep.",2004,0.881223
south africa,2004,8.42512
zambia,2004,1.1
zimbabwe,2004,2.1
aruba,2005,25.4
africa eastern and southern,2005,1.8
afghanistan,2005,1.22415
africa western and central,2005,2.3
angola,2005,1.14337
albania,2005,6.04389
andorra,2005,37.6058
arab world,2005,
united arab emirates,2005,40.0
argentina,2005,17.7206
armenia,2005,5.25298
american samoa,2005,
antigua and barbuda,2005,27.0
australia,2005,63.0
austria,2005,58.0
azerbaijan,2005,8.03038
burundi,2005,0.542143
belgium,2005,55.82
benin,2005,1.27103
burkina faso,2005,0.469914
bangladesh,2005,0.241637
bulgaria,2005,19.97
bahrain,2005,21.3037
"bahamas, the",2005,25.0
bosnia and herzegovina,2005,21.3267
belarus,2005,
belize,2005,17.0
bermuda,2005,65.4471
bolivia,2005,5.22758
brazil,2005,21.0227
barbados,2005,52.5
brunei darussalam,2005,36.4664
bhutan,2005,3.84711
botswana,2005,3.26255
central african republic,2005,0.268196
canada,2005,71.66
central europe and the baltics,2005,
switzerland,2005,70.1
channel islands,2005,
chile,2005,31.1753
china,2005,8.52326
cote d'ivoire,2005,1.03924
cameroon,2005,1.40265
"congo, dem. rep.",2005,0.238038
"congo, rep.",2005,1.46342
colombia,2005,11.0073
comoros,2005,2.0
cabo verde,2005,6.07409
costa rica,2005,22.07
caribbean small states,2005,
cuba,2005,9.73806
curacao,2005,
cayman islands,2005,38.0344
cyprus,2005,32.81
czechia,2005,35.27
germany,2005,68.71
djibouti,2005,0.953611
dominica,2005,38.5436
denmark,2005,82.74
dominican republic,2005,11.4832
algeria,2005,5.84394
east asia & pacific (excluding high income),2005,8.3
early-demographic dividend,2005,
east asia & pacific,2005,14.7
europe & central asia (excluding high income),2005,8.9
europe & central asia,2005,34.7
ecuador,2005,5.99426
"egypt, arab rep.",2005,12.75
euro area,2005,
eritrea,2005,
spain,2005,47.88
estonia,2005,61.45
ethiopia,2005,0.21966
european union,2005,
fragile and conflict affected situations,2005,2.3
finland,2005,74.48
fiji,2005,8.45364
france,2005,42.87
faroe islands,2005,67.9026
"micronesia, fed. sts.",2005,11.8814
gabon,2005,4.89326
united kingdom,2005,70.0
georgia,2005,6.07946
ghana,2005,1.8312
gibraltar,2005,39.0701
guinea,2005,0.542254
"gambia, the",2005,3.799
guinea-bissau,2005,1.90137
equatorial guinea,2005,1.14979
greece,2005,24.0
grenada,2005,20.4878
greenland,2005,57.7034
guatemala,2005,5.7
guam,2005,38.5599
guyana,2005,5.7
high income,2005,53.0
"hong kong sar, china",2005,56.9
honduras,2005,6.5
heavily indebted poor countries (hipc),2005,
croatia,2005,33.14
haiti,2005,6.3762
hungary,2005,38.97
ibrd only,2005,8.7
ida & ibrd total,2005,7.2
ida total,2005,2.2
ida blend,2005,4.4
indonesia,2005,3.60202
ida only,2005,1.0
isle of man,2005,
india,2005,2.38807
not classified,2005,
ireland,2005,41.61
"iran, islamic rep.",2005,8.1
iraq,2005,0.9
iceland,2005,87.0
israel,2005,25.194
italy,2005,35.0
jamaica,2005,12.8
jordan,2005,12.9329
japan,2005,66.9211
kazakhstan,2005,2.96171
kenya,2005,3.1019
kyrgyz republic,2005,10.5338
cambodia,2005,0.317322
kiribati,2005,4.0
st. kitts and nevis,2005,34.0
"korea, rep.",2005,73.5
kuwait,2005,25.9261
latin america & caribbean (excluding high income),2005,16.2
lao pdr,2005,0.850357
lebanon,2005,10.14
liberia,2005,
libya,2005,3.91779
st. lucia,2005,21.5676
latin america & caribbean,2005,16.6
least developed countries: un classification,2005,0.7
low income,2005,1.0
liechtenstein,2005,63.3714
sri lanka,2005,1.79205
lower middle income,2005,3.6
low & middle income,2005,
lesotho,2005,2.58025
late-demographic dividend,2005,
lithuania,2005,36.22
luxembourg,2005,70.0
latvia,2005,46.0
"macao sar, china",2005,34.8629
st. martin (french part),2005,
morocco,2005,15.0844
monaco,2005,55.4648
moldova,2005,14.6303
madagascar,2005,0.567722
maldives,2005,6.86961
"middle east, north africa, afghanistan & pakistan",2005,8.3
mexico,2005,17.21
marshall islands,2005,3.8787
middle income,2005,
north macedonia,2005,26.45
mali,2005,0.507063
malta,2005,41.24
myanmar,2005,0.0652389
"middle east, north africa, afghanistan & pakistan (excluding high income)",2005,7.5
montenegro,2005,27.1
mongolia,2005,
northern mariana islands,2005,
mozambique,2005,0.854357
mauritania,2005,0.669966
mauritius,2005,15.1722
malawi,2005,0.384489
malaysia,2005,48.6292
north america,2005,68.3
namibia,2005,4.01005
new caledonia,2005,32.359
niger,2005,0.221341
nigeria,2005,3.54916
nicaragua,2005,2.56635
netherlands,2005,81.0
norway,2005,81.99
nepal,2005,0.826551
nauru,2005,
new zealand,2005,62.7202
oecd members,2005,
oman,2005,6.68358
other small states,2005,
pakistan,2005,6.33233
panama,2005,11.484
peru,2005,17.1
philippines,2005,5.39764
palau,2005,
papua new guinea,2005,1.71619
poland,2005,38.81
pre-demographic dividend,2005,
puerto rico (us),2005,23.4001
"korea, dem. people's rep.",2005,0.0
portugal,2005,34.99
paraguay,2005,7.90701
west bank and gaza,2005,16.005
pacific island small states,2005,
post-demographic dividend,2005,
french polynesia,2005,21.5422
qatar,2005,24.7335
romania,2005,21.5
russian federation,2005,15.2267
rwanda,2005,0.556041
south asia,2005,2.1
saudi arabia,2005,12.705
sudan,2005,1.29204
senegal,2005,4.78668
singapore,2005,61.0
solomon islands,2005,0.844308
sierra leone,2005,0.215392
el salvador,2005,4.2
san marino,2005,50.2596
"somalia, fed. rep.",2005,1.07733
serbia,2005,26.3
sub-saharan africa (excluding high income),2005,2.2
south sudan,2005,
sub-saharan africa,2005,2.0
small states,2005,19.6
sao tome and principe,2005,13.7595
suriname,2005,6.40309
slovak republic,2005,55.19
slovenia,2005,46.81
sweden,2005,84.83
eswatini,2005,3.69696
sint maarten (dutch part),2005,
seychelles,2005,25.4133
syrian arab republic,2005,5.64811
turks and caicos islands,2005,
chad,2005,0.399258
east asia & pacific (ida & ibrd countries),2005,8.4
europe & central asia (ida & ibrd countries),2005,14.6
togo,2005,1.8
thailand,2005,15.026
tajikistan,2005,0.29869
turkmenistan,2005,0.997257
latin america & the caribbean (ida & ibrd countries),2005,16.7
timor-leste,2005,0.0990318
"middle east, north africa, afghanistan & pakistan (ida & ibrd)",2005,7.4
tonga,2005,4.90778
south asia (ida & ibrd),2005,2.1
sub-saharan africa (ida & ibrd countries),2005,2.0
trinidad and tobago,2005,28.9767
tunisia,2005,9.65509
turkiye,2005,15.46
tuvalu,2005,8.3
tanzania,2005,1.1
uganda,2005,1.74221
ukraine,2005,3.74976
upper middle income,2005,10.2
uruguay,2005,20.0882
united states,2005,67.9681
uzbekistan,2005,3.34351
st. vincent and the grenadines,2005,9.19828
"venezuela, rb",2005,12.553
british virgin islands,2005,
virgin islands (u.s.),2005,27.3443
viet nam,2005,12.7399
vanuatu,2005,5.08233
world,2005,15.6
samoa,2005,3.35259
kosovo,2005,
"yemen, rep.",2005,1.0486
south africa,2005,7.48854
zambia,2005,1.3
zimbabwe,2005,2.4
aruba,2006,28.0
africa eastern and southern,2006,1.9
afghanistan,2006,2.10712
africa western and central,2006,3.4
angola,2006,1.5
albania,2006,9.60999
andorra,2006,48.9368
arab world,2006,
united arab emirates,2006,52.0
argentina,2006,20.9272
armenia,2006,5.63179
american samoa,2006,
antigua and barbuda,2006,30.0
australia,2006,66.0
austria,2006,63.6
azerbaijan,2006,11.9922
burundi,2006,0.657593
belgium,2006,61.9819
benin,2006,1.53785
burkina faso,2006,0.632708
bangladesh,2006,1.0
bulgaria,2006,27.09
bahrain,2006,28.244
"bahamas, the",2006,26.0
bosnia and herzegovina,2006,25.1224
belarus,2006,16.2
belize,2006,24.0
bermuda,2006,69.8997
bolivia,2006,6.20067
brazil,2006,28.1784
barbados,2006,55.3
brunei darussalam,2006,42.1863
bhutan,2006,4.51832
botswana,2006,4.28993
central african republic,2006,0.311159
canada,2006,72.4
central europe and the baltics,2006,
switzerland,2006,75.7
channel islands,2006,
chile,2006,34.4978
china,2006,10.5232
cote d'ivoire,2006,1.5249
cameroon,2006,2.02874
"congo, dem. rep.",2006,0.296054
"congo, rep.",2006,2.00799
colombia,2006,15.3417
comoros,2006,2.2
cabo verde,2006,6.80891
costa rica,2006,25.1
caribbean small states,2006,
cuba,2006,11.1596
curacao,2006,
cayman islands,2006,44.5
cyprus,2006,35.83
czechia,2006,47.93
germany,2006,72.16
djibouti,2006,1.27004
dominica,2006,39.3982
denmark,2006,86.65
dominican republic,2006,14.8449
algeria,2006,7.37598
east asia & pacific (excluding high income),2006,10.1
early-demographic dividend,2006,
east asia & pacific,2006,16.6
europe & central asia (excluding high income),2006,11.6
europe & central asia,2006,38.0
ecuador,2006,7.2
"egypt, arab rep.",2006,13.66
euro area,2006,
eritrea,2006,
spain,2006,50.37
estonia,2006,63.51
ethiopia,2006,0.310593
european union,2006,
fragile and conflict affected situations,2006,3.1
finland,2006,79.66
fiji,2006,9.60004
france,2006,46.87
faroe islands,2006,69.3594
"micronesia, fed. sts.",2006,12.7503
gabon,2006,5.4892
united kingdom,2006,68.82
georgia,2006,7.52688
ghana,2006,2.72318
gibraltar,2006,45.2986
guinea,2006,0.637492
"gambia, the",2006,5.23769
guinea-bissau,2006,2.0572
equatorial guinea,2006,1.27919
greece,2006,32.25
grenada,2006,21.396
greenland,2006,59.3617
guatemala,2006,6.5
guam,2006,43.8514
guyana,2006,8.9
high income,2006,55.8
"hong kong sar, china",2006,60.8
honduras,2006,7.8
heavily indebted poor countries (hipc),2006,
croatia,2006,37.98
haiti,2006,6.796
hungary,2006,47.06
ibrd only,2006,10.5
ida & ibrd total,2006,8.7
ida total,2006,2.8
ida blend,2006,5.4
indonesia,2006,4.76481
ida only,2006,1.5
isle of man,2006,
india,2006,2.8055
not classified,2006,
ireland,2006,54.82
"iran, islamic rep.",2006,8.76
iraq,2006,0.952344
iceland,2006,89.51
israel,2006,27.8811
italy,2006,37.99
jamaica,2006,16.4
jordan,2006,13.8671
japan,2006,68.6853
kazakhstan,2006,3.26837
kenya,2006,3.6
kyrgyz republic,2006,12.3069
cambodia,2006,0.468357
kiribati,2006,4.5
st. kitts and nevis,2006,38.5
"korea, rep.",2006,78.1
kuwait,2006,28.7912
latin america & caribbean (excluding high income),2006,20.4
lao pdr,2006,1.16989
lebanon,2006,15.0
liberia,2006,
libya,2006,4.30105
st. lucia,2006,24.5
latin america & caribbean,2006,20.7
least developed countries: un classification,2006,1.0
low income,2006,1.3
liechtenstein,2006,64.2142
sri lanka,2006,2.53757
lower middle income,2006,4.4
low & middle income,2006,
lesotho,2006,2.97971
late-demographic dividend,2006,
lithuania,2006,43.9
luxembourg,2006,72.51
latvia,2006,53.63
"macao sar, china",2006,46.4
st. martin (french part),2006,
morocco,2006,19.7712
monaco,2006,61.476
moldova,2006,19.6206
madagascar,2006,0.607552
maldives,2006,11.0364
"middle east, north africa, afghanistan & pakistan",2006,9.6
mexico,2006,19.52
marshall islands,2006,3.79559
middle income,2006,
north macedonia,2006,28.62
mali,2006,0.729627
malta,2006,40.41
myanmar,2006,0.182048
"middle east, north africa, afghanistan & pakistan (excluding high income)",2006,8.4
montenegro,2006,28.9
mongolia,2006,
northern mariana islands,2006,
mozambique,2006,0.842954
mauritania,2006,0.979661
mauritius,2006,16.7
malawi,2006,0.425137
malaysia,2006,51.638
north america,2006,69.3
namibia,2006,4.39887
new caledonia,2006,33.5157
niger,2006,0.294034
nigeria,2006,5.54504
nicaragua,2006,2.80557
netherlands,2006,83.7
norway,2006,82.55
nepal,2006,1.14139
nauru,2006,
new zealand,2006,69.0
oecd members,2006,
oman,2006,8.29972
other small states,2006,
pakistan,2006,6.5
panama,2006,17.3496
peru,2006,20.7
philippines,2006,5.74059
palau,2006,
papua new guinea,2006,1.75449
poland,2006,44.58
pre-demographic dividend,2006,
puerto rico (us),2006,25.4424
"korea, dem. people's rep.",2006,0.0
portugal,2006,38.01
paraguay,2006,7.96207
west bank and gaza,2006,18.41
pacific island small states,2006,
post-demographic dividend,2006,
french polynesia,2006,25.108
qatar,2006,28.9741
romania,2006,24.66
russian federation,2006,18.0233
rwanda,2006,
south asia,2006,2.6
saudi arabia,2006,19.4596
sudan,2006,
senegal,2006,5.61174
singapore,2006,59.0
solomon islands,2006,1.64635
sierra leone,2006,0.227669
el salvador,2006,5.5
san marino,2006,50.2087
"somalia, fed. rep.",2006,1.10022
serbia,2006,27.2
sub-saharan africa (excluding high income),2006,2.8
south sudan,2006,
sub-saharan africa,2006,2.6
small states,2006,21.1
sao tome and principe,2006,14.182
suriname,2006,9.49963
slovak republic,2006,56.08
slovenia,2006,54.01
sweden,2006,87.76
eswatini,2006,3.69654
sint maarten (dutch part),2006,
seychelles,2006,34.952
syrian arab republic,2006,7.83255
turks and caicos islands,2006,
chad,2006,0.581046
east asia & pacific (ida & ibrd countries),2006,10.3
europe & central asia (ida & ibrd countries),2006,17.7
togo,2006,2.0
thailand,2006,17.1607
tajikistan,2006,3.77241
turkmenistan,2006,1.31957
latin america & the caribbean (ida & ibrd countries),2006,20.9
timor-leste,2006,0.5
"middle east, north africa, afghanistan & pakistan (ida & ibrd)",2006,8.3
tonga,2006,5.85394
south asia (ida & ibrd),2006,2.6
sub-saharan africa (ida & ibrd countries),2006,2.5
trinidad and tobago,2006,30.0037
tunisia,2006,12.9864
turkiye,2006,18.24
tuvalu,2006,9.1
tanzania,2006,1.3
uganda,2006,2.52936
ukraine,2006,4.50612
upper middle income,2006,12.5
uruguay,2006,29.4
united states,2006,68.9312
uzbekistan,2006,6.38832
st. vincent and the grenadines,2006,12.0
"venezuela, rb",2006,15.2247
british virgin islands,2006,
virgin islands (u.s.),2006,27.3326
viet nam,2006,17.2546
vanuatu,2006,5.85059
world,2006,17.2
samoa,2006,4.46917
kosovo,2006,
"yemen, rep.",2006,1.24782
south africa,2006,7.60714
zambia,2006,1.6
zimbabwe,2006,2.4
aruba,2007,30.9
africa eastern and southern,2007,2.7
afghanistan,2007,1.9
africa western and central,2007,4.3
angola,2007,1.7
albania,2007,15.0361
andorra,2007,70.87
arab world,2007,
united arab emirates,2007,61.0
argentina,2007,25.9466
armenia,2007,6.02125
american samoa,2007,
antigua and barbuda,2007,34.0
australia,2007,69.45
austria,2007,69.37
azerbaijan,2007,14.54
burundi,2007,0.7
belgium,2007,66.7604
benin,2007,1.79
burkina faso,2007,0.75
bangladesh,2007,1.8
bulgaria,2007,33.64
bahrain,2007,32.91
"bahamas, the",2007,27.0
bosnia and herzegovina,2007,27.92
belarus,2007,19.7
belize,2007,24.6
bermuda,2007,74.3506
bolivia,2007,10.4992
brazil,2007,30.88
barbados,2007,58.2
brunei darussalam,2007,44.68
bhutan,2007,5.92
botswana,2007,5.28
central african republic,2007,0.375816
canada,2007,73.2
central europe and the baltics,2007,
switzerland,2007,77.2
channel islands,2007,
chile,2007,35.9
china,2007,16.0
cote d'ivoire,2007,1.8
cameroon,2007,2.93
"congo, dem. rep.",2007,0.37
"congo, rep.",2007,2.7597
colombia,2007,21.8
comoros,2007,2.5
cabo verde,2007,8.28322
costa rica,2007,28.4
caribbean small states,2007,
cuba,2007,11.69
curacao,2007,
cayman islands,2007,52.0
cyprus,2007,40.77
czechia,2007,51.93
germany,2007,75.16
djibouti,2007,1.62
dominica,2007,40.2745
denmark,2007,85.03
dominican republic,2007,17.66
algeria,2007,9.45119
east asia & pacific (excluding high income),2007,14.3
early-demographic dividend,2007,
east asia & pacific,2007,20.8
europe & central asia (excluding high income),2007,16.3
europe & central asia,2007,43.6
ecuador,2007,10.8
"egypt, arab rep.",2007,16.03
euro area,2007,
eritrea,2007,0.41
spain,2007,55.11
estonia,2007,66.19
ethiopia,2007,0.37
european union,2007,
fragile and conflict affected situations,2007,4.3
finland,2007,80.78
fiji,2007,10.8978
france,2007,66.09
faroe islands,2007,75.98
"micronesia, fed. sts.",2007,13.6211
gabon,2007,5.767
united kingdom,2007,75.09
georgia,2007,8.26
ghana,2007,3.85
gibraltar,2007,51.61
guinea,2007,0.780025
"gambia, the",2007,6.20504
guinea-bissau,2007,2.2063
equatorial guinea,2007,1.55712
greece,2007,35.88
grenada,2007,22.29
greenland,2007,61.07
guatemala,2007,7.3
guam,2007,46.1505
guyana,2007,13.8
high income,2007,61.4
"hong kong sar, china",2007,64.8
honduras,2007,9.4
heavily indebted poor countries (hipc),2007,
croatia,2007,41.44
haiti,2007,7.2
hungary,2007,53.3
ibrd only,2007,13.7
ida & ibrd total,2007,11.3
ida total,2007,3.7
ida blend,2007,6.1
indonesia,2007,5.78627
ida only,2007,2.3
isle of man,2007,
india,2007,3.95
not classified,2007,
ireland,2007,61.1583
"iran, islamic rep.",2007,9.47
iraq,2007,0.93
iceland,2007,90.6
israel,2007,48.1281
italy,2007,40.79
jamaica,2007,21.1
jordan,2007,20.0
japan,2007,74.3
kazakhstan,2007,4.02
kenya,2007,4.4
kyrgyz republic,2007,14.03
cambodia,2007,0.49
kiribati,2007,6.0
st. kitts and nevis,2007,43.5
"korea, rep.",2007,78.8
kuwait,2007,34.8
latin america & caribbean (excluding high income),2007,23.3
lao pdr,2007,1.64
lebanon,2007,18.74
liberia,2007,0.551377
libya,2007,4.722
st. lucia,2007,27.9
latin america & caribbean,2007,23.7
least developed countries: un classification,2007,1.8
low income,2007,2.5
liechtenstein,2007,65.0802
sri lanka,2007,3.88
lower middle income,2007,5.6
low & middle income,2007,
lesotho,2007,3.44543
late-demographic dividend,2007,
lithuania,2007,49.9
luxembourg,2007,78.92
latvia,2007,59.17
"macao sar, china",2007,47.327
st. martin (french part),2007,
morocco,2007,21.5
monaco,2007,64.3777
moldova,2007,20.45
madagascar,2007,0.65
maldives,2007,16.3
"middle east, north africa, afghanistan & pakistan",2007,11.7
mexico,2007,20.81
marshall islands,2007,3.95
middle income,2007,
north macedonia,2007,36.3
mali,2007,0.81
malta,2007,46.9
myanmar,2007,0.217128
"middle east, north africa, afghanistan & pakistan (excluding high income)",2007,9.7
montenegro,2007,30.8
mongolia,2007,9.0
northern mariana islands,2007,
mozambique,2007,0.91
mauritania,2007,1.43361
mauritius,2007,20.22
malawi,2007,0.965865
malaysia,2007,55.7
north america,2007,74.8
namibia,2007,4.83561
new caledonia,2007,35.05
niger,2007,0.390391
nigeria,2007,6.77
nicaragua,2007,3.9
netherlands,2007,85.82
norway,2007,86.93
nepal,2007,1.41
nauru,2007,
new zealand,2007,69.76
oecd members,2007,
oman,2007,16.68
other small states,2007,
pakistan,2007,6.8
panama,2007,22.29
peru,2007,25.2
philippines,2007,5.97
palau,2007,
papua new guinea,2007,1.79056
poland,2007,48.6
pre-demographic dividend,2007,
puerto rico (us),2007,27.86
"korea, dem. people's rep.",2007,0.0
portugal,2007,42.09
paraguay,2007,11.21
west bank and gaza,2007,21.176
pacific island small states,2007,
post-demographic dividend,2007,
french polynesia,2007,28.59
qatar,2007,37.0
romania,2007,28.3
russian federation,2007,24.66
rwanda,2007,2.11539
south asia,2007,3.7
saudi arabia,2007,30.0
sudan,2007,8.66
senegal,2007,6.89
singapore,2007,69.9
solomon islands,2007,2.0
sierra leone,2007,0.239835
el salvador,2007,6.11
san marino,2007,50.3648
"somalia, fed. rep.",2007,1.12224
serbia,2007,33.15
sub-saharan africa (excluding high income),2007,3.7
south sudan,2007,
sub-saharan africa,2007,3.1
small states,2007,23.3
sao tome and principe,2007,14.5905
suriname,2007,14.11
slovak republic,2007,61.8
slovenia,2007,56.74
sweden,2007,82.01
eswatini,2007,4.1
sint maarten (dutch part),2007,
seychelles,2007,38.38
syrian arab republic,2007,11.5
turks and caicos islands,2007,
chad,2007,0.847225
east asia & pacific (ida & ibrd countries),2007,14.5
europe & central asia (ida & ibrd countries),2007,23.0
togo,2007,2.2
thailand,2007,20.03
tajikistan,2007,7.19762
turkmenistan,2007,1.40636
latin america & the caribbean (ida & ibrd countries),2007,23.9
timor-leste,2007,1.0
"middle east, north africa, afghanistan & pakistan (ida & ibrd)",2007,9.6
tonga,2007,7.17987
south asia (ida & ibrd),2007,3.7
sub-saharan africa (ida & ibrd countries),2007,3.4
trinidad and tobago,2007,32.3
tunisia,2007,17.1
turkiye,2007,28.63
tuvalu,2007,10.0
tanzania,2007,1.6
uganda,2007,3.67197
ukraine,2007,6.55
upper middle income,2007,16.6
uruguay,2007,34.0
united states,2007,75.0
uzbekistan,2007,7.4906
st. vincent and the grenadines,2007,16.0
"venezuela, rb",2007,20.83
british virgin islands,2007,
virgin islands (u.s.),2007,27.3393
viet nam,2007,20.7554
vanuatu,2007,6.8
world,2007,20.2
samoa,2007,4.74998
kosovo,2007,
"yemen, rep.",2007,5.01
south africa,2007,8.06538
zambia,2007,1.9
zimbabwe,2007,3.0
aruba,2008,52.0
africa eastern and southern,2008,3.0
afghanistan,2008,1.84
africa western and central,2008,5.0
angola,2008,1.9
albania,2008,23.86
andorra,2008,70.04
arab world,2008,
united arab emirates,2008,63.0
argentina,2008,28.1126
armenia,2008,6.21
american samoa,2008,
antigua and barbuda,2008,38.0
australia,2008,71.67
austria,2008,72.87
azerbaijan,2008,17.08
burundi,2008,0.81
belgium,2008,68.8573
benin,2008,1.85
burkina faso,2008,0.92
bangladesh,2008,2.5
bulgaria,2008,39.67
bahrain,2008,51.95
"bahamas, the",2008,31.54
bosnia and herzegovina,2008,34.66
belarus,2008,23.0
belize,2008,26.3
bermuda,2008,82.3
bolivia,2008,12.5
brazil,2008,33.83
barbados,2008,61.4
brunei darussalam,2008,46.0
bhutan,2008,6.55
botswana,2008,6.25
central african republic,2008,1.0
canada,2008,76.7
central europe and the baltics,2008,
switzerland,2008,79.2
channel islands,2008,
chile,2008,37.3
china,2008,22.6
cote d'ivoire,2008,1.9
cameroon,2008,3.4
"congo, dem. rep.",2008,0.44
"congo, rep.",2008,4.28751
colombia,2008,25.6
comoros,2008,3.0
cabo verde,2008,14.0
costa rica,2008,32.29
caribbean small states,2008,
cuba,2008,12.94
curacao,2008,
cayman islands,2008,61.0
cyprus,2008,42.31
czechia,2008,62.97
germany,2008,78.0
djibouti,2008,2.26
dominica,2008,41.16
denmark,2008,85.02
dominican republic,2008,20.82
algeria,2008,10.18
east asia & pacific (excluding high income),2008,19.2
early-demographic dividend,2008,
east asia & pacific,2008,25.2
europe & central asia (excluding high income),2008,20.6
europe & central asia,2008,48.1
ecuador,2008,18.8
"egypt, arab rep.",2008,18.01
euro area,2008,
eritrea,2008,0.47
spain,2008,59.6
estonia,2008,70.58
ethiopia,2008,0.45
european union,2008,
fragile and conflict affected situations,2008,5.3
finland,2008,83.67
fiji,2008,13.0
france,2008,70.68
faroe islands,2008,75.57
"micronesia, fed. sts.",2008,14.49
gabon,2008,7.5
united kingdom,2008,78.39
georgia,2008,10.01
ghana,2008,4.27
gibraltar,2008,58.0
guinea,2008,0.92
"gambia, the",2008,6.88
guinea-bissau,2008,2.35489
equatorial guinea,2008,1.82
greece,2008,38.2
grenada,2008,23.18
greenland,2008,62.82
guatemala,2008,8.3
guam,2008,48.4187
guyana,2008,18.2
high income,2008,64.1
"hong kong sar, china",2008,66.7
honduras,2008,9.6
heavily indebted poor countries (hipc),2008,
croatia,2008,44.24
haiti,2008,7.6
hungary,2008,61.0
ibrd only,2008,17.1
ida & ibrd total,2008,14.0
ida total,2008,4.2
ida blend,2008,6.8
indonesia,2008,7.91748
ida only,2008,2.8
isle of man,2008,
india,2008,4.38
not classified,2008,
ireland,2008,65.34
"iran, islamic rep.",2008,12.02
iraq,2008,1.0
iceland,2008,91.0
israel,2008,59.39
italy,2008,44.53
jamaica,2008,23.6
jordan,2008,23.0
japan,2008,75.4
kazakhstan,2008,11.0
kenya,2008,5.2
kyrgyz republic,2008,15.7
cambodia,2008,0.51
kiribati,2008,7.0
st. kitts and nevis,2008,49.2
"korea, rep.",2008,81.0
kuwait,2008,42.0
latin america & caribbean (excluding high income),2008,25.9
lao pdr,2008,3.55
lebanon,2008,22.53
liberia,2008,0.53
libya,2008,9.0
st. lucia,2008,30.0
latin america & caribbean,2008,26.4
least developed countries: un classification,2008,2.2
low income,2008,3.0
liechtenstein,2008,70.0
sri lanka,2008,
lower middle income,2008,6.4
low & middle income,2008,
lesotho,2008,3.58
late-demographic dividend,2008,
lithuania,2008,55.22
luxembourg,2008,82.23
latvia,2008,63.41
"macao sar, china",2008,49.24
st. martin (french part),2008,
morocco,2008,33.1
monaco,2008,67.25
moldova,2008,23.39
madagascar,2008,1.65
maldives,2008,23.2
"middle east, north africa, afghanistan & pakistan",2008,14.1
mexico,2008,21.71
marshall islands,2008,4.6
middle income,2008,
north macedonia,2008,46.04
mali,2008,1.57
malta,2008,50.08
myanmar,2008,0.22
"middle east, north africa, afghanistan & pakistan (excluding high income)",2008,11.7
montenegro,2008,32.9
mongolia,2008,9.8
northern mariana islands,2008,
mozambique,2008,1.56
mauritania,2008,1.87
mauritius,2008,21.81
malawi,2008,0.7
malaysia,2008,55.8
north america,2008,74.3
namibia,2008,5.329
new caledonia,2008,34.51
niger,2008,0.7
nigeria,2008,8.0
nicaragua,2008,5.3
netherlands,2008,87.42
norway,2008,90.57
nepal,2008,1.73
nauru,2008,
new zealand,2008,72.03
oecd members,2008,
oman,2008,20.0
other small states,2008,
pakistan,2008,7.0
panama,2008,33.82
peru,2008,30.57
philippines,2008,6.22
palau,2008,
papua new guinea,2008,1.15
poland,2008,53.13
pre-demographic dividend,2008,
puerto rico (us),2008,38.0
"korea, dem. people's rep.",2008,0.0
portugal,2008,44.13
paraguay,2008,14.27
west bank and gaza,2008,24.358
pacific island small states,2008,
post-demographic dividend,2008,
french polynesia,2008,33.87
qatar,2008,44.3
romania,2008,32.42
russian federation,2008,32.0
rwanda,2008,4.5
south asia,2008,4.1
saudi arabia,2008,36.0
sudan,2008,
senegal,2008,7.12
singapore,2008,69.0
solomon islands,2008,3.0
sierra leone,2008,0.25
el salvador,2008,10.08
san marino,2008,54.52
"somalia, fed. rep.",2008,1.14269
serbia,2008,35.6
sub-saharan africa (excluding high income),2008,4.2
south sudan,2008,
sub-saharan africa,2008,3.6
small states,2008,25.6
sao tome and principe,2008,15.48
suriname,2008,21.06
slovak republic,2008,66.05
slovenia,2008,58.0
sweden,2008,90.0
eswatini,2008,6.85
sint maarten (dutch part),2008,
seychelles,2008,40.44
syrian arab republic,2008,14.0
turks and caicos islands,2008,
chad,2008,1.19
east asia & pacific (ida & ibrd countries),2008,19.5
europe & central asia (ida & ibrd countries),2008,28.2
togo,2008,2.4
thailand,2008,18.2
tajikistan,2008,8.78
turkmenistan,2008,1.75
latin america & the caribbean (ida & ibrd countries),2008,26.7
timor-leste,2008,1.5
"middle east, north africa, afghanistan & pakistan (ida & ibrd)",2008,11.6
tonga,2008,8.11077
south asia (ida & ibrd),2008,4.1
sub-saharan africa (ida & ibrd countries),2008,3.8
trinidad and tobago,2008,34.8
tunisia,2008,27.53
turkiye,2008,34.37
tuvalu,2008,11.2
tanzania,2008,1.9
uganda,2008,3.88
ukraine,2008,11.0
upper middle income,2008,21.2
uruguay,2008,39.3
united states,2008,74.0
uzbekistan,2008,9.08011
st. vincent and the grenadines,2008,21.0
"venezuela, rb",2008,25.88
british virgin islands,2008,
virgin islands (u.s.),2008,27.3618
viet nam,2008,23.92
vanuatu,2008,7.26912
world,2008,22.8
samoa,2008,5.03162
kosovo,2008,
"yemen, rep.",2008,6.89
south africa,2008,8.43
zambia,2008,2.2
zimbabwe,2008,3.5
aruba,2009,58.0
africa eastern and southern,2009,3.5
afghanistan,2009,3.55
africa western and central,2009,5.8
angola,2009,2.3
albania,2009,41.2
andorra,2009,78.53
arab world,2009,
united arab emirates,2009,64.0
argentina,2009,34.0
armenia,2009,15.3
american samoa,2009,
antigua and barbuda,2009,42.0
australia,2009,74.25
austria,2009,73.45
azerbaijan,2009,27.4
burundi,2009,0.9
belgium,2009,74.5441
benin,2009,2.24
burkina faso,2009,1.13
bangladesh,2009,3.1
bulgaria,2009,45.0
bahrain,2009,53.0
"bahamas, the",2009,33.88
bosnia and herzegovina,2009,37.74
belarus,2009,27.43
belize,2009,27.2
bermuda,2009,83.25
bolivia,2009,16.8
brazil,2009,39.22
barbados,2009,64.7
brunei darussalam,2009,49.0
bhutan,2009,7.17
botswana,2009,6.15
central african republic,2009,1.8
canada,2009,80.3
central europe and the baltics,2009,
switzerland,2009,81.3
channel islands,2009,
chile,2009,41.56
china,2009,28.9
cote d'ivoire,2009,2.0
cameroon,2009,3.84
"congo, dem. rep.",2009,0.56
"congo, rep.",2009,4.5
colombia,2009,30.0
comoros,2009,3.5
cabo verde,2009,21.0
costa rica,2009,34.33
caribbean small states,2009,
cuba,2009,14.33
curacao,2009,
cayman islands,2009,64.5
cyprus,2009,49.81
czechia,2009,64.43
germany,2009,79.0
djibouti,2009,4.0
dominica,2009,42.02
denmark,2009,86.84
dominican republic,2009,27.72
algeria,2009,11.23
east asia & pacific (excluding high income),2009,23.7
early-demographic dividend,2009,
east asia & pacific,2009,29.5
europe & central asia (excluding high income),2009,25.0
europe & central asia,2009,52.7
ecuador,2009,24.6
"egypt, arab rep.",2009,20.0
euro area,2009,
eritrea,2009,0.54
spain,2009,62.4
estonia,2009,72.5
ethiopia,2009,0.54
european union,2009,
fragile and conflict affected situations,2009,6.7
finland,2009,82.49
fiji,2009,17.0
france,2009,71.58
faroe islands,2009,75.18
"micronesia, fed. sts.",2009,15.35
gabon,2009,9.5
united kingdom,2009,83.56
georgia,2009,20.07
ghana,2009,5.44
gibraltar,2009,65.07
guinea,2009,0.94
"gambia, the",2009,7.63
guinea-bissau,2009,2.30328
equatorial guinea,2009,2.13
greece,2009,42.4
grenada,2009,24.05
greenland,2009,62.83
guatemala,2009,9.3
guam,2009,50.642
guyana,2009,23.9
high income,2009,66.5
"hong kong sar, china",2009,69.4
honduras,2009,9.8
heavily indebted poor countries (hipc),2009,
croatia,2009,50.58
haiti,2009,8.1
hungary,2009,62.0
ibrd only,2009,20.7
ida & ibrd total,2009,16.9
ida total,2009,4.9
ida blend,2009,7.7
indonesia,2009,6.92
ida only,2009,3.4
isle of man,2009,
india,2009,5.12
not classified,2009,
ireland,2009,67.38
"iran, islamic rep.",2009,13.8
iraq,2009,1.06
iceland,2009,93.0
israel,2009,63.12
italy,2009,48.83
jamaica,2009,24.3
jordan,2009,26.0
japan,2009,78.0
kazakhstan,2009,18.2
kenya,2009,6.1
kyrgyz republic,2009,16.0
cambodia,2009,0.53
kiribati,2009,8.97
st. kitts and nevis,2009,55.7
"korea, rep.",2009,81.6
kuwait,2009,50.8
latin america & caribbean (excluding high income),2009,30.3
lao pdr,2009,6.0
lebanon,2009,30.14
liberia,2009,2.0
libya,2009,10.8
st. lucia,2009,31.0
latin america & caribbean,2009,31.0
least developed countries: un classification,2009,2.6
low income,2009,3.7
liechtenstein,2009,75.0
sri lanka,2009,
lower middle income,2009,7.5
low & middle income,2009,
lesotho,2009,3.72
late-demographic dividend,2009,
lithuania,2009,59.76
luxembourg,2009,87.31
latvia,2009,66.84
"macao sar, china",2009,54.0
st. martin (french part),2009,
morocco,2009,41.3
monaco,2009,70.1
moldova,2009,27.5
madagascar,2009,1.63
maldives,2009,24.8
"middle east, north africa, afghanistan & pakistan",2009,16.1
mexico,2009,26.34
marshall islands,2009,5.6
middle income,2009,
north macedonia,2009,51.77
mali,2009,1.8
malta,2009,58.86
myanmar,2009,0.22
"middle east, north africa, afghanistan & pakistan (excluding high income)",2009,13.5
montenegro,2009,35.1
mongolia,2009,10.0
northern mariana islands,2009,
mozambique,2009,2.68
mauritania,2009,2.28
mauritius,2009,22.51
malawi,2009,1.07
malaysia,2009,55.9
north america,2009,71.9
namibia,2009,6.5
new caledonia,2009,33.99
niger,2009,0.76
nigeria,2009,9.3
nicaragua,2009,7.3
netherlands,2009,89.63
norway,2009,92.08
nepal,2009,1.97
nauru,2009,
new zealand,2009,79.7
oecd members,2009,
oman,2009,26.8
other small states,2009,
pakistan,2009,7.5
panama,2009,39.08
peru,2009,31.4
philippines,2009,9.0
palau,2009,
papua new guinea,2009,1.61
poland,2009,58.97
pre-demographic dividend,2009,
puerto rico (us),2009,41.5
"korea, dem. people's rep.",2009,0.0
portugal,2009,48.27
paraguay,2009,18.9
west bank and gaza,2009,32.23
pacific island small states,2009,
post-demographic dividend,2009,
french polynesia,2009,44.6
qatar,2009,53.1
romania,2009,36.6
russian federation,2009,42.55
rwanda,2009,7.7
south asia,2009,4.9
saudi arabia,2009,38.0
sudan,2009,
senegal,2009,7.5
singapore,2009,69.0
solomon islands,2009,4.0
sierra leone,2009,0.26
el salvador,2009,12.11
san marino,2009,54.21
"somalia, fed. rep.",2009,1.16061
serbia,2009,38.1
sub-saharan africa (excluding high income),2009,4.9
south sudan,2009,
sub-saharan africa,2009,4.3
small states,2009,28.7
sao tome and principe,2009,16.41
suriname,2009,31.36
slovak republic,2009,70.0
slovenia,2009,64.0
sweden,2009,91.0
eswatini,2009,8.94
sint maarten (dutch part),2009,
seychelles,2009,
syrian arab republic,2009,17.3
turks and caicos islands,2009,
chad,2009,1.5
east asia & pacific (ida & ibrd countries),2009,24.0
europe & central asia (ida & ibrd countries),2009,34.7
togo,2009,2.6
thailand,2009,20.1
tajikistan,2009,10.07
turkmenistan,2009,1.95
latin america & the caribbean (ida & ibrd countries),2009,31.3
timor-leste,2009,2.0
"middle east, north africa, afghanistan & pakistan (ida & ibrd)",2009,13.4
tonga,2009,10.0
south asia (ida & ibrd),2009,4.9
sub-saharan africa (ida & ibrd countries),2009,4.5
trinidad and tobago,2009,44.3
tunisia,2009,34.07
turkiye,2009,36.4
tuvalu,2009,12.8
tanzania,2009,2.4
uganda,2009,4.1
ukraine,2009,17.9
upper middle income,2009,25.8
uruguay,2009,41.8
united states,2009,71.0
uzbekistan,2009,11.9
st. vincent and the grenadines,2009,31.0
"venezuela, rb",2009,32.7
british virgin islands,2009,36.0
virgin islands (u.s.),2009,27.3965
viet nam,2009,26.55
vanuatu,2009,7.5
world,2009,25.3
samoa,2009,6.0
kosovo,2009,
"yemen, rep.",2009,9.96
south africa,2009,10.0
zambia,2009,2.5
zimbabwe,2009,4.0
aruba,2010,62.0
africa eastern and southern,2010,5.3
afghanistan,2010,4.0
africa western and central,2010,7.3
angola,2010,2.8
albania,2010,45.0
andorra,2010,81.0
arab world,2010,
united arab emirates,2010,68.0
argentina,2010,45.0
armenia,2010,25.0
american samoa,2010,
antigua and barbuda,2010,47.0
australia,2010,76.0
austria,2010,75.17
azerbaijan,2010,46.0
burundi,2010,1.0
belgium,2010,77.6398
benin,2010,3.13
burkina faso,2010,2.4
bangladesh,2010,3.7
bulgaria,2010,46.23
bahrain,2010,55.0
"bahamas, the",2010,43.0
bosnia and herzegovina,2010,42.75
belarus,2010,31.8
belize,2010,28.2
bermuda,2010,84.21
bolivia,2010,22.4
brazil,2010,40.65
barbados,2010,65.1
brunei darussalam,2010,53.0
bhutan,2010,13.6
botswana,2010,6.0
central african republic,2010,2.0
canada,2010,80.3
central europe and the baltics,2010,
switzerland,2010,83.9
channel islands,2010,
chile,2010,45.0
china,2010,34.3
cote d'ivoire,2010,2.7
cameroon,2010,4.3
"congo, dem. rep.",2010,0.72
"congo, rep.",2010,5.0
colombia,2010,36.5
comoros,2010,5.1
cabo verde,2010,30.0
costa rica,2010,36.5
caribbean small states,2010,
cuba,2010,15.9
curacao,2010,
cayman islands,2010,66.0
cyprus,2010,52.99
czechia,2010,68.82
germany,2010,82.0
djibouti,2010,6.5
dominica,2010,47.45
denmark,2010,88.72
dominican republic,2010,31.4
algeria,2010,12.5
east asia & pacific (excluding high income),2010,28.9
early-demographic dividend,2010,
east asia & pacific,2010,34.2
europe & central asia (excluding high income),2010,30.2
europe & central asia,2010,57.0
ecuador,2010,29.03
"egypt, arab rep.",2010,21.6
euro area,2010,
eritrea,2010,0.61
spain,2010,65.8
estonia,2010,74.1
ethiopia,2010,0.75
european union,2010,
fragile and conflict affected situations,2010,8.2
finland,2010,86.89
fiji,2010,20.0
france,2010,77.28
faroe islands,2010,75.2
"micronesia, fed. sts.",2010,20.0
gabon,2010,13.0
united kingdom,2010,85.0
georgia,2010,26.9
ghana,2010,7.8
gibraltar,2010,65.0
guinea,2010,1.0
"gambia, the",2010,9.2
guinea-bissau,2010,2.45
equatorial guinea,2010,6.0
greece,2010,44.4
grenada,2010,27.0
greenland,2010,63.0
guatemala,2010,10.5
guam,2010,54.04
guyana,2010,29.9
high income,2010,69.1
"hong kong sar, china",2010,72.0
honduras,2010,11.09
heavily indebted poor countries (hipc),2010,
croatia,2010,56.55
haiti,2010,8.37
hungary,2010,65.0
ibrd only,2010,25.0
ida & ibrd total,2010,20.3
ida total,2010,5.9
ida blend,2010,9.1
indonesia,2010,10.92
ida only,2010,4.2
isle of man,2010,
india,2010,7.5
not classified,2010,
ireland,2010,69.85
"iran, islamic rep.",2010,15.9
iraq,2010,2.5
iceland,2010,93.39
israel,2010,67.5
italy,2010,53.68
jamaica,2010,27.67
jordan,2010,27.2
japan,2010,78.21
kazakhstan,2010,31.6
kenya,2010,7.2
kyrgyz republic,2010,16.3
cambodia,2010,1.26
kiribati,2010,9.07
st. kitts and nevis,2010,63.0
"korea, rep.",2010,83.7
kuwait,2010,61.4
latin america & caribbean (excluding high income),2010,34.0
lao pdr,2010,7.0
lebanon,2010,43.68
liberia,2010,2.3
libya,2010,14.0
st. lucia,2010,32.5
latin america & caribbean,2010,34.6
least developed countries: un classification,2010,3.3
low income,2010,4.3
liechtenstein,2010,80.0
sri lanka,2010,
lower middle income,2010,10.1
low & middle income,2010,
lesotho,2010,3.86
late-demographic dividend,2010,
lithuania,2010,62.12
luxembourg,2010,90.62
latvia,2010,68.42
"macao sar, china",2010,55.198
st. martin (french part),2010,
morocco,2010,52.0
monaco,2010,75.0
moldova,2010,29.68
madagascar,2010,1.7
maldives,2010,26.53
"middle east, north africa, afghanistan & pakistan",2010,18.3
mexico,2010,31.05
marshall islands,2010,7.0
middle income,2010,
north macedonia,2010,51.9
mali,2010,2.0
malta,2010,63.0
myanmar,2010,0.25
"middle east, north africa, afghanistan & pakistan (excluding high income)",2010,15.5
montenegro,2010,37.5
mongolia,2010,10.2
northern mariana islands,2010,
mozambique,2010,4.17
mauritania,2010,4.0
mauritius,2010,28.33
malawi,2010,2.26
malaysia,2010,56.3
north america,2010,72.5
namibia,2010,11.6
new caledonia,2010,42.0
niger,2010,0.83
nigeria,2010,11.5
nicaragua,2010,10.0
netherlands,2010,90.72
norway,2010,93.39
nepal,2010,7.93
nauru,2010,
new zealand,2010,80.46
oecd members,2010,
oman,2010,35.8278
other small states,2010,
pakistan,2010,8.0
panama,2010,40.1
peru,2010,34.77
philippines,2010,25.0
palau,2010,
papua new guinea,2010,1.28
poland,2010,62.32
pre-demographic dividend,2010,
puerto rico (us),2010,45.3
"korea, dem. people's rep.",2010,0.0
portugal,2010,53.3
paraguay,2010,19.8
west bank and gaza,2010,37.4
pacific island small states,2010,
post-demographic dividend,2010,
french polynesia,2010,49.0
qatar,2010,69.0
romania,2010,39.93
russian federation,2010,49.0
rwanda,2010,8.0
south asia,2010,7.1
saudi arabia,2010,41.0
sudan,2010,
senegal,2010,8.0
singapore,2010,71.0
solomon islands,2010,5.0
sierra leone,2010,0.58
el salvador,2010,15.9
san marino,2010,
"somalia, fed. rep.",2010,
serbia,2010,40.9
sub-saharan africa (excluding high income),2010,6.7
south sudan,2010,
sub-saharan africa,2010,6.0
small states,2010,32.0
sao tome and principe,2010,18.75
suriname,2010,31.59
slovak republic,2010,75.71
slovenia,2010,70.0
sweden,2010,90.0
eswatini,2010,11.04
sint maarten (dutch part),2010,
seychelles,2010,41.0
syrian arab republic,2010,20.7
turks and caicos islands,2010,
chad,2010,1.7
east asia & pacific (ida & ibrd countries),2010,29.3
europe & central asia (ida & ibrd countries),2010,40.0
togo,2010,3.0
thailand,2010,22.4
tajikistan,2010,11.55
turkmenistan,2010,3.0
latin america & the caribbean (ida & ibrd countries),2010,35.0
timor-leste,2010,3.0
"middle east, north africa, afghanistan & pakistan (ida & ibrd)",2010,15.3
tonga,2010,16.0
south asia (ida & ibrd),2010,7.1
sub-saharan africa (ida & ibrd countries),2010,6.1
trinidad and tobago,2010,48.5
tunisia,2010,36.8
turkiye,2010,39.82
tuvalu,2010,14.6
tanzania,2010,2.9
uganda,2010,4.3
ukraine,2010,23.3
upper middle income,2010,30.6
uruguay,2010,46.4
united states,2010,71.69
uzbekistan,2010,15.9
st. vincent and the grenadines,2010,33.7
"venezuela, rb",2010,37.37
british virgin islands,2010,37.0
virgin islands (u.s.),2010,31.22
viet nam,2010,30.65
vanuatu,2010,8.0
world,2010,28.4
samoa,2010,7.0
kosovo,2010,
"yemen, rep.",2010,12.35
south africa,2010,24.0
zambia,2010,3.0
zimbabwe,2010,6.4
aruba,2011,69.0
africa eastern and southern,2011,6.8
afghanistan,2011,5.0
africa western and central,2011,8.7
angola,2011,4.7
albania,2011,47.0
andorra,2011,81.0
arab world,2011,
united arab emirates,2011,78.0
argentina,2011,51.0
armenia,2011,32.0
american samoa,2011,
antigua and barbuda,2011,52.0
australia,2011,79.4877
austria,2011,78.74
azerbaijan,2011,50.0
burundi,2011,1.11
belgium,2011,81.61
benin,2011,4.14832
burkina faso,2011,3.0
bangladesh,2011,4.5
bulgaria,2011,47.98
bahrain,2011,77.0
"bahamas, the",2011,65.0
bosnia and herzegovina,2011,43.8877
belarus,2011,39.6489
belize,2011,30.7
bermuda,2011,88.336
bolivia,2011,30.0
brazil,2011,45.69
barbados,2011,66.5
brunei darussalam,2011,56.0
bhutan,2011,14.4
botswana,2011,9.0
central african republic,2011,2.2
canada,2011,83.0
central europe and the baltics,2011,
switzerland,2011,85.193
channel islands,2011,
chile,2011,52.2496
china,2011,38.3
cote d'ivoire,2011,2.9
cameroon,2011,5.0
"congo, dem. rep.",2011,1.2
"congo, rep.",2011,5.6
colombia,2011,40.3509
comoros,2011,5.5
cabo verde,2011,32.0
costa rica,2011,39.2122
caribbean small states,2011,
cuba,2011,16.0173
curacao,2011,
cayman islands,2011,69.4659
cyprus,2011,56.8599
czechia,2011,70.49
germany,2011,81.27
djibouti,2011,7.0
dominica,2011,48.6
denmark,2011,89.81
dominican republic,2011,38.0
algeria,2011,14.9
east asia & pacific (excluding high income),2011,32.3
early-demographic dividend,2011,
east asia & pacific,2011,37.3
europe & central asia (excluding high income),2011,35.0
europe & central asia,2011,60.2
ecuador,2011,31.3668
"egypt, arab rep.",2011,25.6
euro area,2011,
eritrea,2011,0.7
spain,2011,67.09
estonia,2011,76.5
ethiopia,2011,1.1
european union,2011,
fragile and conflict affected situations,2011,9.7
finland,2011,88.71
fiji,2011,28.0
france,2011,77.82
faroe islands,2011,80.7322
"micronesia, fed. sts.",2011,22.8
gabon,2011,18.0
united kingdom,2011,85.38
georgia,2011,31.52
ghana,2011,9.0
gibraltar,2011,65.0
guinea,2011,2.0
"gambia, the",2011,10.8703
guinea-bissau,2011,2.672
equatorial guinea,2011,11.5
greece,2011,51.65
grenada,2011,30.0
greenland,2011,64.0
guatemala,2011,12.3
guam,2011,57.7
guyana,2011,30.0
high income,2011,70.5
"hong kong sar, china",2011,72.2
honduras,2011,15.9
heavily indebted poor countries (hipc),2011,
croatia,2011,57.79
haiti,2011,9.0
hungary,2011,68.02
ibrd only,2011,28.6
ida & ibrd total,2011,23.2
ida total,2011,6.8
ida blend,2011,10.3
indonesia,2011,12.28
ida only,2011,5.0
isle of man,2011,
india,2011,10.07
not classified,2011,
ireland,2011,74.89
"iran, islamic rep.",2011,19.0
iraq,2011,5.0
iceland,2011,94.8197
israel,2011,68.8739
italy,2011,54.39
jamaica,2011,37.4386
jordan,2011,34.9
japan,2011,79.0541
kazakhstan,2011,50.6
kenya,2011,8.8
kyrgyz republic,2011,17.5
cambodia,2011,3.1
kiribati,2011,10.0
st. kitts and nevis,2011,63.2
"korea, rep.",2011,83.7591
kuwait,2011,65.7691
latin america & caribbean (excluding high income),2011,38.7
lao pdr,2011,9.0
lebanon,2011,52.0
liberia,2011,2.5
libya,2011,14.0
st. lucia,2011,34.0
latin america & caribbean,2011,39.3
least developed countries: un classification,2011,4.0
low income,2011,4.9
liechtenstein,2011,85.0
sri lanka,2011,
lower middle income,2011,12.2
low & middle income,2011,
lesotho,2011,7.0
late-demographic dividend,2011,
lithuania,2011,63.64
luxembourg,2011,90.0299
latvia,2011,69.75
"macao sar, china",2011,60.2037
st. martin (french part),2011,
morocco,2011,46.1075
monaco,2011,80.3
moldova,2011,32.07
madagascar,2011,1.9
maldives,2011,34.0
"middle east, north africa, afghanistan & pakistan",2011,20.1
mexico,2011,37.1763
marshall islands,2011,10.0
middle income,2011,
north macedonia,2011,56.7
mali,2011,2.2
malta,2011,68.0198
myanmar,2011,0.98
"middle east, north africa, afghanistan & pakistan (excluding high income)",2011,16.9
montenegro,2011,35.6115
mongolia,2011,12.5
northern mariana islands,2011,
mozambique,2011,4.6
mauritania,2011,4.5
mauritius,2011,34.95
malawi,2011,3.33
malaysia,2011,61.0
north america,2011,71.0
namibia,2011,12.0
new caledonia,2011,50.0
niger,2011,0.9
nigeria,2011,13.8
nicaragua,2011,10.6
netherlands,2011,91.42
norway,2011,93.49
nepal,2011,9.0
nauru,2011,54.0
new zealand,2011,81.23
oecd members,2011,
oman,2011,48.0
other small states,2011,
pakistan,2011,8.0
panama,2011,42.7
peru,2011,36.01
philippines,2011,29.0
palau,2011,
papua new guinea,2011,2.0
poland,2011,61.95
pre-demographic dividend,2011,
puerto rico (us),2011,48.0
"korea, dem. people's rep.",2011,0.0
portugal,2011,55.25
paraguay,2011,24.7635
west bank and gaza,2011,41.08
pacific island small states,2011,
post-demographic dividend,2011,
french polynesia,2011,49.0
qatar,2011,69.0
romania,2011,40.01
russian federation,2011,58.0
rwanda,2011,7.0
south asia,2011,9.4
saudi arabia,2011,47.5
sudan,2011,
senegal,2011,9.8
singapore,2011,71.0
solomon islands,2011,6.0
sierra leone,2011,0.9
el salvador,2011,18.9
san marino,2011,49.6
"somalia, fed. rep.",2011,1.25
serbia,2011,42.2
sub-saharan africa (excluding high income),2011,8.3
south sudan,2011,
sub-saharan africa,2011,7.5
small states,2011,35.5
sao tome and principe,2011,20.1612
suriname,2011,32.0
slovak republic,2011,74.44
slovenia,2011,67.34
sweden,2011,92.77
eswatini,2011,18.13
sint maarten (dutch part),2011,
seychelles,2011,43.164
syrian arab republic,2011,22.5
turks and caicos islands,2011,
chad,2011,1.9
east asia & pacific (ida & ibrd countries),2011,32.7
europe & central asia (ida & ibrd countries),2011,45.4
togo,2011,3.5
thailand,2011,23.6699
tajikistan,2011,13.03
turkmenistan,2011,5.0
latin america & the caribbean (ida & ibrd countries),2011,39.7
timor-leste,2011,4.0
"middle east, north africa, afghanistan & pakistan (ida & ibrd)",2011,16.7
tonga,2011,25.0
south asia (ida & ibrd),2011,9.4
sub-saharan africa (ida & ibrd countries),2011,7.6
trinidad and tobago,2011,55.2
tunisia,2011,39.1
turkiye,2011,43.0657
tuvalu,2011,16.5
tanzania,2011,3.2
uganda,2011,4.6
ukraine,2011,28.7083
upper middle income,2011,34.5
uruguay,2011,51.4047
united states,2011,69.7295
uzbekistan,2011,18.6
st. vincent and the grenadines,2011,36.7
"venezuela, rb",2011,40.22
british virgin islands,2011,37.4
virgin islands (u.s.),2011,35.6
viet nam,2011,35.07
vanuatu,2011,9.2
world,2011,30.9
samoa,2011,11.0
kosovo,2011,
"yemen, rep.",2011,14.905
south africa,2011,33.97
zambia,2011,3.5
zimbabwe,2011,8.4
aruba,2012,74.0
africa eastern and southern,2012,8.4
afghanistan,2012,5.45455
africa western and central,2012,10.3
angola,2012,7.7
albania,2012,49.4
andorra,2012,82.7
arab world,2012,
united arab emirates,2012,85.0
argentina,2012,55.8
armenia,2012,37.5
american samoa,2012,
antigua and barbuda,2012,58.0
australia,2012,79.0
austria,2012,80.03
azerbaijan,2012,54.2
burundi,2012,1.22
belgium,2012,80.72
benin,2012,4.5
burkina faso,2012,3.72503
bangladesh,2012,5.0
bulgaria,2012,51.9
bahrain,2012,88.0
"bahamas, the",2012,71.7482
bosnia and herzegovina,2012,45.0645
belarus,2012,46.91
belize,2012,31.0
bermuda,2012,91.2993
bolivia,2012,35.34
brazil,2012,48.56
barbados,2012,71.2
brunei darussalam,2012,60.2731
bhutan,2012,15.6
botswana,2012,16.0
central african republic,2012,2.4
canada,2012,83.0
central europe and the baltics,2012,
switzerland,2012,85.2
channel islands,2012,
chile,2012,55.05
china,2012,42.3001
cote d'ivoire,2012,4.4
cameroon,2012,7.5
"congo, dem. rep.",2012,1.67996
"congo, rep.",2012,6.1067
colombia,2012,48.98
comoros,2012,5.9753
cabo verde,2012,34.74
costa rica,2012,47.5
caribbean small states,2012,
cuba,2012,21.2
curacao,2012,
cayman islands,2012,69.7
cyprus,2012,60.6899
czechia,2012,73.43
germany,2012,82.35
djibouti,2012,9.4
dominica,2012,49.8
denmark,2012,92.26
dominican republic,2012,42.32
algeria,2012,18.2
east asia & pacific (excluding high income),2012,35.7
early-demographic dividend,2012,
east asia & pacific,2012,40.4
europe & central asia (excluding high income),2012,39.6
europe & central asia,2012,63.9
ecuador,2012,35.1351
"egypt, arab rep.",2012,26.4
euro area,2012,
eritrea,2012,0.8
spain,2012,69.81
estonia,2012,78.3899
ethiopia,2012,2.9
european union,2012,
fragile and conflict affected situations,2012,11.6
finland,2012,89.88
fiji,2012,33.7424
france,2012,81.44
faroe islands,2012,85.3352
"micronesia, fed. sts.",2012,25.9744
gabon,2012,24.0
united kingdom,2012,87.48
georgia,2012,36.94
ghana,2012,10.6
gibraltar,2012,65.017
guinea,2012,3.1
"gambia, the",2012,12.4492
guinea-bissau,2012,2.89399
equatorial guinea,2012,13.9432
greece,2012,55.07
grenada,2012,32.0
greenland,2012,64.896
guatemala,2012,16.0
guam,2012,61.5342
guyana,2012,30.5
high income,2012,73.8
"hong kong sar, china",2012,72.9
honduras,2012,18.12
heavily indebted poor countries (hipc),2012,
croatia,2012,61.94
haiti,2012,9.8
hungary,2012,70.58
ibrd only,2012,31.5
ida & ibrd total,2012,25.7
ida total,2012,7.9
ida blend,2012,11.8
indonesia,2012,14.52
ida only,2012,5.8
isle of man,2012,
india,2012,11.1
not classified,2012,
ireland,2012,76.92
"iran, islamic rep.",2012,22.73
iraq,2012,7.1
iceland,2012,96.2098
israel,2012,70.8
italy,2012,55.83
jamaica,2012,33.79
jordan,2012,37.0
japan,2012,79.4964
kazakhstan,2012,61.9066
kenya,2012,10.5
kyrgyz republic,2012,19.8
cambodia,2012,4.94
kiribati,2012,10.7468
st. kitts and nevis,2012,64.0
"korea, rep.",2012,84.07
kuwait,2012,70.45
latin america & caribbean (excluding high income),2012,42.1
lao pdr,2012,10.7477
lebanon,2012,61.2498
liberia,2012,2.6
libya,2012,15.2
st. lucia,2012,45.865
latin america & caribbean,2012,43.0
least developed countries: un classification,2012,4.8
low income,2012,5.4
liechtenstein,2012,89.4077
sri lanka,2012,
lower middle income,2012,13.6
low & middle income,2012,
lesotho,2012,10.0
late-demographic dividend,2012,
lithuania,2012,67.23
luxembourg,2012,91.9499
latvia,2012,73.1199
"macao sar, china",2012,61.31
st. martin (french part),2012,
morocco,2012,55.4161
monaco,2012,87.0
moldova,2012,34.65
madagascar,2012,2.3
maldives,2012,38.9301
"middle east, north africa, afghanistan & pakistan",2012,22.4
mexico,2012,39.75
marshall islands,2012,12.5
middle income,2012,
north macedonia,2012,57.4499
mali,2012,2.8
malta,2012,68.1999
myanmar,2012,1.4
"middle east, north africa, afghanistan & pakistan (excluding high income)",2012,18.7
montenegro,2012,56.8388
mongolia,2012,16.4
northern mariana islands,2012,
mozambique,2012,5.0
mauritania,2012,5.0
mauritius,2012,35.42
malawi,2012,4.3506
malaysia,2012,65.8
north america,2012,75.5
namibia,2012,12.9414
new caledonia,2012,58.0
niger,2012,1.05
nigeria,2012,16.1
nicaragua,2012,13.5
netherlands,2012,92.86
norway,2012,94.65
nepal,2012,11.1493
nauru,2012,
new zealand,2012,81.6445
oecd members,2012,
oman,2012,60.0
other small states,2012,
pakistan,2012,8.1
panama,2012,40.3019
peru,2012,38.2
philippines,2012,30.8
palau,2012,
papua new guinea,2012,3.5
poland,2012,62.31
pre-demographic dividend,2012,
puerto rico (us),2012,69.0
"korea, dem. people's rep.",2012,0.0
portugal,2012,60.34
paraguay,2012,29.34
west bank and gaza,2012,43.4
pacific island small states,2012,
post-demographic dividend,2012,
french polynesia,2012,52.8766
qatar,2012,69.3
romania,2012,45.88
russian federation,2012,66.0
rwanda,2012,8.02385
south asia,2012,10.4
saudi arabia,2012,54.0
sudan,2012,
senegal,2012,10.8
singapore,2012,72.0
solomon islands,2012,6.9974
sierra leone,2012,2.5
el salvador,2012,20.3214
san marino,2012,
"somalia, fed. rep.",2012,1.3767
serbia,2012,48.1
sub-saharan africa (excluding high income),2012,9.9
south sudan,2012,
sub-saharan africa,2012,9.2
small states,2012,38.4
sao tome and principe,2012,21.5724
suriname,2012,34.6812
slovak republic,2012,76.71
slovenia,2012,68.35
sweden,2012,93.18
eswatini,2012,20.7818
sint maarten (dutch part),2012,
seychelles,2012,47.076
syrian arab republic,2012,24.3001
turks and caicos islands,2012,
chad,2012,2.1
east asia & pacific (ida & ibrd countries),2012,36.1
europe & central asia (ida & ibrd countries),2012,50.7
togo,2012,4.0
thailand,2012,26.46
tajikistan,2012,14.51
turkmenistan,2012,7.1958
latin america & the caribbean (ida & ibrd countries),2012,43.4
timor-leste,2012,7.0
"middle east, north africa, afghanistan & pakistan (ida & ibrd)",2012,18.6
tonga,2012,30.0
south asia (ida & ibrd),2012,10.4
sub-saharan africa (ida & ibrd countries),2012,9.2
trinidad and tobago,2012,57.5
tunisia,2012,41.4416
turkiye,2012,45.13
tuvalu,2012,18.7
tanzania,2012,3.95
uganda,2012,4.8
ukraine,2012,35.27
upper middle income,2012,38.3
uruguay,2012,54.4538
united states,2012,74.7
uzbekistan,2012,23.6
st. vincent and the grenadines,2012,40.0
"venezuela, rb",2012,49.0501
british virgin islands,2012,37.6
virgin islands (u.s.),2012,40.5479
viet nam,2012,36.8
vanuatu,2012,10.598
world,2012,33.3
samoa,2012,12.9225
kosovo,2012,
"yemen, rep.",2012,17.4465
south africa,2012,41.0
zambia,2012,4.1
zimbabwe,2012,12.0
aruba,2013,78.9
africa eastern and southern,2013,10.0
afghanistan,2013,5.9
africa western and central,2013,12.6
angola,2013,13.0
albania,2013,51.8
andorra,2013,84.4
arab world,2013,
united arab emirates,2013,88.0
argentina,2013,59.9
armenia,2013,41.9
american samoa,2013,
antigua and barbuda,2013,63.4
australia,2013,83.4535
austria,2013,80.6188
azerbaijan,2013,73.0
burundi,2013,1.26422
belgium,2013,82.1702
benin,2013,4.9
burkina faso,2013,5.0
bangladesh,2013,6.63
bulgaria,2013,53.0615
bahrain,2013,90.0
"bahamas, the",2013,72.0
bosnia and herzegovina,2013,48.5213
belarus,2013,54.17
belize,2013,33.6
bermuda,2013,95.3
bolivia,2013,36.99
brazil,2013,51.04
barbados,2013,71.8
brunei darussalam,2013,64.5
bhutan,2013,22.4
botswana,2013,30.0
central african republic,2013,2.5
canada,2013,85.8
central europe and the baltics,2013,
switzerland,2013,86.34
channel islands,2013,
chile,2013,58.0
china,2013,45.8
cote d'ivoire,2013,6.6
cameroon,2013,10.0
"congo, dem. rep.",2013,2.2
"congo, rep.",2013,6.6
colombia,2013,51.7
comoros,2013,6.5
cabo verde,2013,37.5
costa rica,2013,45.96
caribbean small states,2013,
cuba,2013,27.93
curacao,2013,
cayman islands,2013,71.4
cyprus,2013,65.4548
czechia,2013,74.1104
germany,2013,84.17
djibouti,2013,12.7
dominica,2013,51.0
denmark,2013,94.6297
dominican republic,2013,45.9
algeria,2013,22.5
east asia & pacific (excluding high income),2013,38.2
early-demographic dividend,2013,
east asia & pacific,2013,43.2
europe & central asia (excluding high income),2013,43.5
europe & central asia,2013,66.2
ecuador,2013,40.2791
"egypt, arab rep.",2013,29.4
euro area,2013,
eritrea,2013,0.9
spain,2013,71.635
estonia,2013,80.0043
ethiopia,2013,4.6
european union,2013,
fragile and conflict affected situations,2013,13.5
finland,2013,91.5144
fiji,2013,35.2
france,2013,81.9198
faroe islands,2013,90.0
"micronesia, fed. sts.",2013,27.8
gabon,2013,30.538
united kingdom,2013,89.8441
georgia,2013,43.3
ghana,2013,15.0
gibraltar,2013,
guinea,2013,4.5
"gambia, the",2013,14.0
guinea-bissau,2013,3.1
equatorial guinea,2013,16.4
greece,2013,59.8663
grenada,2013,35.0
greenland,2013,65.8
guatemala,2013,19.7
guam,2013,65.4
guyana,2013,31.0
high income,2013,75.2
"hong kong sar, china",2013,74.2
honduras,2013,17.8
heavily indebted poor countries (hipc),2013,
croatia,2013,66.7476
haiti,2013,10.6
hungary,2013,72.6439
ibrd only,2013,34.0
ida & ibrd total,2013,27.8
ida total,2013,9.4
ida blend,2013,13.9
indonesia,2013,14.94
ida only,2013,6.9
isle of man,2013,
india,2013,12.3
not classified,2013,
ireland,2013,78.2477
"iran, islamic rep.",2013,29.95
iraq,2013,9.2
iceland,2013,96.5468
israel,2013,70.2503
italy,2013,58.4593
jamaica,2013,37.1
jordan,2013,41.4
japan,2013,88.2194
kazakhstan,2013,63.3042
kenya,2013,13.0
kyrgyz republic,2013,23.0
cambodia,2013,6.0
kiribati,2013,11.5
st. kitts and nevis,2013,64.6
"korea, rep.",2013,84.77
kuwait,2013,75.46
latin america & caribbean (excluding high income),2013,45.1
lao pdr,2013,12.5
lebanon,2013,70.5
liberia,2013,3.2
libya,2013,16.5
st. lucia,2013,49.4
latin america & caribbean,2013,46.1
least developed countries: un classification,2013,6.0
low income,2013,6.0
liechtenstein,2013,93.8
sri lanka,2013,
lower middle income,2013,15.2
low & middle income,2013,
lesotho,2013,15.0
late-demographic dividend,2013,
lithuania,2013,68.4529
luxembourg,2013,93.7765
latvia,2013,75.2344
"macao sar, china",2013,65.8
st. martin (french part),2013,
morocco,2013,56.0
monaco,2013,90.7
moldova,2013,37.44
madagascar,2013,3.0
maldives,2013,44.1
"middle east, north africa, afghanistan & pakistan",2013,25.2
mexico,2013,43.46
marshall islands,2013,14.0
middle income,2013,
north macedonia,2013,65.24
mali,2013,3.5
malta,2013,68.9138
myanmar,2013,1.8
"middle east, north africa, afghanistan & pakistan (excluding high income)",2013,21.3
montenegro,2013,60.31
mongolia,2013,17.7
northern mariana islands,2013,
mozambique,2013,5.5
mauritania,2013,6.2
mauritius,2013,40.1168
malawi,2013,5.05
malaysia,2013,57.0575
north america,2013,72.8
namibia,2013,13.9
new caledonia,2013,66.0
niger,2013,1.15
nigeria,2013,19.1
nicaragua,2013,15.5
netherlands,2013,93.9564
norway,2013,95.0534
nepal,2013,13.3
nauru,2013,
new zealand,2013,82.78
oecd members,2013,
oman,2013,66.45
other small states,2013,
pakistan,2013,9.0
panama,2013,44.03
peru,2013,39.2
philippines,2013,32.7
palau,2013,
papua new guinea,2013,5.1
poland,2013,62.8492
pre-demographic dividend,2013,
puerto rico (us),2013,69.0
"korea, dem. people's rep.",2013,
portugal,2013,62.0956
paraguay,2013,36.9
west bank and gaza,2013,46.6
pacific island small states,2013,
post-demographic dividend,2013,
french polynesia,2013,56.8
qatar,2013,85.3
romania,2013,49.7645
russian federation,2013,67.97
rwanda,2013,9.0
south asia,2013,11.7
saudi arabia,2013,60.5
sudan,2013,
senegal,2013,13.1
singapore,2013,80.9021
solomon islands,2013,8.0
sierra leone,2013,4.0
el salvador,2013,23.1093
san marino,2013,
"somalia, fed. rep.",2013,1.5
serbia,2013,53.4504
sub-saharan africa (excluding high income),2013,11.8
south sudan,2013,2.2
sub-saharan africa,2013,11.2
small states,2013,41.2
sao tome and principe,2013,23.0
suriname,2013,37.4
slovak republic,2013,77.8826
slovenia,2013,72.6756
sweden,2013,94.7836
eswatini,2013,24.7
sint maarten (dutch part),2013,
seychelles,2013,50.4
syrian arab republic,2013,26.2
turks and caicos islands,2013,
chad,2013,2.5
east asia & pacific (ida & ibrd countries),2013,38.7
europe & central asia (ida & ibrd countries),2013,53.7
togo,2013,4.5
thailand,2013,28.94
tajikistan,2013,16.0
turkmenistan,2013,9.6
latin america & the caribbean (ida & ibrd countries),2013,46.4
timor-leste,2013,11.0
"middle east, north africa, afghanistan & pakistan (ida & ibrd)",2013,21.1
tonga,2013,32.754
south asia (ida & ibrd),2013,11.7
sub-saharan africa (ida & ibrd countries),2013,11.1
trinidad and tobago,2013,59.9
tunisia,2013,43.8
turkiye,2013,46.25
tuvalu,2013,21.2
tanzania,2013,4.4
uganda,2013,5.1
ukraine,2013,40.9541
upper middle income,2013,41.4
uruguay,2013,57.69
united states,2013,71.4
uzbekistan,2013,26.8
st. vincent and the grenadines,2013,43.5
"venezuela, rb",2013,54.9
british virgin islands,2013,
virgin islands (u.s.),2013,45.3
viet nam,2013,38.5
vanuatu,2013,11.3
world,2013,35.3
samoa,2013,15.3
kosovo,2013,
"yemen, rep.",2013,20.0
south africa,2013,46.5
zambia,2013,4.8
zimbabwe,2013,15.5
aruba,2014,83.78
africa eastern and southern,2014,12.1
afghanistan,2014,7.0
africa western and central,2014,15.0
angola,2014,21.3623
albania,2014,54.3
andorra,2014,86.1
arab world,2014,
united arab emirates,2014,90.4
argentina,2014,64.7
armenia,2014,54.6228
american samoa,2014,
antigua and barbuda,2014,67.78
australia,2014,84.0
austria,2014,80.9958
azerbaijan,2014,75.0
burundi,2014,1.04239
belgium,2014,85.0012
benin,2014,6.0
burkina faso,2014,6.0
bangladesh,2014,11.9
bulgaria,2014,55.4904
bahrain,2014,90.5031
"bahamas, the",2014,76.92
bosnia and herzegovina,2014,49.9177
belarus,2014,59.0163
belize,2014,38.7
bermuda,2014,96.8
bolivia,2014,34.6016
brazil,2014,54.551
barbados,2014,71.9
brunei darussalam,2014,68.77
bhutan,2014,30.3
botswana,2014,36.7447
central african republic,2014,2.7
canada,2014,87.12
central europe and the baltics,2014,
switzerland,2014,83.6173
channel islands,2014,
chile,2014,61.11
china,2014,47.9
cote d'ivoire,2014,10.0
cameroon,2014,16.2149
"congo, dem. rep.",2014,3.0
"congo, rep.",2014,7.11
colombia,2014,52.5681
comoros,2014,6.98
cabo verde,2014,40.26
costa rica,2014,53.0
caribbean small states,2014,
cuba,2014,29.0702
curacao,2014,
cayman islands,2014,74.1
cyprus,2014,69.3287
czechia,2014,74.2317
germany,2014,86.1937
djibouti,2014,17.0
dominica,2014,57.5
denmark,2014,95.9935
dominican republic,2014,49.58
algeria,2014,29.5
east asia & pacific (excluding high income),2014,40.6
early-demographic dividend,2014,
east asia & pacific,2014,45.5
europe & central asia (excluding high income),2014,48.1
europe & central asia,2014,68.7
ecuador,2014,45.5904
"egypt, arab rep.",2014,33.8946
euro area,2014,
eritrea,2014,0.99
spain,2014,76.1867
estonia,2014,84.2415
ethiopia,2014,7.7
european union,2014,
fragile and conflict affected situations,2014,15.6
finland,2014,86.5304
fiji,2014,37.4
france,2014,83.7511
faroe islands,2014,93.3
"micronesia, fed. sts.",2014,29.65
gabon,2014,38.0712
united kingdom,2014,91.6133
georgia,2014,49.1025
ghana,2014,19.0
gibraltar,2014,
guinea,2014,6.4
"gambia, the",2014,15.56
guinea-bissau,2014,3.32
equatorial guinea,2014,18.86
greece,2014,63.2073
grenada,2014,51.6
greenland,2014,66.7
guatemala,2014,23.4
guam,2014,69.27
guyana,2014,32.0
high income,2014,77.0
"hong kong sar, china",2014,79.8663
honduras,2014,23.0
heavily indebted poor countries (hipc),2014,
croatia,2014,68.5679
haiti,2014,11.4
hungary,2014,75.6532
ibrd only,2014,36.3
ida & ibrd total,2014,30.1
ida total,2014,11.6
ida blend,2014,16.1
indonesia,2014,17.1432
ida only,2014,9.1
isle of man,2014,
india,2014,13.5
not classified,2014,
ireland,2014,83.4917
"iran, islamic rep.",2014,39.3536
iraq,2014,11.6453
iceland,2014,98.158
israel,2014,75.0178
italy,2014,55.6385
jamaica,2014,40.4027
jordan,2014,46.2
japan,2014,89.1068
kazakhstan,2014,66.0
kenya,2014,16.5
kyrgyz republic,2014,28.3
cambodia,2014,14.0
kiribati,2014,12.25
st. kitts and nevis,2014,65.4
"korea, rep.",2014,87.5568
kuwait,2014,78.7
latin america & caribbean (excluding high income),2014,47.7
lao pdr,2014,14.26
lebanon,2014,73.0
liberia,2014,5.41
libya,2014,17.76
st. lucia,2014,53.2
latin america & caribbean,2014,48.7
least developed countries: un classification,2014,8.2
low income,2014,6.9
liechtenstein,2014,95.21
sri lanka,2014,10.5
lower middle income,2014,17.2
low & middle income,2014,
lesotho,2014,22.0
late-demographic dividend,2014,
lithuania,2014,72.1335
luxembourg,2014,94.6702
latvia,2014,75.8261
"macao sar, china",2014,69.7809
st. martin (french part),2014,
morocco,2014,56.7746
monaco,2014,92.4
moldova,2014,67.0
madagascar,2014,3.7
maldives,2014,49.28
"middle east, north africa, afghanistan & pakistan",2014,28.7
mexico,2014,44.3857
marshall islands,2014,16.8
middle income,2014,
north macedonia,2014,68.0585
mali,2014,7.0
malta,2014,73.1141
myanmar,2014,7.4
"middle east, north africa, afghanistan & pakistan (excluding high income)",2014,24.7
montenegro,2014,63.8869
mongolia,2014,19.9424
northern mariana islands,2014,
mozambique,2014,6.0
mauritania,2014,11.8
mauritius,2014,44.8033
malawi,2014,5.83
malaysia,2014,63.6654
north america,2014,74.4
namibia,2014,14.84
new caledonia,2014,70.0
niger,2014,1.24868
nigeria,2014,21.0
nicaragua,2014,17.6
netherlands,2014,91.6667
norway,2014,96.3005
nepal,2014,15.44
nauru,2014,
new zealand,2014,84.0
oecd members,2014,
oman,2014,70.22
other small states,2014,
pakistan,2014,10.0
panama,2014,44.9238
peru,2014,40.2447
philippines,2014,34.7
palau,2014,
papua new guinea,2014,6.5
poland,2014,66.5987
pre-demographic dividend,2014,
puerto rico (us),2014,76.1339
"korea, dem. people's rep.",2014,
portugal,2014,64.5924
paraguay,2014,43.0074
west bank and gaza,2014,53.6652
pacific island small states,2014,
post-demographic dividend,2014,
french polynesia,2014,60.68
qatar,2014,91.49
romania,2014,54.0783
russian federation,2014,70.5176
rwanda,2014,10.6
south asia,2014,13.0
saudi arabia,2014,64.7137
sudan,2014,
senegal,2014,17.7
singapore,2014,79.0292
solomon islands,2014,9.0
sierra leone,2014,6.0573
el salvador,2014,24.7617
san marino,2014,
"somalia, fed. rep.",2014,1.63
serbia,2014,62.0751
sub-saharan africa (excluding high income),2014,13.9
south sudan,2014,2.6
sub-saharan africa,2014,13.4
small states,2014,44.6
sao tome and principe,2014,24.41
suriname,2014,40.08
slovak republic,2014,79.9843
slovenia,2014,71.5863
sweden,2014,92.5236
eswatini,2014,25.0
sint maarten (dutch part),2014,
seychelles,2014,51.2547
syrian arab republic,2014,28.09
turks and caicos islands,2014,
chad,2014,2.9
east asia & pacific (ida & ibrd countries),2014,41.1
europe & central asia (ida & ibrd countries),2014,57.4
togo,2014,5.7
thailand,2014,34.8861
tajikistan,2014,17.49
turkmenistan,2014,12.2
latin america & the caribbean (ida & ibrd countries),2014,49.0
timor-leste,2014,17.5
"middle east, north africa, afghanistan & pakistan (ida & ibrd)",2014,24.5
tonga,2014,35.9544
south asia (ida & ibrd),2014,13.0
sub-saharan africa (ida & ibrd countries),2014,13.3
trinidad and tobago,2014,62.4
tunisia,2014,46.16
turkiye,2014,51.0374
tuvalu,2014,24.1
tanzania,2014,7.0
uganda,2014,5.4
ukraine,2014,46.236
upper middle income,2014,44.2
uruguay,2014,61.4625
united states,2014,73.0
uzbekistan,2014,35.5
st. vincent and the grenadines,2014,47.4
"venezuela, rb",2014,57.0
british virgin islands,2014,
virgin islands (u.s.),2014,50.07
viet nam,2014,41.0
vanuatu,2014,18.8
world,2014,37.4
samoa,2014,21.2
kosovo,2014,
"yemen, rep.",2014,22.55
south africa,2014,49.0
zambia,2014,6.5
zimbabwe,2014,16.3647
aruba,2015,88.6612
africa eastern and southern,2015,14.3
afghanistan,2015,8.26
africa western and central,2015,17.3
angola,2015,22.0
albania,2015,56.9
andorra,2015,87.9
arab world,2015,
united arab emirates,2015,90.5
argentina,2015,68.0431
armenia,2015,59.1008
american samoa,2015,
antigua and barbuda,2015,70.0
australia,2015,84.5605
austria,2015,83.9401
azerbaijan,2015,77.0
burundi,2015,2.0
belgium,2015,85.0529
benin,2015,11.255
burkina faso,2015,6.55
bangladesh,2015,12.9
bulgaria,2015,56.6563
bahrain,2015,93.4783
"bahamas, the",2015,78.0
bosnia and herzegovina,2015,52.6
belarus,2015,62.2304
belize,2015,41.59
bermuda,2015,98.3236
bolivia,2015,37.4868
brazil,2015,58.328
barbados,2015,72.0
brunei darussalam,2015,71.2
bhutan,2015,39.8
botswana,2015,37.3121
central african republic,2015,2.9
canada,2015,90.0
central europe and the baltics,2015,
switzerland,2015,87.4791
channel islands,2015,
chile,2015,76.6296
china,2015,50.3
cote d'ivoire,2015,38.44
cameroon,2015,18.3
"congo, dem. rep.",2015,3.8
"congo, rep.",2015,7.61597
colombia,2015,55.905
comoros,2015,7.45916
cabo verde,2015,42.683
costa rica,2015,59.763
caribbean small states,2015,
cuba,2015,37.3051
curacao,2015,
cayman islands,2015,77.0
cyprus,2015,71.7157
czechia,2015,75.6688
germany,2015,87.5898
djibouti,2015,22.9
dominica,2015,65.0
denmark,2015,96.3305
dominican republic,2015,54.2158
algeria,2015,38.2
east asia & pacific (excluding high income),2015,43.5
early-demographic dividend,2015,
east asia & pacific,2015,48.3
europe & central asia (excluding high income),2015,51.5
europe & central asia,2015,69.8
ecuador,2015,48.9404
"egypt, arab rep.",2015,37.8194
euro area,2015,
eritrea,2015,1.08373
spain,2015,78.6896
estonia,2015,88.4097
ethiopia,2015,13.8552
european union,2015,
fragile and conflict affected situations,2015,17.9
finland,2015,86.4221
fiji,2015,42.5
france,2015,78.006
faroe islands,2015,94.2
"micronesia, fed. sts.",2015,31.5011
gabon,2015,45.7845
united kingdom,2015,92.0003
georgia,2015,47.5698
ghana,2015,23.0
gibraltar,2015,
guinea,2015,9.2
"gambia, the",2015,17.6
guinea-bissau,2015,6.1
equatorial guinea,2015,21.32
greece,2015,66.835
grenada,2015,52.5
greenland,2015,67.6004
guatemala,2015,28.8059
guam,2015,73.14
guyana,2015,34.0
high income,2015,78.3
"hong kong sar, china",2015,84.9484
honduras,2015,27.1395
heavily indebted poor countries (hipc),2015,
croatia,2015,69.845
haiti,2015,14.2
hungary,2015,72.8347
ibrd only,2015,39.1
ida & ibrd total,2015,32.7
ida total,2015,13.9
ida blend,2015,18.0
indonesia,2015,22.0627
ida only,2015,11.6
isle of man,2015,
india,2015,14.9
not classified,2015,
ireland,2015,83.4948
"iran, islamic rep.",2015,45.335
iraq,2015,15.2
iceland,2015,98.2
israel,2015,77.3521
italy,2015,58.1417
jamaica,2015,42.2212
jordan,2015,54.22
japan,2015,91.058
kazakhstan,2015,70.8299
kenya,2015,16.5879
kyrgyz republic,2015,30.247
cambodia,2015,6.43319
kiribati,2015,14.9
st. kitts and nevis,2015,66.2
"korea, rep.",2015,89.8963
kuwait,2015,82.0
latin america & caribbean (excluding high income),2015,53.3
lao pdr,2015,18.2
lebanon,2015,74.0
liberia,2015,10.0
libya,2015,
st. lucia,2015,57.3
latin america & caribbean,2015,54.4
least developed countries: un classification,2015,10.7
low income,2015,7.9
liechtenstein,2015,96.6412
sri lanka,2015,15.26
lower middle income,2015,19.3
low & middle income,2015,
lesotho,2015,25.0
late-demographic dividend,2015,
lithuania,2015,71.3781
luxembourg,2015,96.3767
latvia,2015,79.2006
"macao sar, china",2015,77.6001
st. martin (french part),2015,
morocco,2015,57.08
monaco,2015,93.3633
moldova,2015,69.0
madagascar,2015,4.17397
maldives,2015,54.462
"middle east, north africa, afghanistan & pakistan",2015,31.8
mexico,2015,57.431
marshall islands,2015,19.2824
middle income,2015,
north macedonia,2015,70.3802
mali,2015,10.33
malta,2015,75.96
myanmar,2015,10.9
"middle east, north africa, afghanistan & pakistan (excluding high income)",2015,27.6
montenegro,2015,68.1198
mongolia,2015,22.5
northern mariana islands,2015,
mozambique,2015,6.5
mauritania,2015,17.6
mauritius,2015,50.1393
malawi,2015,6.0
malaysia,2015,71.0641
north america,2015,76.1
namibia,2015,25.6879
new caledonia,2015,74.0018
niger,2015,2.47622
nigeria,2015,22.5
nicaragua,2015,19.7043
netherlands,2015,91.7241
norway,2015,96.8103
nepal,2015,17.5816
nauru,2015,
new zealand,2015,85.2
oecd members,2015,
oman,2015,73.53
other small states,2015,
pakistan,2015,11.0
panama,2015,51.2054
peru,2015,40.8526
philippines,2015,36.9
palau,2015,
papua new guinea,2015,7.9
poland,2015,67.997
pre-demographic dividend,2015,
puerto rico (us),2015,63.4663
"korea, dem. people's rep.",2015,
portugal,2015,68.6329
paraguay,2015,49.7163
west bank and gaza,2015,56.7
pacific island small states,2015,
post-demographic dividend,2015,
french polynesia,2015,64.5602
qatar,2015,92.8848
romania,2015,55.7632
russian federation,2015,70.0992
rwanda,2015,12.5
south asia,2015,14.7
saudi arabia,2015,69.6162
sudan,2015,
senegal,2015,21.7
singapore,2015,79.013
solomon islands,2015,10.0005
sierra leone,2015,6.34442
el salvador,2015,26.8026
san marino,2015,
"somalia, fed. rep.",2015,1.76
serbia,2015,65.317
sub-saharan africa (excluding high income),2015,15.7
south sudan,2015,3.0
sub-saharan africa,2015,15.7
small states,2015,47.7
sao tome and principe,2015,25.82
suriname,2015,42.7638
slovak republic,2015,77.6347
slovenia,2015,73.0987
sweden,2015,90.6102
eswatini,2015,25.643
sint maarten (dutch part),2015,
seychelles,2015,54.2596
syrian arab republic,2015,29.9798
turks and caicos islands,2015,
chad,2015,3.5
east asia & pacific (ida & ibrd countries),2015,44.1
europe & central asia (ida & ibrd countries),2015,59.3
togo,2015,7.12
thailand,2015,39.3161
tajikistan,2015,18.98
turkmenistan,2015,14.9968
latin america & the caribbean (ida & ibrd countries),2015,54.7
timor-leste,2015,18.6
"middle east, north africa, afghanistan & pakistan (ida & ibrd)",2015,27.4
tonga,2015,38.6513
south asia (ida & ibrd),2015,14.7
sub-saharan africa (ida & ibrd countries),2015,15.5
trinidad and tobago,2015,65.1
tunisia,2015,46.5
turkiye,2015,53.745
tuvalu,2015,27.3
tanzania,2015,10.0
uganda,2015,5.8
ukraine,2015,48.8846
upper middle income,2015,47.9
uruguay,2015,64.5708
united states,2015,74.5542
uzbekistan,2015,42.8
st. vincent and the grenadines,2015,49.4
"venezuela, rb",2015,58.0
british virgin islands,2015,
virgin islands (u.s.),2015,54.8391
viet nam,2015,45.0
vanuatu,2015,22.3514
world,2015,39.8
samoa,2015,25.407
kosovo,2015,
"yemen, rep.",2015,24.0854
south africa,2015,51.9191
zambia,2015,8.8
zimbabwe,2015,22.7428
aruba,2016,93.5425
africa eastern and southern,2016,15.8
afghanistan,2016,11.0
africa western and central,2016,19.9
angola,2016,23.2
albania,2016,59.6
andorra,2016,89.7
arab world,2016,
united arab emirates,2016,90.6
argentina,2016,70.969
armenia,2016,64.346
american samoa,2016,
antigua and barbuda,2016,70.9743
australia,2016,86.54
austria,2016,84.3237
azerbaijan,2016,78.2
burundi,2016,2.2
belgium,2016,86.5165
benin,2016,14.5
burkina faso,2016,7.14
bangladesh,2016,18.1
bulgaria,2016,59.8255
bahrain,2016,98.0
"bahamas, the",2016,80.0
bosnia and herzegovina,2016,60.2565
belarus,2016,71.113
belize,2016,44.5757
bermuda,2016,98.0
bolivia,2016,39.6975
brazil,2016,60.8725
barbados,2016,72.2
brunei darussalam,2016,90.0
bhutan,2016,46.5
botswana,2016,42.2576
central african republic,2016,3.1
canada,2016,91.16
central europe and the baltics,2016,
switzerland,2016,89.1347
channel islands,2016,
chile,2016,83.5586
china,2016,53.2
cote d'ivoire,2016,41.2078
cameroon,2016,20.6
"congo, dem. rep.",2016,10.1
"congo, rep.",2016,8.12195
colombia,2016,58.1365
comoros,2016,7.93832
cabo verde,2016,50.3228
costa rica,2016,65.8804
caribbean small states,2016,
cuba,2016,42.9787
curacao,2016,61.8555
cayman islands,2016,79.0
cyprus,2016,75.9002
czechia,2016,76.4812
germany,2016,84.1652
djibouti,2016,30.8
dominica,2016,67.03
denmark,2016,96.9678
dominican republic,2016,63.8709
algeria,2016,42.9455
east asia & pacific (excluding high income),2016,47.0
early-demographic dividend,2016,
east asia & pacific,2016,51.6
europe & central asia (excluding high income),2016,55.9
europe & central asia,2016,72.2
ecuador,2016,54.0629
"egypt, arab rep.",2016,41.2481
euro area,2016,
eritrea,2016,1.17712
spain,2016,80.5613
estonia,2016,87.2402
ethiopia,2016,15.3669
european union,2016,
fragile and conflict affected situations,2016,20.0
finland,2016,87.7036
fiji,2016,49.42
france,2016,79.2698
faroe islands,2016,95.1087
"micronesia, fed. sts.",2016,33.3522
gabon,2016,48.0523
united kingdom,2016,94.7758
georgia,2016,58.4593
ghana,2016,28.0
gibraltar,2016,94.4445
guinea,2016,13.1
"gambia, the",2016,19.9
guinea-bissau,2016,13.8
equatorial guinea,2016,23.78
greece,2016,69.0879
grenada,2016,53.3
greenland,2016,68.5009
guatemala,2016,34.5093
guam,2016,77.01
guyana,2016,35.66
high income,2016,82.5
"hong kong sar, china",2016,87.4794
honduras,2016,29.5282
heavily indebted poor countries (hipc),2016,
croatia,2016,72.6973
haiti,2016,22.8
hungary,2016,79.2594
ibrd only,2016,42.0
ida & ibrd total,2016,35.5
ida total,2016,16.5
ida blend,2016,19.9
indonesia,2016,25.4474
ida only,2016,14.6
isle of man,2016,
india,2016,16.5
not classified,2016,
ireland,2016,83.5
"iran, islamic rep.",2016,53.2268
iraq,2016,19.9
iceland,2016,98.24
israel,2016,79.6531
italy,2016,61.3243
jamaica,2016,44.3669
jordan,2016,56.15
japan,2016,93.1827
kazakhstan,2016,74.5877
kenya,2016,16.6
kyrgyz republic,2016,40.5
cambodia,2016,32.3985
kiribati,2016,19.4194
st. kitts and nevis,2016,67.0
"korea, rep.",2016,92.843
kuwait,2016,85.6
latin america & caribbean (excluding high income),2016,56.4
lao pdr,2016,21.87
lebanon,2016,76.11
liberia,2016,15.7
libya,2016,
st. lucia,2016,58.2226
latin america & caribbean,2016,57.5
least developed countries: un classification,2016,13.5
low income,2016,9.4
liechtenstein,2016,98.0939
sri lanka,2016,22.19
lower middle income,2016,21.8
low & middle income,2016,
lesotho,2016,32.4539
late-demographic dividend,2016,
lithuania,2016,74.3766
luxembourg,2016,98.1367
latvia,2016,79.8421
"macao sar, china",2016,81.643
st. martin (french part),2016,
morocco,2016,58.2712
monaco,2016,95.2082
moldova,2016,71.0
madagascar,2016,4.71366
maldives,2016,59.5
"middle east, north africa, afghanistan & pakistan",2016,35.0
mexico,2016,59.5404
marshall islands,2016,29.7878
middle income,2016,
north macedonia,2016,72.1568
mali,2016,14.0
malta,2016,78.0751
myanmar,2016,16.0
"middle east, north africa, afghanistan & pakistan (excluding high income)",2016,30.8
montenegro,2016,69.8816
mongolia,2016,22.2658
northern mariana islands,2016,
mozambique,2016,7.0
mauritania,2016,19.2328
mauritius,2016,52.1913
malawi,2016,6.3
malaysia,2016,78.7883
north america,2016,86.1
namibia,2016,31.0333
new caledonia,2016,
niger,2016,4.32276
nigeria,2016,24.1
nicaragua,2016,24.5718
netherlands,2016,90.411
norway,2016,97.2982
nepal,2016,20.7
nauru,2016,
new zealand,2016,86.5
oecd members,2016,
oman,2016,76.8454
other small states,2016,
pakistan,2016,12.3854
panama,2016,54.0
peru,2016,45.4617
philippines,2016,39.2
palau,2016,
papua new guinea,2016,9.60154
poland,2016,73.3007
pre-demographic dividend,2016,
puerto rico (us),2016,68.6438
"korea, dem. people's rep.",2016,
portugal,2016,70.4236
paraguay,2016,53.4041
west bank and gaza,2016,59.9
pacific island small states,2016,
post-demographic dividend,2016,
french polynesia,2016,68.4404
qatar,2016,95.1247
romania,2016,59.504
russian federation,2016,73.0914
rwanda,2016,14.6
south asia,2016,16.7
saudi arabia,2016,74.8793
sudan,2016,14.1
senegal,2016,25.6648
singapore,2016,84.4523
solomon islands,2016,11.0009
sierra leone,2016,11.7732
el salvador,2016,28.9971
san marino,2016,
"somalia, fed. rep.",2016,1.88
serbia,2016,67.0568
sub-saharan africa (excluding high income),2016,17.7
south sudan,2016,3.5
sub-saharan africa,2016,17.6
small states,2016,50.9
sao tome and principe,2016,28.0
suriname,2016,45.4
slovak republic,2016,80.4759
slovenia,2016,75.4985
sweden,2016,89.6509
eswatini,2016,28.57
sint maarten (dutch part),2016,
seychelles,2016,56.5147
syrian arab republic,2016,31.8696
turks and caicos islands,2016,
chad,2016,5.8
east asia & pacific (ida & ibrd countries),2016,47.6
europe & central asia (ida & ibrd countries),2016,63.2
togo,2016,11.31
thailand,2016,47.505
tajikistan,2016,20.47
turkmenistan,2016,17.9903
latin america & the caribbean (ida & ibrd countries),2016,57.7
timor-leste,2016,21.2
"middle east, north africa, afghanistan & pakistan (ida & ibrd)",2016,30.6
tonga,2016,39.95
south asia (ida & ibrd),2016,16.7
sub-saharan africa (ida & ibrd countries),2016,17.5
trinidad and tobago,2016,67.8
tunisia,2016,49.6
turkiye,2016,58.3477
tuvalu,2016,31.0
tanzania,2016,13.5042
uganda,2016,5.9
ukraine,2016,53.001
upper middle income,2016,51.4
uruguay,2016,66.4
united states,2016,85.5444
uzbekistan,2016,46.7913
st. vincent and the grenadines,2016,51.5
"venezuela, rb",2016,60.0
british virgin islands,2016,77.7014
virgin islands (u.s.),2016,59.6083
viet nam,2016,53.0
vanuatu,2016,24.0
world,2016,42.8
samoa,2016,31.7
kosovo,2016,
"yemen, rep.",2016,24.5792
south africa,2016,54.0
zambia,2016,10.3
zimbabwe,2016,23.12
aruba,2017,97.17
africa eastern and southern,2017,17.3
afghanistan,2017,13.5
africa western and central,2017,23.2
angola,2017,26.0
albania,2017,62.4
andorra,2017,91.5675
arab world,2017,
united arab emirates,2017,94.8199
argentina,2017,74.2949
armenia,2017,64.7449
american samoa,2017,
antigua and barbuda,2017,71.9621
australia,2017,86.545
austria,2017,87.9356
azerbaijan,2017,79.0
burundi,2017,2.66075
belgium,2017,87.6797
benin,2017,18.7
burkina faso,2017,7.79
bangladesh,2017,21.5
bulgaria,2017,63.4101
bahrain,2017,95.8781
"bahamas, the",2017,80.6
bosnia and herzegovina,2017,64.892
belarus,2017,74.4364
belize,2017,48.8771
bermuda,2017,98.37
bolivia,2017,43.8323
brazil,2017,67.4713
barbados,2017,72.3
brunei darussalam,2017,94.8667
bhutan,2017,54.3
botswana,2017,47.8587
central african republic,2017,4.0
canada,2017,92.7014
central europe and the baltics,2017,
switzerland,2017,89.6861
channel islands,2017,
chile,2017,82.3275
china,2017,54.3
cote d'ivoire,2017,43.8399
cameroon,2017,23.203
"congo, dem. rep.",2017,8.6199
"congo, rep.",2017,8.65
colombia,2017,62.2599
comoros,2017,8.47817
cabo verde,2017,57.1621
costa rica,2017,71.5817
caribbean small states,2017,
cuba,2017,57.1484
curacao,2017,68.1272
cayman islands,2017,81.0677
cyprus,2017,80.7432
czechia,2017,78.7192
germany,2017,84.3942
djibouti,2017,55.6814
dominica,2017,69.6197
denmark,2017,97.0994
dominican republic,2017,67.5712
algeria,2017,47.6911
east asia & pacific (excluding high income),2017,49.4
early-demographic dividend,2017,
east asia & pacific,2017,53.7
europe & central asia (excluding high income),2017,60.6
europe & central asia,2017,74.5
ecuador,2017,55.8
"egypt, arab rep.",2017,44.9502
euro area,2017,
eritrea,2017,2.5
spain,2017,84.6022
estonia,2017,88.1025
ethiopia,2017,15.6
european union,2017,
fragile and conflict affected situations,2017,22.5
finland,2017,87.4689
fiji,2017,53.6474
france,2017,80.5025
faroe islands,2017,97.582
"micronesia, fed. sts.",2017,35.3041
gabon,2017,51.6049
united kingdom,2017,90.4246
georgia,2017,59.7055
ghana,2017,37.8842
gibraltar,2017,
guinea,2017,18.7
"gambia, the",2017,22.5
guinea-bissau,2017,14.8
equatorial guinea,2017,26.24
greece,2017,69.893
grenada,2017,54.2
greenland,2017,69.4825
guatemala,2017,37.9
guam,2017,80.5055
guyana,2017,42.7
high income,2017,84.2
"hong kong sar, china",2017,89.4159
honduras,2017,31.7358
heavily indebted poor countries (hipc),2017,
croatia,2017,67.0962
haiti,2017,27.2
hungary,2017,76.7505
ibrd only,2017,44.9
ida & ibrd total,2017,38.2
ida total,2017,19.1
ida blend,2017,21.9
indonesia,2017,32.3358
ida only,2017,17.5
isle of man,2017,
india,2017,18.2
not classified,2017,
ireland,2017,84.114
"iran, islamic rep.",2017,64.044
iraq,2017,49.36
iceland,2017,98.2552
israel,2017,81.5812
italy,2017,63.0773
jamaica,2017,55.0721
jordan,2017,64.5
japan,2017,91.7265
kazakhstan,2017,76.4267
kenya,2017,17.8271
kyrgyz republic,2017,50.8
cambodia,2017,32.9003
kiribati,2017,25.3096
st. kitts and nevis,2017,67.8
"korea, rep.",2017,95.0694
kuwait,2017,98.0
latin america & caribbean (excluding high income),2017,61.6
lao pdr,2017,25.5104
lebanon,2017,78.1808
liberia,2017,16.3
libya,2017,
st. lucia,2017,59.1601
latin america & caribbean,2017,62.3
least developed countries: un classification,2017,16.2
low income,2017,11.4
liechtenstein,2017,99.5466
sri lanka,2017,25.1
lower middle income,2017,24.3
low & middle income,2017,
lesotho,2017,39.0
late-demographic dividend,2017,
lithuania,2017,77.6153
luxembourg,2017,97.363
latvia,2017,80.1141
"macao sar, china",2017,83.1741
st. martin (french part),2017,
morocco,2017,61.7622
monaco,2017,97.053
moldova,2017,49.9
madagascar,2017,6.4
maldives,2017,65.0
"middle east, north africa, afghanistan & pakistan",2017,39.7
mexico,2017,53.0318
marshall islands,2017,38.7012
middle income,2017,
north macedonia,2017,74.5168
mali,2017,18.9
malta,2017,81.0119
myanmar,2017,23.6211
"middle east, north africa, afghanistan & pakistan (excluding high income)",2017,34.8
montenegro,2017,71.2723
mongolia,2017,23.7143
northern mariana islands,2017,
mozambique,2017,7.79633
mauritania,2017,21.0172
mauritius,2017,55.4032
malawi,2017,7.0
malaysia,2017,80.1405
north america,2017,87.8
namibia,2017,36.8374
new caledonia,2017,82.0058
niger,2017,10.2243
nigeria,2017,25.9
nicaragua,2017,30.4
netherlands,2017,93.1973
norway,2017,96.3576
nepal,2017,24.3
nauru,2017,62.3851
new zealand,2017,87.7
oecd members,2017,
oman,2017,80.1856
other small states,2017,
pakistan,2017,13.78
panama,2017,59.9506
peru,2017,50.4504
philippines,2017,41.6
palau,2017,
papua new guinea,2017,11.2092
poland,2017,75.9854
pre-demographic dividend,2017,
puerto rico (us),2017,68.7408
"korea, dem. people's rep.",2017,
portugal,2017,73.7912
paraguay,2017,61.0758
west bank and gaza,2017,63.3
pacific island small states,2017,
post-demographic dividend,2017,
french polynesia,2017,72.7039
qatar,2017,97.3888
romania,2017,63.7473
russian federation,2017,76.0081
rwanda,2017,17.2
south asia,2017,18.8
saudi arabia,2017,94.1756
sudan,2017,18.6
senegal,2017,29.6431
singapore,2017,84.4523
solomon islands,2017,15.1
sierra leone,2017,13.2369
el salvador,2017,33.8207
san marino,2017,60.1823
"somalia, fed. rep.",2017,2.00405
serbia,2017,70.3308
sub-saharan africa (excluding high income),2017,20.2
south sudan,2017,4.1
sub-saharan africa,2017,19.8
small states,2017,55.9
sao tome and principe,2017,32.6
suriname,2017,48.9452
slovak republic,2017,81.6257
slovenia,2017,78.8854
sweden,2017,93.0063
eswatini,2017,35.3
sint maarten (dutch part),2017,
seychelles,2017,62.6
syrian arab republic,2017,32.7
turks and caicos islands,2017,
chad,2017,6.4
east asia & pacific (ida & ibrd countries),2017,50.0
europe & central asia (ida & ibrd countries),2017,67.0
togo,2017,12.3602
thailand,2017,52.8919
tajikistan,2017,21.96
turkmenistan,2017,21.251
latin america & the caribbean (ida & ibrd countries),2017,62.4
timor-leste,2017,24.2
"middle east, north africa, afghanistan & pakistan (ida & ibrd)",2017,34.6
tonga,2017,46.2
south asia (ida & ibrd),2017,18.8
sub-saharan africa (ida & ibrd countries),2017,19.7
trinidad and tobago,2017,70.6
tunisia,2017,55.5002
turkiye,2017,64.6846
tuvalu,2017,35.2
tanzania,2017,14.4634
uganda,2017,
ukraine,2017,58.8895
upper middle income,2017,54.7
uruguay,2017,70.3224
united states,2017,87.2749
uzbekistan,2017,48.7
st. vincent and the grenadines,2017,53.7
"venezuela, rb",2017,61.6
british virgin islands,2017,77.7043
virgin islands (u.s.),2017,64.3775
viet nam,2017,58.14
vanuatu,2017,30.8
world,2017,45.2
samoa,2017,39.4
kosovo,2017,83.8936
"yemen, rep.",2017,26.7184
south africa,2017,56.1674
zambia,2017,12.2
zimbabwe,2017,24.4
aruba,2018,
africa eastern and southern,2018,19.6
afghanistan,2018,16.8
africa western and central,2018,25.7
angola,2018,29.0
albania,2018,65.4
andorra,2018,
arab world,2018,
united arab emirates,2018,98.45
argentina,2018,77.7
armenia,2018,68.2451
american samoa,2018,
antigua and barbuda,2018,72.9637
australia,2018,90.0
austria,2018,87.4791
azerbaijan,2018,79.8
burundi,2018,4.0
belgium,2018,88.6473
benin,2018,19.0
burkina faso,2018,8.5
bangladesh,2018,25.6
bulgaria,2018,64.782
bahrain,2018,98.6447
"bahamas, the",2018,83.0
bosnia and herzegovina,2018,70.1201
belarus,2018,79.1299
belize,2018,53.5936
bermuda,2018,
bolivia,2018,44.2861
brazil,2018,70.4343
barbados,2018,72.4
brunei darussalam,2018,95.0
bhutan,2018,63.5
botswana,2018,54.2022
central african republic,2018,5.1
canada,2018,94.64
central europe and the baltics,2018,
switzerland,2018,91.8
channel islands,2018,
chile,2018,84.9
china,2018,59.2
cote d'ivoire,2018,37.5465
cameroon,2018,29.7
"congo, dem. rep.",2018,11.7
"congo, rep.",2018,
colombia,2018,64.1264
comoros,2018,
cabo verde,2018,59.5
costa rica,2018,73.4797
caribbean small states,2018,
cuba,2018,62.6789
curacao,2018,
cayman islands,2018,
cyprus,2018,84.4336
czechia,2018,80.6882
germany,2018,87.0371
djibouti,2018,57.0617
dominica,2018,
denmark,2018,97.3192
dominican republic,2018,74.822
algeria,2018,49.0385
east asia & pacific (excluding high income),2018,55.0
early-demographic dividend,2018,
east asia & pacific,2018,58.8
europe & central asia (excluding high income),2018,65.7
europe & central asia,2018,78.1
ecuador,2018,57.5
"egypt, arab rep.",2018,46.9243
euro area,2018,
eritrea,2018,5.3
spain,2018,86.1072
estonia,2018,89.357
ethiopia,2018,15.9
european union,2018,
fragile and conflict affected situations,2018,25.1
finland,2018,88.89
fiji,2018,58.2364
france,2018,82.0432
faroe islands,2018,
"micronesia, fed. sts.",2018,36.6
gabon,2018,55.4202
united kingdom,2018,90.692
georgia,2018,62.7179
ghana,2018,43.0
gibraltar,2018,
guinea,2018,21.83
"gambia, the",2018,28.3
guinea-bissau,2018,15.7
equatorial guinea,2018,
greece,2018,72.2384
grenada,2018,61.4
greenland,2018,
guatemala,2018,41.5
guam,2018,
guyana,2018,48.5989
high income,2018,86.4
"hong kong sar, china",2018,90.5074
honduras,2018,36.0401
heavily indebted poor countries (hipc),2018,
croatia,2018,75.2946
haiti,2018,32.4736
hungary,2018,76.0744
ibrd only,2018,48.7
ida & ibrd total,2018,41.7
ida total,2018,22.0
ida blend,2018,24.1
indonesia,2018,39.9046
ida only,2018,20.9
isle of man,2018,
india,2018,20.0813
not classified,2018,
ireland,2018,87.0001
"iran, islamic rep.",2018,70.2006
iraq,2018,33.9
iceland,2018,99.011
israel,2018,83.7332
italy,2018,74.3872
jamaica,2018,68.2145
jordan,2018,65.2
japan,2018,88.7464
kazakhstan,2018,78.9039
kenya,2018,19.5
kyrgyz republic,2018,62.8
cambodia,2018,
kiribati,2018,32.9864
st. kitts and nevis,2018,68.6
"korea, rep.",2018,96.0229
kuwait,2018,99.5988
latin america & caribbean (excluding high income),2018,64.6
lao pdr,2018,36.3
lebanon,2018,80.9
liberia,2018,17.2777
libya,2018,
st. lucia,2018,60.1126
latin america & caribbean,2018,65.3
least developed countries: un classification,2018,19.5
low income,2018,13.8
liechtenstein,2018,
sri lanka,2018,28.3
lower middle income,2018,27.2
low & middle income,2018,
lesotho,2018,40.8
late-demographic dividend,2018,
lithuania,2018,79.7226
luxembourg,2018,97.0613
latvia,2018,83.5772
"macao sar, china",2018,83.7941
st. martin (french part),2018,
morocco,2018,64.8039
monaco,2018,
moldova,2018,50.3
madagascar,2018,7.7478
maldives,2018,70.9
"middle east, north africa, afghanistan & pakistan",2018,42.3
mexico,2018,56.6596
marshall islands,2018,43.8825
middle income,2018,
north macedonia,2018,79.1678
mali,2018,21.4
malta,2018,81.658
myanmar,2018,29.379
"middle east, north africa, afghanistan & pakistan (excluding high income)",2018,37.7
montenegro,2018,71.5171
mongolia,2018,47.13
northern mariana islands,2018,
mozambique,2018,10.9
mauritania,2018,22.967
mauritius,2018,58.5962
malawi,2018,8.79829
malaysia,2018,81.201
north america,2018,89.1
namibia,2018,42.8
new caledonia,2018,
niger,2018,
nigeria,2018,27.7
nicaragua,2018,33.913
netherlands,2018,91.8919
norway,2018,96.4917
nepal,2018,28.6
nauru,2018,
new zealand,2018,89.0
oecd members,2018,
oman,2018,85.5
other small states,2018,
pakistan,2018,15.34
panama,2018,61.8055
peru,2018,55.0543
philippines,2018,44.1
palau,2018,
papua new guinea,2018,
poland,2018,77.5417
pre-demographic dividend,2018,
puerto rico (us),2018,70.8564
"korea, dem. people's rep.",2018,
portugal,2018,74.661
paraguay,2018,64.9935
west bank and gaza,2018,64.4
pacific island small states,2018,
post-demographic dividend,2018,
french polynesia,2018,
qatar,2018,99.6528
romania,2018,70.6813
russian federation,2018,80.8647
rwanda,2018,19.2
south asia,2018,20.9
saudi arabia,2018,93.31
sudan,2018,24.6
senegal,2018,35.3
singapore,2018,88.1656
solomon islands,2018,20.9
sierra leone,2018,14.4223
el salvador,2018,43.8
san marino,2018,
"somalia, fed. rep.",2018,
serbia,2018,73.3607
sub-saharan africa (excluding high income),2018,22.8
south sudan,2018,4.8
sub-saharan africa,2018,22.0
small states,2018,58.3
sao tome and principe,2018,38.0
suriname,2018,55.1
slovak republic,2018,80.4489
slovenia,2018,79.75
sweden,2018,89.247
eswatini,2018,39.4
sint maarten (dutch part),2018,
seychelles,2018,69.2
syrian arab republic,2018,33.77
turks and caicos islands,2018,
chad,2018,7.0
east asia & pacific (ida & ibrd countries),2018,55.6
europe & central asia (ida & ibrd countries),2018,71.7
togo,2018,15.5
thailand,2018,56.8175
tajikistan,2018,
turkmenistan,2018,
latin america & the caribbean (ida & ibrd countries),2018,65.3
timor-leste,2018,27.6
"middle east, north africa, afghanistan & pakistan (ida & ibrd)",2018,37.5
tonga,2018,
south asia (ida & ibrd),2018,20.9
sub-saharan africa (ida & ibrd countries),2018,22.1
trinidad and tobago,2018,72.8
tunisia,2018,64.1908
turkiye,2018,71.0428
tuvalu,2018,42.2865
tanzania,2018,15.4907
uganda,2018,
ukraine,2018,62.5532
upper middle income,2018,59.5
uruguay,2018,80.7268
united states,2018,88.4989
uzbekistan,2018,55.2
st. vincent and the grenadines,2018,56.0
"venezuela, rb",2018,
british virgin islands,2018,
virgin islands (u.s.),2018,
viet nam,2018,69.8479
vanuatu,2018,33.989
world,2018,48.5
samoa,2018,43.1336
kosovo,2018,89.443
"yemen, rep.",2018,
south africa,2018,62.4
zambia,2018,14.3
zimbabwe,2018,25.0
aruba,2019,
africa eastern and southern,2019,22.4
afghanistan,2019,17.6
africa western and central,2019,28.7
angola,2019,32.1294
albania,2019,68.5504
andorra,2019,90.7187
arab world,2019,
united arab emirates,2019,99.15
argentina,2019,79.947
armenia,2019,66.5439
american samoa,2019,
antigua and barbuda,2019,73.9792
australia,2019,93.6099
austria,2019,87.7522
azerbaijan,2019,81.1
burundi,2019,6.1
belgium,2019,90.2754
benin,2019,20.5
burkina faso,2019,9.27181
bangladesh,2019,30.4
bulgaria,2019,67.947
bahrain,2019,99.7015
"bahamas, the",2019,90.6933
bosnia and herzegovina,2019,69.9463
belarus,2019,82.7892
belize,2019,58.7652
bermuda,2019,
bolivia,2019,47.4748
brazil,2019,73.9124
barbados,2019,74.1791
brunei darussalam,2019,95.0
bhutan,2019,74.1794
botswana,2019,61.3865
central african republic,2019,7.50916
canada,2019,91.9129
central europe and the baltics,2019,
switzerland,2019,93.1461
channel islands,2019,
chile,2019,85.0176
china,2019,64.0809
cote d'ivoire,2019,36.289
cameroon,2019,36.5392
"congo, dem. rep.",2019,16.4812
"congo, rep.",2019,
colombia,2019,65.0069
comoros,2019,16.3838
cabo verde,2019,61.9434
costa rica,2019,81.2026
caribbean small states,2019,
cuba,2019,67.9708
curacao,2019,
cayman islands,2019,
cyprus,2019,86.0636
czechia,2019,80.8669
germany,2019,88.1345
djibouti,2019,58.4762
dominica,2019,73.3819
denmark,2019,98.0464
dominican republic,2019,79.7155
algeria,2019,55.7907
east asia & pacific (excluding high income),2019,60.1
early-demographic dividend,2019,
east asia & pacific,2019,63.5
europe & central asia (excluding high income),2019,70.3
europe & central asia,2019,80.3
ecuador,2019,59.2
"egypt, arab rep.",2019,57.2829
euro area,2019,
eritrea,2019,11.2
spain,2019,90.7187
estonia,2019,90.2289
ethiopia,2019,16.0
european union,2019,
fragile and conflict affected situations,2019,27.3
finland,2019,89.6074
fiji,2019,63.2179
france,2019,83.3397
faroe islands,2019,
"micronesia, fed. sts.",2019,38.0
gabon,2019,59.5176
united kingdom,2019,92.5166
georgia,2019,68.8467
ghana,2019,22.0732
gibraltar,2019,
guinea,2019,22.6255
"gambia, the",2019,31.1183
guinea-bissau,2019,17.9215
equatorial guinea,2019,49.1337
greece,2019,75.6712
grenada,2019,64.3128
greenland,2019,
guatemala,2019,44.401
guam,2019,
guyana,2019,55.3127
high income,2019,87.5
"hong kong sar, china",2019,91.7434
honduras,2019,39.3884
heavily indebted poor countries (hipc),2019,
croatia,2019,79.0798
haiti,2019,39.262
hungary,2019,80.3717
ibrd only,2019,54.5
ida & ibrd total,2019,46.6
ida total,2019,24.6
ida blend,2019,27.0
indonesia,2019,47.6906
ida only,2019,23.4
isle of man,2019,
india,2019,29.5235
not classified,2019,
ireland,2019,87.0001
"iran, islamic rep.",2019,72.4509
iraq,2019,44.3263
iceland,2019,99.5049
israel,2019,86.7879
italy,2019,67.8507
jamaica,2019,70.841
jordan,2019,70.0847
japan,2019,92.7304
kazakhstan,2019,81.8776
kenya,2019,22.6688
kyrgyz republic,2019,64.1
cambodia,2019,52.3059
kiribati,2019,39.5737
st. kitts and nevis,2019,69.4
"korea, rep.",2019,96.1576
kuwait,2019,99.5427
latin america & caribbean (excluding high income),2019,68.1
lao pdr,2019,47.0323
lebanon,2019,81.4812
liberia,2019,18.3141
libya,2019,
st. lucia,2019,61.0805
latin america & caribbean,2019,67.9
least developed countries: un classification,2019,21.9
low income,2019,17.5
liechtenstein,2019,93.1461
sri lanka,2019,32.0
lower middle income,2019,33.4
low & middle income,2019,
lesotho,2019,42.3017
late-demographic dividend,2019,
lithuania,2019,81.5819
luxembourg,2019,97.1206
latvia,2019,86.1355
"macao sar, china",2019,86.4679
st. martin (french part),2019,
morocco,2019,84.1204
monaco,2019,83.3397
moldova,2019,57.7605
madagascar,2019,9.37944
maldives,2019,77.4697
"middle east, north africa, afghanistan & pakistan",2019,46.0
mexico,2019,69.6321
marshall islands,2019,49.7575
middle income,2019,
north macedonia,2019,81.4129
mali,2019,24.9603
malta,2019,85.7786
myanmar,2019,36.5405
"middle east, north africa, afghanistan & pakistan (excluding high income)",2019,41.5
montenegro,2019,73.4767
mongolia,2019,51.08
northern mariana islands,2019,
mozambique,2019,12.4793
mauritania,2019,25.0978
mauritius,2019,61.73
malawi,2019,11.0586
malaysia,2019,84.1871
north america,2019,89.7
namibia,2019,49.8
new caledonia,2019,
niger,2019,16.6119
nigeria,2019,29.7
nicaragua,2019,37.8319
netherlands,2019,93.2886
norway,2019,98.0
nepal,2019,33.3366
nauru,2019,74.7379
new zealand,2019,89.8637
oecd members,2019,
oman,2019,90.2594
other small states,2019,
pakistan,2019,17.0709
panama,2019,63.6284
peru,2019,59.9505
philippines,2019,43.0266
palau,2019,
papua new guinea,2019,19.9783
poland,2019,80.4359
pre-demographic dividend,2019,
puerto rico (us),2019,77.7364
"korea, dem. people's rep.",2019,
portugal,2019,75.3464
paraguay,2019,68.5176
west bank and gaza,2019,70.6226
pacific island small states,2019,
post-demographic dividend,2019,
french polynesia,2019,
qatar,2019,99.6528
romania,2019,73.6575
russian federation,2019,82.6422
rwanda,2019,21.358
south asia,2019,29.7
saudi arabia,2019,95.7247
sudan,2019,25.9
senegal,2019,43.4
singapore,2019,88.9493
solomon islands,2019,26.3406
sierra leone,2019,15.7137
el salvador,2019,50.4912
san marino,2019,67.8507
"somalia, fed. rep.",2019,
serbia,2019,77.4168
sub-saharan africa (excluding high income),2019,26.0
south sudan,2019,6.7
sub-saharan africa,2019,24.8
small states,2019,62.7
sao tome and principe,2019,44.3
suriname,2019,62.0
slovak republic,2019,82.8537
slovenia,2019,83.1084
sweden,2019,94.4934
eswatini,2019,43.9
sint maarten (dutch part),2019,
seychelles,2019,76.6
syrian arab republic,2019,34.65
turks and caicos islands,2019,
chad,2019,7.6
east asia & pacific (ida & ibrd countries),2019,60.4
europe & central asia (ida & ibrd countries),2019,75.2
togo,2019,20.7273
thailand,2019,66.6524
tajikistan,2019,
turkmenistan,2019,
latin america & the caribbean (ida & ibrd countries),2019,67.9
timor-leste,2019,28.0046
"middle east, north africa, afghanistan & pakistan (ida & ibrd)",2019,41.3
tonga,2019,
south asia (ida & ibrd),2019,29.7
sub-saharan africa (ida & ibrd countries),2019,25.0
trinidad and tobago,2019,75.0
tunisia,2019,66.7
turkiye,2019,73.9767
tuvalu,2019,50.7996
tanzania,2019,16.5909
uganda,2019,
ukraine,2019,70.1248
upper middle income,2019,64.5
uruguay,2019,83.3515
united states,2019,89.4303
uzbekistan,2019,70.4
st. vincent and the grenadines,2019,59.5763
"venezuela, rb",2019,
british virgin islands,2019,
virgin islands (u.s.),2019,
viet nam,2019,68.6616
vanuatu,2019,37.5081
world,2019,52.9
samoa,2019,47.2211
kosovo,2019,
"yemen, rep.",2019,
south africa,2019,69.6969
zambia,2019,18.7
zimbabwe,2019,26.5883
aruba,2020,
africa eastern and southern,2020,25.0
afghanistan,2020,17.0485
africa western and central,2020,31.7
angola,2020,36.6347
albania,2020,72.2377
andorra,2020,93.2056
arab world,2020,
united arab emirates,2020,100.0
argentina,2020,85.5144
armenia,2020,76.5077
american samoa,2020,
antigua and barbuda,2020,75.0089
australia,2020,94.6935
austria,2020,87.5294
azerbaijan,2020,84.6
burundi,2020,9.17302
belgium,2020,91.5264
benin,2020,22.1206
burkina faso,2020,10.7927
bangladesh,2020,36.1091
bulgaria,2020,70.1625
bahrain,2020,99.671
"bahamas, the",2020,92.4437
bosnia and herzegovina,2020,73.2118
belarus,2020,85.0879
belize,2020,64.4359
bermuda,2020,
bolivia,2020,59.9401
brazil,2020,81.3427
barbados,2020,76.002
brunei darussalam,2020,96.3055
bhutan,2020,76.8508
botswana,2020,69.523
central african republic,2020,
canada,2020,92.3
central europe and the baltics,2020,
switzerland,2020,94.3499
channel islands,2020,
chile,2020,87.4593
china,2020,70.0528
cote d'ivoire,2020,36.0166
cameroon,2020,41.2264
"congo, dem. rep.",2020,21.6422
"congo, rep.",2020,24.8206
colombia,2020,69.7953
comoros,2020,22.4204
cabo verde,2020,69.3734
costa rica,2020,80.5302
caribbean small states,2020,
cuba,2020,71.1191
curacao,2020,
cayman islands,2020,
cyprus,2020,90.8019
czechia,2020,81.3389
germany,2020,89.8129
djibouti,2020,59.9257
dominica,2020,75.6567
denmark,2020,96.5491
dominican republic,2020,81.6173
algeria,2020,63.4727
east asia & pacific (excluding high income),2020,66.1
early-demographic dividend,2020,
east asia & pacific,2020,68.5
europe & central asia (excluding high income),2020,74.5
europe & central asia,2020,83.4
ecuador,2020,70.7
"egypt, arab rep.",2020,71.9142
euro area,2020,
eritrea,2020,14.3494
spain,2020,93.2056
estonia,2020,89.0583
ethiopia,2020,16.0696
european union,2020,
fragile and conflict affected situations,2020,30.7
finland,2020,92.1703
fiji,2020,68.6256
france,2020,84.7064
faroe islands,2020,
"micronesia, fed. sts.",2020,39.3833
gabon,2020,63.9179
united kingdom,2020,94.8182
georgia,2020,72.5316
ghana,2020,62.5176
gibraltar,2020,
guinea,2020,23.4499
"gambia, the",2020,34.2172
guinea-bissau,2020,20.4573
equatorial guinea,2020,55.0013
greece,2020,78.1158
grenada,2020,67.3637
greenland,2020,
guatemala,2020,47.5123
guam,2020,
guyana,2020,62.954
high income,2020,88.5
"hong kong sar, china",2020,92.4131
honduras,2020,45.2483
heavily indebted poor countries (hipc),2020,
croatia,2020,78.3209
haiti,2020,
hungary,2020,84.7712
ibrd only,2020,62.8
ida & ibrd total,2020,53.4
ida total,2020,27.6
ida blend,2020,29.3
indonesia,2020,53.7265
ida only,2020,26.7
isle of man,2020,
india,2020,43.4054
not classified,2020,
ireland,2020,91.9999
"iran, islamic rep.",2020,75.5699
iraq,2020,53.6778
iceland,2020,99.5328
israel,2020,90.1273
italy,2020,70.4834
jamaica,2020,76.384
jordan,2020,78.4178
japan,2020,90.2195
kazakhstan,2020,85.9426
kenya,2020,
kyrgyz republic,2020,72.0
cambodia,2020,53.6508
kiribati,2020,
st. kitts and nevis,2020,70.2753
"korea, rep.",2020,96.5051
kuwait,2020,99.1059
latin america & caribbean (excluding high income),2020,73.4
lao pdr,2020,54.0
lebanon,2020,82.0665
liberia,2020,19.4126
libya,2020,87.5754
st. lucia,2020,62.064
latin america & caribbean,2020,73.9
least developed countries: un classification,2020,25.0
low income,2020,18.9
liechtenstein,2020,94.3499
sri lanka,2020,36.1847
lower middle income,2020,42.6
low & middle income,2020,
lesotho,2020,43.6575
late-demographic dividend,2020,
lithuania,2020,83.0555
luxembourg,2020,98.4596
latvia,2020,88.898
"macao sar, china",2020,87.4623
st. martin (french part),2020,
morocco,2020,84.1204
monaco,2020,98.5709
moldova,2020,58.2153
madagascar,2020,11.3547
maldives,2020,79.0978
"middle east, north africa, afghanistan & pakistan",2020,50.7
mexico,2020,71.4902
marshall islands,2020,56.4191
middle income,2020,
north macedonia,2020,81.4055
mali,2020,29.113
malta,2020,86.8588
myanmar,2020,45.4477
"middle east, north africa, afghanistan & pakistan (excluding high income)",2020,46.5
montenegro,2020,77.6088
mongolia,2020,62.5
northern mariana islands,2020,
mozambique,2020,14.2874
mauritania,2020,27.4262
mauritius,2020,67.7329
malawi,2020,13.8995
malaysia,2020,89.555
north america,2020,90.5
namibia,2020,57.8608
new caledonia,2020,
niger,2020,17.0375
nigeria,2020,31.8888
nicaragua,2020,42.2037
netherlands,2020,91.3333
norway,2020,94.6076
nepal,2020,38.8576
nauru,2020,81.6554
new zealand,2020,95.2342
oecd members,2020,
oman,2020,95.2323
other small states,2020,
pakistan,2020,18.9348
panama,2020,70.0097
peru,2020,65.2518
philippines,2020,53.7649
palau,2020,
papua new guinea,2020,24.3969
poland,2020,83.1849
pre-demographic dividend,2020,
puerto rico (us),2020,
"korea, dem. people's rep.",2020,
portugal,2020,78.2617
paraguay,2020,73.9575
west bank and gaza,2020,76.01
pacific island small states,2020,
post-demographic dividend,2020,
french polynesia,2020,
qatar,2020,99.6528
romania,2020,78.4553
russian federation,2020,84.9947
rwanda,2020,23.8
south asia,2020,42.5
saudi arabia,2020,97.8623
sudan,2020,26.4383
senegal,2020,53.3088
singapore,2020,92.0043
solomon islands,2020,33.1974
sierra leone,2020,17.1208
el salvador,2020,54.6014
san marino,2020,77.95
"somalia, fed. rep.",2020,15.0237
serbia,2020,78.368
sub-saharan africa (excluding high income),2020,29.1
south sudan,2020,9.27123
sub-saharan africa,2020,27.8
small states,2020,66.4
sao tome and principe,2020,51.5547
suriname,2020,69.8369
slovak republic,2020,89.9209
slovenia,2020,86.6013
sweden,2020,94.5394
eswatini,2020,49.013
sint maarten (dutch part),2020,
seychelles,2020,84.8223
syrian arab republic,2020,
turks and caicos islands,2020,
chad,2020,8.34311
east asia & pacific (ida & ibrd countries),2020,66.6
europe & central asia (ida & ibrd countries),2020,78.6
togo,2020,29.0237
thailand,2020,77.8437
tajikistan,2020,27.5441
turkmenistan,2020,
latin america & the caribbean (ida & ibrd countries),2020,74.0
timor-leste,2020,32.0127
"middle east, north africa, afghanistan & pakistan (ida & ibrd)",2020,46.3
tonga,2020,
south asia (ida & ibrd),2020,42.5
sub-saharan africa (ida & ibrd countries),2020,27.7
trinidad and tobago,2020,77.2813
tunisia,2020,68.5564
turkiye,2020,77.6696
tuvalu,2020,61.0265
tanzania,2020,17.7693
uganda,2020,7.4
ukraine,2020,75.0379
upper middle income,2020,70.3
uruguay,2020,85.471
united states,2020,90.3447
uzbekistan,2020,71.1
st. vincent and the grenadines,2020,63.381
"venezuela, rb",2020,
british virgin islands,2020,
virgin islands (u.s.),2020,
viet nam,2020,70.3
vanuatu,2020,41.3916
world,2020,58.6
samoa,2020,51.6959
kosovo,2020,
"yemen, rep.",2020,13.8152
south africa,2020,72.1128
zambia,2020,24.5
zimbabwe,2020,29.2986
aruba,2021,
africa eastern and southern,2021,28.2
afghanistan,2021,16.5143
africa western and central,2021,34.9
angola,2021,39.3876
albania,2021,79.3237
andorra,2021,93.8975
arab world,2021,
united arab emirates,2021,100.0
argentina,2021,87.1507
armenia,2021,78.6123
american samoa,2021,
antigua and barbuda,2021,76.0528
australia,2021,96.9722
austria,2021,92.5292
azerbaijan,2021,86.0
burundi,2021,10.9847
belgium,2021,92.7887
benin,2021,28.2047
burkina faso,2021,12.5631
bangladesh,2021,38.9174
bulgaria,2021,75.2714
bahrain,2021,100.0
"bahamas, the",2021,94.3479
bosnia and herzegovina,2021,75.6762
belarus,2021,86.8884
belize,2021,70.6537
bermuda,2021,
bolivia,2021,65.9774
brazil,2021,80.6899
barbados,2021,77.8697
brunei darussalam,2021,97.6288
bhutan,2021,85.6369
botswana,2021,78.738
central african republic,2021,
canada,2021,93.9371
central europe and the baltics,2021,
switzerland,2021,95.5694
channel islands,2021,
chile,2021,90.2328
china,2021,73.0532
cote d'ivoire,2021,35.9507
cameroon,2021,42.0405
"congo, dem. rep.",2021,28.4193
"congo, rep.",2021,33.3461
colombia,2021,73.0284
comoros,2021,30.6812
cabo verde,2021,70.2825
costa rica,2021,82.749
caribbean small states,2021,
cuba,2021,67.6435
curacao,2021,
cayman islands,2021,
cyprus,2021,90.7595
czechia,2021,82.6706
germany,2021,91.4306
djibouti,2021,61.4112
dominica,2021,82.6979
denmark,2021,98.8659
dominican republic,2021,85.243
algeria,2021,72.2124
east asia & pacific (excluding high income),2021,70.7
early-demographic dividend,2021,
east asia & pacific,2021,72.6
europe & central asia (excluding high income),2021,79.6
europe & central asia,2021,86.4
ecuador,2021,69.1148
"egypt, arab rep.",2021,72.056
euro area,2021,
eritrea,2021,18.3844
spain,2021,93.8975
estonia,2021,90.9797
ethiopia,2021,16.6981
european union,2021,
fragile and conflict affected situations,2021,34.9
finland,2021,92.8081
fiji,2021,74.4958
france,2021,86.0955
faroe islands,2021,
"micronesia, fed. sts.",2021,
gabon,2021,68.6436
united kingdom,2021,96.1965
georgia,2021,76.4427
ghana,2021,68.6
gibraltar,2021,
guinea,2021,24.3044
"gambia, the",2021,37.6247
guinea-bissau,2021,23.3519
equatorial guinea,2021,58.7173
greece,2021,78.4943
grenada,2021,70.5594
greenland,2021,
guatemala,2021,50.8416
guam,2021,
guyana,2021,71.6509
high income,2021,90.0
"hong kong sar, china",2021,93.0872
honduras,2021,51.9516
heavily indebted poor countries (hipc),2021,
croatia,2021,81.254
haiti,2021,
hungary,2021,88.6408
ibrd only,2021,66.4
ida & ibrd total,2021,56.9
ida total,2021,31.2
ida blend,2021,32.6
indonesia,2021,62.1045
ida only,2021,30.4
isle of man,2021,
india,2021,
not classified,2021,
ireland,2021,96.4235
"iran, islamic rep.",2021,78.5957
iraq,2021,65.0022
iceland,2021,99.687
israel,2021,90.2969
italy,2021,74.8623
jamaica,2021,82.3607
jordan,2021,86.0
japan,2021,82.9141
kazakhstan,2021,90.924
kenya,2021,
kyrgyz republic,2021,77.1177
cambodia,2021,57.9592
kiribati,2021,
st. kitts and nevis,2021,74.3716
"korea, rep.",2021,97.5713
kuwait,2021,99.7
latin america & caribbean (excluding high income),2021,75.4
lao pdr,2021,62.0
lebanon,2021,82.656
liberia,2021,20.5771
libya,2021,88.5598
st. lucia,2021,63.0633
latin america & caribbean,2021,76.3
least developed countries: un classification,2021,28.3
low income,2021,21.7
liechtenstein,2021,95.5694
sri lanka,2021,44.4531
lower middle income,2021,46.3
low & middle income,2021,
lesotho,2021,45.0567
late-demographic dividend,2021,
lithuania,2021,86.9305
luxembourg,2021,98.6609
latvia,2021,91.1796
"macao sar, china",2021,88.4681
st. martin (french part),2021,
morocco,2021,88.1303
monaco,2021,99.0776
moldova,2021,74.495
madagascar,2021,13.7459
maldives,2021,81.9576
"middle east, north africa, afghanistan & pakistan",2021,53.6
mexico,2021,75.6265
marshall islands,2021,63.9726
middle income,2021,
north macedonia,2021,81.8737
mali,2021,33.9565
malta,2021,87.4698
myanmar,2021,56.5261
"middle east, north africa, afghanistan & pakistan (excluding high income)",2021,49.6
montenegro,2021,82.2197
mongolia,2021,81.6068
northern mariana islands,2021,
mozambique,2021,16.3576
mauritania,2021,29.9707
mauritius,2021,71.6
malawi,2021,17.4703
malaysia,2021,96.7514
north america,2021,91.5
namibia,2021,60.26
new caledonia,2021,
niger,2021,17.474
nigeria,2021,35.5098
nicaragua,2021,47.0806
netherlands,2021,92.053
norway,2021,99.0
nepal,2021,45.293
nauru,2021,
new zealand,2021,96.1151
oecd members,2021,
oman,2021,95.2388
other small states,2021,
pakistan,2021,21.4107
panama,2021,77.031
peru,2021,71.1078
philippines,2021,66.9078
palau,2021,
papua new guinea,2021,23.2437
poland,2021,85.3749
pre-demographic dividend,2021,
puerto rico (us),2021,84.7867
"korea, dem. people's rep.",2021,
portugal,2021,82.309
paraguay,2021,77.0184
west bank and gaza,2021,82.1783
pacific island small states,2021,
post-demographic dividend,2021,
french polynesia,2021,
qatar,2021,99.6528
romania,2021,83.5904
russian federation,2021,88.2138
rwanda,2021,24.4416
south asia,2021,45.6
saudi arabia,2021,100.0
sudan,2021,
senegal,2021,57.2554
singapore,2021,96.9247
solomon islands,2021,41.8392
sierra leone,2021,18.6539
el salvador,2021,61.7527
san marino,2021,81.67
"somalia, fed. rep.",2021,
serbia,2021,81.1659
sub-saharan africa (excluding high income),2021,32.5
south sudan,2021,
sub-saharan africa,2021,30.8
small states,2021,70.7
sao tome and principe,2021,61.5241
suriname,2021,76.572
slovak republic,2021,88.9256
slovenia,2021,89.004
sweden,2021,94.6703
eswatini,2021,53.9953
sint maarten (dutch part),2021,
seychelles,2021,87.3383
syrian arab republic,2021,
turks and caicos islands,2021,
chad,2021,13.1283
east asia & pacific (ida & ibrd countries),2021,71.3
europe & central asia (ida & ibrd countries),2021,82.9
togo,2021,30.3384
thailand,2021,85.2696
tajikistan,2021,49.8409
turkmenistan,2021,
latin america & the caribbean (ida & ibrd countries),2021,76.4
timor-leste,2021,35.042
"middle east, north africa, afghanistan & pakistan (ida & ibrd)",2021,49.4
tonga,2021,57.5486
south asia (ida & ibrd),2021,45.6
sub-saharan africa (ida & ibrd countries),2021,30.9
trinidad and tobago,2021,84.3658
tunisia,2021,68.3155
turkiye,2021,81.4084
tuvalu,2021,73.3124
tanzania,2021,19.0314
uganda,2021,10.0
ukraine,2021,79.2183
upper middle income,2021,74.1
uruguay,2021,87.6444
united states,2021,91.2684
uzbekistan,2021,76.5904
st. vincent and the grenadines,2021,67.4287
"venezuela, rb",2021,
british virgin islands,2021,
virgin islands (u.s.),2021,
viet nam,2021,74.21
vanuatu,2021,45.6772
world,2021,61.7
samoa,2021,56.5947
kosovo,2021,
"yemen, rep.",2021,
south africa,2021,74.9686
zambia,2021,32.5
zimbabwe,2021,37.0967
aruba,2022,
africa eastern and southern,2022,30.2
afghanistan,2022,17.1917
africa western and central,2022,36.9
angola,2022,42.0719
albania,2022,82.6137
andorra,2022,94.4855
arab world,2022,
united arab emirates,2022,100.0
argentina,2022,88.3754
armenia,2022,77.0277
american samoa,2022,
antigua and barbuda,2022,77.1648
australia,2022,97.0424
austria,2022,93.6141
azerbaijan,2022,88.0
burundi,2022,11.0009
belgium,2022,94.0078
benin,2022,30.0134
burkina faso,2022,14.6238
bangladesh,2022,41.6165
bulgaria,2022,79.1269
bahrain,2022,100.0
"bahamas, the",2022,94.7326
bosnia and herzegovina,2022,78.8455
belarus,2022,89.5073
belize,2022,71.8096
bermuda,2022,
bolivia,2022,67.3612
brazil,2022,80.5278
barbados,2022,79.4451
brunei darussalam,2022,98.9704
bhutan,2022,86.2903
botswana,2022,80.3696
central african republic,2022,
canada,2022,94.0
central europe and the baltics,2022,
switzerland,2022,96.4528
channel islands,2022,
chile,2022,93.5377
china,2022,75.6113
cote d'ivoire,2022,38.4133
cameroon,2022,41.775
"congo, dem. rep.",2022,29.4996
"congo, rep.",2022,37.4939
colombia,2022,72.7964
comoros,2022,32.7685
cabo verde,2022,72.7601
costa rica,2022,82.598
caribbean small states,2022,
cuba,2022,68.25
curacao,2022,
cayman islands,2022,
cyprus,2022,89.601
czechia,2022,84.5401
germany,2022,91.6298
djibouti,2022,63.2573
dominica,2022,83.3101
denmark,2022,97.8601
dominican republic,2022,81.5127
algeria,2022,74.8319
east asia & pacific (excluding high income),2022,73.8
early-demographic dividend,2022,
east asia & pacific,2022,75.4
europe & central asia (excluding high income),2022,82.6
europe & central asia,2022,88.1
ecuador,2022,69.7181
"egypt, arab rep.",2022,72.1981
euro area,2022,
eritrea,2022,18.7092
spain,2022,94.4855
estonia,2022,91.5202
ethiopia,2022,
european union,2022,
fragile and conflict affected situations,2022,37.2
finland,2022,92.9888
fiji,2022,78.2433
france,2022,85.3333
faroe islands,2022,
"micronesia, fed. sts.",2022,
gabon,2022,70.7069
united kingdom,2022,96.2989
georgia,2022,78.7113
ghana,2022,69.3607
gibraltar,2022,
guinea,2022,24.6954
"gambia, the",2022,44.0389
guinea-bissau,2022,27.5672
equatorial guinea,2022,59.3433
greece,2022,83.1707
grenada,2022,74.2689
greenland,2022,
guatemala,2022,55.4086
guam,2022,
guyana,2022,78.3924
high income,2022,91.1
"hong kong sar, china",2022,95.6136
honduras,2022,56.3896
heavily indebted poor countries (hipc),2022,
croatia,2022,82.0716
haiti,2022,
hungary,2022,89.1428
ibrd only,2022,68.6
ida & ibrd total,2022,59.1
ida total,2022,33.7
ida blend,2022,35.3
indonesia,2022,66.4846
ida only,2022,32.8
isle of man,2022,
india,2022,55.9
not classified,2022,
ireland,2022,96.6206
"iran, islamic rep.",2022,79.061
iraq,2022,78.7156
iceland,2022,99.8082
israel,2022,91.8508
italy,2022,85.0607
jamaica,2022,82.4453
jordan,2022,90.5
japan,2022,84.9234
kazakhstan,2022,92.2969
kenya,2022,
kyrgyz republic,2022,82.5991
cambodia,2022,59.6606
kiribati,2022,
st. kitts and nevis,2022,75.5566
"korea, rep.",2022,97.1686
kuwait,2022,99.7237
latin america & caribbean (excluding high income),2022,76.6
lao pdr,2022,62.7001
lebanon,2022,82.798
liberia,2022,21.8966
libya,2022,88.6412
st. lucia,2022,65.3544
latin america & caribbean,2022,77.4
least developed countries: un classification,2022,30.6
low income,2022,23.8
liechtenstein,2022,96.4528
sri lanka,2022,48.3
lower middle income,2022,48.5
low & middle income,2022,
lesotho,2022,46.5007
late-demographic dividend,2022,
lithuania,2022,87.7242
luxembourg,2022,98.242
latvia,2022,91.0301
"macao sar, china",2022,87.9696
st. martin (french part),2022,
morocco,2022,89.9
monaco,2022,99.1497
moldova,2022,76.7412
madagascar,2022,18.5532
maldives,2022,83.9119
"middle east, north africa, afghanistan & pakistan",2022,56.2
mexico,2022,78.6322
marshall islands,2022,64.8023
middle income,2022,
north macedonia,2022,85.008
mali,2022,34.3797
malta,2022,91.5406
myanmar,2022,58.0112
"middle east, north africa, afghanistan & pakistan (excluding high income)",2022,52.3
montenegro,2022,88.2219
mongolia,2022,82.1725
northern mariana islands,2022,
mozambique,2022,18.7913
mauritania,2022,34.3001
mauritius,2022,75.5
malawi,2022,17.0457
malaysia,2022,97.3986
north america,2022,92.4
namibia,2022,61.1485
new caledonia,2022,
niger,2022,23.2982
nigeria,2022,37.6975
nicaragua,2022,49.1307
netherlands,2022,92.5197
norway,2022,99.0
nepal,2022,53.8878
nauru,2022,
new zealand,2022,96.1942
oecd members,2022,
oman,2022,95.2453
other small states,2022,
pakistan,2022,24.2103
panama,2022,77.7041
peru,2022,74.675
philippines,2022,75.2111
palau,2022,
papua new guinea,2022,23.7315
poland,2022,86.9411
pre-demographic dividend,2022,
puerto rico (us),2022,87.2918
"korea, dem. people's rep.",2022,
portugal,2022,84.4969
paraguay,2022,76.2592
west bank and gaza,2022,88.6469
pacific island small states,2022,
post-demographic dividend,2022,
french polynesia,2022,
qatar,2022,99.6528
romania,2022,85.5031
russian federation,2022,90.418
rwanda,2022,31.2252
south asia,2022,47.3
saudi arabia,2022,100.0
sudan,2022,
senegal,2022,59.2246
singapore,2022,95.9539
solomon islands,2022,42.094
sierra leone,2022,19.2287
el salvador,2022,65.5298
san marino,2022,85.0607
"somalia, fed. rep.",2022,27.6
serbia,2022,83.5383
sub-saharan africa (excluding high income),2022,34.4
south sudan,2022,
sub-saharan africa,2022,32.9
small states,2022,72.3
sao tome and principe,2022,61.5535
suriname,2022,77.6494
slovak republic,2022,89.0677
slovenia,2022,88.9125
sweden,2022,95.0097
eswatini,2022,57.465
sint maarten (dutch part),2022,
seychelles,2022,87.0353
syrian arab republic,2022,
turks and caicos islands,2022,
chad,2022,12.4865
east asia & pacific (ida & ibrd countries),2022,74.4
europe & central asia (ida & ibrd countries),2022,85.5
togo,2022,35.5105
thailand,2022,87.9772
tajikistan,2022,53.1078
turkmenistan,2022,
latin america & the caribbean (ida & ibrd countries),2022,77.6
timor-leste,2022,34.5102
"middle east, north africa, afghanistan & pakistan (ida & ibrd)",2022,52.0
tonga,2022,57.7181
south asia (ida & ibrd),2022,47.3
sub-saharan africa (ida & ibrd countries),2022,32.9
trinidad and tobago,2022,84.4957
tunisia,2022,70.5532
turkiye,2022,83.4372
tuvalu,2022,73.5846
tanzania,2022,22.101
uganda,2022,11.1246
ukraine,2022,82.6753
upper middle income,2022,76.5
uruguay,2022,89.873
united states,2022,92.2016
uzbekistan,2022,83.9
st. vincent and the grenadines,2022,71.7226
"venezuela, rb",2022,
british virgin islands,2022,
virgin islands (u.s.),2022,
viet nam,2022,78.59
vanuatu,2022,45.6747
world,2022,63.7
samoa,2022,57.3288
kosovo,2022,
"yemen, rep.",2022,
south africa,2022,75.4556
zambia,2022,15.0
zimbabwe,2022,37.8861
aruba,2023,
africa eastern and southern,2023,32.4
afghanistan,2023,17.7089
africa western and central,2023,38.1
angola,2023,44.7581
albania,2023,83.1356
andorra,2023,95.4456
arab world,2023,
united arab emirates,2023,100.0
argentina,2023,89.229
armenia,2023,79.9966
american samoa,2023,
antigua and barbuda,2023,77.5756
australia,2023,97.0631
austria,2023,95.3347
azerbaijan,2023,89.0
burundi,2023,11.0784
belgium,2023,94.6263
benin,2023,32.2083
burkina faso,2023,17.0226
bangladesh,2023,44.5027
bulgaria,2023,80.3896
bahrain,2023,100.0
"bahamas, the",2023,94.8186
bosnia and herzegovina,2023,83.3772
belarus,2023,91.5125
belize,2023,72.3595
bermuda,2023,
bolivia,2023,70.2368
brazil,2023,84.1506
barbados,2023,79.9923
brunei darussalam,2023,99.0336
bhutan,2023,88.426
botswana,2023,81.36
central african republic,2023,
canada,2023,93.9564
central europe and the baltics,2023,
switzerland,2023,97.3444
channel islands,2023,
chile,2023,94.4574
china,2023,90.6
cote d'ivoire,2023,40.6528
cameroon,2023,41.9088
"congo, dem. rep.",2023,30.548
"congo, rep.",2023,38.3791
colombia,2023,77.3369
comoros,2023,35.6678
cabo verde,2023,73.539
costa rica,2023,85.3951
caribbean small states,2023,
cuba,2023,71.275
curacao,2023,
cayman islands,2023,
cyprus,2023,91.2211
czechia,2023,85.994
germany,2023,92.4764
djibouti,2023,65.0248
dominica,2023,83.8255
denmark,2023,98.7756
dominican republic,2023,84.6161
algeria,2023,76.9081
east asia & pacific (excluding high income),2023,75.9
early-demographic dividend,2023,
east asia & pacific,2023,77.5
europe & central asia (excluding high income),2023,85.0
europe & central asia,2023,89.7
ecuador,2023,72.6943
"egypt, arab rep.",2023,72.6899
euro area,2023,
eritrea,2023,20.0104
spain,2023,95.4456
estonia,2023,93.1834
ethiopia,2023,
european union,2023,
fragile and conflict affected situations,2023,38.0
finland,2023,93.5139
fiji,2023,79.3485
france,2023,86.8364
faroe islands,2023,
"micronesia, fed. sts.",2023,
gabon,2023,71.9256
united kingdom,2023,96.2988
georgia,2023,81.8843
ghana,2023,69.9445
gibraltar,2023,
guinea,2023,26.5014
"gambia, the",2023,45.9137
guinea-bissau,2023,32.4661
equatorial guinea,2023,60.3661
greece,2023,85.0102
grenada,2023,74.1201
greenland,2023,
guatemala,2023,56.0535
guam,2023,
guyana,2023,81.7221
high income,2023,92.3
"hong kong sar, china",2023,95.9778
honduras,2023,58.2789
heavily indebted poor countries (hipc),2023,
croatia,2023,83.2412
haiti,2023,
hungary,2023,91.4501
ibrd only,2023,70.5
ida & ibrd total,2023,60.9
ida total,2023,35.9
ida blend,2023,38.3
indonesia,2023,69.2084
ida only,2023,34.6
isle of man,2023,
india,2023,
not classified,2023,
ireland,2023,96.4974
"iran, islamic rep.",2023,79.6309
iraq,2023,81.7291
iceland,2023,99.8301
israel,2023,87.0384
italy,2023,87.0278
jamaica,2023,89.473
jordan,2023,92.5344
japan,2023,86.9815
kazakhstan,2023,92.8785
kenya,2023,35.0
kyrgyz republic,2023,88.4701
cambodia,2023,60.7171
kiribati,2023,88.0
st. kitts and nevis,2023,76.4208
"korea, rep.",2023,97.416
kuwait,2023,99.7473
latin america & caribbean (excluding high income),2023,79.1
lao pdr,2023,63.6255
lebanon,2023,83.4933
liberia,2023,23.4979
libya,2023,88.4989
st. lucia,2023,70.0834
latin america & caribbean,2023,79.7
least developed countries: un classification,2023,32.5
low income,2023,25.2
liechtenstein,2023,97.3444
sri lanka,2023,51.2
lower middle income,2023,50.7
low & middle income,2023,
lesotho,2023,47.991
late-demographic dividend,2023,
lithuania,2023,88.5029
luxembourg,2023,99.3479
latvia,2023,92.1879
"macao sar, china",2023,89.1806
st. martin (french part),2023,
morocco,2023,91.0
monaco,2023,99.1497
moldova,2023,80.2126
madagascar,2023,20.3671
maldives,2023,84.6851
"middle east, north africa, afghanistan & pakistan",2023,58.2
mexico,2023,81.1832
marshall islands,2023,65.7177
middle income,2023,
north macedonia,2023,87.1819
mali,2023,35.0921
malta,2023,92.0727
myanmar,2023,58.5357
"middle east, north africa, afghanistan & pakistan (excluding high income)",2023,54.4
montenegro,2023,89.8052
mongolia,2023,83.0162
northern mariana islands,2023,
mozambique,2023,19.8434
mauritania,2023,37.3809
mauritius,2023,79.5
malawi,2023,17.9881
malaysia,2023,97.6927
north america,2023,93.2
namibia,2023,64.4061
new caledonia,2023,
niger,2023,23.1879
nigeria,2023,39.2136
nicaragua,2023,58.2314
netherlands,2023,97.0068
norway,2023,99.0
nepal,2023,55.7716
nauru,2023,
new zealand,2023,96.1638
oecd members,2023,
oman,2023,95.2517
other small states,2023,
pakistan,2023,27.3759
panama,2023,68.5485
peru,2023,79.4848
philippines,2023,83.7661
palau,2023,
papua new guinea,2023,24.0667
poland,2023,86.4147
pre-demographic dividend,2023,
puerto rico (us),2023,
"korea, dem. people's rep.",2023,
portugal,2023,85.7901
paraguay,2023,78.0948
west bank and gaza,2023,86.6377
pacific island small states,2023,
post-demographic dividend,2023,
french polynesia,2023,
qatar,2023,99.6528
romania,2023,89.2034
russian federation,2023,92.245
rwanda,2023,34.2005
south asia,2023,48.9
saudi arabia,2023,100.0
sudan,2023,
senegal,2023,60.6122
singapore,2023,94.2852
solomon islands,2023,42.4597
sierra leone,2023,20.635
el salvador,2023,67.6558
san marino,2023,87.0278
"somalia, fed. rep.",2023,
serbia,2023,85.3575
sub-saharan africa (excluding high income),2023,36.3
south sudan,2023,
sub-saharan africa,2023,34.8
small states,2023,73.5
sao tome and principe,2023,61.4607
suriname,2023,78.3958
slovak republic,2023,87.2131
slovenia,2023,90.3779
sweden,2023,95.7033
eswatini,2023,57.62
sint maarten (dutch part),2023,
seychelles,2023,87.4009
syrian arab republic,2023,
turks and caicos islands,2023,
chad,2023,13.1832
east asia & pacific (ida & ibrd countries),2023,76.5
europe & central asia (ida & ibrd countries),2023,87.5
togo,2023,37.0223
thailand,2023,89.5353
tajikistan,2023,56.791
turkmenistan,2023,
latin america & the caribbean (ida & ibrd countries),2023,79.8
timor-leste,2023,34.0207
"middle east, north africa, afghanistan & pakistan (ida & ibrd)",2023,54.2
tonga,2023,58.5334
south asia (ida & ibrd),2023,48.9
sub-saharan africa (ida & ibrd countries),2023,34.7
trinidad and tobago,2023,84.6994
tunisia,2023,72.3542
turkiye,2023,85.9607
tuvalu,2023,74.3146
tanzania,2023,29.0638
uganda,2023,15.2524
ukraine,2023,82.3755
upper middle income,2023,78.5
uruguay,2023,89.896
united states,2023,93.1444
uzbekistan,2023,89.0136
st. vincent and the grenadines,2023,75.9927
"venezuela, rb",2023,
british virgin islands,2023,
virgin islands (u.s.),2023,
viet nam,2023,78.08
vanuatu,2023,45.7313
world,2023,65.4
samoa,2023,58.1386
kosovo,2023,
"yemen, rep.",2023,
south africa,2023,75.6592
zambia,2023,33.0
zimbabwe,2023,38.4266
aruba,2024,
africa eastern and southern,2024,35.0
afghanistan,2024,
africa western and central,2024,40.2
angola,2024,
albania,2024,
andorra,2024,
arab world,2024,
united arab emirates,2024,100.0
argentina,2024,89.6672
armenia,2024,
american samoa,2024,
antigua and barbuda,2024,
australia,2024,
austria,2024,94.9197
azerbaijan,2024,
burundi,2024,
belgium,2024,95.7758
benin,2024,
burkina faso,2024,
bangladesh,2024,
bulgaria,2024,82.439
bahrain,2024,100.0
"bahamas, the",2024,
bosnia and herzegovina,2024,86.1009
belarus,2024,94.2618
belize,2024,
bermuda,2024,
bolivia,2024,
brazil,2024,84.4635
barbados,2024,
brunei darussalam,2024,
bhutan,2024,
botswana,2024,
central african republic,2024,
canada,2024,
central europe and the baltics,2024,
switzerland,2024,
channel islands,2024,
chile,2024,
china,2024,92.0
cote d'ivoire,2024,
cameroon,2024,
"congo, dem. rep.",2024,
"congo, rep.",2024,
colombia,2024,
comoros,2024,
cabo verde,2024,
costa rica,2024,
caribbean small states,2024,
cuba,2024,
curacao,2024,
cayman islands,2024,
cyprus,2024,
czechia,2024,87.6878
germany,2024,93.5
djibouti,2024,
dominica,2024,
denmark,2024,99.7692
dominican republic,2024,91.0022
algeria,2024,
east asia & pacific (excluding high income),2024,78.1
early-demographic dividend,2024,
east asia & pacific,2024,79.6
europe & central asia (excluding high income),2024,87.3
europe & central asia,2024,91.3
ecuador,2024,77.1727
"egypt, arab rep.",2024,
euro area,2024,
eritrea,2024,
spain,2024,95.7575
estonia,2024,92.238
ethiopia,2024,
european union,2024,
fragile and conflict affected situations,2024,39.6
finland,2024,
fiji,2024,
france,2024,88.6538
faroe islands,2024,
"micronesia, fed. sts.",2024,
gabon,2024,
united kingdom,2024,
georgia,2024,
ghana,2024,
gibraltar,2024,
guinea,2024,
"gambia, the",2024,
guinea-bissau,2024,
equatorial guinea,2024,
greece,2024,86.2697
grenada,2024,
greenland,2024,
guatemala,2024,
guam,2024,
guyana,2024,
high income,2024,93.4
"hong kong sar, china",2024,
honduras,2024,
heavily indebted poor countries (hipc),2024,
croatia,2024,83.6324
haiti,2024,
hungary,2024,93.779
ibrd only,2024,73.0
ida & ibrd total,2024,63.3
ida total,2024,38.6
ida blend,2024,41.5
indonesia,2024,72.7808
ida only,2024,37.1
isle of man,2024,
india,2024,
not classified,2024,
ireland,2024,
"iran, islamic rep.",2024,
iraq,2024,
iceland,2024,
israel,2024,88.1824
italy,2024,89.2207
jamaica,2024,
jordan,2024,
japan,2024,
kazakhstan,2024,93.3917
kenya,2024,34.9762
kyrgyz republic,2024,
cambodia,2024,
kiribati,2024,
st. kitts and nevis,2024,
"korea, rep.",2024,97.8956
kuwait,2024,
latin america & caribbean (excluding high income),2024,81.5
lao pdr,2024,
lebanon,2024,
liberia,2024,
libya,2024,
st. lucia,2024,
latin america & caribbean,2024,82.0
least developed countries: un classification,2024,35.0
low income,2024,27.2
liechtenstein,2024,
sri lanka,2024,
lower middle income,2024,53.8
low & middle income,2024,
lesotho,2024,
late-demographic dividend,2024,
lithuania,2024,
luxembourg,2024,98.7606
latvia,2024,92.7076
"macao sar, china",2024,
st. martin (french part),2024,
morocco,2024,
monaco,2024,
moldova,2024,
madagascar,2024,
maldives,2024,
"middle east, north africa, afghanistan & pakistan",2024,60.5
mexico,2024,
marshall islands,2024,
middle income,2024,
north macedonia,2024,
mali,2024,
malta,2024,
myanmar,2024,
"middle east, north africa, afghanistan & pakistan (excluding high income)",2024,56.9
montenegro,2024,88.8826
mongolia,2024,
northern mariana islands,2024,
mozambique,2024,
mauritania,2024,
mauritius,2024,
malawi,2024,
malaysia,2024,98.0206
north america,2024,94.2
namibia,2024,
new caledonia,2024,
niger,2024,
nigeria,2024,
nicaragua,2024,
netherlands,2024,
norway,2024,
nepal,2024,
nauru,2024,
new zealand,2024,
oecd members,2024,
oman,2024,95.2517
other small states,2024,
pakistan,2024,
panama,2024,
peru,2024,81.9571
philippines,2024,
palau,2024,
papua new guinea,2024,
poland,2024,88.585
pre-demographic dividend,2024,
puerto rico (us),2024,
"korea, dem. people's rep.",2024,
portugal,2024,88.487
paraguay,2024,81.5781
west bank and gaza,2024,
pacific island small states,2024,
post-demographic dividend,2024,
french polynesia,2024,
qatar,2024,
romania,2024,91.2905
russian federation,2024,94.365
rwanda,2024,
south asia,2024,52.3
saudi arabia,2024,100.0
sudan,2024,
senegal,2024,
singapore,2024,94.3776
solomon islands,2024,
sierra leone,2024,
el salvador,2024,
san marino,2024,
"somalia, fed. rep.",2024,
serbia,2024,87.6907
sub-saharan africa (excluding high income),2024,38.7
south sudan,2024,
sub-saharan africa,2024,37.4
small states,2024,75.7
sao tome and principe,2024,
suriname,2024,
slovak republic,2024,89.8251
slovenia,2024,90.7636
sweden,2024,95.5293
eswatini,2024,
sint maarten (dutch part),2024,
seychelles,2024,
syrian arab republic,2024,
turks and caicos islands,2024,
chad,2024,
east asia & pacific (ida & ibrd countries),2024,78.8
europe & central asia (ida & ibrd countries),2024,89.6
togo,2024,
thailand,2024,90.8672
tajikistan,2024,
turkmenistan,2024,
latin america & the caribbean (ida & ibrd countries),2024,82.1
timor-leste,2024,
"middle east, north africa, afghanistan & pakistan (ida & ibrd)",2024,56.7
tonga,2024,
south asia (ida & ibrd),2024,52.3
sub-saharan africa (ida & ibrd countries),2024,37.1
trinidad and tobago,2024,
tunisia,2024,
turkiye,2024,87.3079
tuvalu,2024,
tanzania,2024,
uganda,2024,8.94983
ukraine,2024,
upper middle income,2024,80.7
uruguay,2024,91.9911
united states,2024,
uzbekistan,2024,
st. vincent and the grenadines,2024,
"venezuela, rb",2024,
british virgin islands,2024,
virgin islands (u.s.),2024,
viet nam,2024,84.15
vanuatu,2024,
world,2024,67.6
samoa,2024,
kosovo,2024,
"yemen, rep.",2024,
south africa,2024,
zambia,2024,
zimbabwe,2024,
taiwan,2020,90.0
taiwan,2021,91.0
taiwan,2022,92.0
taiwan,2023,93.0
taiwan,2024,94.0
