country_norm,year,gdp
aruba,1960,
africa eastern and southern,1960,186.1218347
afghanistan,1960,
africa western and central,1960,121.9399254
angola,1960,
albania,1960,
andorra,1960,
arab world,1960,
united arab emirates,1960,
argentina,1960,778.2517068
armenia,1960,
american samoa,1960,
antigua and barbuda,1960,
australia,1960,1810.70643
austria,1960,939.9148147
azerbaijan,1960,
burundi,1960,70.90510003
belgium,1960,1290.286072
benin,1960,89.85692465
burkina faso,1960,69.15024561
bangladesh,1960,82.48127741
bulgaria,1960,
bahrain,1960,
"bahamas, the",1960,1459.253825
bosnia and herzegovina,1960,
belarus,1960,
belize,1960,307.4145083
bermuda,1960,1715.314632
bolivia,1960,100.8150829
brazil,1960,235.2660095
barbados,1960,346.5754568
brunei darussalam,1960,
bhutan,1960,
botswana,1960,58.91800811
central african republic,1960,65.88296298
canada,1960,2264.948497
central europe and the baltics,1960,
switzerland,1960,1954.311321
channel islands,1960,
chile,1960,516.4875391
china,1960,89.71507492
cote d'ivoire,1960,148.680789
cameroon,1960,119.0539412
"congo, dem. rep.",1960,220.0745502
"congo, rep.",1960,124.6596704
colombia,1960,258.3044336
comoros,1960,
cabo verde,1960,
costa rica,1960,382.3091218
caribbean small states,1960,455.4904416
cuba,1960,
curacao,1960,
cayman islands,1960,
cyprus,1960,
czechia,1960,
germany,1960,1162.122668
djibouti,1960,
dominica,1960,
denmark,1960,1389.021394
dominican republic,1960,205.7315099
algeria,1960,238.3924767
east asia & pacific (excluding high income),1960,90.27850187
early-demographic dividend,1960,149.2099628
east asia & pacific,1960,150.8203054
europe & central asia (excluding high income),1960,
europe & central asia,1960,638.4810753
ecuador,1960,450.7763171
"egypt, arab rep.",1960,156.3873975
euro area,1960,930.6466981
eritrea,1960,
spain,1960,407.9630279
estonia,1960,
ethiopia,1960,75.33960907
european union,1960,796.5662865
fragile and conflict affected situations,1960,139.2313739
finland,1960,1191.855089
fiji,1960,277.4315355
france,1960,1302.531497
faroe islands,1960,
"micronesia, fed. sts.",1960,
gabon,1960,276.1361695
united kingdom,1960,1397.594803
georgia,1960,
ghana,1960,174.8588565
gibraltar,1960,
guinea,1960,
"gambia, the",1960,
guinea-bissau,1960,
equatorial guinea,1960,
greece,1960,513.0858624
grenada,1960,
greenland,1960,
guatemala,1960,256.8131153
guam,1960,
guyana,1960,299.0746458
high income,1960,1204.074231
"hong kong sar, china",1960,426.7738079
honduras,1960,162.7741191
heavily indebted poor countries (hipc),1960,132.9840277
croatia,1960,
haiti,1960,70.80244544
hungary,1960,
ibrd only,1960,161.7433422
ida & ibrd total,1960,153.55805
ida total,1960,109.342007
ida blend,1960,99.62563757
indonesia,1960,
ida only,1960,118.1600702
isle of man,1960,
india,1960,84.93280848
not classified,1960,
ireland,1960,706.5510223
"iran, islamic rep.",1960,195.5775272
iraq,1960,218.9178025
iceland,1960,1436.258854
israel,1960,1452.48664
italy,1960,836.9058503
jamaica,1960,423.6740982
jordan,1960,
japan,1960,508.7027793
kazakhstan,1960,
kenya,1960,102.8244175
kyrgyz republic,1960,
cambodia,1960,
kiribati,1960,
st. kitts and nevis,1960,221.5845861
"korea, rep.",1960,158.2741359
kuwait,1960,
latin america & caribbean (excluding high income),1960,320.0585322
lao pdr,1960,
lebanon,1960,
liberia,1960,167.1714982
libya,1960,269.0380731
st. lucia,1960,
latin america & caribbean,1960,361.6772942
least developed countries: un classification,1960,114.7422291
low income,1960,
liechtenstein,1960,
sri lanka,1960,145.9287013
lower middle income,1960,104.4118772
low & middle income,1960,127.5993627
lesotho,1960,46.95178027
late-demographic dividend,1960,167.9609733
lithuania,1960,
luxembourg,1960,2261.177418
latvia,1960,
"macao sar, china",1960,
st. martin (french part),1960,
morocco,1960,174.7841339
monaco,1960,
moldova,1960,
madagascar,1960,131.6920183
maldives,1960,
"middle east, north africa, afghanistan & pakistan",1960,183.7761761
mexico,1960,355.0751996
marshall islands,1960,
middle income,1960,129.1211867
north macedonia,1960,
mali,1960,
malta,1960,
myanmar,1960,25.08477572
"middle east, north africa, afghanistan & pakistan (excluding high income)",1960,144.5287836
montenegro,1960,
mongolia,1960,
northern mariana islands,1960,
mozambique,1960,
mauritania,1960,
mauritius,1960,238.2510334
malawi,1960,
malaysia,1960,240.8474146
north america,1960,2935.349501
namibia,1960,
new caledonia,1960,
niger,1960,128.2512014
nigeria,1960,93.13700904
nicaragua,1960,127.4838121
netherlands,1960,1156.385977
norway,1960,1451.285078
nepal,1960,50.21252337
nauru,1960,
new zealand,1960,2334.133721
oecd members,1960,1311.37045
oman,1960,83.38531052
other small states,1960,
pakistan,1960,82.02410001
panama,1960,477.037935
peru,1960,252.7967827
philippines,1960,269.4651465
palau,1960,
papua new guinea,1960,115.5304905
poland,1960,
pre-demographic dividend,1960,129.0055864
puerto rico (us),1960,717.5148431
"korea, dem. people's rep.",1960,
portugal,1960,376.9764303
paraguay,1960,153.3752168
west bank and gaza,1960,
pacific island small states,1960,
post-demographic dividend,1960,1371.057186
french polynesia,1960,
qatar,1960,
romania,1960,
russian federation,1960,
rwanda,1960,39.37407281
south asia,1960,85.19072066
saudi arabia,1960,717.796629
sudan,1960,99.71311951
senegal,1960,300.4251152
singapore,1960,428.0561834
solomon islands,1960,
sierra leone,1960,142.0200184
el salvador,1960,
san marino,1960,
"somalia, fed. rep.",1960,62.73962794
serbia,1960,
sub-saharan africa (excluding high income),1960,166.386502
south sudan,1960,
sub-saharan africa,1960,158.0881263
small states,1960,
sao tome and principe,1960,
suriname,1960,377.5793997
slovak republic,1960,
slovenia,1960,
sweden,1960,2128.388844
eswatini,1960,101.5727998
sint maarten (dutch part),1960,
seychelles,1960,288.0581445
syrian arab republic,1960,183.5250697
turks and caicos islands,1960,
chad,1960,102.8194705
east asia & pacific (ida & ibrd countries),1960,91.38025715
europe & central asia (ida & ibrd countries),1960,
togo,1960,102.2389856
thailand,1960,102.8145715
tajikistan,1960,
turkmenistan,1960,
latin america & the caribbean (ida & ibrd countries),1960,355.8462401
timor-leste,1960,
"middle east, north africa, afghanistan & pakistan (ida & ibrd)",1960,143.393041
tonga,1960,
south asia (ida & ibrd),1960,85.19072066
sub-saharan africa (ida & ibrd countries),1960,158.0881263
trinidad and tobago,1960,633.9756084
tunisia,1960,
turkiye,1960,267.0912076
tuvalu,1960,
tanzania,1960,275.2960205
uganda,1960,55.37849761
ukraine,1960,
upper middle income,1960,146.4180202
uruguay,1960,491.0317603
united states,1960,3002.089295
uzbekistan,1960,
st. vincent and the grenadines,1960,154.8399535
"venezuela, rb",1960,939.1977666
british virgin islands,1960,
virgin islands (u.s.),1960,
viet nam,1960,
vanuatu,1960,
world,1960,452.2631589
samoa,1960,
kosovo,1960,
"yemen, rep.",1960,
south africa,1960,532.1475043
zambia,1960,221.5598489
zimbabwe,1960,276.4197841
aruba,1961,
africa eastern and southern,1961,186.9417814
afghanistan,1961,
africa western and central,1961,127.4541888
angola,1961,
albania,1961,
andorra,1961,
arab world,1961,212.8896634
united arab emirates,1961,
argentina,1961,971.3380433
armenia,1961,
american samoa,1961,
antigua and barbuda,1961,
australia,1961,1877.707064
austria,1961,1036.728204
azerbaijan,1961,
burundi,1961,71.60192994
belgium,1961,1367.788852
benin,1961,92.08584813
burkina faso,1961,72.24237871
bangladesh,1961,90.36857863
bulgaria,1961,
bahrain,1961,
"bahamas, the",1961,1555.046608
bosnia and herzegovina,1961,
belarus,1961,
belize,1961,320.0294767
bermuda,1961,1773.995316
bolivia,1961,107.4434777
brazil,1961,231.5640633
barbados,1961,366.1354991
brunei darussalam,1961,
bhutan,1961,
botswana,1961,62.32240069
central african republic,1961,70.98812592
canada,1961,2246.083566
central europe and the baltics,1961,
switzerland,1961,2155.449969
channel islands,1961,
chile,1961,594.4363062
china,1961,75.96550111
cote d'ivoire,1961,162.2627644
cameroon,1961,124.5931656
"congo, dem. rep.",1961,197.0803952
"congo, rep.",1961,139.8720744
colombia,1961,282.0994405
comoros,1961,
cabo verde,1961,
costa rica,1961,355.8444479
caribbean small states,1961,486.57113
cuba,1961,
curacao,1961,
cayman islands,1961,
cyprus,1961,
czechia,1961,
germany,1961,1315.907878
djibouti,1961,
dominica,1961,
denmark,1961,1530.53779
dominican republic,1961,193.9089888
algeria,1961,209.3706727
east asia & pacific (excluding high income),1961,79.55850823
early-demographic dividend,1961,158.3568814
east asia & pacific,1961,151.7238599
europe & central asia (excluding high income),1961,
europe & central asia,1961,694.4275391
ecuador,1961,371.3951765
"egypt, arab rep.",1961,162.8416442
euro area,1961,1026.605406
eritrea,1961,
spain,1961,463.1904409
estonia,1961,
ethiopia,1961,76.73019664
european union,1961,877.7512585
fragile and conflict affected situations,1961,142.3171459
finland,1961,1341.499006
fiji,1961,280.2733667
france,1961,1394.535571
faroe islands,1961,
"micronesia, fed. sts.",1961,
gabon,1961,323.4592027
united kingdom,1961,1472.385714
georgia,1961,
ghana,1961,181.8700108
gibraltar,1961,
guinea,1961,
"gambia, the",1961,
guinea-bissau,1961,
equatorial guinea,1961,
greece,1961,582.5635036
grenada,1961,
greenland,1961,
guatemala,1961,257.2021506
guam,1961,
guyana,1961,319.0177548
high income,1961,1268.771776
"hong kong sar, china",1961,436.7544115
honduras,1961,167.9204919
heavily indebted poor countries (hipc),1961,133.9717146
croatia,1961,
haiti,1961,68.9905651
hungary,1961,
ibrd only,1961,161.8498575
ida & ibrd total,1961,154.2638422
ida total,1961,112.693024
ida blend,1961,104.2700209
indonesia,1961,
ida only,1961,120.8672024
isle of man,1961,
india,1961,87.85386135
not classified,1961,
ireland,1961,761.8513596
"iran, islamic rep.",1961,200.0815293
iraq,1961,232.3926122
iceland,1961,1439.449724
israel,1961,1697.29358
italy,1961,923.0877838
jamaica,1961,447.0572737
jordan,1961,
japan,1961,608.8645811
kazakhstan,1961,
kenya,1961,99.27169571
kyrgyz republic,1961,
cambodia,1961,
kiribati,1961,
st. kitts and nevis,1961,225.5991276
"korea, rep.",1961,93.83138319
kuwait,1961,
latin america & caribbean (excluding high income),1961,344.8498904
lao pdr,1961,
lebanon,1961,
liberia,1961,157.5046865
libya,1961,285.3415809
st. lucia,1961,
latin america & caribbean,1961,389.5116288
least developed countries: un classification,1961,117.137585
low income,1961,
liechtenstein,1961,
sri lanka,1961,145.9009451
lower middle income,1961,108.5747169
low & middle income,1961,127.4565881
lesotho,1961,47.04646363
late-demographic dividend,1961,155.8088335
lithuania,1961,
luxembourg,1961,2241.360032
latvia,1961,
"macao sar, china",1961,
st. martin (french part),1961,
morocco,1961,169.3184357
monaco,1961,
moldova,1961,
madagascar,1961,133.2712329
maldives,1961,
"middle east, north africa, afghanistan & pakistan",1961,191.1969782
mexico,1961,373.712217
marshall islands,1961,
middle income,1961,129.0713903
north macedonia,1961,
mali,1961,
malta,1961,
myanmar,1961,27.26545412
"middle east, north africa, afghanistan & pakistan (excluding high income)",1961,146.9720073
montenegro,1961,
mongolia,1961,
northern mariana islands,1961,
mozambique,1961,
mauritania,1961,188.1584016
mauritius,1961,281.6830814
malawi,1961,
malaysia,1961,232.9437688
north america,1961,2988.812671
namibia,1961,
new caledonia,1961,
niger,1961,134.6350943
nigeria,1961,97.13752811
nicaragua,1961,132.9435072
netherlands,1961,1254.420283
norway,1961,1570.638044
nepal,1961,51.55448207
nauru,1961,
new zealand,1961,2364.753839
oecd members,1961,1379.679072
oman,1961,84.53116464
other small states,1961,
pakistan,1961,87.7778247
panama,1961,516.4598619
peru,1961,276.6414001
philippines,1961,283.7947412
palau,1961,
papua new guinea,1961,119.6563259
poland,1961,
pre-demographic dividend,1961,130.6726791
puerto rico (us),1961,777.2150274
"korea, dem. people's rep.",1961,
portugal,1961,400.2231621
paraguay,1961,167.0928275
west bank and gaza,1961,
pacific island small states,1961,
post-demographic dividend,1961,1443.415396
french polynesia,1961,
qatar,1961,
romania,1961,
russian federation,1961,
rwanda,1961,39.2689715
south asia,1961,88.53744014
saudi arabia,1961,760.3117403
sudan,1961,105.3131027
senegal,1961,308.1663838
singapore,1961,449.1481368
solomon islands,1961,
sierra leone,1961,142.3378678
el salvador,1961,
san marino,1961,
"somalia, fed. rep.",1961,64.92425761
serbia,1961,
sub-saharan africa (excluding high income),1961,169.3403399
south sudan,1961,
sub-saharan africa,1961,160.8922012
small states,1961,
sao tome and principe,1961,
suriname,1961,394.8077466
slovak republic,1961,
slovenia,1961,
sweden,1961,2304.497886
eswatini,1961,121.7957188
sint maarten (dutch part),1961,
seychelles,1961,270.2796466
syrian arab republic,1961,196.2935616
turks and caicos islands,1961,
chad,1961,107.3203805
east asia & pacific (ida & ibrd countries),1961,80.55431401
europe & central asia (ida & ibrd countries),1961,
togo,1961,104.8307489
thailand,1961,109.7287943
tajikistan,1961,
turkmenistan,1961,
latin america & the caribbean (ida & ibrd countries),1961,383.1213373
timor-leste,1961,
"middle east, north africa, afghanistan & pakistan (ida & ibrd)",1961,145.8170652
tonga,1961,
south asia (ida & ibrd),1961,88.53744014
sub-saharan africa (ida & ibrd countries),1961,160.8922012
trinidad and tobago,1961,677.713824
tunisia,1961,200.6718354
turkiye,1961,274.3508909
tuvalu,1961,
tanzania,1961,285.1567993
uganda,1961,56.17592781
ukraine,1961,
upper middle income,1961,143.6067659
uruguay,1961,603.9665132
united states,1961,3062.974116
uzbekistan,1961,
st. vincent and the grenadines,1961,163.0367416
"venezuela, rb",1961,954.0383306
british virgin islands,1961,
virgin islands (u.s.),1961,
viet nam,1961,
vanuatu,1961,
world,1961,471.5197973
samoa,1961,
kosovo,1961,
"yemen, rep.",1961,
south africa,1961,545.6575119
zambia,1961,209.6932064
zimbabwe,1961,279.0164892
aruba,1962,
africa eastern and southern,1962,197.4024024
afghanistan,1962,
africa western and central,1962,133.8270443
angola,1962,
albania,1962,
andorra,1962,
arab world,1962,210.8054148
united arab emirates,1962,
argentina,1962,870.2174909
armenia,1962,
american samoa,1962,
antigua and barbuda,1962,
australia,1962,1854.746154
austria,1962,1093.014191
azerbaijan,1962,
burundi,1962,73.41959798
belgium,1962,1457.26517
benin,1962,90.77386101
burkina faso,1962,77.15292793
bangladesh,1962,92.58942118
bulgaria,1962,
bahrain,1962,
"bahamas, the",1962,1651.218619
bosnia and herzegovina,1962,
belarus,1962,
belize,1962,331.7047943
bermuda,1962,1824.182283
bolivia,1962,115.0790596
brazil,1962,250.2005729
barbados,1962,377.4384564
brunei darussalam,1962,
bhutan,1962,
botswana,1962,65.9864503
central african republic,1962,70.40422927
canada,1962,2274.428471
central europe and the baltics,1962,
switzerland,1962,2330.477365
channel islands,1962,
chile,1962,678.5843366
china,1962,71.0616846
cote d'ivoire,1962,163.0766797
cameroon,1962,130.0425699
"congo, dem. rep.",1962,235.1272906
"congo, rep.",1962,149.5912499
colombia,1962,298.5438617
comoros,1962,
cabo verde,1962,
costa rica,1962,335.221589
caribbean small states,1962,507.8473341
cuba,1962,
curacao,1962,
cayman islands,1962,
cyprus,1962,
czechia,1962,
germany,1962,1430.520955
djibouti,1962,
dominica,1962,
denmark,1962,1711.218138
dominican republic,1962,236.8147
algeria,1962,169.6028627
east asia & pacific (excluding high income),1962,71.61552905
early-demographic dividend,1962,156.1364366
east asia & pacific,1962,153.1658851
europe & central asia (excluding high income),1962,
europe & central asia,1962,750.796641
ecuador,1962,312.4354102
"egypt, arab rep.",1962,142.4095767
euro area,1962,1125.784138
eritrea,1962,
spain,1962,535.3910595
estonia,1962,
ethiopia,1962,77.79018498
european union,1962,962.0890524
fragile and conflict affected situations,1962,153.8911898
finland,1962,1426.667564
fiji,1962,285.473073
france,1962,1547.620259
faroe islands,1962,
"micronesia, fed. sts.",1962,
gabon,1962,348.4168201
united kingdom,1962,1525.775853
georgia,1962,
ghana,1962,188.4210163
gibraltar,1962,
guinea,1962,
"gambia, the",1962,
guinea-bissau,1962,
equatorial guinea,1962,132.9118591
greece,1962,608.4755155
grenada,1962,
greenland,1962,
guatemala,1962,265.2106518
guam,1962,
guyana,1962,327.3925792
high income,1962,1355.705621
"hong kong sar, china",1962,487.8211341
honduras,1962,177.6987293
heavily indebted poor countries (hipc),1962,142.2444436
croatia,1962,
haiti,1962,70.44646171
hungary,1962,
ibrd only,1962,160.9744716
ida & ibrd total,1962,154.6591829
ida total,1962,118.243686
ida blend,1962,108.5227306
indonesia,1962,
ida only,1962,127.3213746
isle of man,1962,
india,1962,92.19995836
not classified,1962,
ireland,1962,821.3441131
"iran, islamic rep.",1962,205.7868097
iraq,1962,240.6534425
iceland,1962,1585.721438
israel,1962,1293.569137
italy,1962,1030.158003
jamaica,1962,458.3139978
jordan,1962,
japan,1962,684.5655098
kazakhstan,1962,
kenya,1962,104.6004559
kyrgyz republic,1962,
cambodia,1962,
kiribati,1962,
st. kitts and nevis,1962,230.2865411
"korea, rep.",1962,106.1597028
kuwait,1962,4748.392844
latin america & caribbean (excluding high income),1962,346.6458355
lao pdr,1962,
lebanon,1962,
liberia,1962,160.280325
libya,1962,382.0845057
st. lucia,1962,
latin america & caribbean,1962,398.1859169
least developed countries: un classification,1962,123.7803484
low income,1962,
liechtenstein,1962,
sri lanka,1962,141.3831978
lower middle income,1962,107.5616171
low & middle income,1962,126.9187426
lesotho,1962,53.54212544
late-demographic dividend,1962,156.6900396
lithuania,1962,
luxembourg,1962,2331.556858
latvia,1962,
"macao sar, china",1962,
st. martin (french part),1962,
morocco,1962,193.6478119
monaco,1962,
moldova,1962,
madagascar,1962,137.3080073
maldives,1962,
"middle east, north africa, afghanistan & pakistan",1962,185.3017672
mexico,1962,388.4567024
marshall islands,1962,
middle income,1962,127.9827095
north macedonia,1962,
mali,1962,
malta,1962,
myanmar,1962,27.94700397
"middle east, north africa, afghanistan & pakistan (excluding high income)",1962,145.8316687
montenegro,1962,
mongolia,1962,
northern mariana islands,1962,
mozambique,1962,
mauritania,1962,188.9951466
mauritius,1962,282.3423862
malawi,1962,
malaysia,1962,238.8363392
north america,1962,3153.793455
namibia,1962,
new caledonia,1962,
niger,1962,143.1508241
nigeria,1962,104.5324955
nicaragua,1962,142.3035236
netherlands,1962,1342.368272
norway,1962,1678.267257
nepal,1962,54.56560893
nauru,1962,
new zealand,1962,2471.055009
oecd members,1962,1471.839643
oman,1962,102.3258899
other small states,1962,
pakistan,1962,89.50395258
panama,1962,545.5704463
peru,1962,304.5378175
philippines,1962,166.6892214
palau,1962,
papua new guinea,1962,124.7345488
poland,1962,
pre-demographic dividend,1962,139.768555
puerto rico (us),1962,854.744805
"korea, dem. people's rep.",1962,
portugal,1962,426.4943363
paraguay,1962,182.8051941
west bank and gaza,1962,
pacific island small states,1962,
post-demographic dividend,1962,1543.417306
french polynesia,1962,
qatar,1962,
romania,1962,
russian federation,1962,
rwanda,1962,39.23384405
south asia,1962,92.4759784
saudi arabia,1962,812.9262477
sudan,1962,111.2134552
senegal,1962,307.0925651
singapore,1962,472.0827402
solomon islands,1962,
sierra leone,1962,146.3864746
el salvador,1962,
san marino,1962,
"somalia, fed. rep.",1962,67.17023599
serbia,1962,
sub-saharan africa (excluding high income),1962,178.9670351
south sudan,1962,
sub-saharan africa,1962,169.6844134
small states,1962,
sao tome and principe,1962,
suriname,1962,409.1056384
slovak republic,1962,
slovenia,1962,
sweden,1962,2485.494147
eswatini,1962,127.0957664
sint maarten (dutch part),1962,
seychelles,1962,287.0447735
syrian arab republic,1962,223.9342091
turks and caicos islands,1962,
chad,1962,112.619958
east asia & pacific (ida & ibrd countries),1962,72.5209927
europe & central asia (ida & ibrd countries),1962,
togo,1962,107.7612095
thailand,1962,116.1794933
tajikistan,1962,
turkmenistan,1962,
latin america & the caribbean (ida & ibrd countries),1962,390.8592194
timor-leste,1962,
"middle east, north africa, afghanistan & pakistan (ida & ibrd)",1962,144.6856876
tonga,1962,
south asia (ida & ibrd),1962,92.4759784
sub-saharan africa (ida & ibrd countries),1962,169.6844134
trinidad and tobago,1962,703.6208041
tunisia,1962,201.4191669
turkiye,1962,298.2410209
tuvalu,1962,
tanzania,1962,303.9974365
uganda,1962,55.50487046
ukraine,1962,
upper middle income,1962,142.5899044
uruguay,1962,659.3937169
united states,1962,3241.857659
uzbekistan,1962,
st. vincent and the grenadines,1962,166.5019452
"venezuela, rb",1962,1006.559408
british virgin islands,1962,
virgin islands (u.s.),1962,
viet nam,1962,
vanuatu,1962,
world,1962,495.7868539
samoa,1962,
kosovo,1962,
"yemen, rep.",1962,
south africa,1962,563.4230088
zambia,1962,202.2810312
zimbabwe,1962,275.5456083
aruba,1963,
africa eastern and southern,1963,225.4404936
afghanistan,1963,
africa western and central,1963,139.0082913
angola,1963,
albania,1963,
andorra,1963,
arab world,1963,225.8006302
united arab emirates,1963,
argentina,1963,852.9724251
armenia,1963,
american samoa,1963,
antigua and barbuda,1963,
australia,1963,1967.211274
austria,1963,1172.557446
azerbaijan,1963,
burundi,1963,78.37119832
belgium,1963,1555.022932
benin,1963,95.71673698
burkina faso,1963,78.90877367
bangladesh,1963,94.1423743
bulgaria,1963,
bahrain,1963,
"bahamas, the",1963,1759.236922
bosnia and herzegovina,1963,
belarus,1963,
belize,1963,341.9325838
bermuda,1963,1821.790913
bolivia,1963,121.3532769
brazil,1963,294.1696194
barbados,1963,420.5043895
brunei darussalam,1963,
bhutan,1963,
botswana,1963,68.88641047
central african republic,1963,71.75518757
canada,1963,2380.317329
central europe and the baltics,1963,
switzerland,1963,2508.474307
channel islands,1963,
chile,1963,657.7191966
china,1963,74.46815409
cote d'ivoire,1963,185.076826
cameroon,1963,131.6420147
"congo, dem. rep.",1963,376.38337
"congo, rep.",1963,150.650752
colombia,1963,282.5883303
comoros,1963,
cabo verde,1963,
costa rica,1963,345.5053691
caribbean small states,1963,530.7335807
cuba,1963,
curacao,1963,
cayman islands,1963,
cyprus,1963,
czechia,1963,
germany,1963,1502.154529
djibouti,1963,
dominica,1963,
denmark,1963,1807.252792
dominican republic,1963,262.186358
algeria,1963,225.5846602
east asia & pacific (excluding high income),1963,75.51312196
early-demographic dividend,1963,167.9940959
east asia & pacific,1963,166.8608575
europe & central asia (excluding high income),1963,
europe & central asia,1963,811.7322501
ecuador,1963,364.7435941
"egypt, arab rep.",1963,143.9284025
euro area,1963,1228.376782
eritrea,1963,
spain,1963,627.278451
estonia,1963,
ethiopia,1963,79.17263437
european union,1963,1048.040489
fragile and conflict affected situations,1963,172.0607197
finland,1963,1538.457034
fiji,1963,291.3835738
france,1963,1717.703791
faroe islands,1963,
"micronesia, fed. sts.",1963,
gabon,1963,290.6758165
united kingdom,1963,1613.456884
georgia,1963,
ghana,1963,205.0374224
gibraltar,1963,
guinea,1963,
"gambia, the",1963,
guinea-bissau,1963,
equatorial guinea,1963,154.7974985
greece,1963,685.559282
grenada,1963,
greenland,1963,
guatemala,1963,284.3975043
guam,1963,
guyana,1963,288.8203904
high income,1963,1440.911515
"hong kong sar, china",1963,565.7278104
honduras,1963,182.7270792
heavily indebted poor countries (hipc),1963,163.1854155
croatia,1963,
haiti,1963,72.39834935
hungary,1963,
ibrd only,1963,173.4828417
ida & ibrd total,1963,166.6770793
ida total,1963,127.4642863
ida blend,1963,112.5460849
indonesia,1963,
ida only,1963,139.7823521
isle of man,1963,
india,1963,103.4350213
not classified,1963,
ireland,1963,878.1565765
"iran, islamic rep.",1963,209.5593763
iraq,1963,235.5136238
iceland,1963,1859.248362
israel,1963,1486.317398
italy,1963,1171.386963
jamaica,1963,480.3364997
jordan,1963,
japan,1963,775.5921231
kazakhstan,1963,
kenya,1963,107.393656
kyrgyz republic,1963,
cambodia,1963,
kiribati,1963,
st. kitts and nevis,1963,240.1396166
"korea, rep.",1963,146.3024926
kuwait,1963,4444.523086
latin america & caribbean (excluding high income),1963,370.5822782
lao pdr,1963,
lebanon,1963,
liberia,1963,163.1312662
libya,1963,527.8619395
st. lucia,1963,
latin america & caribbean,1963,421.0829146
least developed countries: un classification,1963,138.7285052
low income,1963,
liechtenstein,1963,
sri lanka,1963,119.3523324
lower middle income,1963,116.0995783
low & middle income,1963,137.3011035
lesotho,1963,58.40769579
late-demographic dividend,1963,167.0689224
lithuania,1963,
luxembourg,1963,2461.901124
latvia,1963,
"macao sar, china",1963,
st. martin (french part),1963,
morocco,1963,210.6356506
monaco,1963,
moldova,1963,
madagascar,1963,137.4335635
maldives,1963,
"middle east, north africa, afghanistan & pakistan",1963,198.8575171
mexico,1963,419.5520663
marshall islands,1963,
middle income,1963,137.527629
north macedonia,1963,
mali,1963,
malta,1963,
myanmar,1963,25.80398444
"middle east, north africa, afghanistan & pakistan (excluding high income)",1963,156.5106358
montenegro,1963,
mongolia,1963,
northern mariana islands,1963,
mozambique,1963,
mauritania,1963,188.249348
mauritius,1963,353.1135476
malawi,1963,
malaysia,1963,291.800007
north america,1963,3282.590263
namibia,1963,
new caledonia,1963,
niger,1963,153.3248826
nigeria,1963,107.6757414
nicaragua,1963,152.4614983
netherlands,1963,1436.887261
norway,1963,1787.318534
nepal,1963,46.31466297
nauru,1963,
new zealand,1963,2646.236529
oecd members,1963,1562.980986
oman,1963,106.829312
other small states,1963,
pakistan,1963,93.65087286
panama,1963,586.6166879
peru,1963,324.1074047
philippines,1963,179.464434
palau,1963,
papua new guinea,1963,128.8741651
poland,1963,
pre-demographic dividend,1963,157.6964653
puerto rico (us),1963,931.751666
"korea, dem. people's rep.",1963,
portugal,1963,452.2802916
paraguay,1963,189.8724235
west bank and gaza,1963,
pacific island small states,1963,
post-demographic dividend,1963,1641.658029
french polynesia,1963,
qatar,1963,
romania,1963,
russian federation,1963,
rwanda,1963,39.2771772
south asia,1963,101.6997303
saudi arabia,1963,811.7382747
sudan,1963,109.939209
senegal,1963,308.6298492
singapore,1963,511.2022354
solomon islands,1963,
sierra leone,1963,146.374146
el salvador,1963,
san marino,1963,
"somalia, fed. rep.",1963,69.49223448
serbia,1963,
sub-saharan africa (excluding high income),1963,199.4217254
south sudan,1963,
sub-saharan africa,1963,188.273584
small states,1963,
sao tome and principe,1963,
suriname,1963,424.0255324
slovak republic,1963,
slovenia,1963,
sweden,1963,2675.103624
eswatini,1963,146.3911314
sint maarten (dutch part),1963,
seychelles,1963,308.1952484
syrian arab republic,1963,234.8997476
turks and caicos islands,1963,
chad,1963,114.7108608
east asia & pacific (ida & ibrd countries),1963,76.466923
europe & central asia (ida & ibrd countries),1963,
togo,1963,114.6162113
thailand,1963,120.6585987
tajikistan,1963,
turkmenistan,1963,
latin america & the caribbean (ida & ibrd countries),1963,412.9418675
timor-leste,1963,
"middle east, north africa, afghanistan & pakistan (ida & ibrd)",1963,155.2807368
tonga,1963,
south asia (ida & ibrd),1963,101.6997303
sub-saharan africa (ida & ibrd countries),1963,188.273584
trinidad and tobago,1963,756.2849066
tunisia,1963,231.9194079
turkiye,1963,337.0198569
tuvalu,1963,
tanzania,1963,329.0105896
uganda,1963,61.95537682
ukraine,1963,
upper middle income,1963,152.8311363
uruguay,1963,586.8211917
united states,1963,3373.357305
uzbekistan,1963,
st. vincent and the grenadines,1963,154.8557896
"venezuela, rb",1963,1060.094332
british virgin islands,1963,
virgin islands (u.s.),1963,
viet nam,1963,
vanuatu,1963,
world,1963,524.8901408
samoa,1963,
kosovo,1963,
"yemen, rep.",1963,
south africa,1963,604.5368553
zambia,1963,203.2194512
zimbabwe,1963,277.0057012
aruba,1964,
africa eastern and southern,1964,208.9997481
afghanistan,1964,
africa western and central,1964,148.5493788
angola,1964,
albania,1964,
andorra,1964,
arab world,1964,243.897432
united arab emirates,1964,
argentina,1964,1176.200862
armenia,1964,
american samoa,1964,
antigua and barbuda,1964,
australia,1964,2131.3803
austria,1964,1275.457153
azerbaijan,1964,
burundi,1964,85.33372867
belgium,1964,1724.018942
benin,1964,99.7850246
burkina faso,1964,80.91478877
bangladesh,1964,92.57829779
bulgaria,1964,
bahrain,1964,
"bahamas, the",1964,1883.44386
bosnia and herzegovina,1964,
belarus,1964,
belize,1964,356.2354084
bermuda,1964,1986.64081
bolivia,1964,133.8761792
brazil,1964,257.2597269
barbados,1964,413.6254322
brunei darussalam,1964,
bhutan,1964,
botswana,1964,73.49257732
central african republic,1964,77.2050398
canada,1964,2561.638491
central europe and the baltics,1964,
switzerland,1964,2734.93009
channel islands,1964,
chile,1964,685.9702029
china,1964,85.66110746
cote d'ivoire,1964,215.5062403
cameroon,1964,139.2281096
"congo, dem. rep.",1964,169.9492598
"congo, rep.",1964,158.0619645
colombia,1964,338.6759353
comoros,1964,
cabo verde,1964,
costa rica,1964,353.7108968
caribbean small states,1964,555.2359367
cuba,1964,
curacao,1964,
cayman islands,1964,
cyprus,1964,
czechia,1964,
germany,1964,1637.455228
djibouti,1964,
dominica,1964,
denmark,1964,2049.397243
dominican republic,1964,277.2971582
algeria,1964,238.8638015
east asia & pacific (excluding high income),1964,85.11818463
early-demographic dividend,1964,187.777251
east asia & pacific,1964,187.1673925
europe & central asia (excluding high income),1964,
europe & central asia,1964,886.9764919
ecuador,1964,435.7634632
"egypt, arab rep.",1964,157.7165365
euro area,1964,1349.145918
eritrea,1964,
spain,1964,694.9520868
estonia,1964,
ethiopia,1964,83.83686483
european union,1964,1152.297359
fragile and conflict affected situations,1964,152.3056266
finland,1964,1725.604835
fiji,1964,305.5322031
france,1964,1884.137914
faroe islands,1964,
"micronesia, fed. sts.",1964,
gabon,1964,400.4029565
united kingdom,1964,1748.288118
georgia,1964,
ghana,1964,224.9681544
gibraltar,1964,
guinea,1964,
"gambia, the",1964,
guinea-bissau,1964,
equatorial guinea,1964,177.8264176
greece,1964,772.8055008
grenada,1964,
greenland,1964,
guatemala,1964,284.1979703
guam,1964,
guyana,1964,313.2611619
high income,1964,1556.149596
"hong kong sar, china",1964,629.5915258
honduras,1964,197.8479169
heavily indebted poor countries (hipc),1964,148.0315312
croatia,1964,
haiti,1964,78.45201585
hungary,1964,
ibrd only,1964,192.1419873
ida & ibrd total,1964,180.8346478
ida total,1964,122.8526497
ida blend,1964,120.2965656
indonesia,1964,
ida only,1964,127.9629164
isle of man,1964,
india,1964,117.8564308
not classified,1964,
ireland,1964,994.6073316
"iran, islamic rep.",1964,221.7317278
iraq,1964,269.423093
iceland,1964,2332.473658
israel,1964,1625.99792
italy,1964,1271.801193
jamaica,1964,514.4165113
jordan,1964,
japan,1964,902.8677215
kazakhstan,1964,
kenya,1964,111.3005448
kyrgyz republic,1964,
cambodia,1964,
kiribati,1964,
st. kitts and nevis,1964,256.4047152
"korea, rep.",1964,123.6063745
kuwait,1964,4378.784298
latin america & caribbean (excluding high income),1964,413.4690846
lao pdr,1964,
lebanon,1964,
liberia,1964,173.9264903
libya,1964,764.8983894
st. lucia,1964,
latin america & caribbean,1964,455.4072026
least developed countries: un classification,1964,122.8368195
low income,1964,
liechtenstein,1964,
sri lanka,1964,122.941809
lower middle income,1964,127.291256
low & middle income,1964,150.1378119
lesotho,1964,62.62076472
late-demographic dividend,1964,179.2242811
lithuania,1964,
luxembourg,1964,2779.184397
latvia,1964,
"macao sar, china",1964,
st. martin (french part),1964,
morocco,1964,216.2630463
monaco,1964,
moldova,1964,
madagascar,1964,141.5346691
maldives,1964,
"middle east, north africa, afghanistan & pakistan",1964,215.7607272
mexico,1964,480.7042144
marshall islands,1964,
middle income,1964,152.7281126
north macedonia,1964,
mali,1964,
malta,1964,
myanmar,1964,17.33220062
"middle east, north africa, afghanistan & pakistan (excluding high income)",1964,170.2706771
montenegro,1964,
mongolia,1964,
northern mariana islands,1964,
mozambique,1964,
mauritania,1964,244.2945997
mauritius,1964,297.2843802
malawi,1964,
malaysia,1964,302.9339523
north america,1964,3480.195151
namibia,1964,
new caledonia,1964,
niger,1964,148.0802691
nigeria,1964,113.2973457
nicaragua,1964,172.6813563
netherlands,1964,1668.330861
norway,1964,1950.693242
nepal,1964,45.32075732
nauru,1964,
new zealand,1964,2839.315547
oecd members,1964,1687.383687
oman,1964,108.0597471
other small states,1964,
pakistan,1964,102.4597638
panama,1964,611.100613
peru,1964,380.9654575
philippines,1964,188.1537836
palau,1964,
papua new guinea,1964,139.5186039
poland,1964,
pre-demographic dividend,1964,145.5970397
puerto rico (us),1964,1006.434446
"korea, dem. people's rep.",1964,
portugal,1964,490.2073859
paraguay,1964,196.9733558
west bank and gaza,1964,
pacific island small states,1964,
post-demographic dividend,1964,1773.209919
french polynesia,1964,
qatar,1964,
romania,1964,
russian federation,1964,
rwanda,1964,38.9824483
south asia,1964,113.9539936
saudi arabia,1964,840.4803715
sudan,1964,109.6500778
senegal,1964,317.8504266
singapore,1964,485.530686
solomon islands,1964,
sierra leone,1964,153.4453771
el salvador,1964,
san marino,1964,
"somalia, fed. rep.",1964,71.88993994
serbia,1964,
sub-saharan africa (excluding high income),1964,192.6398065
south sudan,1964,
sub-saharan africa,1964,182.6449075
small states,1964,
sao tome and principe,1964,
suriname,1964,434.893752
slovak republic,1964,
slovenia,1964,
sweden,1964,2961.062832
eswatini,1964,171.6084098
sint maarten (dutch part),1964,
seychelles,1964,332.3049859
syrian arab republic,1964,254.2175271
turks and caicos islands,1964,
chad,1964,118.5941068
east asia & pacific (ida & ibrd countries),1964,86.19444134
europe & central asia (ida & ibrd countries),1964,
togo,1964,130.0693045
thailand,1964,128.6422269
tajikistan,1964,
turkmenistan,1964,
latin america & the caribbean (ida & ibrd countries),1964,446.5610729
timor-leste,1964,
"middle east, north africa, afghanistan & pakistan (ida & ibrd)",1964,168.9326482
tonga,1964,
south asia (ida & ibrd),1964,113.9539936
sub-saharan africa (ida & ibrd countries),1964,182.6449075
trinidad and tobago,1964,779.7660149
tunisia,1964,228.4847937
turkiye,1964,354.3655411
tuvalu,1964,
tanzania,1964,346.3018188
uganda,1964,68.62599302
ukraine,1964,
upper middle income,1964,170.9624368
uruguay,1964,744.6542701
united states,1964,3573.063546
uzbekistan,1964,
st. vincent and the grenadines,1964,164.4396755
"venezuela, rb",1964,873.6047549
british virgin islands,1964,
virgin islands (u.s.),1964,
viet nam,1964,
vanuatu,1964,
world,1964,563.4944451
samoa,1964,
kosovo,1964,
"yemen, rep.",1964,
south africa,1964,645.8733757
zambia,1964,229.9792456
zimbabwe,1964,281.7445388
aruba,1965,
africa eastern and southern,1965,226.8765126
afghanistan,1965,
africa western and central,1965,155.5652162
angola,1965,
albania,1965,
andorra,1965,
arab world,1965,256.1801409
united arab emirates,1965,
argentina,1965,1281.83338
armenia,1965,
american samoa,1965,
antigua and barbuda,1965,
australia,1965,2281.110305
austria,1965,1381.077258
azerbaijan,1965,
burundi,1965,50.61330401
belgium,1965,1859.509987
benin,1965,105.1179869
burkina faso,1965,82.07461599
bangladesh,1965,98.60414704
bulgaria,1965,
bahrain,1965,
"bahamas, the",1965,2029.523413
bosnia and herzegovina,1965,
belarus,1965,
belize,1965,383.1864353
bermuda,1965,2064.853248
bolivia,1965,145.5871127
brazil,1965,268.0287606
barbados,1965,433.2286798
brunei darussalam,1965,1028.884503
bhutan,1965,
botswana,1965,79.67907566
central african republic,1965,80.18450604
canada,1965,2777.183173
central europe and the baltics,1965,
switzerland,1965,2865.244848
channel islands,1965,
chile,1965,686.123542
china,1965,98.66816887
cote d'ivoire,1965,207.0448386
cameroon,1965,142.7043076
"congo, dem. rep.",1965,232.0373974
"congo, rep.",1965,164.1868928
colombia,1965,317.0645634
comoros,1965,
cabo verde,1965,
costa rica,1965,373.8356901
caribbean small states,1965,584.0326369
cuba,1965,
curacao,1965,
cayman islands,1965,
cyprus,1965,
czechia,1965,
germany,1965,1774.19869
djibouti,1965,
dominica,1965,
denmark,1965,2284.228505
dominican republic,1965,233.1605742
algeria,1965,253.62206
east asia & pacific (excluding high income),1965,96.78543962
early-demographic dividend,1965,198.6776962
east asia & pacific,1965,203.5294012
europe & central asia (excluding high income),1965,
europe & central asia,1965,956.766518
ecuador,1965,450.0497827
"egypt, arab rep.",1965,161.5671236
euro area,1965,1462.137638
eritrea,1965,
spain,1965,797.3770662
estonia,1965,
ethiopia,1965,88.85002941
european union,1965,1250.473903
fragile and conflict affected situations,1965,163.6747503
finland,1965,1902.038472
fiji,1965,311.2410729
france,1965,2015.37981
faroe islands,1965,1594.478841
"micronesia, fed. sts.",1965,
gabon,1965,414.5542181
united kingdom,1965,1873.567774
georgia,1965,
ghana,1965,260.5055952
gibraltar,1965,
guinea,1965,
"gambia, the",1965,
guinea-bissau,1965,
equatorial guinea,1965,217.1028955
greece,1965,886.7736111
grenada,1965,
greenland,1965,
guatemala,1965,282.9776417
guam,1965,
guyana,1965,335.7359369
high income,1965,1672.134307
"hong kong sar, china",1965,676.8055071
honduras,1965,213.9740875
heavily indebted poor countries (hipc),1965,163.3013413
croatia,1965,
haiti,1965,83.63325142
hungary,1965,
ibrd only,1965,205.8905765
ida & ibrd total,1965,194.2437247
ida total,1965,134.0456389
ida blend,1965,126.6020084
indonesia,1965,
ida only,1965,142.2780455
isle of man,1965,
india,1965,121.508319
not classified,1965,
ireland,1965,1055.036247
"iran, islamic rep.",1965,247.5266755
iraq,1965,284.777571
iceland,1965,2764.473565
israel,1965,1689.069227
italy,1965,1357.010616
jamaica,1965,549.4935604
jordan,1965,545.5138617
japan,1965,993.7327222
kazakhstan,1965,
kenya,1965,106.8656013
kyrgyz republic,1965,
cambodia,1965,
kiribati,1965,
st. kitts and nevis,1965,265.8231941
"korea, rep.",1965,108.7231124
kuwait,1965,4023.990378
latin america & caribbean (excluding high income),1965,436.1574381
lao pdr,1965,
lebanon,1965,
liberia,1965,177.5624324
libya,1965,1000.534741
st. lucia,1965,
latin america & caribbean,1965,476.3575679
least developed countries: un classification,1965,134.7508432
low income,1965,
liechtenstein,1965,
sri lanka,1965,155.5669848
lower middle income,1965,133.1016018
low & middle income,1965,161.8036416
lesotho,1965,64.25549772
late-demographic dividend,1965,196.4601694
lithuania,1965,
luxembourg,1965,2803.853046
latvia,1965,
"macao sar, china",1965,
st. martin (french part),1965,
morocco,1965,221.9676971
monaco,1965,
moldova,1965,
madagascar,1965,143.245722
maldives,1965,
"middle east, north africa, afghanistan & pakistan",1965,230.9399072
mexico,1965,505.8544195
marshall islands,1965,
middle income,1965,164.2209062
north macedonia,1965,
mali,1965,
malta,1965,
myanmar,1965,15.11786323
"middle east, north africa, afghanistan & pakistan (excluding high income)",1965,183.8326554
montenegro,1965,
mongolia,1965,
northern mariana islands,1965,
mozambique,1965,
mauritania,1965,269.9621658
mauritius,1965,305.4769728
malawi,1965,
malaysia,1965,326.4360074
north america,1965,3729.649728
namibia,1965,
new caledonia,1965,1713.140893
niger,1965,166.2800559
nigeria,1965,117.2872268
nicaragua,1965,272.2512632
netherlands,1965,1848.098015
norway,1965,2178.775081
nepal,1965,65.80506904
nauru,1965,
new zealand,1965,2170.998098
oecd members,1965,1809.565133
oman,1965,108.1272763
other small states,1965,
pakistan,1965,113.5672064
panama,1965,651.3313748
peru,1965,438.990797
philippines,1965,199.7635754
palau,1965,
papua new guinea,1965,153.9372825
poland,1965,
pre-demographic dividend,1965,156.4448262
puerto rico (us),1965,1110.832691
"korea, dem. people's rep.",1965,
portugal,1965,544.7196199
paraguay,1965,208.7295795
west bank and gaza,1965,
pacific island small states,1965,
post-demographic dividend,1965,1907.231613
french polynesia,1965,1838.576381
qatar,1965,
romania,1965,
russian federation,1965,
rwanda,1965,43.4679672
south asia,1965,118.7255826
saudi arabia,1965,904.1183341
sudan,1965,110.8893738
senegal,1965,314.3181464
singapore,1965,516.5319286
solomon islands,1965,
sierra leone,1965,145.6348528
el salvador,1965,274.3332794
san marino,1965,
"somalia, fed. rep.",1965,74.35487088
serbia,1965,
sub-saharan africa (excluding high income),1965,206.9656034
south sudan,1965,
sub-saharan africa,1965,196.0797089
small states,1965,
sao tome and principe,1965,
suriname,1965,481.71875
slovak republic,1965,
slovenia,1965,
sweden,1965,3227.916782
eswatini,1965,180.9772256
sint maarten (dutch part),1965,
seychelles,1965,328.4848839
syrian arab republic,1965,270.8305848
turks and caicos islands,1965,
chad,1965,123.5622761
east asia & pacific (ida & ibrd countries),1965,98.01030812
europe & central asia (ida & ibrd countries),1965,
togo,1965,142.685103
thailand,1965,140.8998737
tajikistan,1965,
turkmenistan,1965,
latin america & the caribbean (ida & ibrd countries),1965,466.3915193
timor-leste,1965,
"middle east, north africa, afghanistan & pakistan (ida & ibrd)",1965,182.3880532
tonga,1965,
south asia (ida & ibrd),1965,118.7255826
sub-saharan africa (ida & ibrd countries),1965,196.0797089
trinidad and tobago,1965,793.3577387
tunisia,1965,217.2690135
turkiye,1965,369.9670822
tuvalu,1965,
tanzania,1965,342.0779419
uganda,1965,99.95276523
ukraine,1965,
upper middle income,1965,186.6603296
uruguay,1965,705.2025275
united states,1965,3826.517248
uzbekistan,1965,
st. vincent and the grenadines,1965,166.158518
"venezuela, rb",1965,869.0410679
british virgin islands,1965,
virgin islands (u.s.),1965,
viet nam,1965,
vanuatu,1965,
world,1965,601.4791984
samoa,1965,
kosovo,1965,
"yemen, rep.",1965,
south africa,1965,684.6212277
zambia,1965,287.425476
zimbabwe,1965,294.145359
aruba,1966,
africa eastern and southern,1966,240.9552324
afghanistan,1966,
africa western and central,1966,162.1107677
angola,1966,
albania,1966,
andorra,1966,
arab world,1966,263.9508393
united arab emirates,1966,
argentina,1966,1275.078434
armenia,1966,
american samoa,1966,
antigua and barbuda,1966,
australia,1966,2343.915919
austria,1966,1494.049114
azerbaijan,1966,
burundi,1966,51.41287382
belgium,1966,1983.131198
benin,1966,107.6372119
burkina faso,1966,82.83606649
bangladesh,1966,104.4220547
bulgaria,1966,
bahrain,1966,
"bahamas, the",1966,2239.23964
bosnia and herzegovina,1966,
belarus,1966,
belize,1966,411.9330199
bermuda,1966,2369.472947
bolivia,1966,157.7549976
brazil,1966,328.3437915
barbados,1966,462.0284526
brunei darussalam,1966,1145.705922
bhutan,1966,
botswana,1966,89.06157378
central african republic,1966,82.33746946
canada,1966,3055.288079
central europe and the baltics,1966,
switzerland,1966,3044.845604
channel islands,1966,
chile,1966,790.3617738
china,1966,104.5064635
cote d'ivoire,1966,221.7863922
cameroon,1966,145.8059828
"congo, dem. rep.",1966,252.7703618
"congo, rep.",1966,177.5513442
colombia,1966,290.253386
comoros,1966,
cabo verde,1966,
costa rica,1966,395.1524985
caribbean small states,1966,609.2049347
cuba,1966,
curacao,1966,
cayman islands,1966,
cyprus,1966,
czechia,1966,
germany,1966,1870.805403
djibouti,1966,
dominica,1966,
denmark,1966,2487.136271
dominican republic,1966,250.8766915
algeria,1966,241.4489696
east asia & pacific (excluding high income),1966,103.0429053
early-demographic dividend,1966,192.0490724
east asia & pacific,1966,221.9949311
europe & central asia (excluding high income),1966,
europe & central asia,1966,1024.965448
ecuador,1966,444.623112
"egypt, arab rep.",1966,168.0543429
euro area,1966,1569.242561
eritrea,1966,
spain,1966,915.6292337
estonia,1966,
ethiopia,1966,93.15494679
european union,1966,1343.230416
fragile and conflict affected situations,1966,170.8263712
finland,1966,2031.523314
fiji,1966,309.574409
france,1966,2165.072795
faroe islands,1966,1749.161535
"micronesia, fed. sts.",1966,
gabon,1966,443.4015999
united kingdom,1966,1986.747159
georgia,1966,
ghana,1966,263.3345894
gibraltar,1966,
guinea,1966,
"gambia, the",1966,94.36621449
guinea-bissau,1966,
equatorial guinea,1966,226.6949639
greece,1966,983.5575492
grenada,1966,
greenland,1966,
guatemala,1966,287.2778487
guam,1966,
guyana,1966,352.589675
high income,1966,1810.710391
"hong kong sar, china",1966,685.9266141
honduras,1966,224.7674569
heavily indebted poor countries (hipc),1966,172.6377666
croatia,1966,
haiti,1966,85.74937381
hungary,1966,
ibrd only,1966,207.8266381
ida & ibrd total,1966,197.2283818
ida total,1966,141.0432205
ida blend,1966,134.3679245
indonesia,1966,
ida only,1966,149.0355334
isle of man,1966,
india,1966,91.02769505
not classified,1966,
ireland,1966,1107.31823
"iran, islamic rep.",1966,262.8776838
iraq,1966,298.2056668
iceland,1966,3264.047427
israel,1966,1789.007264
italy,1966,1458.947139
jamaica,1966,612.2103637
jordan,1966,558.4029811
japan,1966,1143.607897
kazakhstan,1966,
kenya,1966,119.8334764
kyrgyz republic,1966,
cambodia,1966,
kiribati,1966,
st. kitts and nevis,1966,289.9731087
"korea, rep.",1966,133.4798344
kuwait,1966,4176.110382
latin america & caribbean (excluding high income),1966,469.4383557
lao pdr,1966,
lebanon,1966,
liberia,1966,184.5836892
libya,1966,1250.600188
st. lucia,1966,
latin america & caribbean,1966,510.8119099
least developed countries: un classification,1966,143.1656612
low income,1966,
liechtenstein,1966,
sri lanka,1966,156.6060322
lower middle income,1966,118.626744
low & middle income,1966,163.6781219
lesotho,1966,64.29516518
late-demographic dividend,1966,213.6277871
lithuania,1966,
luxembourg,1966,2925.222047
latvia,1966,
"macao sar, china",1966,
st. martin (french part),1966,
morocco,1966,210.8244324
monaco,1966,
moldova,1966,
madagascar,1966,150.6900807
maldives,1966,
"middle east, north africa, afghanistan & pakistan",1966,241.8335693
mexico,1966,544.9358542
marshall islands,1966,
middle income,1966,166.0262742
north macedonia,1966,
mali,1966,
malta,1966,
myanmar,1966,11.80132167
"middle east, north africa, afghanistan & pakistan (excluding high income)",1966,191.0993307
montenegro,1966,
mongolia,1966,
northern mariana islands,1966,
mozambique,1966,
mauritania,1966,273.6043627
mauritius,1966,295.9550417
malawi,1966,
malaysia,1966,338.5701215
north america,1966,4040.724934
namibia,1966,
new caledonia,1966,1713.697938
niger,1966,168.5964855
nigeria,1966,124.3824402
nicaragua,1966,283.9995933
netherlands,1966,1986.270244
norway,1966,2332.510599
nepal,1966,79.48417865
nauru,1966,
new zealand,1966,2211.382224
oecd members,1966,1956.071051
oman,1966,113.1588515
other small states,1966,
pakistan,1966,122.2293538
panama,1966,688.8469788
peru,1966,504.8259485
philippines,1966,213.849586
palau,1966,
papua new guinea,1966,171.0545586
poland,1966,
pre-demographic dividend,1966,166.7645832
puerto rico (us),1966,1207.811824
"korea, dem. people's rep.",1966,
portugal,1966,601.2892223
paraguay,1966,213.9476084
west bank and gaza,1966,
pacific island small states,1966,
post-demographic dividend,1966,2064.750391
french polynesia,1966,2171.359782
qatar,1966,
romania,1966,
russian federation,1966,
rwanda,1966,35.36028609
south asia,1966,93.50950908
saudi arabia,1966,960.7447767
sudan,1966,110.5025711
senegal,1966,314.5343441
singapore,1966,566.8039744
solomon islands,1966,
sierra leone,1966,149.3774659
el salvador,1966,282.4463736
san marino,1966,
"somalia, fed. rep.",1966,76.48374139
serbia,1966,
sub-saharan africa (excluding high income),1966,218.7010857
south sudan,1966,
sub-saharan africa,1966,207.1148154
small states,1966,
sao tome and principe,1966,
suriname,1966,574.8410769
slovak republic,1966,
slovenia,1966,
sweden,1966,3477.937313
eswatini,1966,192.74454
sint maarten (dutch part),1966,
seychelles,1966,337.646229
syrian arab republic,1966,239.307596
turks and caicos islands,1966,
chad,1966,125.7794601
east asia & pacific (ida & ibrd countries),1966,104.3454705
europe & central asia (ida & ibrd countries),1966,
togo,1966,159.0959221
thailand,1966,164.5334144
tajikistan,1966,
turkmenistan,1966,
latin america & the caribbean (ida & ibrd countries),1966,499.8853552
timor-leste,1966,
"middle east, north africa, afghanistan & pakistan (ida & ibrd)",1966,189.5976252
tonga,1966,
south asia (ida & ibrd),1966,93.50950908
sub-saharan africa (ida & ibrd countries),1966,207.1148154
trinidad and tobago,1966,767.5378708
tunisia,1966,223.7506802
turkiye,1966,424.9846101
tuvalu,1966,
tanzania,1966,380.4979248
uganda,1966,101.4354146
ukraine,1966,
upper middle income,1966,200.6165477
uruguay,1966,668.1763767
united states,1966,4141.646539
uzbekistan,1966,
st. vincent and the grenadines,1966,174.9007056
"venezuela, rb",1966,875.9562317
british virgin islands,1966,
virgin islands (u.s.),1966,
viet nam,1966,
vanuatu,1966,
world,1966,638.2869771
samoa,1966,
kosovo,1966,
"yemen, rep.",1966,
south africa,1966,721.7537594
zambia,1966,325.0258473
zimbabwe,1966,278.5675188
aruba,1967,
africa eastern and southern,1967,243.8173234
afghanistan,1967,
africa western and central,1967,144.9434796
angola,1967,
albania,1967,
andorra,1967,
arab world,1967,276.9329745
united arab emirates,1967,
argentina,1967,1063.932838
armenia,1967,
american samoa,1967,
antigua and barbuda,1967,
australia,1967,2580.110592
austria,1967,1577.141477
azerbaijan,1967,
burundi,1967,54.01814253
belgium,1967,2113.821941
benin,1967,106.5862419
burkina faso,1967,84.62720114
bangladesh,1967,114.2098817
bulgaria,1967,
bahrain,1967,
"bahamas, the",1967,2452.747632
bosnia and herzegovina,1967,
belarus,1967,
belize,1967,426.2640714
bermuda,1967,2722.462334
bolivia,1967,174.312743
brazil,1967,351.4726004
barbados,1967,508.1286195
brunei darussalam,1967,1148.843032
bhutan,1967,
botswana,1967,100.9451246
central african republic,1967,83.56296511
canada,1967,3226.382737
central europe and the baltics,1967,
switzerland,1967,3237.273152
channel islands,1967,
chile,1967,764.2651287
china,1967,96.76144801
cote d'ivoire,1967,225.6209341
cameroon,1967,156.6212907
"congo, dem. rep.",1967,183.2910865
"congo, rep.",1967,185.6566036
colombia,1967,302.8325078
comoros,1967,
cabo verde,1967,
costa rica,1967,413.996506
caribbean small states,1967,654.5117418
cuba,1967,
curacao,1967,
cayman islands,1967,
cyprus,1967,
czechia,1967,
germany,1967,1885.615966
djibouti,1967,
dominica,1967,
denmark,1967,2700.746379
dominican republic,1967,256.2065974
algeria,1967,261.7924421
east asia & pacific (excluding high income),1967,97.50380997
early-demographic dividend,1967,197.7970694
east asia & pacific,1967,235.5086012
europe & central asia (excluding high income),1967,
europe & central asia,1967,1078.844993
ecuador,1967,453.6452859
"egypt, arab rep.",1967,174.1030445
euro area,1967,1655.918452
eritrea,1967,
spain,1967,996.5718635
estonia,1967,
ethiopia,1967,96.08647474
european union,1967,1419.452267
fragile and conflict affected situations,1967,164.7860515
finland,1967,2055.753068
fiji,1967,325.9865454
france,1967,2321.469184
faroe islands,1967,1780.157076
"micronesia, fed. sts.",1967,
gabon,1967,482.2230905
united kingdom,1967,2058.781882
georgia,1967,
ghana,1967,211.2192965
gibraltar,1967,
guinea,1967,
"gambia, the",1967,96.96048688
guinea-bissau,1967,
equatorial guinea,1967,231.9316462
greece,1967,1053.258886
grenada,1967,
greenland,1967,
guatemala,1967,291.9341809
guam,1967,
guyana,1967,377.732622
high income,1967,1915.937664
"hong kong sar, china",1967,723.2392256
honduras,1967,237.4686737
heavily indebted poor countries (hipc),1967,165.6139386
croatia,1967,
haiti,1967,84.21726767
hungary,1967,
ibrd only,1967,208.8993856
ida & ibrd total,1967,197.7015072
ida total,1967,139.2375722
ida blend,1967,132.0305337
indonesia,1967,53.2051867
ida only,1967,147.4762925
isle of man,1967,
india,1967,97.99514812
not classified,1967,
ireland,1967,1187.183212
"iran, islamic rep.",1967,283.7337058
iraq,1967,290.6436645
iceland,1967,3172.648771
israel,1967,1734.931433
italy,1967,1595.485781
jamaica,1967,633.2596806
jordan,1967,496.9227462
japan,1967,1326.361039
kazakhstan,1967,
kenya,1967,121.9021421
kyrgyz republic,1967,
cambodia,1967,
kiribati,1967,
st. kitts and nevis,1967,344.4571187
"korea, rep.",1967,161.1594433
kuwait,1967,3887.34562
latin america & caribbean (excluding high income),1967,464.882162
lao pdr,1967,
lebanon,1967,
liberia,1967,192.150747
libya,1967,1436.618033
st. lucia,1967,
latin america & caribbean,1967,507.6048761
least developed countries: un classification,1967,141.8202912
low income,1967,126.316972
liechtenstein,1967,
sri lanka,1967,162.2948231
lower middle income,1967,123.6209749
low & middle income,1967,163.9046182
lesotho,1967,64.83932539
late-demographic dividend,1967,209.8565193
lithuania,1967,
luxembourg,1967,2934.528321
latvia,1967,
"macao sar, china",1967,
st. martin (french part),1967,
morocco,1967,217.304306
monaco,1967,
moldova,1967,
madagascar,1967,155.8606884
maldives,1967,
"middle east, north africa, afghanistan & pakistan",1967,255.436435
mexico,1967,575.7690375
marshall islands,1967,
middle income,1967,166.7283677
north macedonia,1967,
mali,1967,45.98544487
malta,1967,
myanmar,1967,16.54538054
"middle east, north africa, afghanistan & pakistan (excluding high income)",1967,204.1770751
montenegro,1967,
mongolia,1967,
northern mariana islands,1967,
mozambique,1967,
mauritania,1967,281.5333774
mauritius,1967,304.1639496
malawi,1967,
malaysia,1967,335.4256306
north america,1967,4228.288635
namibia,1967,
new caledonia,1967,1826.171479
niger,1967,155.3806205
nigeria,1967,99.50149066
nicaragua,1967,297.9460659
netherlands,1967,2154.579697
norway,1967,2530.660578
nepal,1967,72.25560337
nauru,1967,
new zealand,1967,2208.442138
oecd members,1967,2065.885535
oman,1967,174.7084424
other small states,1967,
pakistan,1967,135.1904749
panama,1967,744.8909283
peru,1967,497.5847563
philippines,1967,223.1247663
palau,1967,
papua new guinea,1967,188.9720366
poland,1967,
pre-demographic dividend,1967,154.6625999
puerto rico (us),1967,1335.274112
"korea, dem. people's rep.",1967,
portugal,1967,676.3866699
paraguay,1967,220.9309098
west bank and gaza,1967,
pacific island small states,1967,
post-demographic dividend,1967,2185.525792
french polynesia,1967,2150.615719
qatar,1967,
romania,1967,
russian federation,1967,
rwanda,1967,43.96105056
south asia,1967,100.490232
saudi arabia,1967,1031.603603
sudan,1967,116.2410355
senegal,1967,305.2204811
singapore,1967,626.0294376
solomon islands,1967,153.4507841
sierra leone,1967,136.1603209
el salvador,1967,288.3742804
san marino,1967,
"somalia, fed. rep.",1967,78.67389662
serbia,1967,
sub-saharan africa (excluding high income),1967,212.7199529
south sudan,1967,
sub-saharan africa,1967,202.0275168
small states,1967,
sao tome and principe,1967,
suriname,1967,644.0429673
slovak republic,1967,
slovenia,1967,
sweden,1967,3746.247875
eswatini,1967,182.7733597
sint maarten (dutch part),1967,
seychelles,1967,333.2337988
syrian arab republic,1967,272.9146394
turks and caicos islands,1967,
chad,1967,128.2099997
east asia & pacific (ida & ibrd countries),1967,98.73979668
europe & central asia (ida & ibrd countries),1967,
togo,1967,163.9448284
thailand,1967,170.6669715
tajikistan,1967,
turkmenistan,1967,
latin america & the caribbean (ida & ibrd countries),1967,495.1845848
timor-leste,1967,
"middle east, north africa, afghanistan & pakistan (ida & ibrd)",1967,202.5726015
tonga,1967,
south asia (ida & ibrd),1967,100.490232
sub-saharan africa (ida & ibrd countries),1967,202.0275168
trinidad and tobago,1967,796.7038601
tunisia,1967,228.0447652
turkiye,1967,459.4493691
tuvalu,1967,
tanzania,1967,384.6429443
uganda,1967,102.8003473
ukraine,1967,
upper middle income,1967,198.0498277
uruguay,1967,584.7553045
united states,1967,4331.581153
uzbekistan,1967,
st. vincent and the grenadines,1967,170.043233
"venezuela, rb",1967,892.9853156
british virgin islands,1967,
virgin islands (u.s.),1967,
viet nam,1967,
vanuatu,1967,
world,1967,663.6182836
samoa,1967,
kosovo,1967,
"yemen, rep.",1967,
south africa,1967,778.8393358
zambia,1967,340.5799404
zimbabwe,1967,294.2105707
aruba,1968,
africa eastern and southern,1968,257.1900816
afghanistan,1968,
africa western and central,1968,146.1891669
angola,1968,
albania,1968,
andorra,1968,
arab world,1968,307.536801
united arab emirates,1968,
argentina,1968,1141.952116
armenia,1968,
american samoa,1968,
antigua and barbuda,1968,
australia,1968,2724.130672
austria,1968,1685.662117
azerbaijan,1968,
burundi,1968,54.19497827
belgium,1968,2251.315759
benin,1968,111.2114942
burkina faso,1968,84.97378484
bangladesh,1968,114.4149675
bulgaria,1968,
bahrain,1968,
"bahamas, the",1968,2668.01498
bosnia and herzegovina,1968,
belarus,1968,
belize,1968,392.2825661
bermuda,1968,2975.954289
bolivia,1968,193.5165574
brazil,1968,373.9254326
barbados,1968,505.8890661
brunei darussalam,1968,1274.090379
bhutan,1968,
botswana,1968,113.4457167
central african republic,1968,95.63983921
canada,1968,3473.237226
central europe and the baltics,1968,
switzerland,1968,3413.493582
channel islands,1968,
chile,1968,765.8474016
china,1968,91.64545818
cote d'ivoire,1968,256.7687143
cameroon,1968,170.7826665
"congo, dem. rep.",1968,205.6459958
"congo, rep.",1968,190.8422573
colombia,1968,301.5265028
comoros,1968,
cabo verde,1968,
costa rica,1968,444.8052569
caribbean small states,1968,659.5571199
cuba,1968,
curacao,1968,
cayman islands,1968,
cyprus,1968,
czechia,1968,
germany,1968,2025.081595
djibouti,1968,
dominica,1968,
denmark,1968,2776.135445
dominican republic,1968,259.5744384
algeria,1968,292.4360364
east asia & pacific (excluding high income),1968,96.03955731
early-demographic dividend,1968,210.3404281
east asia & pacific,1968,253.8586003
europe & central asia (excluding high income),1968,
europe & central asia,1968,1126.301644
ecuador,1968,445.2279892
"egypt, arab rep.",1968,179.7740967
euro area,1968,1768.533448
eritrea,1968,
spain,1968,978.2923738
estonia,1968,
ethiopia,1968,99.4743651
european union,1968,1512.770325
fragile and conflict affected situations,1968,178.0269261
finland,1968,1927.293805
fiji,1968,327.3574165
france,1968,2512.620174
faroe islands,1968,1735.534256
"micronesia, fed. sts.",1968,
gabon,1968,514.5739838
united kingdom,1968,1951.758596
georgia,1968,
ghana,1968,196.6685718
gibraltar,1968,
guinea,1968,
"gambia, the",1968,83.10648528
guinea-bissau,1968,
equatorial guinea,1968,211.7437587
greece,1968,1138.38219
grenada,1968,
greenland,1968,
guatemala,1968,314.6668761
guam,1968,
guyana,1968,339.7864411
high income,1968,2059.048763
"hong kong sar, china",1968,714.4829696
honduras,1968,249.435319
heavily indebted poor countries (hipc),1968,173.6370251
croatia,1968,
haiti,1968,82.40577176
hungary,1968,476.4343501
ibrd only,1968,216.3465909
ida & ibrd total,1968,204.6065417
ida total,1968,143.6373227
ida blend,1968,136.5959648
indonesia,1968,64.65477306
ida only,1968,151.9087287
isle of man,1968,
india,1968,101.5568025
not classified,1968,
ireland,1968,1158.855498
"iran, islamic rep.",1968,314.2854567
iraq,1968,318.8325526
iceland,1968,2389.883505
israel,1968,1947.352097
italy,1968,1718.496464
jamaica,1968,591.0458172
jordan,1968,408.8423528
japan,1968,1553.271394
kazakhstan,1968,
kenya,1968,128.6546469
kyrgyz republic,1968,
cambodia,1968,
kiribati,1968,
st. kitts and nevis,1968,309.0274103
"korea, rep.",1968,198.4348844
kuwait,1968,3871.945592
latin america & caribbean (excluding high income),1968,487.3740796
lao pdr,1968,
lebanon,1968,
liberia,1968,198.6471048
libya,1968,1971.866325
st. lucia,1968,
latin america & caribbean,1968,530.9847149
least developed countries: un classification,1968,147.4771304
low income,1968,133.5855925
liechtenstein,1968,
sri lanka,1968,153.4876475
lower middle income,1968,128.0963554
low & middle income,1968,169.4993916
lesotho,1968,64.80925153
late-demographic dividend,1968,208.6969491
lithuania,1968,
luxembourg,1968,3202.505949
latvia,1968,
"macao sar, china",1968,
st. martin (french part),1968,
morocco,1968,227.1208649
monaco,1968,
moldova,1968,
madagascar,1968,163.5884853
maldives,1968,
"middle east, north africa, afghanistan & pakistan",1968,282.2821401
mexico,1968,615.9229121
marshall islands,1968,
middle income,1968,172.2898848
north macedonia,1968,
mali,1968,56.51375305
malta,1968,
myanmar,1968,21.545341
"middle east, north africa, afghanistan & pakistan (excluding high income)",1968,223.0017622
montenegro,1968,
mongolia,1968,
northern mariana islands,1968,
mozambique,1968,
mauritania,1968,300.9415295
mauritius,1968,258.7340519
malawi,1968,
malaysia,1968,342.4447634
north america,1968,4577.13808
namibia,1968,
new caledonia,1968,2124.458183
niger,1968,145.6101459
nigeria,1968,97.33720813
nicaragua,1968,304.4419653
netherlands,1968,2364.359419
norway,1968,2679.713004
nepal,1968,64.85924192
nauru,1968,
new zealand,1968,1902.421824
oecd members,1968,2215.304542
oman,1968,300.3823945
other small states,1968,
pakistan,1968,141.5583065
panama,1968,778.4766417
peru,1968,447.9917972
philippines,1968,242.2320676
palau,1968,
papua new guinea,1968,202.9377534
poland,1968,
pre-demographic dividend,1968,162.5244038
puerto rico (us),1968,1480.693176
"korea, dem. people's rep.",1968,
portugal,1968,751.9470856
paraguay,1968,226.8019781
west bank and gaza,1968,
pacific island small states,1968,
post-demographic dividend,1968,2348.859014
french polynesia,1968,2440.834528
qatar,1968,
romania,1968,
russian federation,1968,
rwanda,1968,45.99347171
south asia,1968,103.2576243
saudi arabia,1968,1275.707094
sudan,1968,117.8249359
senegal,1968,311.1961468
singapore,1968,708.6014369
solomon islands,1968,166.8880377
sierra leone,1968,126.3593924
el salvador,1968,290.0965102
san marino,1968,
"somalia, fed. rep.",1968,80.84382049
serbia,1968,
sub-saharan africa (excluding high income),1968,221.7861298
south sudan,1968,
sub-saharan africa,1968,210.5443812
small states,1968,
sao tome and principe,1968,
suriname,1968,680.5953482
slovak republic,1968,
slovenia,1968,
sweden,1968,3953.12834
eswatini,1968,190.3865901
sint maarten (dutch part),1968,
seychelles,1968,314.3510707
syrian arab republic,1968,293.330341
turks and caicos islands,1968,
chad,1968,126.8727749
east asia & pacific (ida & ibrd countries),1968,97.26058189
europe & central asia (ida & ibrd countries),1968,
togo,1968,164.2569449
thailand,1968,178.8397529
tajikistan,1968,
turkmenistan,1968,
latin america & the caribbean (ida & ibrd countries),1968,517.0987717
timor-leste,1968,
"middle east, north africa, afghanistan & pakistan (ida & ibrd)",1968,221.2493596
tonga,1968,
south asia (ida & ibrd),1968,103.2576243
sub-saharan africa (ida & ibrd countries),1968,210.5443812
trinidad and tobago,1968,783.1736336
tunisia,1968,248.9122555
turkiye,1968,501.121309
tuvalu,1968,
tanzania,1968,399.3016357
uganda,1968,106.8512281
ukraine,1968,
upper middle income,1968,204.3471152
uruguay,1968,578.5488685
united states,1968,4691.634036
uzbekistan,1968,
st. vincent and the grenadines,1968,163.0844746
"venezuela, rb",1968,938.0150787
british virgin islands,1968,
virgin islands (u.s.),1968,
viet nam,1968,
vanuatu,1968,
world,1968,702.6245688
samoa,1968,
kosovo,1968,
"yemen, rep.",1968,
south africa,1968,817.1283406
zambia,1968,387.0872887
zimbabwe,1968,301.9320753
aruba,1969,
africa eastern and southern,1969,281.6292767
afghanistan,1969,
africa western and central,1969,161.9214066
angola,1969,
albania,1969,
andorra,1969,
arab world,1969,329.4314226
united arab emirates,1969,
argentina,1969,1329.561818
armenia,1969,
american samoa,1969,
antigua and barbuda,1969,
australia,1969,2991.477279
austria,1969,1834.078078
azerbaijan,1969,
burundi,1969,55.0588389
belgium,1969,2490.107173
benin,1969,110.3147947
burkina faso,1969,86.75553957
bangladesh,1969,125.8803117
bulgaria,1969,
bahrain,1969,
"bahamas, the",1969,3026.727572
bosnia and herzegovina,1969,
belarus,1969,
belize,1969,401.5579905
bermuda,1969,3214.049039
bolivia,1969,205.0547595
brazil,1969,399.4984191
barbados,1969,566.833205
brunei darussalam,1969,1226.436989
bhutan,1969,
botswana,1969,131.7765745
central african republic,1969,91.65870595
canada,1969,3776.156131
central europe and the baltics,1969,
switzerland,1969,3657.207942
channel islands,1969,
chile,1969,873.5818899
china,1969,100.3081395
cote d'ivoire,1969,262.192286
cameroon,1969,175.1504964
"congo, dem. rep.",1969,257.1446367
"congo, rep.",1969,195.4310236
colombia,1969,317.8687981
comoros,1969,
cabo verde,1969,
costa rica,1969,477.0813467
caribbean small states,1969,704.371935
cuba,1969,
curacao,1969,
cayman islands,1969,
cyprus,1969,
czechia,1969,
germany,1969,2281.275982
djibouti,1969,
dominica,1969,
denmark,1969,3151.133243
dominican republic,1969,287.6993057
algeria,1969,315.9146557
east asia & pacific (excluding high income),1969,105.1089773
early-demographic dividend,1969,229.3242383
east asia & pacific,1969,285.315927
europe & central asia (excluding high income),1969,
europe & central asia,1969,1238.170203
ecuador,1969,520.8439846
"egypt, arab rep.",1969,192.9649088
euro area,1969,1962.344294
eritrea,1969,
spain,1969,1109.136371
estonia,1969,
ethiopia,1969,102.2801777
european union,1969,1676.559801
fragile and conflict affected situations,1969,195.3585001
finland,1969,2201.124152
fiji,1969,349.813973
france,1969,2723.567305
faroe islands,1969,1849.438538
"micronesia, fed. sts.",1969,
gabon,1969,545.4102371
united kingdom,1969,2100.667869
georgia,1969,
ghana,1969,225.772622
gibraltar,1969,
guinea,1969,
"gambia, the",1969,88.66220216
guinea-bissau,1969,
equatorial guinea,1969,208.4408397
greece,1969,1305.64396
grenada,1969,
greenland,1969,
guatemala,1969,326.3027334
guam,1969,
guyana,1969,361.1876162
high income,1969,2247.538045
"hong kong sar, china",1969,825.5234491
honduras,1969,250.1602074
heavily indebted poor countries (hipc),1969,186.0188536
croatia,1969,
haiti,1969,86.12698034
hungary,1969,527.2316176
ibrd only,1969,235.9978542
ida & ibrd total,1969,223.2328331
ida total,1969,157.0213319
ida blend,1969,151.2672408
indonesia,1969,74.09881141
ida only,1969,164.9493452
isle of man,1969,
india,1969,109.4776644
not classified,1969,
ireland,1969,1330.783295
"iran, islamic rep.",1969,344.6016875
iraq,1969,319.8601432
iceland,1969,2069.858964
israel,1969,2189.034675
italy,1969,1886.450027
jamaica,1969,642.1334211
jordan,1969,474.4278871
japan,1969,1802.980281
kazakhstan,1969,
kenya,1969,133.3107931
kyrgyz republic,1969,
cambodia,1969,
kiribati,1969,
st. kitts and nevis,1969,346.5920273
"korea, rep.",1969,243.4261377
kuwait,1969,3694.964978
latin america & caribbean (excluding high income),1969,532.3084923
lao pdr,1969,
lebanon,1969,
liberia,1969,214.7179116
libya,1969,2174.950457
st. lucia,1969,
latin america & caribbean,1969,578.3625368
least developed countries: un classification,1969,158.9749482
low income,1969,151.3621648
liechtenstein,1969,
sri lanka,1969,163.6065799
lower middle income,1969,138.5187963
low & middle income,1969,184.9758075
lesotho,1969,67.09503603
late-demographic dividend,1969,227.247035
lithuania,1969,
luxembourg,1969,3690.171826
latvia,1969,
"macao sar, china",1969,
st. martin (french part),1969,
morocco,1969,246.7996521
monaco,1969,
moldova,1969,
madagascar,1969,162.9047526
maldives,1969,
"middle east, north africa, afghanistan & pakistan",1969,304.5917009
mexico,1969,659.7175069
marshall islands,1969,
middle income,1969,187.7686551
north macedonia,1969,
mali,1969,55.02268595
malta,1969,
myanmar,1969,21.51031805
"middle east, north africa, afghanistan & pakistan (excluding high income)",1969,241.1910373
montenegro,1969,
mongolia,1969,
northern mariana islands,1969,
mozambique,1969,
mauritania,1969,276.5982677
mauritius,1969,272.7132562
malawi,1969,
malaysia,1969,368.3856555
north america,1969,4907.307707
namibia,1969,
new caledonia,1969,2509.407256
niger,1969,138.2912098
nigeria,1969,121.4366633
nicaragua,1969,319.3666503
netherlands,1969,2646.845818
norway,1969,2894.239982
nepal,1969,64.81791995
nauru,1969,
new zealand,1969,2096.926467
oecd members,1969,2412.852797
oman,1969,371.9456773
other small states,1969,
pakistan,1969,148.528513
panama,1969,830.3197529
peru,1969,487.6603186
philippines,1969,261.0908904
palau,1969,
papua new guinea,1969,225.2882347
poland,1969,
pre-demographic dividend,1969,178.0722019
puerto rico (us),1969,1661.866885
"korea, dem. people's rep.",1969,
portugal,1969,832.1306821
paraguay,1969,238.2422085
west bank and gaza,1969,
pacific island small states,1969,
post-demographic dividend,1969,2563.374995
french polynesia,1969,2206.353436
qatar,1969,
romania,1969,
russian federation,1969,
rwanda,1969,48.86992832
south asia,1969,111.4604735
saudi arabia,1969,1312.738657
sudan,1969,125.9848862
senegal,1969,287.2531488
singapore,1969,812.6774873
solomon islands,1969,165.8573448
sierra leone,1969,153.6255047
el salvador,1969,293.4165808
san marino,1969,
"somalia, fed. rep.",1969,84.14062688
serbia,1969,
sub-saharan africa (excluding high income),1969,244.6735157
south sudan,1969,
sub-saharan africa,1969,231.4676681
small states,1969,
sao tome and principe,1969,
suriname,1969,707.6744452
slovak republic,1969,
slovenia,1969,
sweden,1969,4262.974965
eswatini,1969,245.2339816
sint maarten (dutch part),1969,
seychelles,1969,314.1798586
syrian arab republic,1969,363.5548444
turks and caicos islands,1969,
chad,1969,129.175849
east asia & pacific (ida & ibrd countries),1969,106.4461789
europe & central asia (ida & ibrd countries),1969,
togo,1969,174.6532541
thailand,1969,191.4387345
tajikistan,1969,
turkmenistan,1969,
latin america & the caribbean (ida & ibrd countries),1969,562.6864052
timor-leste,1969,
"middle east, north africa, afghanistan & pakistan (ida & ibrd)",1969,239.2956989
tonga,1969,
south asia (ida & ibrd),1969,111.4604735
sub-saharan africa (ida & ibrd countries),1969,231.4676681
trinidad and tobago,1969,794.5296552
tunisia,1969,257.7388325
turkiye,1969,543.9474013
tuvalu,1969,
tanzania,1969,405.4508057
uganda,1969,116.6822963
ukraine,1969,
upper middle income,1969,223.4093442
uruguay,1969,722.5862549
united states,1969,5025.094775
uzbekistan,1969,
st. vincent and the grenadines,1969,175.1562204
"venezuela, rb",1969,931.5987557
british virgin islands,1969,
virgin islands (u.s.),1969,
viet nam,1969,
vanuatu,1969,
world,1969,759.9893896
samoa,1969,
kosovo,1969,
"yemen, rep.",1969,
south africa,1969,890.9220891
zambia,1969,458.9816508
zimbabwe,1969,345.5785668
aruba,1970,
africa eastern and southern,1970,276.7820598
afghanistan,1970,
africa western and central,1970,218.6762927
angola,1970,
albania,1970,
andorra,1970,3935.411278
arab world,1970,357.694745
united arab emirates,1970,2394.068115
argentina,1970,1322.714542
armenia,1970,
american samoa,1970,
antigua and barbuda,1970,
australia,1970,3304.92737
austria,1970,2050.705154
azerbaijan,1970,
burundi,1970,68.75435398
belgium,1970,2765.890997
benin,1970,108.8487795
burkina faso,1970,81.70756322
bangladesh,1970,130.2181608
bulgaria,1970,
bahrain,1970,1741.822454
"bahamas, the",1970,2916.499984
bosnia and herzegovina,1970,
belarus,1970,
belize,1970,441.7894689
bermuda,1970,3574.169289
bolivia,1970,219.3531895
brazil,1970,443.799485
barbados,1970,666.4750087
brunei darussalam,1970,1325.155984
bhutan,1970,200.3452298
botswana,1970,163.0318323
central african republic,1970,90.1578443
canada,1970,4135.821498
central europe and the baltics,1970,
switzerland,1970,4044.420682
channel islands,1970,
chile,1970,940.6483451
china,1970,113.346243
cote d'ivoire,1970,268.9577336
cameroon,1970,178.488983
"congo, dem. rep.",1970,242.2197598
"congo, rep.",1970,196.7324156
colombia,1970,345.8791016
comoros,1970,
cabo verde,1970,
costa rica,1970,535.5396797
caribbean small states,1970,730.7040868
cuba,1970,645.1449178
curacao,1970,
cayman islands,1970,
cyprus,1970,
czechia,1970,
germany,1970,2771.283105
djibouti,1970,
dominica,1970,
denmark,1970,3464.455183
dominican republic,1970,337.6681237
algeria,1970,352.8457666
east asia & pacific (excluding high income),1970,113.9225173
early-demographic dividend,1970,238.1308483
east asia & pacific,1970,320.2975414
europe & central asia (excluding high income),1970,
europe & central asia,1970,1381.262727
ecuador,1970,465.0403198
"egypt, arab rep.",1970,232.2724923
euro area,1970,2210.535158
eritrea,1970,
spain,1970,1211.423433
estonia,1970,
ethiopia,1970,109.4304663
european union,1970,1885.409956
fragile and conflict affected situations,1970,227.4896531
finland,1970,2465.864555
fiji,1970,413.9372165
france,1970,2825.129723
faroe islands,1970,2219.376867
"micronesia, fed. sts.",1970,337.4957741
gabon,1970,543.4331614
united kingdom,1970,2347.544318
georgia,1970,
ghana,1970,248.1598694
gibraltar,1970,
guinea,1970,752.8225036
"gambia, the",1970,99.78169198
guinea-bissau,1970,350.221595
equatorial guinea,1970,206.7668587
greece,1970,1473.603948
grenada,1970,
greenland,1970,1498.276437
guatemala,1970,352.7908088
guam,1970,
guyana,1970,381.0987541
high income,1970,2442.998517
"hong kong sar, china",1970,960.0319615
honduras,1970,262.8407523
heavily indebted poor countries (hipc),1970,174.7642821
croatia,1970,
haiti,1970,71.45439906
hungary,1970,559.1970913
ibrd only,1970,251.0400097
ida & ibrd total,1970,238.0641888
ida total,1970,170.0776543
ida blend,1970,198.6803189
indonesia,1970,79.11882348
ida only,1970,158.7446548
isle of man,1970,
india,1970,114.35532
not classified,1970,
ireland,1970,1486.514527
"iran, islamic rep.",1970,376.6068792
iraq,1970,337.0429126
iceland,1970,2576.353444
israel,1970,2490.488526
italy,1970,2111.719864
jamaica,1970,747.9093992
jordan,1970,408.5962575
japan,1970,2100.74807
kazakhstan,1970,
kenya,1970,141.039391
kyrgyz republic,1970,
cambodia,1970,
kiribati,1970,201.0237747
st. kitts and nevis,1970,365.4216921
"korea, rep.",1970,279.3087463
kuwait,1970,3551.587107
latin america & caribbean (excluding high income),1970,564.2965544
lao pdr,1970,
lebanon,1970,
liberia,1970,220.2938481
libya,1970,2209.581176
st. lucia,1970,
latin america & caribbean,1970,615.6027248
least developed countries: un classification,1970,150.0290247
low income,1970,150.4996776
liechtenstein,1970,4262.032206
sri lanka,1970,186.9007918
lower middle income,1970,146.4918509
low & middle income,1970,196.8481037
lesotho,1970,67.44019758
late-demographic dividend,1970,252.420633
lithuania,1970,
luxembourg,1970,4298.033897
latvia,1970,
"macao sar, china",1970,
st. martin (french part),1970,
morocco,1970,260.2651367
monaco,1970,12098.20188
moldova,1970,
madagascar,1970,166.6455442
maldives,1970,156.8592369
"middle east, north africa, afghanistan & pakistan",1970,334.6853113
mexico,1970,699.0068455
marshall islands,1970,373.2128717
middle income,1970,200.3148004
north macedonia,1970,
mali,1970,57.32078708
malta,1970,828.4447259
myanmar,1970,20.72427828
"middle east, north africa, afghanistan & pakistan (excluding high income)",1970,263.5070811
montenegro,1970,
mongolia,1970,
northern mariana islands,1970,
mozambique,1970,
mauritania,1970,281.3271759
mauritius,1970,271.338747
malawi,1970,
malaysia,1970,379.6267643
north america,1970,5130.464967
namibia,1970,
new caledonia,1970,3281.710696
niger,1970,139.75875
nigeria,1970,224.462936
nicaragua,1970,321.316159
netherlands,1970,2931.38078
norway,1970,3306.219476
nepal,1970,69.63348973
nauru,1970,2618.534459
new zealand,1970,2311.02762
oecd members,1970,2612.868378
oman,1970,386.7927128
other small states,1970,
pakistan,1970,166.662062
panama,1970,892.8908775
peru,1970,550.4846094
philippines,1970,200.9216556
palau,1970,1017.15702
papua new guinea,1970,257.6472706
poland,1970,
pre-demographic dividend,1970,195.3655154
puerto rico (us),1970,1852.354673
"korea, dem. people's rep.",1970,
portugal,1970,934.0821561
paraguay,1970,248.9967082
west bank and gaza,1970,
pacific island small states,1970,358.6873312
post-demographic dividend,1970,2785.630112
french polynesia,1970,2228.190516
qatar,1970,2593.822963
romania,1970,
russian federation,1970,
rwanda,1970,55.24197214
south asia,1970,116.6401078
saudi arabia,1970,1509.439612
sudan,1970,139.0384827
senegal,1970,290.4864253
singapore,1970,925.7978643
solomon islands,1970,
sierra leone,1970,160.2281743
el salvador,1970,308.7988539
san marino,1970,
"somalia, fed. rep.",1970,93.08284996
serbia,1970,
sub-saharan africa (excluding high income),1970,266.2470406
south sudan,1970,
sub-saharan africa,1970,251.6699005
small states,1970,462.4076865
sao tome and principe,1970,479.3732266
suriname,1970,724.4849015
slovak republic,1970,
slovenia,1970,
sweden,1970,4729.40501
eswatini,1970,254.1611255
sint maarten (dutch part),1970,
seychelles,1970,343.8811885
syrian arab republic,1970,335.4513668
turks and caicos islands,1970,
chad,1970,125.8820784
east asia & pacific (ida & ibrd countries),1970,115.3719755
europe & central asia (ida & ibrd countries),1970,
togo,1970,159.7781842
thailand,1970,197.0979035
tajikistan,1970,
turkmenistan,1970,
latin america & the caribbean (ida & ibrd countries),1970,598.2792058
timor-leste,1970,
"middle east, north africa, afghanistan & pakistan (ida & ibrd)",1970,261.4363777
tonga,1970,
south asia (ida & ibrd),1970,116.6401078
sub-saharan africa (ida & ibrd countries),1970,251.6699005
trinidad and tobago,1970,828.9198575
tunisia,1970,280.4769102
turkiye,1970,487.5650867
tuvalu,1970,456.6406276
tanzania,1970,217.2356415
uganda,1970,122.0309296
ukraine,1970,
upper middle income,1970,239.1878819
uruguay,1970,765.763012
united states,1970,5234.296666
uzbekistan,1970,
st. vincent and the grenadines,1970,192.2595973
"venezuela, rb",1970,1015.219908
british virgin islands,1970,
virgin islands (u.s.),1970,
viet nam,1970,
vanuatu,1970,
world,1970,816.0488605
samoa,1970,321.9967066
kosovo,1970,
"yemen, rep.",1970,
south africa,1970,952.3521881
zambia,1970,413.9046752
zimbabwe,1970,361.2415785
aruba,1971,
africa eastern and southern,1971,294.8661494
afghanistan,1971,
africa western and central,1971,195.8620037
angola,1971,
albania,1971,
andorra,1971,4169.695371
arab world,1971,402.795035
united arab emirates,1971,2805.426427
argentina,1971,1372.507466
armenia,1971,
american samoa,1971,
antigua and barbuda,1971,
australia,1971,3495.228201
austria,1971,2371.65248
azerbaijan,1971,
burundi,1971,69.89828176
belgium,1971,3082.927989
benin,1971,106.8892927
burkina faso,1971,84.51493757
bangladesh,1971,124.5339631
bulgaria,1971,
bahrain,1971,1829.740705
"bahamas, the",1971,3004.343566
bosnia and herzegovina,1971,
belarus,1971,
belize,1971,481.0446415
bermuda,1971,4012.773965
bolivia,1971,231.0582967
brazil,1971,500.001989
barbados,1971,749.801351
brunei darussalam,1971,1432.166007
bhutan,1971,207.6665601
botswana,1971,212.2442067
central african republic,1971,94.0721473
canada,1971,4535.393389
central europe and the baltics,1971,
switzerland,1971,4834.740494
channel islands,1971,
chile,1971,1098.9147
china,1971,118.8424916
cote d'ivoire,1971,280.3336602
cameroon,1971,186.7248204
"congo, dem. rep.",1971,270.336629
"congo, rep.",1971,223.5387238
colombia,1971,366.8251679
comoros,1971,
cabo verde,1971,
costa rica,1971,570.3602295
caribbean small states,1971,780.6642195
cuba,1971,770.0849697
curacao,1971,
cayman islands,1971,
cyprus,1971,
czechia,1971,
germany,1971,3203.828848
djibouti,1971,
dominica,1971,
denmark,1971,3845.599068
dominican republic,1971,368.3496477
algeria,1971,360.1110817
east asia & pacific (excluding high income),1971,119.1124825
early-demographic dividend,1971,250.2997444
east asia & pacific,1971,346.7473109
europe & central asia (excluding high income),1971,
europe & central asia,1971,1546.852524
ecuador,1971,434.4158803
"egypt, arab rep.",1971,242.9710703
euro area,1971,2491.161363
eritrea,1971,
spain,1971,1361.192519
estonia,1971,
ethiopia,1971,112.7366743
european union,1971,2119.458545
fragile and conflict affected situations,1971,229.0328816
finland,1971,2716.432235
fiji,1971,457.8445999
france,1971,3128.386121
faroe islands,1971,2563.601862
"micronesia, fed. sts.",1971,359.2446401
gabon,1971,627.4156776
united kingdom,1971,2649.801514
georgia,1971,
ghana,1971,263.4087879
gibraltar,1971,
guinea,1971,825.2899771
"gambia, the",1971,103.3183223
guinea-bissau,1971,348.2770096
equatorial guinea,1971,205.5673696
greece,1971,1629.345279
grenada,1971,
greenland,1971,1874.295302
guatemala,1971,358.3735604
guam,1971,
guyana,1971,395.7696636
high income,1971,2684.721777
"hong kong sar, china",1971,1106.469717
honduras,1971,257.8832547
heavily indebted poor countries (hipc),1971,183.2972128
croatia,1971,
haiti,1971,76.81161507
hungary,1971,606.8527386
ibrd only,1971,267.4124291
ida & ibrd total,1971,250.7082964
ida total,1971,167.800875
ida blend,1971,181.5989548
indonesia,1971,78.54283939
ida only,1971,164.1608196
isle of man,1971,
india,1971,120.6805955
not classified,1971,
ireland,1971,1703.932183
"iran, islamic rep.",1971,457.283638
iraq,1971,383.550287
iceland,1971,3252.099178
israel,1971,2297.994135
italy,1971,2310.923761
jamaica,1971,808.8665061
jordan,1971,412.2188188
japan,1971,2321.390925
kazakhstan,1971,
kenya,1971,150.8529791
kyrgyz republic,1971,
cambodia,1971,
kiribati,1971,210.6685941
st. kitts and nevis,1971,443.9385253
"korea, rep.",1971,301.1787367
kuwait,1971,4485.608427
latin america & caribbean (excluding high income),1971,609.4536176
lao pdr,1971,
lebanon,1971,
liberia,1971,227.0782014
libya,1971,2442.582808
st. lucia,1971,
latin america & caribbean,1971,669.9933694
least developed countries: un classification,1971,153.9969223
low income,1971,163.4444856
liechtenstein,1971,4856.009043
sri lanka,1971,188.7608022
lower middle income,1971,149.0790595
low & middle income,1971,206.5099582
lesotho,1971,72.40764462
late-demographic dividend,1971,274.3123606
lithuania,1971,
luxembourg,1971,4435.398008
latvia,1971,
"macao sar, china",1971,
st. martin (french part),1971,
morocco,1971,279.1672363
monaco,1971,13334.39984
moldova,1971,
madagascar,1971,174.6295941
maldives,1971,169.7674186
"middle east, north africa, afghanistan & pakistan",1971,370.9971288
mexico,1971,747.912361
marshall islands,1971,390.1741847
middle income,1971,209.898197
north macedonia,1971,
mali,1971,61.96646269
malta,1971,874.061727
myanmar,1971,21.12575175
"middle east, north africa, afghanistan & pakistan (excluding high income)",1971,290.071547
montenegro,1971,
mongolia,1971,
northern mariana islands,1971,
mozambique,1971,
mauritania,1971,295.993927
mauritius,1971,299.6048018
malawi,1971,
malaysia,1971,407.196728
north america,1971,5506.319957
namibia,1971,
new caledonia,1971,3615.154292
niger,1971,145.2137836
nigeria,1971,160.4792558
nicaragua,1971,331.451183
netherlands,1971,3383.587156
norway,1971,3736.348737
nepal,1971,69.45407041
nauru,1971,2811.214627
new zealand,1971,2772.918597
oecd members,1971,2857.03341
oman,1971,441.9353844
other small states,1971,
pakistan,1971,172.4536622
panama,1971,979.3302534
peru,1971,599.0419676
philippines,1971,217.4290551
palau,1971,1080.608385
papua new guinea,1971,279.6697339
poland,1971,
pre-demographic dividend,1971,188.1307872
puerto rico (us),1971,2044.319906
"korea, dem. people's rep.",1971,
portugal,1971,1064.537713
paraguay,1971,272.0824407
west bank and gaza,1971,
pacific island small states,1971,395.8100128
post-demographic dividend,1971,3058.090321
french polynesia,1971,2516.982608
qatar,1971,2951.769415
romania,1971,
russian federation,1971,
rwanda,1971,54.37807604
south asia,1971,121.4576383
saudi arabia,1971,1929.309103
sudan,1971,146.9316101
senegal,1971,291.0883574
singapore,1971,1071.41154
solomon islands,1971,277.1131209
sierra leone,1971,151.8140013
el salvador,1971,315.6653998
san marino,1971,
"somalia, fed. rep.",1971,90.42923094
serbia,1971,
sub-saharan africa (excluding high income),1971,266.0957855
south sudan,1971,
sub-saharan africa,1971,251.8702598
small states,1971,508.194666
sao tome and principe,1971,470.0472105
suriname,1971,767.9903657
slovak republic,1971,
slovenia,1971,
sweden,1971,5125.329175
eswatini,1971,301.1191522
sint maarten (dutch part),1971,
seychelles,1971,401.6080221
syrian arab republic,1971,392.5150695
turks and caicos islands,1971,
chad,1971,131.8164109
east asia & pacific (ida & ibrd countries),1971,120.6271484
europe & central asia (ida & ibrd countries),1971,
togo,1971,174.5696969
thailand,1971,199.662202
tajikistan,1971,
turkmenistan,1971,
latin america & the caribbean (ida & ibrd countries),1971,648.9145792
timor-leste,1971,
"middle east, north africa, afghanistan & pakistan (ida & ibrd)",1971,287.7920935
tonga,1971,
south asia (ida & ibrd),1971,121.4576383
sub-saharan africa (ida & ibrd countries),1971,251.8702598
trinidad and tobago,1971,894.4530535
tunisia,1971,320.2721029
turkiye,1971,430.8972597
tuvalu,1971,477.9225303
tanzania,1971,224.451416
uganda,1971,133.4680883
ukraine,1971,
upper middle income,1971,253.7457232
uruguay,1971,1000.283654
united states,1971,5609.3826
uzbekistan,1971,
st. vincent and the grenadines,1971,206.9939954
"venezuela, rb",1971,1106.088243
british virgin islands,1971,
virgin islands (u.s.),1971,
viet nam,1971,
vanuatu,1971,
world,1971,883.0457984
samoa,1971,376.9714951
kosovo,1971,
"yemen, rep.",1971,
south africa,1971,1020.439836
zambia,1971,372.1440715
zimbabwe,1971,405.3643201
aruba,1972,
africa eastern and southern,1972,311.5190188
afghanistan,1972,
africa western and central,1972,230.0707872
angola,1972,
albania,1972,
andorra,1972,4940.296962
arab world,1972,470.195593
united arab emirates,1972,3675.416814
argentina,1972,1409.370973
armenia,1972,
american samoa,1972,
antigua and barbuda,1972,
australia,1972,3949.461643
austria,1972,2912.595771
azerbaijan,1972,
burundi,1972,68.23219179
belgium,1972,3831.6319
benin,1972,127.927157
burkina faso,1972,99.63358149
bangladesh,1972,87.77376519
bulgaria,1972,
bahrain,1972,2205.917004
"bahamas, the",1972,3013.950167
bosnia and herzegovina,1972,
belarus,1972,
belize,1972,529.3566475
bermuda,1972,4458.080033
bolivia,1972,267.8941345
brazil,1972,583.4920349
barbados,1972,856.0719731
brunei darussalam,1972,1904.667605
bhutan,1972,212.3751508
botswana,1972,264.2337168
central african republic,1972,105.4680616
canada,1972,5106.73708
central europe and the baltics,1972,
switzerland,1972,5884.775241
channel islands,1972,
chile,1972,1185.049948
china,1972,132.0974104
cote d'ivoire,1972,312.9423481
cameroon,1972,220.108721
"congo, dem. rep.",1972,290.5118033
"congo, rep.",1972,276.2718495
colombia,1972,397.4121174
comoros,1972,
cabo verde,1972,
costa rica,1972,638.8510116
caribbean small states,1972,858.3760523
cuba,1972,891.6317492
curacao,1972,
cayman islands,1972,
cyprus,1972,
czechia,1972,
germany,1972,3823.940326
djibouti,1972,
dominica,1972,
denmark,1972,4653.955879
dominican republic,1972,427.2248464
algeria,1972,469.0309965
east asia & pacific (excluding high income),1972,132.3362846
early-demographic dividend,1972,269.6999766
east asia & pacific,1972,421.1171281
europe & central asia (excluding high income),1972,
europe & central asia,1972,1839.787912
ecuador,1972,487.9720472
"egypt, arab rep.",1972,256.4828156
euro area,1972,2989.597929
eritrea,1972,
spain,1972,1707.588001
estonia,1972,
ethiopia,1972,119.8399971
european union,1972,2540.114789
fragile and conflict affected situations,1972,259.1858673
finland,1972,3177.928793
fiji,1972,575.2174821
france,1972,3806.887889
faroe islands,1972,3046.45915
"micronesia, fed. sts.",1972,403.0464691
gabon,1972,693.2948314
united kingdom,1972,3030.432514
georgia,1972,
ghana,1972,223.8028638
gibraltar,1972,
guinea,1972,948.4974213
"gambia, the",1972,106.5246043
guinea-bissau,1972,388.6437614
equatorial guinea,1972,211.424762
greece,1972,1873.254128
grenada,1972,
greenland,1972,2196.71424
guatemala,1972,369.7627574
guam,1972,
guyana,1972,395.4742646
high income,1972,3089.301998
"hong kong sar, china",1972,1384.734265
honduras,1972,274.8045
heavily indebted poor countries (hipc),1972,198.686913
croatia,1972,
haiti,1972,77.27651826
hungary,1972,709.6525026
ibrd only,1972,294.8828867
ida & ibrd total,1972,274.2846575
ida total,1972,175.058294
ida blend,1972,198.6245093
indonesia,1972,90.11475491
ida only,1972,166.3558996
isle of man,1972,
india,1972,125.270706
not classified,1972,
ireland,1972,2080.465147
"iran, islamic rep.",1972,554.7480341
iraq,1972,394.418343
iceland,1972,4014.84273
israel,1972,2929.656143
italy,1972,2677.29373
jamaica,1972,970.8029064
jordan,1972,459.8742441
japan,1972,3031.438606
kazakhstan,1972,
kenya,1972,172.6420448
kyrgyz republic,1972,
cambodia,1972,
kiribati,1972,256.1870001
st. kitts and nevis,1972,521.0830313
"korea, rep.",1972,324.1928112
kuwait,1972,4835.691046
latin america & caribbean (excluding high income),1972,676.6361462
lao pdr,1972,
lebanon,1972,
liberia,1972,238.6109797
libya,1972,2829.801452
st. lucia,1972,
latin america & caribbean,1972,735.9234296
least developed countries: un classification,1972,155.5415561
low income,1972,178.3055128
liechtenstein,1972,5645.232664
sri lanka,1972,199.3828929
lower middle income,1972,155.4935339
low & middle income,1972,226.5372597
lesotho,1972,73.95661898
late-demographic dividend,1972,308.9488051
lithuania,1972,
luxembourg,1972,5486.720628
latvia,1972,
"macao sar, china",1972,
st. martin (french part),1972,
morocco,1972,317.0740662
monaco,1972,16187.43065
moldova,1972,
madagascar,1972,189.640262
maldives,1972,192.2388486
"middle east, north africa, afghanistan & pakistan",1972,425.1429809
mexico,1972,836.5696734
marshall islands,1972,415.7074025
middle income,1972,230.3084807
north macedonia,1972,
mali,1972,75.05210434
malta,1972,975.720378
myanmar,1972,23.29413027
"middle east, north africa, afghanistan & pakistan (excluding high income)",1972,320.7327694
montenegro,1972,
mongolia,1972,
northern mariana islands,1972,
mozambique,1972,
mauritania,1972,335.2315429
mauritius,1972,373.9965702
malawi,1972,
malaysia,1972,472.3635094
north america,1972,5999.1629
namibia,1972,
new caledonia,1972,4225.838163
niger,1972,151.4379477
nigeria,1972,209.4547763
nicaragua,1972,341.3807724
netherlands,1972,4110.491646
norway,1972,4413.575692
nepal,1972,78.84291284
nauru,1972,3190.585539
new zealand,1972,3294.648943
oecd members,1972,3280.676647
oman,1972,523.6757266
other small states,1972,
pakistan,1972,148.0739763
panama,1972,1046.063412
peru,1972,646.6796867
philippines,1972,230.0976113
palau,1972,1144.536165
papua new guinea,1972,326.720237
poland,1972,
pre-demographic dividend,1972,215.243005
puerto rico (us),1972,2246.476714
"korea, dem. people's rep.",1972,
portugal,1972,1302.266268
paraguay,1972,307.6305162
west bank and gaza,1972,
pacific island small states,1972,460.1838437
post-demographic dividend,1972,3518.198749
french polynesia,1972,2678.187471
qatar,1972,3482.877836
romania,1972,
russian federation,1972,
rwanda,1972,58.39769552
south asia,1972,121.825771
saudi arabia,1972,2474.386832
sudan,1972,154.5115814
senegal,1972,341.8353523
singapore,1972,1264.375107
solomon islands,1972,219.5028598
sierra leone,1972,165.3129141
el salvador,1972,328.509448
san marino,1972,
"somalia, fed. rep.",1972,113.692402
serbia,1972,
sub-saharan africa (excluding high income),1972,292.3144298
south sudan,1972,
sub-saharan africa,1972,276.3067802
small states,1972,580.5724196
sao tome and principe,1972,511.2258833
suriname,1972,784.951675
slovak republic,1972,
slovenia,1972,
sweden,1972,6018.459632
eswatini,1972,315.0284662
sint maarten (dutch part),1972,
seychelles,1972,546.9510953
syrian arab republic,1972,448.2377586
turks and caicos islands,1972,
chad,1972,150.3698057
east asia & pacific (ida & ibrd countries),1972,134.0204816
europe & central asia (ida & ibrd countries),1972,
togo,1972,198.7610543
thailand,1972,215.5820229
tajikistan,1972,
turkmenistan,1972,
latin america & the caribbean (ida & ibrd countries),1972,711.5939359
timor-leste,1972,
"middle east, north africa, afghanistan & pakistan (ida & ibrd)",1972,318.2123725
tonga,1972,
south asia (ida & ibrd),1972,121.825771
sub-saharan africa (ida & ibrd countries),1972,276.3067802
trinidad and tobago,1972,1067.464126
tunisia,1972,414.6266126
turkiye,1972,537.3375292
tuvalu,1972,521.514045
tanzania,1972,246.5462952
uganda,1972,136.9647365
ukraine,1972,
upper middle income,1972,284.2643985
uruguay,1972,775.9372511
united states,1972,6094.01799
uzbekistan,1972,
st. vincent and the grenadines,1972,282.0922882
"venezuela, rb",1972,1155.262363
british virgin islands,1972,
virgin islands (u.s.),1972,
viet nam,1972,
vanuatu,1972,
world,1972,999.8076374
samoa,1972,432.8696701
kosovo,1972,
"yemen, rep.",1972,
south africa,1972,1038.394075
zambia,1972,409.7811464
zimbabwe,1972,483.1314728
aruba,1973,
africa eastern and southern,1973,389.7969721
afghanistan,1973,
africa western and central,1973,280.6493042
angola,1973,
albania,1973,
andorra,1973,6151.02717
arab world,1973,602.4667481
united arab emirates,1973,9695.814188
argentina,1973,2097.89945
armenia,1973,
american samoa,1973,
antigua and barbuda,1973,
australia,1973,4770.810172
austria,1973,3875.483056
azerbaijan,1973,
burundi,1973,84.25810693
belgium,1973,4900.962201
benin,1973,153.6094681
burkina faso,1973,114.1376695
bangladesh,1973,109.6917268
bulgaria,1973,
bahrain,1973,2981.092531
"bahamas, the",1973,3341.285217
bosnia and herzegovina,1973,
belarus,1973,
belize,1973,618.5675023
bermuda,1973,5090.091792
bolivia,1973,257.3418598
brazil,1973,814.7317806
barbados,1973,1041.729563
brunei darussalam,1973,2938.850957
bhutan,1973,230.90177
botswana,1973,374.1894091
central african republic,1973,121.8248461
canada,1973,5858.334073
central europe and the baltics,1973,
switzerland,1973,7855.91887
channel islands,1973,
chile,1973,1666.995428
china,1973,157.3398881
cote d'ivoire,1973,405.5689795
cameroon,1973,271.7572901
"congo, dem. rep.",1973,360.5625916
"congo, rep.",1973,353.3809938
colombia,1973,462.0643757
comoros,1973,
cabo verde,1973,
costa rica,1973,768.9447174
caribbean small states,1973,987.0499043
cuba,1973,1079.130815
curacao,1973,
cayman islands,1973,
cyprus,1973,
czechia,1973,
germany,1973,5065.245233
djibouti,1973,
dominica,1973,
denmark,1973,6116.891992
dominican republic,1973,490.3154953
algeria,1973,589.5181269
east asia & pacific (excluding high income),1973,162.6457251
early-demographic dividend,1973,336.72657
east asia & pacific,1973,542.9124078
europe & central asia (excluding high income),1973,
europe & central asia,1973,2322.452306
ecuador,1973,578.9549308
"egypt, arab rep.",1973,272.1827101
euro area,1973,3857.615662
eritrea,1973,
spain,1973,2245.947991
estonia,1973,
ethiopia,1973,134.935511
european union,1973,3266.498198
fragile and conflict affected situations,1973,313.2149577
finland,1973,4173.544852
fiji,1973,761.6840674
france,1973,4913.527078
faroe islands,1973,4067.929807
"micronesia, fed. sts.",1973,544.2044666
gabon,1973,1140.041643
united kingdom,1973,3426.276221
georgia,1973,
ghana,1973,309.5095523
gibraltar,1973,
guinea,1973,1143.300035
"gambia, the",1973,131.4491821
guinea-bissau,1973,391.9165756
equatorial guinea,1973,268.6349023
greece,1973,2468.003955
grenada,1973,
greenland,1973,2860.280576
guatemala,1973,440.5628717
guam,1973,
guyana,1973,420.5336786
high income,1973,3713.999956
"hong kong sar, china",1973,1893.181242
honduras,1973,303.0091041
heavily indebted poor countries (hipc),1973,236.8312344
croatia,1973,
haiti,1973,95.13418026
hungary,1973,875.9819999
ibrd only,1973,374.1538136
ida & ibrd total,1973,342.7343359
ida total,1973,198.0443877
ida blend,1973,209.6931794
indonesia,1973,129.8862311
ida only,1973,196.1180369
isle of man,1973,
india,1973,146.5684926
not classified,1973,
ireland,1973,2424.269047
"iran, islamic rep.",1973,850.5601771
iraq,1973,475.5863357
iceland,1973,5437.342525
israel,1973,3631.047669
italy,1973,3212.639496
jamaica,1973,971.8025132
jordan,1973,530.7839966
japan,1973,4061.01339
kazakhstan,1973,
kenya,1973,198.5780839
kyrgyz republic,1973,
cambodia,1973,
kiribati,1973,421.6269971
st. kitts and nevis,1973,551.4133632
"korea, rep.",1973,406.8970935
kuwait,1973,5532.43234
latin america & caribbean (excluding high income),1973,884.1562249
lao pdr,1973,
lebanon,1973,
liberia,1973,244.3617279
libya,1973,3727.385499
st. lucia,1973,
latin america & caribbean,1973,955.884995
least developed countries: un classification,1973,184.4003048
low income,1973,207.7380776
liechtenstein,1973,7282.37356
sri lanka,1973,220.1702392
lower middle income,1973,178.5347566
low & middle income,1973,282.1016801
lesotho,1973,106.9912923
late-demographic dividend,1973,393.184547
lithuania,1973,
luxembourg,1973,7447.213018
latvia,1973,
"macao sar, china",1973,
st. martin (french part),1973,
morocco,1973,380.5278015
monaco,1973,20882.02135
moldova,1973,
madagascar,1973,226.8182557
maldives,1973,228.6890272
"middle east, north africa, afghanistan & pakistan",1973,538.0086965
mexico,1973,993.0428795
marshall islands,1973,472.2088605
middle income,1973,287.4754495
north macedonia,1973,
mali,1973,85.44408765
malta,1973,1143.666796
myanmar,1973,24.79656288
"middle east, north africa, afghanistan & pakistan (excluding high income)",1973,384.7875111
montenegro,1973,
mongolia,1973,
northern mariana islands,1973,
mozambique,1973,
mauritania,1973,409.7211388
mauritius,1973,467.4802185
malawi,1973,
malaysia,1973,700.728626
north america,1973,6642.717478
namibia,1973,
new caledonia,1973,4318.138312
niger,1973,187.8543997
nigeria,1973,252.3690325
nicaragua,1973,412.5274942
netherlands,1973,5353.442652
norway,1973,5689.588807
nepal,1973,73.22668353
nauru,1973,3863.940691
new zealand,1973,4323.196535
oecd members,1973,3927.68303
oman,1973,669.82953
other small states,1973,
pakistan,1973,97.51364259
panama,1973,1164.327458
peru,1973,753.9245812
philippines,1973,283.2285927
palau,1973,1221.469806
papua new guinea,1973,482.8162524
poland,1973,
pre-demographic dividend,1973,258.0305853
puerto rico (us),1973,2432.414219
"korea, dem. people's rep.",1973,
portugal,1973,1747.989041
paraguay,1973,388.7122598
west bank and gaza,1973,
pacific island small states,1973,604.3209102
post-demographic dividend,1973,4218.587503
french polynesia,1973,3425.442529
qatar,1973,4905.342651
romania,1973,
russian federation,1973,
rwanda,1973,66.91438715
south asia,1973,142.6341923
saudi arabia,1973,3640.083612
sudan,1973,184.5242004
senegal,1973,381.4390072
singapore,1973,1685.459796
solomon islands,1973,291.2522729
sierra leone,1973,200.7257923
el salvador,1973,366.250659
san marino,1973,
"somalia, fed. rep.",1973,119.5621335
serbia,1973,
sub-saharan africa (excluding high income),1973,363.9982916
south sudan,1973,
sub-saharan africa,1973,342.6434064
small states,1973,717.7548359
sao tome and principe,1973,676.4806486
suriname,1973,857.6907917
slovak republic,1973,
slovenia,1973,
sweden,1973,7290.714019
eswatini,1973,463.2516158
sint maarten (dutch part),1973,
seychelles,1973,648.5319637
syrian arab republic,1973,458.8300612
turks and caicos islands,1973,
chad,1973,162.3718662
east asia & pacific (ida & ibrd countries),1973,164.7131329
europe & central asia (ida & ibrd countries),1973,
togo,1973,234.4180575
thailand,1973,278.285063
tajikistan,1973,
turkmenistan,1973,
latin america & the caribbean (ida & ibrd countries),1973,932.0493898
timor-leste,1973,
"middle east, north africa, afghanistan & pakistan (ida & ibrd)",1973,381.7637563
tonga,1973,
south asia (ida & ibrd),1973,142.6341923
sub-saharan africa (ida & ibrd countries),1973,342.6434064
trinidad and tobago,1973,1273.322136
tunisia,1973,493.1721217
turkiye,1973,661.0808219
tuvalu,1973,600.5836013
tanzania,1973,283.8018494
uganda,1973,152.7094176
ukraine,1973,
upper middle income,1973,366.2527393
uruguay,1973,1397.289603
united states,1973,6726.358956
uzbekistan,1973,
st. vincent and the grenadines,1973,305.6517928
"venezuela, rb",1973,1366.83362
british virgin islands,1973,
virgin islands (u.s.),1973,
viet nam,1973,
vanuatu,1973,
world,1973,1198.771948
samoa,1973,562.7575512
kosovo,1973,
"yemen, rep.",1973,
south africa,1973,1369.1616
zambia,1973,517.6300552
zimbabwe,1973,578.5175079
aruba,1974,
africa eastern and southern,1974,463.5497901
afghanistan,1974,
africa western and central,1974,368.301914
angola,1974,
albania,1974,
andorra,1974,7139.574512
arab world,1974,1124.966817
united arab emirates,1974,23822.97156
argentina,1974,2844.969905
armenia,1974,
american samoa,1974,
antigua and barbuda,1974,
australia,1974,6482.938481
austria,1974,4612.619208
azerbaijan,1974,
burundi,1974,93.22400483
belgium,1974,5733.798139
benin,1974,164.9465941
burkina faso,1974,124.6714355
bangladesh,1974,164.9863936
bulgaria,1974,
bahrain,1974,3873.716291
"bahamas, the",1974,3079.740141
bosnia and herzegovina,1974,
belarus,1974,
belize,1974,804.7778636
bermuda,1974,5891.887817
bolivia,1974,418.3793847
brazil,1974,1044.769809
barbados,1974,1243.354175
brunei darussalam,1974,15194.79231
bhutan,1974,262.7773662
botswana,1974,446.4878554
central african republic,1974,124.0003497
canada,1974,7056.708475
central europe and the baltics,1974,
switzerland,1974,9004.788599
channel islands,1974,
chile,1974,1578.583676
china,1974,160.4025469
cote d'ivoire,1974,474.2238614
cameroon,1974,299.9083395
"congo, dem. rep.",1974,428.0749545
"congo, rep.",1974,369.9451839
colombia,1974,541.7499016
comoros,1974,
cabo verde,1974,
costa rica,1974,817.0766914
caribbean small states,1974,1295.57997
cuba,1974,1216.741482
curacao,1974,
cayman islands,1974,
cyprus,1974,
czechia,1974,
germany,1974,5659.737878
djibouti,1974,
dominica,1974,
denmark,1974,6763.865929
dominican republic,1974,595.3566778
algeria,1974,872.8892774
east asia & pacific (excluding high income),1974,180.408281
early-demographic dividend,1974,460.5644152
east asia & pacific,1974,613.5595765
europe & central asia (excluding high income),1974,
europe & central asia,1974,2604.693943
ecuador,1974,953.8465583
"egypt, arab rep.",1974,243.0614739
euro area,1974,4350.250302
eritrea,1974,
spain,1974,2747.960367
estonia,1974,
ethiopia,1974,147.8557225
european union,1974,3675.470739
fragile and conflict affected situations,1974,460.4368403
finland,1974,5298.080088
fiji,1974,984.3135239
france,1974,5267.3533
faroe islands,1974,4906.275143
"micronesia, fed. sts.",1974,701.0779632
gabon,1974,2384.186289
united kingdom,1974,3665.862798
georgia,1974,
ghana,1974,289.4258568
gibraltar,1974,
guinea,1974,1242.529225
"gambia, the",1974,162.6183347
guinea-bissau,1974,418.643114
equatorial guinea,1974,319.2368367
greece,1974,2789.405774
grenada,1974,
greenland,1974,3432.706033
guatemala,1974,528.57311
guam,1974,
guyana,1974,587.968877
high income,1974,4163.279388
"hong kong sar, china",1974,2144.614959
honduras,1974,333.7273327
heavily indebted poor countries (hipc),1974,271.5343391
croatia,1974,
haiti,1974,113.0392606
hungary,1974,955.8742078
ibrd only,1974,463.6694177
ida & ibrd total,1974,426.2546428
ida total,1974,253.0974168
ida blend,1974,289.6257575
indonesia,1974,200.7109845
ida only,1974,239.0738129
isle of man,1974,
india,1974,166.6996618
not classified,1974,
ireland,1974,2516.927686
"iran, islamic rep.",1974,1408.965719
iraq,1974,1031.250813
iceland,1974,7040.554044
israel,1974,5085.166461
italy,1974,3629.491823
jamaica,1974,1192.985694
jordan,1974,651.0959485
japan,1974,4448.319656
kazakhstan,1974,
kenya,1974,227.2334421
kyrgyz republic,1974,
cambodia,1974,
kiribati,1974,1131.290751
st. kitts and nevis,1974,720.5372058
"korea, rep.",1974,563.3524758
kuwait,1974,12526.60317
latin america & caribbean (excluding high income),1974,1135.196686
lao pdr,1974,
lebanon,1974,
liberia,1974,299.4136607
libya,1974,6213.500275
st. lucia,1974,
latin america & caribbean,1974,1209.615699
least developed countries: un classification,1974,223.7149898
low income,1974,253.0878685
liechtenstein,1974,8271.735315
sri lanka,1974,268.650905
lower middle income,1974,215.5142118
low & middle income,1974,350.9769129
lesotho,1974,128.6666182
late-demographic dividend,1974,463.4311892
lithuania,1974,
luxembourg,1974,8966.728959
latvia,1974,
"macao sar, china",1974,
st. martin (french part),1974,
morocco,1974,456.5925293
monaco,1974,22347.89991
moldova,1974,
madagascar,1974,255.3366381
maldives,1974,281.4846324
"middle east, north africa, afghanistan & pakistan",1974,949.6274491
mexico,1974,1256.102806
marshall islands,1974,601.5785895
middle income,1974,357.9460692
north macedonia,1974,
mali,1974,80.22522141
malta,1974,1245.31823
myanmar,1974,41.40762764
"middle east, north africa, afghanistan & pakistan (excluding high income)",1974,575.3470259
montenegro,1974,
mongolia,1974,
northern mariana islands,1974,
mozambique,1974,
mauritania,1974,494.2884083
mauritius,1974,762.9407587
malawi,1974,
malaysia,1974,847.8068026
north america,1974,7209.110567
namibia,1974,
new caledonia,1974,4848.944698
niger,1974,198.2891653
nigeria,1974,402.8369998
nicaragua,1974,556.8661225
netherlands,1974,6450.457702
norway,1974,6811.527337
nepal,1974,89.76374556
nauru,1974,5199.264975
new zealand,1974,4610.570426
oecd members,1974,4358.48629
oman,1974,2203.405913
other small states,1974,
pakistan,1974,132.0051566
panama,1974,1296.447593
peru,1974,926.5799505
philippines,1974,379.0681812
palau,1974,1328.033341
papua new guinea,1974,533.0886518
poland,1974,
pre-demographic dividend,1974,345.7149595
puerto rico (us),1974,2614.500941
"korea, dem. people's rep.",1974,
portugal,1974,2000.418246
paraguay,1974,507.8704797
west bank and gaza,1974,
pacific island small states,1974,804.436169
post-demographic dividend,1974,4673.880024
french polynesia,1974,4273.167458
qatar,1974,13539.5588
romania,1974,
russian federation,1974,
rwanda,1974,68.94114989
south asia,1974,167.0318565
saudi arabia,1974,10503.42808
sudan,1974,228.787323
senegal,1974,417.4076003
singapore,1974,2341.705514
solomon islands,1974,433.443903
sierra leone,1974,222.2049174
el salvador,1974,413.4034764
san marino,1974,
"somalia, fed. rep.",1974,137.8915758
serbia,1974,
sub-saharan africa (excluding high income),1974,450.9593301
south sudan,1974,
sub-saharan africa,1974,422.6187217
small states,1974,1127.750464
sao tome and principe,1974,682.8419248
suriname,1974,1041.084547
slovak republic,1974,
slovenia,1974,
sweden,1974,8078.278768
eswatini,1974,536.1610038
sint maarten (dutch part),1974,
seychelles,1974,744.5068983
syrian arab republic,1974,706.5795802
turks and caicos islands,1974,
chad,1974,159.9989788
east asia & pacific (ida & ibrd countries),1974,182.7015779
europe & central asia (ida & ibrd countries),1974,
togo,1974,315.0979028
thailand,1974,342.9788976
tajikistan,1974,
turkmenistan,1974,
latin america & the caribbean (ida & ibrd countries),1974,1189.532049
timor-leste,1974,
"middle east, north africa, afghanistan & pakistan (ida & ibrd)",1974,570.8258076
tonga,1974,
south asia (ida & ibrd),1974,167.0318565
sub-saharan africa (ida & ibrd countries),1974,422.6187217
trinidad and tobago,1974,1962.026892
tunisia,1974,623.7593528
turkiye,1974,880.7281677
tuvalu,1974,708.0605747
tanzania,1974,328.7835999
uganda,1974,183.717572
ukraine,1974,
upper middle income,1974,461.2770114
uruguay,1974,1433.177975
united states,1974,7225.69136
uzbekistan,1974,
st. vincent and the grenadines,1974,330.7053591
"venezuela, rb",1974,2033.519008
british virgin islands,1974,
virgin islands (u.s.),1974,
viet nam,1974,
vanuatu,1974,
world,1974,1359.134233
samoa,1974,626.0388469
kosovo,1974,
"yemen, rep.",1974,
south africa,1974,1656.289056
zambia,1974,601.1013714
zimbabwe,1974,673.9913086
aruba,1975,
africa eastern and southern,1975,479.1621647
afghanistan,1975,
africa western and central,1975,413.3714482
angola,1975,
albania,1975,
andorra,1975,7925.415771
arab world,1975,1205.473817
united arab emirates,1975,27117.18807
argentina,1975,2026.684358
armenia,1975,
american samoa,1975,
antigua and barbuda,1975,
australia,1975,7003.842471
austria,1975,5264.91772
azerbaijan,1975,
burundi,1975,110.8848275
belgium,1975,6701.377361
benin,1975,196.455786
burkina faso,1975,152.9015296
bangladesh,1975,249.804254
bulgaria,1975,
bahrain,1975,3880.440472
"bahamas, the",1975,2840.589653
bosnia and herzegovina,1975,
belarus,1975,
belize,1975,906.4862774
bermuda,1975,6493.628715
bolivia,1975,468.2981482
brazil,1975,1200.558237
barbados,1975,1601.188833
brunei darussalam,1975,15793.13126
bhutan,1975,237.3507344
botswana,1975,493.0294727
central african republic,1975,163.6446683
canada,1975,7536.520098
central europe and the baltics,1975,
switzerland,1975,10328.10894
channel islands,1975,
chile,1975,732.0544068
china,1975,178.6212493
cote d'ivoire,1975,574.6264059
cameroon,1975,386.2364503
"congo, dem. rep.",1975,444.6938995
"congo, rep.",1975,471.4736282
colombia,1975,561.0980361
comoros,1975,
cabo verde,1975,
costa rica,1975,936.9931967
caribbean small states,1975,1474.073137
cuba,1975,1374.23964
curacao,1975,
cayman islands,1975,
cyprus,1975,976.329895
czechia,1975,
germany,1975,6259.207445
djibouti,1975,
dominica,1975,
denmark,1975,7988.156133
dominican republic,1975,713.1681691
algeria,1975,992.3020374
east asia & pacific (excluding high income),1975,198.6725103
early-demographic dividend,1975,481.0234681
east asia & pacific,1975,659.284494
europe & central asia (excluding high income),1975,
europe & central asia,1975,3019.095084
ecuador,1975,1086.176151
"egypt, arab rep.",1975,299.2175183
euro area,1975,5015.424343
eritrea,1975,
spain,1975,3207.544651
estonia,1975,
ethiopia,1975,144.2805376
european union,1975,4252.347655
fragile and conflict affected situations,1975,493.1915621
finland,1975,6256.102451
fiji,1975,1188.184242
france,1975,6606.701467
faroe islands,1975,5605.512621
"micronesia, fed. sts.",1975,683.9767456
gabon,1975,3258.234242
united kingdom,1975,4299.745618
georgia,1975,
ghana,1975,272.9767152
gibraltar,1975,
guinea,1975,1311.330514
"gambia, the",1975,189.8083934
guinea-bissau,1975,435.2178099
equatorial guinea,1975,362.2621783
greece,1975,3109.37944
grenada,1975,
greenland,1975,4257.875611
guatemala,1975,594.8866087
guam,1975,
guyana,1975,663.7997227
high income,1975,4604.711813
"hong kong sar, china",1975,2252.126941
honduras,1975,351.9942478
heavily indebted poor countries (hipc),1975,297.593713
croatia,1975,
haiti,1975,133.6317921
hungary,1975,1083.474733
ibrd only,1975,490.766709
ida & ibrd total,1975,455.8876924
ida total,1975,290.1921226
ida blend,1975,325.4207727
indonesia,1975,231.0601206
ida only,1975,277.5231678
isle of man,1975,
india,1975,161.086694
not classified,1975,
ireland,1975,2973.400123
"iran, islamic rep.",1975,1531.706171
iraq,1975,1165.881639
iceland,1975,6454.177152
israel,1975,4672.002134
italy,1975,4116.459649
jamaica,1975,1416.775468
jordan,1975,717.7640973
japan,1975,4775.899536
kazakhstan,1975,
kenya,1975,241.2244261
kyrgyz republic,1975,
cambodia,1975,113.8257892
kiribati,1975,730.4417926
st. kitts and nevis,1975,765.1253337
"korea, rep.",1975,617.4560619
kuwait,1975,10881.72164
latin america & caribbean (excluding high income),1975,1195.229809
lao pdr,1975,
lebanon,1975,
liberia,1975,345.6489356
libya,1975,5720.626911
st. lucia,1975,
latin america & caribbean,1975,1238.891691
least developed countries: un classification,1975,262.7088692
low income,1975,291.5112119
liechtenstein,1975,10332.51287
sri lanka,1975,279.8215826
lower middle income,1975,230.3566369
low & middle income,1975,379.7733024
lesotho,1975,123.2313752
late-demographic dividend,1975,502.866985
lithuania,1975,
luxembourg,1975,8701.304731
latvia,1975,
"macao sar, china",1975,
st. martin (french part),1975,
morocco,1975,521.8389282
monaco,1975,27920.7436
moldova,1975,
madagascar,1975,294.9929058
maldives,1975,171.4251219
"middle east, north africa, afghanistan & pakistan",1975,1013.13262
mexico,1975,1491.970486
marshall islands,1975,638.1930489
middle income,1975,386.5358156
north macedonia,1975,
mali,1975,121.4975727
malta,1975,1560.105191
myanmar,1975,35.16329157
"middle east, north africa, afghanistan & pakistan (excluding high income)",1975,642.0689514
montenegro,1975,
mongolia,1975,
northern mariana islands,1975,
mozambique,1975,
mauritania,1975,550.6625832
mauritius,1975,754.8332815
malawi,1975,
malaysia,1975,810.5709997
north america,1975,7775.529504
namibia,1975,
new caledonia,1975,5940.930325
niger,1975,197.232873
nigeria,1975,438.0788139
nicaragua,1975,561.4596954
netherlands,1975,7346.304748
norway,1975,8204.451512
nepal,1975,113.6056452
nauru,1975,5740.199787
new zealand,1975,4171.76974
oecd members,1975,4833.320204
oman,1975,2691.996535
other small states,1975,1100.535644
pakistan,1975,161.6817749
panama,1975,1405.748997
peru,1975,1104.16133
philippines,1975,400.6388831
palau,1975,1463.541051
papua new guinea,1975,481.950394
poland,1975,
pre-demographic dividend,1975,382.6955116
puerto rico (us),1975,2738.243153
"korea, dem. people's rep.",1975,
portugal,1975,2127.637507
paraguay,1975,561.5223963
west bank and gaza,1975,
pacific island small states,1975,872.1398319
post-demographic dividend,1975,5196.168196
french polynesia,1975,5149.937622
qatar,1975,13013.68381
romania,1975,
russian federation,1975,
rwanda,1975,124.109648
south asia,1975,172.0846707
saudi arabia,1975,10265.64144
sudan,1975,269.6528931
senegal,1975,547.3781487
singapore,1975,2489.911575
solomon islands,1975,371.7188062
sierra leone,1975,228.3802388
el salvador,1975,457.2608713
san marino,1975,
"somalia, fed. rep.",1975,177.8061434
serbia,1975,
sub-saharan africa (excluding high income),1975,482.7228885
south sudan,1975,
sub-saharan africa,1975,451.1046195
small states,1975,1205.055779
sao tome and principe,1975,693.1506879
suriname,1975,1190.019685
slovak republic,1975,
slovenia,1975,
sweden,1975,10102.75486
eswatini,1975,567.8848166
sint maarten (dutch part),1975,
seychelles,1975,806.2326443
syrian arab republic,1975,903.7134621
turks and caicos islands,1975,
chad,1975,207.4762552
east asia & pacific (ida & ibrd countries),1975,201.1940794
europe & central asia (ida & ibrd countries),1975,
togo,1975,338.6057009
thailand,1975,363.5263502
tajikistan,1975,
turkmenistan,1975,
latin america & the caribbean (ida & ibrd countries),1975,1214.084657
timor-leste,1975,
"middle east, north africa, afghanistan & pakistan (ida & ibrd)",1975,637.0234159
tonga,1975,349.4709754
south asia (ida & ibrd),1975,172.0846707
sub-saharan africa (ida & ibrd countries),1975,451.1046195
trinidad and tobago,1975,2318.691698
tunisia,1975,741.3549157
turkiye,1975,1121.543269
tuvalu,1975,656.3263126
tanzania,1975,364.9699402
uganda,1975,201.2372928
ukraine,1975,
upper middle income,1975,500.3925123
uruguay,1975,1231.85371
united states,1975,7801.456664
uzbekistan,1975,
st. vincent and the grenadines,1975,331.090938
"venezuela, rb",1975,2078.15342
british virgin islands,1975,
virgin islands (u.s.),1975,
viet nam,1975,
vanuatu,1975,
world,1975,1485.428049
samoa,1975,609.6703005
kosovo,1975,
"yemen, rep.",1975,
south africa,1975,1670.118169
zambia,1975,489.5050187
zimbabwe,1975,716.764418
aruba,1976,
africa eastern and southern,1976,468.8563309
afghanistan,1976,
africa western and central,1976,480.4526553
angola,1976,
albania,1976,
andorra,1976,7721.288586
arab world,1976,1458.144006
united arab emirates,1976,31196.97918
argentina,1976,1946.919904
armenia,1976,
american samoa,1976,
antigua and barbuda,1976,
australia,1976,7486.682604
austria,1976,5656.145138
azerbaijan,1976,
burundi,1976,115.4921318
belgium,1976,7243.047341
benin,1976,197.7263611
burkina faso,1976,155.4854227
bangladesh,1976,126.6930442
bulgaria,1976,
bahrain,1976,5310.191326
"bahamas, the",1976,2993.459238
bosnia and herzegovina,1976,
belarus,1976,
belize,1976,729.4887808
bermuda,1976,7259.91355
bolivia,1976,519.9946885
brazil,1976,1389.749523
barbados,1976,1733.645408
brunei darussalam,1976,18671.36241
bhutan,1976,233.7215323
botswana,1976,490.4695705
central african republic,1976,192.0969908
canada,1976,8838.947107
central europe and the baltics,1976,
switzerland,1976,10864.97123
channel islands,1976,
chile,1976,970.9573149
china,1976,165.6809877
cote d'ivoire,1976,660.5386182
cameroon,1976,381.4299153
"congo, dem. rep.",1976,408.422391
"congo, rep.",1976,452.5781472
colombia,1976,643.0079145
comoros,1976,
cabo verde,1976,
costa rica,1976,1123.281791
caribbean small states,1976,1497.922744
cuba,1976,1440.730461
curacao,1976,
cayman islands,1976,
cyprus,1976,1157.411621
czechia,1976,
germany,1976,6659.165466
djibouti,1976,
dominica,1976,
denmark,1976,8773.339616
dominican republic,1976,762.778347
algeria,1976,1080.386207
east asia & pacific (excluding high income),1976,198.554468
early-demographic dividend,1976,512.7300227
east asia & pacific,1976,713.2198506
europe & central asia (excluding high income),1976,
europe & central asia,1976,3117.173188
ecuador,1976,1241.910985
"egypt, arab rep.",1976,334.6099185
euro area,1976,5213.073946
eritrea,1976,
spain,1976,3276.970233
estonia,1976,
ethiopia,1976,151.9561866
european union,1976,4432.5121
fragile and conflict affected situations,1976,572.0568129
finland,1976,6740.291453
fiji,1976,1186.166485
france,1976,6794.617393
faroe islands,1976,6593.621293
"micronesia, fed. sts.",1976,677.9706151
gabon,1976,4441.094486
united kingdom,1976,4138.167788
georgia,1976,
ghana,1976,260.9982958
gibraltar,1976,
guinea,1976,1430.664353
"gambia, the",1976,179.3139633
guinea-bissau,1976,420.8529374
equatorial guinea,1976,368.8313743
greece,1976,3343.388194
grenada,1976,
greenland,1976,4844.656293
guatemala,1976,697.0646097
guam,1976,
guyana,1976,604.1052678
high income,1976,4975.041405
"hong kong sar, china",1976,2850.01461
honduras,1976,409.1721185
heavily indebted poor countries (hipc),1976,310.4650706
croatia,1976,
haiti,1976,169.0918881
hungary,1976,1248.798513
ibrd only,1976,522.4889133
ida & ibrd total,1976,482.2308418
ida total,1976,295.4174141
ida blend,1976,380.0155421
indonesia,1976,275.7131678
ida only,1976,256.3876421
isle of man,1976,
india,1976,164.1199996
not classified,1976,
ireland,1976,2919.583087
"iran, islamic rep.",1976,1953.519697
iraq,1976,1488.543352
iceland,1976,7583.275298
israel,1976,4516.374059
italy,1976,4042.394825
jamaica,1976,1449.977882
jordan,1976,872.5060194
japan,1976,5310.431409
kazakhstan,1976,
kenya,1976,248.9351082
kyrgyz republic,1976,
cambodia,1976,128.8277773
kiribati,1976,548.0756417
st. kitts and nevis,1976,692.1393288
"korea, rep.",1976,834.134208
kuwait,1976,11141.19814
latin america & caribbean (excluding high income),1976,1270.530786
lao pdr,1976,
lebanon,1976,
liberia,1976,347.4984567
libya,1976,7017.743407
st. lucia,1976,
latin america & caribbean,1976,1327.71385
least developed countries: un classification,1976,236.242725
low income,1976,298.5225771
liechtenstein,1976,11326.34884
sri lanka,1976,260.301495
lower middle income,1976,237.6829025
low & middle income,1976,399.9694638
lesotho,1976,117.8250777
late-demographic dividend,1976,533.6024802
lithuania,1976,
luxembourg,1976,9490.690312
latvia,1976,
"macao sar, china",1976,
st. martin (french part),1976,
morocco,1976,543.3684692
monaco,1976,28396.3794
moldova,1976,
madagascar,1976,273.5226782
maldives,1976,151.8350592
"middle east, north africa, afghanistan & pakistan",1976,1220.7586
mexico,1976,1465.498779
marshall islands,1976,671.8347582
middle income,1976,407.5367498
north macedonia,1976,
mali,1976,134.9275752
malta,1976,1726.559448
myanmar,1976,39.16600837
"middle east, north africa, afghanistan & pakistan (excluding high income)",1976,768.9463243
montenegro,1976,
mongolia,1976,
northern mariana islands,1976,
mozambique,1976,
mauritania,1976,589.2376677
mauritius,1976,787.098226
malawi,1976,
malaysia,1976,940.4377341
north america,1976,8615.910364
namibia,1976,
new caledonia,1976,5618.325733
niger,1976,194.7895706
nigeria,1976,556.3896877
nicaragua,1976,632.5737784
netherlands,1976,7937.352467
norway,1976,8927.201627
nepal,1976,102.4703733
nauru,1976,5703.203171
new zealand,1976,4373.840998
oecd members,1976,5187.973679
oman,1976,3142.527178
other small states,1976,1255.763587
pakistan,1976,183.8597334
panama,1976,1456.500097
peru,1976,1026.414385
philippines,1976,448.6200845
palau,1976,1616.480394
papua new guinea,1976,525.4332356
poland,1976,
pre-demographic dividend,1976,434.853243
puerto rico (us),1976,2946.461953
"korea, dem. people's rep.",1976,
portugal,1976,2173.283934
paraguay,1976,615.8250499
west bank and gaza,1976,
pacific island small states,1976,854.4244606
post-demographic dividend,1976,5598.399237
french polynesia,1976,5302.061386
qatar,1976,15710.32081
romania,1976,
russian federation,1976,
rwanda,1976,134.3784312
south asia,1976,160.6996744
saudi arabia,1976,13312.51199
sudan,1976,325.1856079
senegal,1976,540.5940071
singapore,1976,2758.94038
solomon islands,1976,401.0774169
sierra leone,1976,196.3835495
el salvador,1976,552.9949339
san marino,1976,
"somalia, fed. rep.",1976,199.5835471
serbia,1976,
sub-saharan africa (excluding high income),1976,507.5690432
south sudan,1976,
sub-saharan africa,1976,474.4375741
small states,1976,1297.268769
sao tome and principe,1976,585.225492
suriname,1976,1301.865363
slovak republic,1976,
slovenia,1976,
sweden,1976,10852.64383
eswatini,1976,520.7996257
sint maarten (dutch part),1976,
seychelles,1976,814.4747745
syrian arab republic,1976,976.4892402
turks and caicos islands,1976,
chad,1976,203.7131167
east asia & pacific (ida & ibrd countries),1976,201.0718719
europe & central asia (ida & ibrd countries),1976,
togo,1976,331.5956245
thailand,1976,405.4087341
tajikistan,1976,
turkmenistan,1976,
latin america & the caribbean (ida & ibrd countries),1976,1302.177487
timor-leste,1976,
"middle east, north africa, afghanistan & pakistan (ida & ibrd)",1976,762.9037551
tonga,1976,315.094854
south asia (ida & ibrd),1976,160.6996744
sub-saharan africa (ida & ibrd countries),1976,474.4375741
trinidad and tobago,1976,2344.930283
tunisia,1976,751.7419464
turkiye,1976,1227.924097
tuvalu,1976,611.9725531
tanzania,1976,397.5427551
uganda,1976,203.3098137
ukraine,1976,
upper middle income,1976,532.1311804
uruguay,1976,1268.303032
united states,1976,8592.253537
uzbekistan,1976,
st. vincent and the grenadines,1976,324.0495734
"venezuela, rb",1976,2309.192935
british virgin islands,1976,
virgin islands (u.s.),1976,
viet nam,1976,
vanuatu,1976,
world,1976,1586.037683
samoa,1976,541.0314722
kosovo,1976,
"yemen, rep.",1976,
south africa,1976,1558.998247
zambia,1976,533.2316317
zimbabwe,1976,686.8618144
aruba,1977,
africa eastern and southern,1977,518.4506129
afghanistan,1977,
africa western and central,1977,490.8477665
angola,1977,
albania,1977,
andorra,1977,8167.922862
arab world,1977,1630.359824
united arab emirates,1977,35020.36044
argentina,1977,2126.48546
armenia,1977,
american samoa,1977,
antigua and barbuda,1977,1213.670217
australia,1977,7775.658469
austria,1977,6783.951422
azerbaijan,1977,
burundi,1977,137.4480444
belgium,1977,8426.946959
benin,1977,207.0129622
burkina faso,1977,175.9638645
bangladesh,1977,117.8877714
bulgaria,1977,
bahrain,1977,6358.420842
"bahamas, the",1977,3253.375434
bosnia and herzegovina,1977,
belarus,1977,
belize,1977,865.7929015
bermuda,1977,8383.031394
bolivia,1977,600.2882231
brazil,1977,1562.29143
barbados,1977,1967.593444
brunei darussalam,1977,21746.85591
bhutan,1977,249.9353583
botswana,1977,564.8317482
central african republic,1977,213.785551
canada,1977,8949.109893
central europe and the baltics,1977,
switzerland,1977,11643.64674
channel islands,1977,
chile,1977,1296.868547
china,1977,185.7286207
cote d'ivoire,1977,855.6556914
cameroon,1977,435.4086563
"congo, dem. rep.",1977,509.4883687
"congo, rep.",1977,448.1367824
colombia,1977,798.2030216
comoros,1977,
cabo verde,1977,
costa rica,1977,1393.375138
caribbean small states,1977,1786.946331
cuba,1977,1472.378817
curacao,1977,
cayman islands,1977,
cyprus,1977,1476.247559
czechia,1977,
germany,1977,7711.10232
djibouti,1977,
dominica,1977,633.5517417
denmark,1977,9769.578643
dominican republic,1977,862.9760492
algeria,1977,1232.494187
east asia & pacific (excluding high income),1977,225.2430138
early-demographic dividend,1977,559.4832897
east asia & pacific,1977,836.9705234
europe & central asia (excluding high income),1977,
europe & central asia,1977,3501.867342
ecuador,1977,1464.940584
"egypt, arab rep.",1977,353.4038337
euro area,1977,5908.687186
eritrea,1977,
spain,1977,3624.999403
estonia,1977,
ethiopia,1977,170.4041437
european union,1977,4997.869692
fragile and conflict affected situations,1977,617.0315158
finland,1977,7069.735651
fiji,1977,1203.57268
france,1977,7464.907845
faroe islands,1977,8387.149239
"micronesia, fed. sts.",1977,668.6014727
gabon,1977,4048.146743
united kingdom,1977,4681.439932
georgia,1977,
ghana,1977,292.2897981
gibraltar,1977,
guinea,1977,1440.157665
"gambia, the",1977,213.8425432
guinea-bissau,1977,402.9065878
equatorial guinea,1977,375.7059606
greece,1977,3832.3211
grenada,1977,736.9274992
greenland,1977,5713.962534
guatemala,1977,856.1254953
guam,1977,
guyana,1977,592.9975984
high income,1977,5587.366719
"hong kong sar, china",1977,3429.420276
honduras,1977,491.2237194
heavily indebted poor countries (hipc),1977,350.5004315
croatia,1977,
haiti,1977,178.6969127
hungary,1977,1388.395099
ibrd only,1977,581.0912338
ida & ibrd total,1977,532.8126389
ida total,1977,313.5898204
ida blend,1977,396.7461556
indonesia,1977,330.6702141
ida only,1977,275.3523885
isle of man,1977,
india,1977,189.5855686
not classified,1977,
ireland,1977,3427.073436
"iran, islamic rep.",1977,2243.055595
iraq,1977,1608.795451
iceland,1977,9957.254434
israel,1977,5053.17296
italy,1977,4614.210049
jamaica,1977,1569.421271
jordan,1977,1038.522301
japan,1977,6472.787787
kazakhstan,1977,
kenya,1977,311.4862529
kyrgyz republic,1977,
cambodia,1977,126.3571175
kiribati,1977,519.9438947
st. kitts and nevis,1977,1026.253432
"korea, rep.",1977,1055.880041
kuwait,1977,11237.79672
latin america & caribbean (excluding high income),1977,1346.05772
lao pdr,1977,
lebanon,1977,
liberia,1977,381.0891049
libya,1977,7783.460091
st. lucia,1977,
latin america & caribbean,1977,1425.515761
least developed countries: un classification,1977,253.9592555
low income,1977,336.7896881
liechtenstein,1977,12416.8693
sri lanka,1977,292.1489925
lower middle income,1977,260.5651361
low & middle income,1977,439.7962672
lesotho,1977,149.8604603
late-demographic dividend,1977,609.9071012
lithuania,1977,
luxembourg,1977,10486.33579
latvia,1977,
"macao sar, china",1977,
st. martin (french part),1977,
morocco,1977,610.7503662
monaco,1977,30875.47643
moldova,1977,
madagascar,1977,286.896321
maldives,1977,137.2591898
"middle east, north africa, afghanistan & pakistan",1977,1373.881005
mexico,1977,1314.620445
marshall islands,1977,724.2194868
middle income,1977,447.7777258
north macedonia,1977,
mali,1977,148.0526946
malta,1977,2037.864191
myanmar,1977,27.86008672
"middle east, north africa, afghanistan & pakistan (excluding high income)",1977,862.3855047
montenegro,1977,
mongolia,1977,
northern mariana islands,1977,
mozambique,1977,
mauritania,1977,590.2266984
mauritius,1977,905.9496387
malawi,1977,
malaysia,1977,1091.708371
north america,1977,9403.390835
namibia,1977,
new caledonia,1977,5792.710368
niger,1977,229.8084176
nigeria,1977,535.9653078
nicaragua,1977,744.1853204
netherlands,1977,9180.299185
norway,1977,10266.12067
nepal,1977,95.34335574
nauru,1977,5646.335581
new zealand,1977,4950.588205
oecd members,1977,5796.025388
oman,1977,3204.86973
other small states,1977,1512.102132
pakistan,1977,204.6777626
panama,1977,1503.265034
peru,1977,902.860901
philippines,1977,502.2342429
palau,1977,1781.086148
papua new guinea,1977,558.0150162
poland,1977,
pre-demographic dividend,1977,466.3501062
puerto rico (us),1977,3208.771356
"korea, dem. people's rep.",1977,
portugal,1977,2267.371003
paraguay,1977,739.8344941
west bank and gaza,1977,
pacific island small states,1977,879.5238056
post-demographic dividend,1977,6283.589271
french polynesia,1977,5573.604511
qatar,1977,16057.72527
romania,1977,
russian federation,1977,
rwanda,1977,152.7442624
south asia,1977,181.8976148
saudi arabia,1977,14595.37399
sudan,1977,392.3993835
senegal,1977,540.1268492
singapore,1977,2846.335988
solomon islands,1977,434.4098133
sierra leone,1977,224.3111833
el salvador,1977,683.9025857
san marino,1977,
"somalia, fed. rep.",1977,111.1831324
serbia,1977,
sub-saharan africa (excluding high income),1977,541.2204446
south sudan,1977,
sub-saharan africa,1977,507.0440171
small states,1977,1536.424076
sao tome and principe,1977,538.961154
suriname,1977,1665.943849
slovak republic,1977,
slovenia,1977,
sweden,1977,11432.15272
eswatini,1977,562.7115785
sint maarten (dutch part),1977,
seychelles,1977,1044.353113
syrian arab republic,1977,951.2403986
turks and caicos islands,1977,
chad,1977,215.9354504
east asia & pacific (ida & ibrd countries),1977,228.0882923
europe & central asia (ida & ibrd countries),1977,
togo,1977,406.3423014
thailand,1977,461.6591416
tajikistan,1977,
turkmenistan,1977,
latin america & the caribbean (ida & ibrd countries),1977,1400.033695
timor-leste,1977,
"middle east, north africa, afghanistan & pakistan (ida & ibrd)",1977,855.6086676
tonga,1977,352.9530927
south asia (ida & ibrd),1977,181.8976148
sub-saharan africa (ida & ibrd countries),1977,507.0440171
trinidad and tobago,1977,2907.373477
tunisia,1977,829.9839633
turkiye,1977,1371.961857
tuvalu,1977,548.8213568
tanzania,1977,458.0583496
uganda,1977,237.5848891
ukraine,1977,
upper middle income,1977,586.0926946
uruguay,1977,1414.2379
united states,1977,9452.576519
uzbekistan,1977,
st. vincent and the grenadines,1977,483.8592717
"venezuela, rb",1977,2585.220511
british virgin islands,1977,
virgin islands (u.s.),1977,
viet nam,1977,
vanuatu,1977,
world,1977,1761.90995
samoa,1977,615.29781
kosovo,1977,
"yemen, rep.",1977,
south africa,1977,1671.466188
zambia,1977,474.3623624
zimbabwe,1977,676.6996404
aruba,1978,
africa eastern and southern,1978,571.7202675
afghanistan,1978,
africa western and central,1978,523.7880964
angola,1978,
albania,1978,
andorra,1978,9409.508513
arab world,1978,1728.20571
united arab emirates,1978,29379.12774
argentina,1978,3282.063044
armenia,1978,
american samoa,1978,
antigua and barbuda,1978,1374.820275
australia,1978,8252.734457
austria,1978,8173.329263
azerbaijan,1978,
burundi,1978,148.8232325
belgium,1978,10289.76842
benin,1978,249.8029262
burkina faso,1978,223.879112
bangladesh,1978,158.3242552
bulgaria,1978,
bahrain,1978,6925.988932
"bahamas, the",1978,3720.040579
bosnia and herzegovina,1978,
belarus,1978,
belize,1978,982.6043702
bermuda,1978,8904.942823
bolivia,1978,683.142437
brazil,1978,1732.500122
barbados,1978,2197.899062
brunei darussalam,1978,23446.53412
bhutan,1978,232.1723697
botswana,1978,695.2193369
central african republic,1978,254.6240877
canada,1978,9154.433253
central europe and the baltics,1978,
switzerland,1978,16282.19325
channel islands,1978,
chile,1978,1465.456056
china,1978,156.6556169
cote d'ivoire,1978,1039.114983
cameroon,1978,581.989336
"congo, dem. rep.",1978,615.0841953
"congo, rep.",1978,502.7042514
colombia,1978,932.3926951
comoros,1978,
cabo verde,1978,
costa rica,1978,1555.837161
caribbean small states,1978,2023.785937
cuba,1978,1837.39107
curacao,1978,
cayman islands,1978,
cyprus,1978,1929.399292
czechia,1978,
germany,1978,9516.782832
djibouti,1978,
dominica,1978,785.5758148
denmark,1978,11817.62509
dominican republic,1978,868.3973718
algeria,1978,1505.942221
east asia & pacific (excluding high income),1978,215.1843126
early-demographic dividend,1978,624.2228498
east asia & pacific,1978,1041.336271
europe & central asia (excluding high income),1978,
europe & central asia,1978,4262.639713
ecuador,1978,1541.137604
"egypt, arab rep.",1978,354.6742463
euro area,1978,7203.605629
eritrea,1978,
spain,1978,4353.327374
estonia,1978,
ethiopia,1978,178.3024806
european union,1978,6057.759838
fragile and conflict affected situations,1978,660.3290557
finland,1978,7629.495725
fiji,1978,1354.811441
france,1978,9166.59012
faroe islands,1978,9479.437545
"micronesia, fed. sts.",1978,737.5104324
gabon,1978,3359.572681
united kingdom,1978,5976.938169
georgia,1978,
ghana,1978,325.5984767
gibraltar,1978,
guinea,1978,1657.963932
"gambia, the",1978,257.5810422
guinea-bissau,1978,402.7775257
equatorial guinea,1978,
greece,1978,4629.339377
grenada,1978,917.1111188
greenland,1978,7235.516939
guatemala,1978,925.1800265
guam,1978,
guyana,1978,663.2085861
high income,1978,6653.636341
"hong kong sar, china",1978,3923.971378
honduras,1978,883.5472213
heavily indebted poor countries (hipc),1978,400.6084925
croatia,1978,
haiti,1978,180.3212539
hungary,1978,1617.878534
ibrd only,1978,630.6612089
ida & ibrd total,1978,579.4947791
ida total,1978,346.9777853
ida blend,1978,424.3509578
indonesia,1978,362.4837798
ida only,1978,312.2312521
isle of man,1978,
india,1978,209.3890636
not classified,1978,
ireland,1978,4399.986805
"iran, islamic rep.",1978,2100.770153
iraq,1978,1863.217612
iceland,1978,11236.73574
israel,1978,4797.096723
italy,1978,5623.429176
jamaica,1978,1262.403272
jordan,1978,1248.90326
japan,1978,9012.136035
kazakhstan,1978,
kenya,1978,355.1419822
kyrgyz republic,1978,
cambodia,1978,147.1015734
kiribati,1978,610.7838526
st. kitts and nevis,1978,1143.840001
"korea, rep.",1978,1405.822374
kuwait,1978,11567.06537
latin america & caribbean (excluding high income),1978,1597.106815
lao pdr,1978,
lebanon,1978,
liberia,1978,394.4680783
libya,1978,7251.837542
st. lucia,1978,
latin america & caribbean,1978,1670.827959
least developed countries: un classification,1978,291.5727459
low income,1978,381.4464078
liechtenstein,1978,17456.93095
sri lanka,1978,190.9964646
lower middle income,1978,287.5880679
low & middle income,1978,478.6016491
lesotho,1978,200.8454135
late-demographic dividend,1978,625.4764484
lithuania,1978,
luxembourg,1978,13034.38821
latvia,1978,
"macao sar, china",1978,
st. martin (french part),1978,
morocco,1978,712.8796387
monaco,1978,37607.78869
moldova,1978,
madagascar,1978,314.9832412
maldives,1978,156.0531839
"middle east, north africa, afghanistan & pakistan",1978,1415.974731
mexico,1978,1604.409205
marshall islands,1978,770.9177688
middle income,1978,486.6784979
north macedonia,1978,
mali,1978,169.1233191
malta,1978,2558.734555
myanmar,1978,29.2562311
"middle east, north africa, afghanistan & pakistan (excluding high income)",1978,898.6802642
montenegro,1978,
mongolia,1978,
northern mariana islands,1978,
mozambique,1978,
mauritania,1978,577.7427775
mauritius,1978,1102.347537
malawi,1978,
malaysia,1978,1326.887698
north america,1978,10427.52354
namibia,1978,
new caledonia,1978,5779.036339
niger,1978,306.8280225
nigeria,1978,526.8958529
nicaragua,1978,690.7412617
netherlands,1978,11195.84249
norway,1978,11462.59459
nepal,1978,108.0994251
nauru,1978,5721.313689
new zealand,1978,5936.98526
oecd members,1978,6910.908598
oman,1978,3043.75121
other small states,1978,1721.543389
pakistan,1978,233.4179916
panama,1978,1738.487637
peru,1978,756.3473068
philippines,1978,565.2674871
palau,1978,1971.866158
papua new guinea,1978,648.4901128
poland,1978,
pre-demographic dividend,1978,513.2991374
puerto rico (us),1978,3567.752629
"korea, dem. people's rep.",1978,
portugal,1978,2457.313216
paraguay,1978,882.9319193
west bank and gaza,1978,
pacific island small states,1978,986.1753035
post-demographic dividend,1978,7517.421619
french polynesia,1978,6848.951004
qatar,1978,16757.09825
romania,1978,
russian federation,1978,
rwanda,1978,179.8765278
south asia,1978,201.5260918
saudi arabia,1978,14914.15427
sudan,1978,410.0720825
senegal,1978,589.1340453
singapore,1978,3193.905657
solomon islands,1978,500.0582231
sierra leone,1978,305.4394692
el salvador,1978,711.8522642
san marino,1978,
"somalia, fed. rep.",1978,117.2553451
serbia,1978,
sub-saharan africa (excluding high income),1978,588.9524434
south sudan,1978,
sub-saharan africa,1978,551.5466006
small states,1978,1741.918867
sao tome and principe,1978,586.8665672
suriname,1978,1927.906014
slovak republic,1978,
slovenia,1978,
sweden,1978,12602.3664
eswatini,1978,609.96065
sint maarten (dutch part),1978,
seychelles,1978,1376.546513
syrian arab republic,1978,1107.783045
turks and caicos islands,1978,
chad,1978,252.5113817
east asia & pacific (ida & ibrd countries),1978,217.9012563
europe & central asia (ida & ibrd countries),1978,
togo,1978,420.5070095
thailand,1978,548.2331132
tajikistan,1978,
turkmenistan,1978,
latin america & the caribbean (ida & ibrd countries),1978,1639.789157
timor-leste,1978,
"middle east, north africa, afghanistan & pakistan (ida & ibrd)",1978,891.6182139
tonga,1978,427.6312875
south asia (ida & ibrd),1978,201.5260918
sub-saharan africa (ida & ibrd countries),1978,551.5466006
trinidad and tobago,1978,3258.092757
tunisia,1978,945.9646781
turkiye,1978,1510.185311
tuvalu,1978,546.0373528
tanzania,1978,529.6036377
uganda,1978,190.6901451
ukraine,1978,
upper middle income,1978,634.7875047
uruguay,1978,1678.309256
united states,1978,10564.94822
uzbekistan,1978,
st. vincent and the grenadines,1978,592.0191825
"venezuela, rb",1978,2727.137466
british virgin islands,1978,
virgin islands (u.s.),1978,
viet nam,1978,
vanuatu,1978,
world,1978,2049.621258
samoa,1978,670.6332719
kosovo,1978,
"yemen, rep.",1978,
south africa,1978,1851.751913
zambia,1978,514.3348786
zimbabwe,1978,665.0188697
aruba,1979,
africa eastern and southern,1979,634.5618941
afghanistan,1979,
africa western and central,1979,624.8782974
angola,1979,
albania,1979,
andorra,1979,11996.40729
arab world,1979,2251.506021
united arab emirates,1979,34238.28645
argentina,1979,2511.973329
armenia,1979,
american samoa,1979,
antigua and barbuda,1979,1705.14199
australia,1979,9294.515783
austria,1979,9755.404456
azerbaijan,1979,
burundi,1979,186.1522736
belgium,1979,11810.61588
benin,1979,310.6513871
burkina faso,1979,258.501729
bangladesh,1979,181.1307067
bulgaria,1979,
bahrain,1979,7890.829825
"bahamas, the",1979,4994.085352
bosnia and herzegovina,1979,
belarus,1979,
belize,1979,1071.443696
bermuda,1979,9664.218846
bolivia,1979,801.033734
brazil,1979,1869.713376
barbados,1979,2667.90751
brunei darussalam,1979,33501.27827
bhutan,1979,251.3788053
botswana,1979,909.2071333
central african republic,1979,289.1189382
canada,1979,10077.50267
central europe and the baltics,1979,
switzerland,1979,18265.55886
channel islands,1979,
chile,1979,1962.081856
china,1979,184.2858531
cote d'ivoire,1979,1157.001398
cameroon,1979,718.356902
"congo, dem. rep.",1979,582.0894322
"congo, rep.",1979,670.2452231
colombia,1979,1095.031384
comoros,1979,
cabo verde,1979,
costa rica,1979,1734.595602
caribbean small states,1979,2491.901121
cuba,1979,2005.913263
curacao,1979,
cayman islands,1979,
cyprus,1979,2559.229004
czechia,1979,
germany,1979,11322.35434
djibouti,1979,
dominica,1979,754.0914608
denmark,1979,13757.23437
dominican republic,1979,983.7397065
algeria,1979,1843.119296
east asia & pacific (excluding high income),1979,245.2678867
early-demographic dividend,1979,716.8501368
east asia & pacific,1979,1113.787108
europe & central asia (excluding high income),1979,
europe & central asia,1979,5162.392058
ecuador,1979,1783.292806
"egypt, arab rep.",1979,420.8582169
euro area,1979,8690.838593
eritrea,1979,
spain,1979,5766.092967
estonia,1979,
ethiopia,1979,192.3571173
european union,1979,7288.842854
fragile and conflict affected situations,1979,811.8505928
finland,1979,9333.076956
fiji,1979,1626.66019
france,1979,11062.57317
faroe islands,1979,10549.34015
"micronesia, fed. sts.",1979,803.0321902
gabon,1979,4154.58594
united kingdom,1979,7804.762081
georgia,1979,
ghana,1979,346.6534038
gibraltar,1979,
guinea,1979,1789.995549
"gambia, the",1979,300.258528
guinea-bissau,1979,375.8453302
equatorial guinea,1979,
greece,1979,5626.588791
grenada,1979,1070.733713
greenland,1979,8480.762531
guatemala,1979,1025.982235
guam,1979,
guyana,1979,688.8276528
high income,1979,7627.618561
"hong kong sar, china",1979,4569.48385
honduras,1979,980.4427676
heavily indebted poor countries (hipc),1979,428.0546375
croatia,1979,
haiti,1979,196.2019686
hungary,1979,1864.671889
ibrd only,1979,723.3877716
ida & ibrd total,1979,661.8182703
ida total,1979,386.6267888
ida blend,1979,501.2386697
indonesia,1979,353.4241758
ida only,1979,332.1358945
isle of man,1979,
india,1979,227.9581799
not classified,1979,
ireland,1979,5429.962001
"iran, islamic rep.",1979,2352.426552
iraq,1979,2871.329522
iceland,1979,12640.64081
israel,1979,5971.933719
italy,1979,7006.396991
jamaica,1979,1144.17563
jordan,1979,1518.824513
japan,1979,9301.14831
kazakhstan,1979,
kenya,1979,403.2420798
kyrgyz republic,1979,
cambodia,1979,142.2216171
kiribati,1979,572.794606
st. kitts and nevis,1979,1367.339966
"korea, rep.",1979,1783.622313
kuwait,1979,17385.89429
latin america & caribbean (excluding high income),1979,1716.891273
lao pdr,1979,
lebanon,1979,
liberia,1979,434.6997645
libya,1979,9442.759333
st. lucia,1979,
latin america & caribbean,1979,1833.384061
least developed countries: un classification,1979,311.3265691
low income,1979,391.772324
liechtenstein,1979,19674.41268
sri lanka,1979,230.7750694
lower middle income,1979,325.2776452
low & middle income,1979,543.3415228
lesotho,1979,212.3709384
late-demographic dividend,1979,733.9639111
lithuania,1979,
luxembourg,1979,15204.33082
latvia,1979,
"macao sar, china",1979,
st. martin (french part),1979,
morocco,1979,834.8121338
monaco,1979,44989.96532
moldova,1979,
madagascar,1979,396.3987119
maldives,1979,240.2305094
"middle east, north africa, afghanistan & pakistan",1979,1785.006584
mexico,1979,2049.264689
marshall islands,1979,859.0135853
middle income,1979,554.6072689
north macedonia,1979,
mali,1979,216.3207341
malta,1979,3195.514316
myanmar,1979,29.21367579
"middle east, north africa, afghanistan & pakistan (excluding high income)",1979,1084.26572
montenegro,1979,
mongolia,1979,
northern mariana islands,1979,
mozambique,1979,
mauritania,1979,664.383619
mauritius,1979,1292.20143
malawi,1979,
malaysia,1979,1679.877794
north america,1979,11518.75425
namibia,1979,
new caledonia,1979,7069.544214
niger,1979,354.1697309
nigeria,1979,660.9940409
nicaragua,1979,495.3665974
netherlands,1979,12817.37902
norway,1979,13046.53722
nepal,1979,121.8682097
nauru,1979,5949.562162
new zealand,1979,6668.138666
oecd members,1979,7903.356886
oman,1979,3933.505109
other small states,1979,2225.15303
pakistan,1979,249.22939
panama,1979,1937.981075
peru,1979,942.1769017
philippines,1979,666.9563868
palau,1979,2188.883116
papua new guinea,1979,747.8009491
poland,1979,
pre-demographic dividend,1979,614.1547655
puerto rico (us),1979,4024.50942
"korea, dem. people's rep.",1979,
portugal,1979,2755.624618
paraguay,1979,1148.895273
west bank and gaza,1979,
pacific island small states,1979,1162.210121
post-demographic dividend,1979,8576.814048
french polynesia,1979,8016.365244
qatar,1979,21776.63818
romania,1979,
russian federation,1979,
rwanda,1979,213.7657513
south asia,1979,220.8683288
saudi arabia,1979,19611.56513
sudan,1979,408.8996277
senegal,1979,716.2814365
singapore,1979,3900.533553
solomon islands,1979,657.8583297
sierra leone,1979,345.8593205
el salvador,1979,773.0669531
san marino,1979,
"somalia, fed. rep.",1979,108.1949478
serbia,1979,
sub-saharan africa (excluding high income),1979,674.2398827
south sudan,1979,
sub-saharan africa,1979,630.9988678
small states,1979,2195.331297
sao tome and principe,1979,683.1642785
suriname,1979,2072.287753
slovak republic,1979,
slovenia,1979,
sweden,1979,14855.7663
eswatini,1979,713.9533051
sint maarten (dutch part),1979,
seychelles,1979,2030.135903
syrian arab republic,1979,1146.361793
turks and caicos islands,1979,
chad,1979,222.9147385
east asia & pacific (ida & ibrd countries),1979,248.3541306
europe & central asia (ida & ibrd countries),1979,
togo,1979,443.4614285
thailand,1979,612.0887602
tajikistan,1979,
turkmenistan,1979,
latin america & the caribbean (ida & ibrd countries),1979,1798.262426
timor-leste,1979,
"middle east, north africa, afghanistan & pakistan (ida & ibrd)",1979,1075.745294
tonga,1979,457.9164481
south asia (ida & ibrd),1979,220.8683288
sub-saharan africa (ida & ibrd countries),1979,630.9988678
trinidad and tobago,1979,4155.15942
tunisia,1979,1113.44445
turkiye,1979,2013.373743
tuvalu,1979,565.9325493
tanzania,1979,542.1147461
uganda,1979,164.5130122
ukraine,1979,
upper middle income,1979,726.5415275
uruguay,1979,2442.659579
united states,1979,11674.18187
uzbekistan,1979,
st. vincent and the grenadines,1979,687.0673924
"venezuela, rb",1979,3256.649087
british virgin islands,1979,
virgin islands (u.s.),1979,
viet nam,1979,
vanuatu,1979,1055.014467
world,1979,2329.111581
samoa,1979,750.5887261
kosovo,1979,
"yemen, rep.",1979,
south africa,1979,2201.519223
zambia,1979,595.4558491
zimbabwe,1979,778.8516286
aruba,1980,
africa eastern and southern,1980,773.4394541
afghanistan,1980,
africa western and central,1980,757.0755553
angola,1980,729.1119655
albania,1980,590.6077384
andorra,1980,12474.92529
arab world,1980,2954.049197
united arab emirates,1980,42925.23388
argentina,1980,2747.502275
armenia,1980,
american samoa,1980,
antigua and barbuda,1980,2053.103279
australia,1980,10208.80368
austria,1980,10826.97183
azerbaijan,1980,
burundi,1980,209.8057367
belgium,1980,12864.00257
benin,1980,358.0030542
burkina faso,1980,277.5975314
bangladesh,1980,206.0757143
bulgaria,1980,2238.802958
bahrain,1980,9732.725872
"bahamas, the",1980,5742.583625
bosnia and herzegovina,1980,
belarus,1980,
belize,1980,1774.413699
bermuda,1980,11426.60123
bolivia,1980,772.7795239
brazil,1980,1958.571592
barbados,1980,4024.588566
brunei darussalam,1980,58005.34248
bhutan,1980,296.8805108
botswana,1980,1131.63379
central african republic,1980,325.2547703
canada,1980,11208.20274
central europe and the baltics,1980,
switzerland,1980,19393.88055
channel islands,1980,
chile,1980,2570.843119
china,1980,195.14948
cote d'ivoire,1980,1237.802168
cameroon,1980,784.1162271
"congo, dem. rep.",1980,538.9118394
"congo, rep.",1980,932.6467155
colombia,1980,1279.501167
comoros,1980,628.3833744
cabo verde,1980,439.9826024
costa rica,1980,2020.990675
caribbean small states,1980,3199.783024
cuba,1980,2030.933623
curacao,1980,
cayman islands,1980,
cyprus,1980,4232.022949
czechia,1980,
germany,1980,12182.78002
djibouti,1980,
dominica,1980,996.1913623
denmark,1980,13822.15784
dominican republic,1980,1180.180893
algeria,1980,2275.779712
east asia & pacific (excluding high income),1980,278.6755518
early-demographic dividend,1980,868.8596955
east asia & pacific,1980,1187.306634
europe & central asia (excluding high income),1980,
europe & central asia,1980,5795.14317
ecuador,1980,2189.784177
"egypt, arab rep.",1980,493.0535733
euro area,1980,9689.637561
eritrea,1980,
spain,1980,6204.143215
estonia,1980,
ethiopia,1980,203.6853944
european union,1980,8116.450677
fragile and conflict affected situations,1980,1003.58359
finland,1980,11224.938
fiji,1980,1873.31098
france,1980,12565.16394
faroe islands,1980,11446.28297
"micronesia, fed. sts.",1980,829.2098131
gabon,1980,5718.467191
united kingdom,1980,10032.06208
georgia,1980,
ghana,1980,372.2520264
gibraltar,1980,
guinea,1980,1930.991843
"gambia, the",1980,337.6925344
guinea-bissau,1980,346.8554416
equatorial guinea,1980,175.4510081
greece,1980,5811.690696
grenada,1980,1173.078096
greenland,1980,9483.102406
guatemala,1980,1141.805498
guam,1980,
guyana,1980,778.9588141
high income,1980,8448.323513
"hong kong sar, china",1980,5700.432109
honduras,1980,1064.656791
heavily indebted poor countries (hipc),1980,458.174318
croatia,1980,
haiti,1980,246.4692716
hungary,1980,2158.221814
ibrd only,1980,843.1018878
ida & ibrd total,1980,770.0964325
ida total,1980,446.8227359
ida blend,1980,612.352097
indonesia,1980,486.620172
ida only,1980,364.6148879
isle of man,1980,
india,1980,271.080946
not classified,1980,
ireland,1980,6372.437775
"iran, islamic rep.",1980,2368.392857
iraq,1980,3867.645007
iceland,1980,14821.81509
israel,1980,6548.544734
italy,1980,8476.41045
jamaica,1980,1248.744847
jordan,1980,1750.098011
japan,1980,9668.746264
kazakhstan,1980,
kenya,1980,453.5589734
kyrgyz republic,1980,
cambodia,1980,143.154318
kiribati,1980,542.2535996
st. kitts and nevis,1980,1597.648991
"korea, rep.",1980,1715.4224
kuwait,1980,19031.90519
latin america & caribbean (excluding high income),1980,2027.736192
lao pdr,1980,
lebanon,1980,
liberia,1980,443.0271717
libya,1980,11959.52227
st. lucia,1980,1428.203289
latin america & caribbean,1980,2179.662499
least developed countries: un classification,1980,334.2123926
low income,1980,421.4082271
liechtenstein,1980,20958.73953
sri lanka,1980,271.0552901
lower middle income,1980,386.2803031
low & middle income,1980,628.227847
lesotho,1980,306.815566
late-demographic dividend,1980,829.9761769
lithuania,1980,
luxembourg,1980,16531.1149
latvia,1980,
"macao sar, china",1980,
st. martin (french part),1980,
morocco,1980,1109.882202
monaco,1980,50813.93423
moldova,1980,
madagascar,1980,577.592701
maldives,1980,257.6126196
"middle east, north africa, afghanistan & pakistan",1980,2223.902748
mexico,1980,3054.621623
marshall islands,1980,867.9616884
middle income,1980,642.8466363
north macedonia,1980,
mali,1980,233.6747469
malta,1980,3948.265727
myanmar,1980,31.24623929
"middle east, north africa, afghanistan & pakistan (excluding high income)",1980,1276.996631
montenegro,1980,
mongolia,1980,1235.144225
northern mariana islands,1980,
mozambique,1980,
mauritania,1980,710.9189525
mauritius,1980,1187.351571
malawi,1980,287.4708224
malaysia,1980,1886.123393
north america,1980,12441.49041
namibia,1980,2467.807655
new caledonia,1980,7892.722129
niger,1980,408.8227798
nigeria,1980,870.3599347
nicaragua,1980,659.2971431
netherlands,1980,13812.16001
norway,1980,15772.24091
nepal,1980,125.1143475
nauru,1980,6137.681296
new zealand,1980,7467.168038
oecd members,1980,8696.385082
oman,1980,5974.304346
other small states,1980,3266.117628
pakistan,1980,287.4487073
panama,1980,2357.09132
peru,1980,1044.691655
philippines,1980,766.9694511
palau,1980,2422.626844
papua new guinea,1980,812.9646176
poland,1980,
pre-demographic dividend,1980,734.6342225
puerto rico (us),1980,4502.838428
"korea, dem. people's rep.",1980,
portugal,1980,3368.366669
paraguay,1980,1456.844069
west bank and gaza,1980,
pacific island small states,1980,1299.849473
post-demographic dividend,1980,9426.921773
french polynesia,1980,8438.726824
qatar,1980,28375.48525
romania,1980,
russian federation,1980,
rwanda,1980,234.3928514
south asia,1980,261.1807959
saudi arabia,1980,27205.64523
sudan,1980,418.3487854
senegal,1980,771.5339696
singapore,1980,4928.139118
solomon islands,1980,767.8506163
sierra leone,1980,336.3222059
el salvador,1980,787.1496055
san marino,1980,
"somalia, fed. rep.",1980,101.4993123
serbia,1980,
sub-saharan africa (excluding high income),1980,821.4443111
south sudan,1980,
sub-saharan africa,1980,767.0991395
small states,1980,3020.373997
sao tome and principe,1980,828.6880077
suriname,1980,2117.870834
slovak republic,1980,
slovenia,1980,
sweden,1980,17073.24066
eswatini,1980,908.3756018
sint maarten (dutch part),1980,
seychelles,1980,2478.364703
syrian arab republic,1980,1458.239764
turks and caicos islands,1980,
chad,1980,228.7704919
east asia & pacific (ida & ibrd countries),1980,282.1727169
europe & central asia (ida & ibrd countries),1980,
togo,1980,549.4334666
thailand,1980,708.7294501
tajikistan,1980,
turkmenistan,1980,
latin america & the caribbean (ida & ibrd countries),1980,2151.055222
timor-leste,1980,
"middle east, north africa, afghanistan & pakistan (ida & ibrd)",1980,1266.961678
tonga,1980,544.7542414
south asia (ida & ibrd),1980,261.1807959
sub-saharan africa (ida & ibrd countries),1980,767.0991395
trinidad and tobago,1980,5559.052095
tunisia,1980,1323.626438
turkiye,1980,1515.645899
tuvalu,1980,571.0192959
tanzania,1980,611.211792
uganda,1980,93.75069911
ukraine,1980,
upper middle income,1980,836.8785721
uruguay,1980,3442.812306
united states,1980,12574.79151
uzbekistan,1980,
st. vincent and the grenadines,1980,790.1158169
"venezuela, rb",1980,3874.404706
british virgin islands,1980,
virgin islands (u.s.),1980,
viet nam,1980,
vanuatu,1980,1047.773626
world,1980,2580.485526
samoa,1980,765.2477329
kosovo,1980,
"yemen, rep.",1980,
south africa,1980,3028.974476
zambia,1980,669.419722
zimbabwe,1980,948.5273873
aruba,1981,
africa eastern and southern,1981,777.8331104
afghanistan,1981,
africa western and central,1981,1324.54659
angola,1981,657.9826485
albania,1981,663.2942083
andorra,1981,10465.26046
arab world,1981,2911.007872
united arab emirates,1981,44854.48003
argentina,1981,2764.086414
armenia,1981,
american samoa,1981,
antigua and barbuda,1981,2310.196998
australia,1981,11853.66942
austria,1981,9348.488324
azerbaijan,1981,
burundi,1981,212.2303319
belgium,1981,10622.80248
benin,1981,319.718186
burkina faso,1981,248.7079739
bangladesh,1981,224.2413924
bulgaria,1981,2234.814816
bahrain,1981,10556.50917
"bahamas, the",1981,6028.80641
bosnia and herzegovina,1981,
belarus,1981,
belize,1981,1752.517038
bermuda,1981,13687.79806
bolivia,1981,981.381289
brazil,1981,2079.709084
barbados,1981,4416.715199
brunei darussalam,1981,48793.44226
bhutan,1981,310.7704117
botswana,1981,1107.028101
central african republic,1981,280.3433918
canada,1981,12379.03686
central europe and the baltics,1981,
switzerland,1981,17665.0139
channel islands,1981,
chile,1981,3012.344782
china,1981,197.425511
cote d'ivoire,1981,985.5075479
cameroon,1981,749.8475413
"congo, dem. rep.",1981,455.912227
"congo, rep.",1981,1066.186777
colombia,1981,1362.183325
comoros,1981,565.2277077
cabo verde,1981,425.4076887
costa rica,1981,1068.046722
caribbean small states,1981,3496.708152
cuba,1981,2045.852312
curacao,1981,
cayman islands,1981,
cyprus,1981,4033.240479
czechia,1981,
germany,1981,10246.47676
djibouti,1981,
dominica,1981,1124.974531
denmark,1981,12000.21038
dominican republic,1981,1288.465631
algeria,1981,2307.334344
east asia & pacific (excluding high income),1981,292.9648714
early-demographic dividend,1981,937.713574
east asia & pacific,1981,1288.261193
europe & central asia (excluding high income),1981,
europe & central asia,1981,5128.672364
ecuador,1981,2600.571528
"egypt, arab rep.",1981,490.3087969
euro area,1981,8385.374488
eritrea,1981,
spain,1981,5367.329763
estonia,1981,
ethiopia,1981,212.657518
european union,1981,7053.643425
fragile and conflict affected situations,1981,1293.514421
finland,1981,10925.09572
fiji,1981,1879.363151
france,1981,10955.9003
faroe islands,1981,10458.09653
"micronesia, fed. sts.",1981,958.3744266
gabon,1981,5026.476468
united kingdom,1981,9599.306222
georgia,1981,
ghana,1981,343.7991267
gibraltar,1981,
guinea,1981,1875.539668
"gambia, the",1981,295.9820645
guinea-bissau,1981,477.4638964
equatorial guinea,1981,121.1250803
greece,1981,5305.437294
grenada,1981,1229.659326
greenland,1981,8544.09791
guatemala,1981,1216.496397
guam,1981,
guyana,1981,734.5674589
high income,1981,8509.651442
"hong kong sar, china",1981,5991.284888
honduras,1981,1052.610244
heavily indebted poor countries (hipc),1981,450.5466937
croatia,1981,
haiti,1981,258.4680431
hungary,1981,2213.052677
ibrd only,1981,888.9905364
ida & ibrd total,1981,844.6013594
ida total,1981,616.6373449
ida blend,1981,1078.420351
indonesia,1981,560.830336
ida only,1981,372.7598675
isle of man,1981,
india,1981,274.9643308
not classified,1981,
ireland,1981,5986.154109
"iran, islamic rep.",1981,2393.449856
iraq,1981,2700.412048
iceland,1981,15137.25384
israel,1981,6795.250207
italy,1981,7640.402413
jamaica,1981,1370.412779
jordan,1981,1885.148422
japan,1981,10583.12789
kazakhstan,1981,
kenya,1981,412.8837042
kyrgyz republic,1981,
cambodia,1981,154.2538412
kiribati,1981,567.7224971
st. kitts and nevis,1981,1894.442102
"korea, rep.",1981,1883.45598
kuwait,1981,15825.19192
latin america & caribbean (excluding high income),1981,2277.605738
lao pdr,1981,
lebanon,1981,
liberia,1981,426.0549398
libya,1981,10044.041
st. lucia,1981,1604.777284
latin america & caribbean,1981,2435.223273
least developed countries: un classification,1981,335.0215847
low income,1981,422.2178783
liechtenstein,1981,19929.41028
sri lanka,1981,292.4513598
lower middle income,1981,466.7987968
low & middle income,1981,688.9860215
lesotho,1981,299.8393268
late-demographic dividend,1981,857.7302891
lithuania,1981,
luxembourg,1981,13837.12998
latvia,1981,
"macao sar, china",1981,
st. martin (french part),1981,
morocco,1981,884.4432373
monaco,1981,44157.42674
moldova,1981,
madagascar,1981,512.91393
maldives,1981,264.1475176
"middle east, north africa, afghanistan & pakistan",1981,2219.614993
mexico,1981,3829.144375
marshall islands,1981,968.860293
middle income,1981,706.9325375
north macedonia,1981,
mali,1981,200.0544959
malta,1981,3898.36854
myanmar,1981,32.81277904
"middle east, north africa, afghanistan & pakistan (excluding high income)",1981,1208.897175
montenegro,1981,
mongolia,1981,1325.466805
northern mariana islands,1981,
mozambique,1981,
mauritania,1981,728.7965218
mauritius,1981,1180.840709
malawi,1981,276.4070627
malaysia,1981,1866.102468
north america,1981,13820.19328
namibia,1981,2266.910406
new caledonia,1981,6422.066381
niger,1981,343.3868007
nigeria,1981,2162.209954
nicaragua,1981,739.6716557
netherlands,1981,11537.40269
norway,1981,15512.5067
nepal,1981,142.9168988
nauru,1981,6593.906952
new zealand,1981,7813.887543
oecd members,1981,8775.38639
oman,1981,6865.584828
other small states,1981,2993.032984
pakistan,1981,327.50507
panama,1981,2605.455299
peru,1981,1216.273502
philippines,1981,821.2932569
palau,1981,2638.815836
papua new guinea,1981,781.4125745
poland,1981,
pre-demographic dividend,1981,980.4332946
puerto rico (us),1981,4920.722937
"korea, dem. people's rep.",1981,
portugal,1981,3245.975214
paraguay,1981,1792.614961
west bank and gaza,1981,
pacific island small states,1981,1314.59553
post-demographic dividend,1981,9472.343574
french polynesia,1981,7645.183913
qatar,1981,29504.94038
romania,1981,
russian federation,1981,
rwanda,1981,254.5692014
south asia,1981,267.2070519
saudi arabia,1981,28703.35586
sudan,1981,483.8025818
senegal,1981,682.9720702
singapore,1981,5596.585977
solomon islands,1981,785.8309128
sierra leone,1981,333.916351
el salvador,1981,752.0240126
san marino,1981,
"somalia, fed. rep.",1981,116.8845266
serbia,1981,
sub-saharan africa (excluding high income),1981,1082.585174
south sudan,1981,
sub-saharan africa,1981,1006.171843
small states,1981,2957.449108
sao tome and principe,1981,829.8888188
suriname,1981,2367.768518
slovak republic,1981,
slovenia,1981,
sweden,1981,15564.01196
eswatini,1981,925.3687125
sint maarten (dutch part),1981,
seychelles,1981,2557.206655
syrian arab republic,1981,1675.797474
turks and caicos islands,1981,
chad,1981,193.9715795
east asia & pacific (ida & ibrd countries),1981,296.6386605
europe & central asia (ida & ibrd countries),1981,
togo,1981,451.0478972
thailand,1981,748.1567261
tajikistan,1981,
turkmenistan,1981,
latin america & the caribbean (ida & ibrd countries),1981,2410.912466
timor-leste,1981,
"middle east, north africa, afghanistan & pakistan (ida & ibrd)",1981,1199.397364
tonga,1981,635.7128898
south asia (ida & ibrd),1981,267.2070519
sub-saharan africa (ida & ibrd countries),1981,1006.171843
trinidad and tobago,1981,6159.709473
tunisia,1981,1247.128013
turkiye,1981,1536.665621
tuvalu,1981,634.2037645
tanzania,1981,683.913269
uganda,1981,98.64675507
ukraine,1981,
upper middle income,1981,889.2417118
uruguay,1981,3728.44557
united states,1981,13976.10539
uzbekistan,1981,
st. vincent and the grenadines,1981,971.5772773
"venezuela, rb",1981,4228.098815
british virgin islands,1981,
virgin islands (u.s.),1981,
viet nam,1981,
vanuatu,1981,962.2220554
world,1981,2621.601659
samoa,1981,713.3756725
kosovo,1981,
"yemen, rep.",1981,
south africa,1981,3049.714743
zambia,1981,669.8868294
zimbabwe,1981,1068.377704
aruba,1982,
africa eastern and southern,1982,725.7281162
afghanistan,1982,
africa western and central,1982,1162.130676
angola,1982,634.2214673
albania,1982,668.4545042
andorra,1982,9697.52202
arab world,1982,2640.585787
united arab emirates,1982,39972.49467
argentina,1982,2914.767085
armenia,1982,
american samoa,1982,
antigua and barbuda,1982,2569.181824
australia,1982,12779.14592
austria,1982,9373.488206
azerbaijan,1982,
burundi,1982,216.4361914
belgium,1982,9343.8611
benin,1982,305.0040635
burkina faso,1982,239.0194836
bangladesh,1982,199.5959446
bulgaria,1982,2169.004011
bahrain,1982,10712.15294
"bahamas, the",1982,6559.468693
bosnia and herzegovina,1982,
belarus,1982,
belize,1982,1629.323229
bermuda,1982,14442.79023
bolivia,1982,930.5930098
brazil,1982,2137.625036
barbados,1982,4598.76264
brunei darussalam,1982,45074.54992
bhutan,1982,305.824659
botswana,1982,1005.624562
central african republic,1982,298.4445449
canada,1982,12527.31353
central europe and the baltics,1982,
switzerland,1982,17999.96926
channel islands,1982,
chile,1982,1663.280433
china,1982,203.7227884
cote d'ivoire,1982,849.4797054
cameroon,1982,732.2507197
"congo, dem. rep.",1982,481.7409782
"congo, rep.",1982,1130.97081
colombia,1982,1425.399368
comoros,1982,515.2308025
cabo verde,1982,422.664668
costa rica,1982,1032.405482
caribbean small states,1982,3851.960974
cuba,1982,2113.808589
curacao,1982,
cayman islands,1982,
cyprus,1982,4122.784668
czechia,1982,
germany,1982,9950.05926
djibouti,1982,
dominica,1982,1231.669281
denmark,1982,11740.21991
dominican republic,1982,1376.268205
algeria,1982,2274.87801
east asia & pacific (excluding high income),1982,302.5166856
early-demographic dividend,1982,871.0311826
east asia & pacific,1982,1241.514634
europe & central asia (excluding high income),1982,
europe & central asia,1982,4914.289358
ecuador,1982,2314.383545
"egypt, arab rep.",1982,595.9188982
euro area,1982,8096.364479
eritrea,1982,
spain,1982,5156.023038
estonia,1982,
ethiopia,1982,215.2509855
european union,1982,6783.33143
fragile and conflict affected situations,1982,1207.390793
finland,1982,10935.31106
fiji,1982,1773.143925
france,1982,10359.89207
faroe islands,1982,10052.91923
"micronesia, fed. sts.",1982,973.6886364
gabon,1982,4583.899678
united kingdom,1982,9146.077357
georgia,1982,
ghana,1982,319.2069103
gibraltar,1982,
guinea,1982,2272.632987
"gambia, the",1982,282.1413071
guinea-bissau,1982,502.732266
equatorial guinea,1982,137.4688027
greece,1982,5501.637001
grenada,1982,1329.006177
greenland,1982,7813.651282
guatemala,1982,1203.965407
guam,1982,
guyana,1982,620.5646366
high income,1982,8364.86531
"hong kong sar, china",1982,6133.7669
honduras,1982,1077.746065
heavily indebted poor countries (hipc),1982,446.121846
croatia,1982,
haiti,1982,252.6072506
hungary,1982,2255.064057
ibrd only,1982,859.3330432
ida & ibrd total,1982,810.8468992
ida total,1982,572.3566931
ida blend,1982,953.5240486
indonesia,1982,577.7456327
ida only,1982,370.2283409
isle of man,1982,
india,1982,278.6503826
not classified,1982,
ireland,1982,6160.638614
"iran, islamic rep.",1982,2844.876114
iraq,1982,2941.974813
iceland,1982,13711.73627
israel,1982,7257.575143
italy,1982,7573.939676
jamaica,1982,1494.402083
jordan,1982,1928.875896
japan,1982,9779.974906
kazakhstan,1982,
kenya,1982,373.7948357
kyrgyz republic,1982,
cambodia,1982,159.206634
kiribati,1982,518.6224958
st. kitts and nevis,1982,2022.529442
"korea, rep.",1982,1992.516778
kuwait,1982,12978.895
latin america & caribbean (excluding high income),1982,2056.027201
lao pdr,1982,
lebanon,1982,
liberia,1982,422.4461425
libya,1982,9063.698513
st. lucia,1982,1489.461384
latin america & caribbean,1982,2193.727097
least developed countries: un classification,1982,330.9811121
low income,1982,416.2680004
liechtenstein,1982,19885.61266
sri lanka,1982,311.9578789
lower middle income,1982,452.0136757
low & middle income,1982,664.9846639
lesotho,1982,233.9398924
late-demographic dividend,1982,852.206349
lithuania,1982,
luxembourg,1982,12590.9768
latvia,1982,
"macao sar, china",1982,4486.541209
st. martin (french part),1982,
morocco,1982,856.5697632
monaco,1982,41479.49844
moldova,1982,
madagascar,1982,500.642607
maldives,1982,274.8265686
"middle east, north africa, afghanistan & pakistan",1982,2156.090214
mexico,1982,2620.957934
marshall islands,1982,1045.543013
middle income,1982,681.8706632
north macedonia,1982,
mali,1982,169.6846446
malta,1982,3787.916477
myanmar,1982,42.95354149
"middle east, north africa, afghanistan & pakistan (excluding high income)",1982,1310.024472
montenegro,1982,
mongolia,1982,1429.625518
northern mariana islands,1982,
mozambique,1982,
mauritania,1982,710.2188688
mauritius,1982,1101.159205
malawi,1982,253.3426979
malaysia,1982,1937.749227
north america,1982,14247.34799
namibia,1982,2097.093409
new caledonia,1982,5912.378806
niger,1982,309.7950623
nigeria,1982,1821.532655
nicaragua,1982,713.7778091
netherlands,1982,11088.95432
norway,1982,15224.89391
nepal,1982,146.9766629
nauru,1982,6576.83364
new zealand,1982,7656.475732
oecd members,1982,8566.0564
oman,1982,6759.298703
other small states,1982,2819.455472
pakistan,1982,344.8897925
panama,1982,2811.406437
peru,1982,1194.450006
philippines,1982,832.5362003
palau,1982,2838.158421
papua new guinea,1982,725.6459928
poland,1982,
pre-demographic dividend,1982,906.7462279
puerto rico (us),1982,5115.008514
"korea, dem. people's rep.",1982,
portugal,1982,3079.949566
paraguay,1982,1679.818437
west bank and gaza,1982,
pacific island small states,1982,1265.722566
post-demographic dividend,1982,9372.372451
french polynesia,1982,7416.307369
qatar,1982,24384.59385
romania,1982,
russian federation,1982,
rwanda,1982,246.3855496
south asia,1982,268.0484263
saudi arabia,1982,22454.48432
sudan,1982,378.9453735
senegal,1982,651.9371233
singapore,1982,6077.634241
solomon islands,1982,755.8856533
sierra leone,1982,379.9666756
el salvador,1982,735.3609547
san marino,1982,
"somalia, fed. rep.",1982,129.0139198
serbia,1982,
sub-saharan africa (excluding high income),1982,974.8903135
south sudan,1982,
sub-saharan africa,1982,907.7009944
small states,1982,2958.171126
sao tome and principe,1982,783.4292214
suriname,1982,2429.923915
slovak republic,1982,
slovenia,1982,
sweden,1982,13719.2114
eswatini,1982,843.0430069
sint maarten (dutch part),1982,
seychelles,1982,2440.684174
syrian arab republic,1982,1702.680625
turks and caicos islands,1982,
chad,1982,176.0837508
east asia & pacific (ida & ibrd countries),1982,306.301092
europe & central asia (ida & ibrd countries),1982,
togo,1982,372.4948297
thailand,1982,770.3989532
tajikistan,1982,
turkmenistan,1982,
latin america & the caribbean (ida & ibrd countries),1982,2157.558811
timor-leste,1982,
"middle east, north africa, afghanistan & pakistan (ida & ibrd)",1982,1299.729978
tonga,1982,633.4778636
south asia (ida & ibrd),1982,268.0484263
sub-saharan africa (ida & ibrd countries),1982,907.7009944
trinidad and tobago,1982,7091.406219
tunisia,1982,1177.305186
turkiye,1982,1360.238252
tuvalu,1982,537.4406526
tanzania,1982,701.9598389
uganda,1982,156.9524229
ukraine,1982,
upper middle income,1982,857.6085887
uruguay,1982,3084.79407
united states,1982,14433.78773
uzbekistan,1982,
st. vincent and the grenadines,1982,1073.513984
"venezuela, rb",1982,4201.542835
british virgin islands,1982,
virgin islands (u.s.),1982,
viet nam,1982,
vanuatu,1982,946.0231546
world,1982,2547.598572
samoa,1982,728.1279379
kosovo,1982,
"yemen, rep.",1982,
south africa,1982,2717.163887
zambia,1982,626.5325334
zimbabwe,1982,1095.325565
aruba,1983,
africa eastern and southern,1983,732.5887235
afghanistan,1983,
africa western and central,1983,872.8326785
angola,1983,636.832811
albania,1983,661.5467824
andorra,1983,8082.09152
arab world,1983,2417.324592
united arab emirates,1983,34650.00412
argentina,1983,3537.747346
armenia,1983,
american samoa,1983,
antigua and barbuda,1983,2846.993357
australia,1983,11515.74451
austria,1983,9500.050704
azerbaijan,1983,
burundi,1983,225.2095245
belgium,1983,8846.234298
benin,1983,255.9836016
burkina faso,1983,211.9257405
bangladesh,1983,184.7067729
bulgaria,1983,1852.813434
bahrain,1983,10598.84272
"bahamas, the",1983,7081.381948
bosnia and herzegovina,1983,
belarus,1983,
belize,1983,1677.255482
bermuda,1983,16236.7417
bolivia,1983,880.4611795
brazil,1983,1461.255827
barbados,1983,4866.359991
brunei darussalam,1983,38720.09393
bhutan,1983,328.2040169
botswana,1983,1120.532394
central african republic,1983,259.5883945
canada,1983,13477.10317
central europe and the baltics,1983,
switzerland,1983,17859.23237
channel islands,1983,
chile,1983,1715.403457
china,1983,225.865347
cote d'ivoire,1983,737.4499687
cameroon,1983,745.5131895
"congo, dem. rep.",1983,376.2854799
"congo, rep.",1983,1075.348258
colombia,1983,1383.792461
comoros,1983,521.7993885
cabo verde,1983,410.1126467
costa rica,1983,1212.557653
caribbean small states,1983,3793.640926
cuba,1983,2222.488512
curacao,1983,
cayman islands,1983,
cyprus,1983,4091.048584
czechia,1983,
germany,1983,9900.485592
djibouti,1983,
dominica,1983,1363.438008
denmark,1983,11796.5692
dominican republic,1983,1499.955753
algeria,1983,2373.82512
east asia & pacific (excluding high income),1983,311.4727944
early-demographic dividend,1983,856.7895329
east asia & pacific,1983,1300.325001
europe & central asia (excluding high income),1983,
europe & central asia,1983,4738.478285
ecuador,1983,1940.233932
"egypt, arab rep.",1983,648.0136298
euro area,1983,7882.887475
eritrea,1983,
spain,1983,4475.301268
estonia,1983,
ethiopia,1983,232.6834744
european union,1983,6578.615511
fragile and conflict affected situations,1983,1018.772701
finland,1983,10493.96266
fiji,1983,1628.049012
france,1983,9862.284494
faroe islands,1983,10893.33171
"micronesia, fed. sts.",1983,993.2729452
gabon,1983,4181.571916
united kingdom,1983,8691.518813
georgia,1983,
ghana,1983,311.3834382
gibraltar,1983,
guinea,1983,2822.839323
"gambia, the",1983,268.6492998
guinea-bissau,1983,488.9938923
equatorial guinea,1983,129.4110056
greece,1983,4950.060265
grenada,1983,1388.165651
greenland,1983,7988.177947
guatemala,1983,1219.735454
guam,1983,
guyana,1983,630.6727792
high income,1983,8583.245681
"hong kong sar, china",1983,5595.260553
honduras,1983,1097.720986
heavily indebted poor countries (hipc),1983,430.9159356
croatia,1983,
haiti,1983,272.823695
hungary,1983,2049.716179
ibrd only,1983,832.8477198
ida & ibrd total,1983,768.7349854
ida total,1983,481.1224779
ida blend,1983,708.3874662
indonesia,1983,507.6829457
ida only,1983,362.3097255
isle of man,1983,
india,1983,295.9997733
not classified,1983,
ireland,1983,5915.241772
"iran, islamic rep.",1983,3397.0614
iraq,1983,2743.354492
iceland,1983,11671.80923
israel,1983,7959.98915
italy,1983,7850.62789
jamaica,1983,1619.478456
jordan,1983,1939.336545
japan,1983,10652.01472
kazakhstan,1983,
kenya,1983,335.0371517
kyrgyz republic,1983,
cambodia,1983,166.6531993
kiribati,1983,483.1078211
st. kitts and nevis,1983,2052.111165
"korea, rep.",1983,2198.939291
kuwait,1983,11965.33905
latin america & caribbean (excluding high income),1983,1736.099854
lao pdr,1983,
lebanon,1983,
liberia,1983,390.7597267
libya,1983,8927.364428
st. lucia,1983,1575.741635
latin america & caribbean,1983,1894.896593
least developed countries: un classification,1983,318.6128488
low income,1983,387.7763056
liechtenstein,1983,19814.85385
sri lanka,1983,335.8231517
lower middle income,1983,417.753099
low & middle income,1983,630.6415292
lesotho,1983,252.0177481
late-demographic dividend,1983,777.2894047
lithuania,1983,
luxembourg,1983,12374.03042
latvia,1983,
"macao sar, china",1983,4207.253008
st. martin (french part),1983,
morocco,1983,766.5296021
monaco,1983,39075.83564
moldova,1983,
madagascar,1983,476.1186713
maldives,1983,322.840579
"middle east, north africa, afghanistan & pakistan",1983,2113.541144
mexico,1983,2169.852853
marshall islands,1983,1199.304817
middle income,1983,647.108878
north macedonia,1983,
mali,1983,161.5261035
malta,1983,3526.913951
myanmar,1983,39.29086862
"middle east, north africa, afghanistan & pakistan (excluding high income)",1983,1390.236978
montenegro,1983,
mongolia,1983,1490.212976
northern mariana islands,1983,
mozambique,1983,
mauritania,1983,725.1745225
mauritius,1983,1103.091246
malawi,1983,252.4420746
malaysia,1983,2124.292291
north america,1983,15341.78525
namibia,1983,2214.338631
new caledonia,1983,5315.109341
niger,1983,268.7725807
nigeria,1983,1207.073746
nicaragua,1983,779.8527307
netherlands,1983,10696.0775
norway,1983,14927.51748
nepal,1983,146.6329531
nauru,1983,5895.702668
new zealand,1983,7598.312039
oecd members,1983,8781.55543
oman,1983,6714.191259
other small states,1983,2546.494521
pakistan,1983,311.0983614
panama,1983,2819.351285
peru,1983,927.2586569
philippines,1983,723.4304971
palau,1983,3049.479471
papua new guinea,1983,768.6363649
poland,1983,
pre-demographic dividend,1983,731.7406996
puerto rico (us),1983,5217.722729
"korea, dem. people's rep.",1983,
portugal,1983,2735.491066
paraguay,1983,1709.80484
west bank and gaza,1983,
pacific island small states,1983,1185.336571
post-demographic dividend,1983,9671.656725
french polynesia,1983,7477.034649
qatar,1983,19616.03204
romania,1983,
russian federation,1983,
rwanda,1983,250.5689517
south asia,1983,281.5910512
saudi arabia,1983,17809.55275
sudan,1983,346.2216492
senegal,1983,564.3693363
singapore,1983,6633.236674
solomon islands,1983,686.2641402
sierra leone,1983,285.8643626
el salvador,1983,744.8639122
san marino,1983,
"somalia, fed. rep.",1983,118.6443409
serbia,1983,
sub-saharan africa (excluding high income),1983,845.1308169
south sudan,1983,
sub-saharan africa,1983,791.194714
small states,1983,2769.627249
sao tome and principe,1983,719.5850659
suriname,1983,2332.697903
slovak republic,1983,
slovenia,1983,
sweden,1983,12590.09461
eswatini,1983,842.7502034
sint maarten (dutch part),1983,
seychelles,1983,2426.334608
syrian arab republic,1983,1775.832037
turks and caicos islands,1983,
chad,1983,167.1809746
east asia & pacific (ida & ibrd countries),1983,315.3560135
europe & central asia (ida & ibrd countries),1983,
togo,1983,335.5324708
thailand,1983,826.9323021
tajikistan,1983,
turkmenistan,1983,
latin america & the caribbean (ida & ibrd countries),1983,1845.090333
timor-leste,1983,
"middle east, north africa, afghanistan & pakistan (ida & ibrd)",1983,1379.312154
tonga,1983,621.0735317
south asia (ida & ibrd),1983,281.5910512
sub-saharan africa (ida & ibrd countries),1983,791.194714
trinidad and tobago,1983,6689.808312
tunisia,1983,1183.841723
turkiye,1983,1275.683376
tuvalu,1983,533.1300943
tanzania,1983,685.2764893
uganda,1983,157.5272169
ukraine,1983,
upper middle income,1983,824.0666766
uruguay,1983,1707.144628
united states,1983,15543.89372
uzbekistan,1983,
st. vincent and the grenadines,1983,1144.305861
"venezuela, rb",1983,4078.942331
british virgin islands,1983,
virgin islands (u.s.),1983,
viet nam,1983,
vanuatu,1983,946.7052226
world,1983,2554.249073
samoa,1983,670.9863813
kosovo,1983,
"yemen, rep.",1983,
south africa,1983,2938.489802
zambia,1983,520.4558335
zimbabwe,1983,958.7157698
aruba,1984,
africa eastern and southern,1984,650.5635196
afghanistan,1984,
africa western and central,1984,737.6748878
angola,1984,650.4910944
albania,1984,639.4847302
andorra,1984,7808.130027
arab world,1984,2357.268909
united arab emirates,1984,32012.31415
argentina,1984,3915.034926
armenia,1984,
american samoa,1984,
antigua and barbuda,1984,3270.78103
australia,1984,12421.88077
austria,1984,8955.848292
azerbaijan,1984,
burundi,1984,200.3757118
belgium,1984,8457.268803
benin,1984,238.5744574
burkina faso,1984,187.8322243
bangladesh,1984,193.435021
bulgaria,1984,1963.572676
bahrain,1984,10696.93311
"bahamas, the",1984,8201.701338
bosnia and herzegovina,1984,
belarus,1984,
belize,1984,1814.188598
bermuda,1984,17866.91744
bolivia,1984,982.0812102
brazil,1984,1419.731546
barbados,1984,5283.579441
brunei darussalam,1984,36061.38153
bhutan,1984,325.545257
botswana,1984,1145.029038
central african republic,1984,248.313551
canada,1984,13930.47455
central europe and the baltics,1984,
switzerland,1984,16991.24588
channel islands,1984,
chile,1984,1636.224762
china,1984,251.1926865
cote d'ivoire,1984,708.9402522
cameroon,1984,771.702146
"congo, dem. rep.",1984,259.8018895
"congo, rep.",1984,1097.049586
colombia,1984,1335.528218
comoros,1984,489.0866775
cabo verde,1984,385.45142
costa rica,1984,1372.201498
caribbean small states,1984,3908.462776
cuba,1984,2386.445951
curacao,1984,
cayman islands,1984,
cyprus,1984,4258.743652
czechia,1984,
germany,1984,9347.290684
djibouti,1984,
dominica,1984,1514.892177
denmark,1984,11516.68216
dominican republic,1984,1843.524608
algeria,1984,2524.380714
east asia & pacific (excluding high income),1984,332.1532584
early-demographic dividend,1984,847.2323398
east asia & pacific,1984,1370.136568
europe & central asia (excluding high income),1984,
europe & central asia,1984,4527.783066
ecuador,1984,1863.682135
"egypt, arab rep.",1984,689.8076755
euro area,1984,7550.829866
eritrea,1984,
spain,1984,4486.781739
estonia,1984,
ethiopia,1984,214.2288604
european union,1984,6326.073927
fragile and conflict affected situations,1984,895.2651026
finland,1984,10830.21852
fiji,1984,1666.865725
france,1984,9311.894265
faroe islands,1984,9437.293474
"micronesia, fed. sts.",1984,971.3237359
gabon,1984,4272.882169
united kingdom,1984,8179.194441
georgia,1984,
ghana,1984,329.9988889
gibraltar,1984,
guinea,1984,3361.528202
"gambia, the",1984,214.7943574
guinea-bissau,1984,407.4394447
equatorial guinea,1984,137.9036786
greece,1984,4785.07463
grenada,1984,1523.940928
greenland,1984,7198.707808
guatemala,1984,1241.042426
guam,1984,
guyana,1984,565.3344356
high income,1984,8889.977566
"hong kong sar, china",1984,6208.226159
honduras,1984,1170.354143
heavily indebted poor countries (hipc),1984,428.0957075
croatia,1984,
haiti,1984,299.2471862
hungary,1984,1991.238948
ibrd only,1984,846.4542344
ida & ibrd total,1984,769.8161383
ida total,1984,440.7847985
ida blend,1984,595.1597793
indonesia,1984,519.7740631
ida only,1984,361.5795715
isle of man,1984,3892.818571
india,1984,281.0498678
not classified,1984,
ireland,1984,5692.027386
"iran, islamic rep.",1984,3395.336976
iraq,1984,3065.717827
iceland,1984,11959.54001
israel,1984,7368.503797
italy,1984,7757.553748
jamaica,1984,1048.134054
jordan,1984,1871.09075
japan,1984,11207.45235
kazakhstan,1984,
kenya,1984,334.4028358
kyrgyz republic,1984,
cambodia,1984,174.7058371
kiribati,1984,527.2914552
st. kitts and nevis,1984,2341.407729
"korea, rep.",1984,2413.276501
kuwait,1984,11918.61689
latin america & caribbean (excluding high income),1984,1824.101495
lao pdr,1984,483.0177817
lebanon,1984,
liberia,1984,390.407958
libya,1984,7811.069373
st. lucia,1984,1979.12504
latin america & caribbean,1984,1952.572287
least developed countries: un classification,1984,315.2763902
low income,1984,371.5908253
liechtenstein,1984,18898.36787
sri lanka,1984,391.3696176
lower middle income,1984,391.0376291
low & middle income,1984,634.5995842
lesotho,1984,210.9984954
late-demographic dividend,1984,799.872797
lithuania,1984,
luxembourg,1984,12126.9392
latvia,1984,
"macao sar, china",1984,4611.494974
st. martin (french part),1984,
morocco,1984,681.909729
monaco,1984,36582.3672
moldova,1984,
madagascar,1984,385.408181
maldives,1984,594.4882469
"middle east, north africa, afghanistan & pakistan",1984,2068.317957
mexico,1984,2506.307428
marshall islands,1984,1244.870946
middle income,1984,652.2229584
north macedonia,1984,
mali,1984,150.2000651
malta,1984,3332.820184
myanmar,1984,36.32557684
"middle east, north africa, afghanistan & pakistan (excluding high income)",1984,1407.142056
montenegro,1984,
mongolia,1984,1119.713885
northern mariana islands,1984,
mozambique,1984,
mauritania,1984,649.6811865
mauritius,1984,1041.832524
malawi,1984,239.7482897
malaysia,1984,2299.808708
north america,1984,16808.91734
namibia,1984,1830.469206
new caledonia,1984,5051.726358
niger,1984,211.4688073
nigeria,1984,890.4341063
nicaragua,1984,861.4286498
netherlands,1984,9991.843777
norway,1984,14989.48577
nepal,1984,151.0781871
nauru,1984,5653.961
new zealand,1984,6713.760131
oecd members,1984,9106.131086
oman,1984,7070.072958
other small states,1984,2473.372346
pakistan,1984,327.3456252
panama,1984,2874.948321
peru,1984,917.8962747
philippines,1984,665.0423493
palau,1984,3360.145385
papua new guinea,1984,749.6370599
poland,1984,
pre-demographic dividend,1984,664.8670964
puerto rico (us),1984,5730.117009
"korea, dem. people's rep.",1984,
portugal,1984,2522.747476
paraguay,1984,1319.234468
west bank and gaza,1984,
pacific island small states,1984,1219.06038
post-demographic dividend,1984,10052.57952
french polynesia,1984,7511.321791
qatar,1984,19272.26161
romania,1984,
russian federation,1984,
rwanda,1984,259.9066845
south asia,1984,270.8822492
saudi arabia,1984,15541.13122
sudan,1984,429.9933777
senegal,1984,536.2317654
singapore,1984,7228.317584
solomon islands,1984,664.6964405
sierra leone,1984,305.5701453
el salvador,1984,763.1682181
san marino,1984,
"somalia, fed. rep.",1984,122.4932937
serbia,1984,
sub-saharan africa (excluding high income),1984,732.3920414
south sudan,1984,
sub-saharan africa,1984,686.9641746
small states,1984,2762.727009
sao tome and principe,1984,735.1335219
suriname,1984,2260.63795
slovak republic,1984,
slovenia,1984,
sweden,1984,13080.18039
eswatini,1984,726.3451186
sint maarten (dutch part),1984,
seychelles,1984,2487.644992
syrian arab republic,1984,1706.219448
turks and caicos islands,1984,
chad,1984,182.1758809
east asia & pacific (ida & ibrd countries),1984,336.2859704
europe & central asia (ida & ibrd countries),1984,
togo,1984,304.2963305
thailand,1984,846.9341684
tajikistan,1984,
turkmenistan,1984,
latin america & the caribbean (ida & ibrd countries),1984,1895.445877
timor-leste,1984,
"middle east, north africa, afghanistan & pakistan (ida & ibrd)",1984,1396.084388
tonga,1984,655.6623588
south asia (ida & ibrd),1984,270.8822492
sub-saharan africa (ida & ibrd countries),1984,686.9641746
trinidad and tobago,1984,6613.119474
tunisia,1984,1143.281287
turkiye,1984,1209.051494
tuvalu,1984,567.1953812
tanzania,1984,609.3314209
uganda,1984,247.5169376
ukraine,1984,
upper middle income,1984,856.0990396
uruguay,1984,1615.406473
united states,1984,17121.22548
uzbekistan,1984,
st. vincent and the grenadines,1984,1253.865256
"venezuela, rb",1984,3519.801465
british virgin islands,1984,
virgin islands (u.s.),1984,
viet nam,1984,
vanuatu,1984,1136.682024
world,1984,2607.258472
samoa,1984,654.6975607
kosovo,1984,
"yemen, rep.",1984,
south africa,1984,2504.077368
zambia,1984,413.2699743
zimbabwe,1984,756.9725907
aruba,1985,
africa eastern and southern,1985,554.4391465
afghanistan,1985,
africa western and central,1985,753.7997554
angola,1985,772.4688326
albania,1985,639.8659038
andorra,1985,7911.984362
arab world,1985,2247.927457
united arab emirates,1985,29467.54198
argentina,1985,2905.775655
armenia,1985,
american samoa,1985,
antigua and barbuda,1985,3814.314229
australia,1985,11441.58197
austria,1985,9136.170926
azerbaijan,1985,
burundi,1985,228.4405426
belgium,1985,8750.818513
benin,1985,230.4341172
burkina faso,1985,194.0632263
bangladesh,1985,222.2201804
bulgaria,1985,1914.550647
bahrain,1985,9648.65643
"bahamas, the",1985,9167.146875
bosnia and herzegovina,1985,
belarus,1985,
belize,1985,1754.011087
bermuda,1985,18713.88251
bolivia,1985,838.0800517
brazil,1985,1556.129718
barbados,1985,5509.874603
brunei darussalam,1985,31827.40596
bhutan,1985,321.186831
botswana,1985,993.6167483
central african republic,1985,332.5153585
canada,1985,14170.12494
central europe and the baltics,1985,
switzerland,1985,17152.09485
channel islands,1985,
chile,1985,1446.806046
china,1985,295.0074458
cote d'ivoire,1985,694.9516915
cameroon,1985,875.3377217
"congo, dem. rep.",1985,230.1322552
"congo, rep.",1985,1049.318214
colombia,1985,1192.218775
comoros,1985,506.566456
cabo verde,1985,396.4941915
costa rica,1985,1429.378364
caribbean small states,1985,3907.19546
cuba,1985,2256.569487
curacao,1985,
cayman islands,1985,
cyprus,1985,4488.287109
czechia,1985,
germany,1985,9464.116947
djibouti,1985,846.7855381
dominica,1985,1665.532072
denmark,1985,12212.7874
dominican republic,1985,784.4888096
algeria,1985,2632.517111
east asia & pacific (excluding high income),1985,357.9054674
early-demographic dividend,1985,823.9857583
east asia & pacific,1985,1423.476094
europe & central asia (excluding high income),1985,
europe & central asia,1985,4656.253672
ecuador,1985,1841.779055
"egypt, arab rep.",1985,769.7551371
euro area,1985,7742.595064
eritrea,1985,
spain,1985,4696.298796
estonia,1985,
ethiopia,1985,243.8973826
european union,1985,6490.270343
fragile and conflict affected situations,1985,888.8874432
finland,1985,11394.1921
fiji,1985,1576.720691
france,1985,9657.019385
faroe islands,1985,10048.94833
"micronesia, fed. sts.",1985,1136.276333
gabon,1985,3898.463169
united kingdom,1985,8652.216542
georgia,1985,
ghana,1985,329.7146049
gibraltar,1985,
guinea,1985,4061.698672
"gambia, the",1985,262.8166167
guinea-bissau,1985,416.57614
equatorial guinea,1985,161.1180218
greece,1985,4746.760358
grenada,1985,1745.153574
greenland,1985,7760.834264
guatemala,1985,1238.475452
guam,1985,
guyana,1985,587.8183952
high income,1985,9267.219647
"hong kong sar, china",1985,6542.973528
honduras,1985,1220.842744
heavily indebted poor countries (hipc),1985,437.4669251
croatia,1985,
haiti,1985,324.5751561
hungary,1985,2020.022866
ibrd only,1985,862.8496859
ida & ibrd total,1985,782.7455084
ida total,1985,442.6360385
ida blend,1985,579.6644153
indonesia,1985,511.4008836
ida only,1985,372.5935331
isle of man,1985,3980.230931
india,1985,300.9282586
not classified,1985,
ireland,1985,6011.735546
"iran, islamic rep.",1985,3634.032096
iraq,1985,3087.663942
iceland,1985,12361.18704
israel,1985,6828.664391
italy,1985,8009.103476
jamaica,1985,916.8722928
jordan,1985,1797.028771
japan,1985,11809.46035
kazakhstan,1985,
kenya,1985,319.503611
kyrgyz republic,1985,
cambodia,1985,182.4468523
kiribati,1985,392.9050654
st. kitts and nevis,1985,2650.986469
"korea, rep.",1985,2482.399956
kuwait,1985,11321.66355
latin america & caribbean (excluding high income),1985,1757.735843
lao pdr,1985,632.8010983
lebanon,1985,
liberia,1985,379.951476
libya,1985,8087.363068
st. lucia,1985,2202.281254
latin america & caribbean,1985,1891.262165
least developed countries: un classification,1985,335.4408057
low income,1985,339.374342
liechtenstein,1985,19684.26269
sri lanka,1985,384.6115377
lower middle income,1985,406.949319
low & middle income,1985,645.3107958
lesotho,1985,165.3739219
late-demographic dividend,1985,852.3059564
lithuania,1985,
luxembourg,1985,12481.96584
latvia,1985,
"macao sar, china",1985,4701.664342
st. martin (french part),1985,
morocco,1985,673.2900391
monaco,1985,37689.86486
moldova,1985,
madagascar,1985,364.4691019
maldives,1985,668.8301351
"middle east, north africa, afghanistan & pakistan",1985,2039.157488
mexico,1985,2601.708252
marshall islands,1985,1162.019014
middle income,1985,665.2765824
north macedonia,1985,
mali,1985,166.2390532
malta,1985,3322.308796
myanmar,1985,40.38214126
"middle east, north africa, afghanistan & pakistan (excluding high income)",1985,1465.401888
montenegro,1985,
mongolia,1985,1137.907647
northern mariana islands,1985,
mozambique,1985,
mauritania,1985,593.2196544
mauritius,1985,1068.673593
malawi,1985,216.0541361
malaysia,1985,2045.574718
north america,1985,17838.58254
namibia,1985,1466.179244
new caledonia,1985,5334.828398
niger,1985,202.3727407
nigeria,1985,868.6405405
nicaragua,1985,724.0564253
netherlands,1985,9940.738436
norway,1985,15753.55277
nepal,1985,149.9004534
nauru,1985,4858.933517
new zealand,1985,7600.565242
oecd members,1985,9510.841797
oman,1985,7548.695884
other small states,1985,2367.59133
pakistan,1985,317.0634994
panama,1985,2972.180707
peru,1985,767.4358875
philippines,1985,633.2110653
palau,1985,3728.12953
papua new guinea,1985,696.5748066
poland,1985,
pre-demographic dividend,1985,670.2708279
puerto rico (us),1985,6008.054486
"korea, dem. people's rep.",1985,
portugal,1985,2705.193002
paraguay,1985,934.9919818
west bank and gaza,1985,
pacific island small states,1985,1145.730229
post-demographic dividend,1985,10528.80139
french polynesia,1985,8002.084272
qatar,1985,16815.04196
romania,1985,
russian federation,1985,
rwanda,1985,271.578979
south asia,1985,290.8365616
saudi arabia,1985,12745.41993
sudan,1985,326.402771
senegal,1985,571.4171661
singapore,1985,7001.766748
solomon islands,1985,586.0223522
sierra leone,1985,235.5105293
el salvador,1985,776.4242837
san marino,1985,
"somalia, fed. rep.",1985,130.8328756
serbia,1985,
sub-saharan africa (excluding high income),1985,674.673263
south sudan,1985,
sub-saharan africa,1985,637.1168276
small states,1985,2686.70035
sao tome and principe,1985,761.4079906
suriname,1985,2255.977177
slovak republic,1985,
slovenia,1985,
sweden,1985,13647.20056
eswatini,1985,509.8859515
sint maarten (dutch part),1985,
seychelles,1985,2754.14571
syrian arab republic,1985,1543.76494
turks and caicos islands,1985,
chad,1985,202.7109851
east asia & pacific (ida & ibrd countries),1985,362.34563
europe & central asia (ida & ibrd countries),1985,
togo,1985,312.8672042
thailand,1985,773.8239237
tajikistan,1985,
turkmenistan,1985,
latin america & the caribbean (ida & ibrd countries),1985,1833.079532
timor-leste,1985,
"middle east, north africa, afghanistan & pakistan (ida & ibrd)",1985,1453.8864
tonga,1985,612.9435756
south asia (ida & ibrd),1985,290.8365616
sub-saharan africa (ida & ibrd countries),1985,637.1168276
trinidad and tobago,1985,6212.000653
tunisia,1985,1134.998131
turkiye,1985,1326.427014
tuvalu,1985,480.0959338
tanzania,1985,700.4500732
uganda,1985,234.2765028
ukraine,1985,
upper middle income,1985,868.3284802
uruguay,1985,1568.432165
united states,1985,18236.82773
uzbekistan,1985,
st. vincent and the grenadines,1985,1342.245638
"venezuela, rb",1985,3548.704343
british virgin islands,1985,
virgin islands (u.s.),1985,
viet nam,1985,238.6478053
vanuatu,1985,1011.510178
world,1985,2683.121467
samoa,1985,572.8063877
kosovo,1985,
"yemen, rep.",1985,
south africa,1985,1839.484191
zambia,1985,332.1737373
zimbabwe,1985,648.9445271
aruba,1986,6767.559229
africa eastern and southern,1986,578.6039565
afghanistan,1986,
africa western and central,1986,581.3907128
angola,1986,697.5266024
albania,1986,693.8734746
andorra,1986,10539.11779
arab world,1986,2042.585585
united arab emirates,1986,23132.07397
argentina,1986,3436.078195
armenia,1986,
american samoa,1986,
antigua and barbuda,1986,4629.456764
australia,1986,11392.00439
austria,1986,13031.8281
azerbaijan,1986,
burundi,1986,234.2812448
belgium,1986,12170.0407
benin,1986,285.7715511
burkina faso,1986,247.4591346
bangladesh,1986,212.1489939
bulgaria,1986,2260.427281
bahrain,1986,7776.956577
"bahamas, the",1986,9600.599528
bosnia and herzegovina,1986,
belarus,1986,
belize,1986,1859.10214
bermuda,1986,20996.97672
bolivia,1986,604.2573383
brazil,1986,1854.037752
barbados,1986,6031.358608
brunei darussalam,1986,18500.54086
bhutan,1986,364.6945696
botswana,1986,1199.846779
central african republic,1986,426.0269926
canada,1986,14521.18008
central europe and the baltics,1986,
switzerland,1986,24459.85363
channel islands,1986,
chile,1986,1524.978095
china,1986,282.4456031
cote d'ivoire,1986,877.1549568
cameroon,1986,1178.59375
"congo, dem. rep.",1986,250.900914
"congo, rep.",1986,872.0486976
colombia,1986,1169.462121
comoros,1986,699.1864174
cabo verde,1986,541.1429856
costa rica,1986,1568.564097
caribbean small states,1986,3307.339047
cuba,1986,2364.895598
curacao,1986,
cayman islands,1986,
cyprus,1986,5642.631348
czechia,1986,
germany,1986,13511.152
djibouti,1986,
dominica,1986,1892.865565
denmark,1986,17136.62974
dominican republic,1986,931.6595301
algeria,1986,2800.202708
east asia & pacific (excluding high income),1986,351.0288161
early-demographic dividend,1986,807.9176124
east asia & pacific,1986,1831.522204
europe & central asia (excluding high income),1986,
europe & central asia,1986,6311.870148
ecuador,1986,1604.246981
"egypt, arab rep.",1986,790.2017937
euro area,1986,10846.47289
eritrea,1986,
spain,1986,6508.850655
estonia,1986,
ethiopia,1986,245.9772288
european union,1986,9042.123334
fragile and conflict affected situations,1986,800.4893051
finland,1986,14946.99262
fiji,1986,1745.241266
france,1986,13430.48246
faroe islands,1986,14933.86852
"micronesia, fed. sts.",1986,1216.157631
gabon,1986,3864.674538
united kingdom,1986,10611.11221
georgia,1986,
ghana,1986,410.7116584
gibraltar,1986,
guinea,1986,505.8769443
"gambia, the",1986,207.6544087
guinea-bissau,1986,371.1375759
equatorial guinea,1986,188.787027
greece,1986,5577.832587
grenada,1986,1938.108509
greenland,1986,11271.33257
guatemala,1986,896.0632635
guam,1986,
guyana,1986,657.0140002
high income,1986,11181.57577
"hong kong sar, china",1986,7434.999255
honduras,1986,1276.23238
heavily indebted poor countries (hipc),1986,391.8522943
croatia,1986,
haiti,1986,366.9973443
hungary,1986,2330.841883
ibrd only,1986,879.2180745
ida & ibrd total,1986,782.9869748
ida total,1986,390.5607979
ida blend,1986,519.2316405
indonesia,1986,469.8342413
ida only,1986,323.9614273
isle of man,1986,5507.180039
india,1986,314.8971164
not classified,1986,
ireland,1986,8112.171363
"iran, islamic rep.",1986,4064.346673
iraq,1986,2940.406232
iceland,1986,16406.04795
israel,1986,8335.462869
italy,1986,11341.09399
jamaica,1986,1191.349768
jordan,1986,2200.102782
japan,1986,17451.83494
kazakhstan,1986,
kenya,1986,363.7451178
kyrgyz republic,1986,
cambodia,1986,185.7599978
kiribati,1986,381.9187586
st. kitts and nevis,1986,3140.112095
"korea, rep.",1986,2834.89034
kuwait,1986,9076.708852
latin america & caribbean (excluding high income),1986,1745.029357
lao pdr,1986,461.9115524
lebanon,1986,
liberia,1986,364.2886692
libya,1986,6018.913452
st. lucia,1986,2590.693315
latin america & caribbean,1986,1876.849741
least developed countries: un classification,1986,284.4490397
low income,1986,348.1576251
liechtenstein,1986,28612.8865
sri lanka,1986,407.1646005
lower middle income,1986,398.8253039
low & middle income,1986,645.2741863
lesotho,1986,191.3757582
late-demographic dividend,1986,892.2728955
lithuania,1986,
luxembourg,1986,18149.86925
latvia,1986,
"macao sar, china",1986,5175.156461
st. martin (french part),1986,
morocco,1986,855.1693115
monaco,1986,52082.45088
moldova,1986,
madagascar,1986,404.9592714
maldives,1986,720.4522011
"middle east, north africa, afghanistan & pakistan",1986,2000.414146
mexico,1986,1756.935634
marshall islands,1986,1425.164181
middle income,1986,664.9082211
north macedonia,1986,
mali,1986,217.1027213
malta,1986,4194.534802
myanmar,1986,42.41937359
"middle east, north africa, afghanistan & pakistan (excluding high income)",1986,1527.500871
montenegro,1986,
mongolia,1986,1469.421764
northern mariana islands,1986,
mozambique,1986,
mauritania,1986,677.3633239
mauritius,1986,1441.714528
malawi,1986,217.8701899
malaysia,1986,1759.731857
north america,1986,18625.65944
namibia,1986,1599.397857
new caledonia,1986,7374.68547
niger,1986,259.5618942
nigeria,1986,628.2484537
nicaragua,1986,760.5905591
netherlands,1986,13804.13606
norway,1986,18883.23335
nepal,1986,159.5456828
nauru,1986,4568.678877
new zealand,1986,9427.55394
oecd members,1986,11435.50697
oman,1986,5181.879803
other small states,1986,2314.987546
pakistan,1986,313.946324
panama,1986,3019.481505
peru,1986,1086.609138
philippines,1986,600.0028439
palau,1986,4143.562037
papua new guinea,1986,744.9085227
poland,1986,
pre-demographic dividend,1986,565.2799002
puerto rico (us),1986,6455.184461
"korea, dem. people's rep.",1986,
portugal,1986,3861.948433
paraguay,1986,1031.156238
west bank and gaza,1986,
pacific island small states,1986,1222.707075
post-demographic dividend,1986,12802.18513
french polynesia,1986,11913.82675
qatar,1986,13213.20936
romania,1986,
russian federation,1986,
rwanda,1986,297.7259818
south asia,1986,302.2155685
saudi arabia,1986,10078.28961
sudan,1986,400.3335571
senegal,1986,783.9405247
singapore,1986,6799.930363
solomon islands,1986,505.8218065
sierra leone,1986,131.473041
el salvador,1986,755.4251358
san marino,1986,
"somalia, fed. rep.",1986,131.4148597
serbia,1986,
sub-saharan africa (excluding high income),1986,611.7419442
south sudan,1986,
sub-saharan africa,1986,580.0230299
small states,1986,2482.879917
sao tome and principe,1986,1042.995112
suriname,1986,2271.047333
slovak republic,1986,
slovenia,1986,
sweden,1986,17955.15715
eswatini,1986,611.2981582
sint maarten (dutch part),1986,
seychelles,1986,3368.474095
syrian arab republic,1986,1208.160843
turks and caicos islands,1986,
chad,1986,203.3544495
east asia & pacific (ida & ibrd countries),1986,355.3778687
europe & central asia (ida & ibrd countries),1986,
togo,1986,422.2772966
thailand,1986,842.0984362
tajikistan,1986,
turkmenistan,1986,
latin america & the caribbean (ida & ibrd countries),1986,1811.7562
timor-leste,1986,
"middle east, north africa, afghanistan & pakistan (ida & ibrd)",1986,1515.497394
tonga,1986,695.8050772
south asia (ida & ibrd),1986,302.2155685
sub-saharan africa (ida & ibrd countries),1986,580.0230299
trinidad and tobago,1986,3984.996097
tunisia,1986,1186.506515
turkiye,1986,1461.496587
tuvalu,1986,556.736791
tanzania,1986,479.2817688
uganda,1986,253.6430588
ukraine,1986,
upper middle income,1986,875.9065752
uruguay,1986,1938.810849
united states,1986,19071.22719
uzbekistan,1986,
st. vincent and the grenadines,1986,1471.862965
"venezuela, rb",1986,3376.349606
british virgin islands,1986,
virgin islands (u.s.),1986,
viet nam,1986,436.4192968
vanuatu,1986,945.998619
world,1986,3107.887375
samoa,1986,604.2574188
kosovo,1986,
"yemen, rep.",1986,
south africa,1986,2027.466204
zambia,1986,238.2337962
zimbabwe,1986,692.1759211
aruba,1987,8244.04566
africa eastern and southern,1987,665.1197565
afghanistan,1987,
africa western and central,1987,581.5238024
angola,1987,770.1011401
albania,1987,674.7933831
andorra,1987,12828.15194
arab world,1987,2108.58586
united arab emirates,1987,23112.62342
argentina,1987,3477.30132
armenia,1987,
american samoa,1987,
antigua and barbuda,1987,5424.368478
australia,1987,11651.33012
austria,1987,16328.5613
azerbaijan,1987,
burundi,1987,215.6083115
belgium,1987,15135.85231
benin,1987,324.2537652
burkina faso,1987,280.2180922
bangladesh,1987,231.4995845
bulgaria,1987,3132.30136
bahrain,1987,8332.914254
"bahamas, the",1987,10361.34881
bosnia and herzegovina,1987,
belarus,1987,
belize,1987,2165.894314
bermuda,1987,23042.74359
bolivia,1987,649.7087694
brazil,1987,2006.002262
barbados,1987,6624.599395
brunei darussalam,1987,21029.71898
bhutan,1987,449.0604439
botswana,1987,1638.826694
central african republic,1987,449.9521301
canada,1987,16377.69021
central europe and the baltics,1987,
switzerland,1987,30440.51082
channel islands,1987,
chile,1987,1767.413897
china,1987,252.2567601
cote d'ivoire,1987,929.611363
cameroon,1987,1258.314128
"congo, dem. rep.",1987,230.0864158
"congo, rep.",1987,1052.338935
colombia,1987,1192.588286
comoros,1987,822.3532672
cabo verde,1987,658.4151914
costa rica,1987,1567.032051
caribbean small states,1987,3439.600463
cuba,1987,2439.584003
curacao,1987,
cayman islands,1987,
cyprus,1987,6690.578125
czechia,1987,
germany,1987,16738.61328
djibouti,1987,821.6825704
dominica,1987,2138.303851
denmark,1987,21295.67686
dominican republic,1987,868.0875578
algeria,1987,2847.077669
east asia & pacific (excluding high income),1987,340.9367665
early-demographic dividend,1987,801.0268546
east asia & pacific,1987,2115.712357
europe & central asia (excluding high income),1987,1187.889318
europe & central asia,1987,7746.270873
ecuador,1987,1426.016292
"egypt, arab rep.",1987,753.7222637
euro area,1987,13379.95321
eritrea,1987,
spain,1987,8233.72823
estonia,1987,
ethiopia,1987,254.1213294
european union,1987,11144.97269
fragile and conflict affected situations,1987,786.4284514
finland,1987,18565.02644
fiji,1987,1569.46727
france,1987,16175.70905
faroe islands,1987,18982.64753
"micronesia, fed. sts.",1987,1230.441567
gabon,1987,3624.376759
united kingdom,1987,13118.58653
georgia,1987,1543.582025
ghana,1987,355.1537249
gibraltar,1987,
guinea,1987,504.5108688
"gambia, the",1987,236.9548027
guinea-bissau,1987,487.5519494
equatorial guinea,1987,220.9254418
greece,1987,6473.577832
grenada,1987,2204.638452
greenland,1987,14554.35137
guatemala,1987,853.9037725
guam,1987,
guyana,1987,464.0525663
high income,1987,12876.39253
"hong kong sar, china",1987,9071.390765
honduras,1987,1352.554724
heavily indebted poor countries (hipc),1987,406.5790526
croatia,1987,
haiti,1987,317.6355207
hungary,1987,2565.973911
ibrd only,1987,889.055439
ida & ibrd total,1987,790.7883817
ida total,1987,393.0877291
ida blend,1987,518.75529
indonesia,1987,437.6065504
ida only,1987,327.7332761
isle of man,1987,7012.142113
india,1987,344.9410283
not classified,1987,
ireland,1987,9581.913086
"iran, islamic rep.",1987,2513.151116
iraq,1987,3436.476313
iceland,1987,22453.18823
israel,1987,9853.408935
italy,1987,14267.53682
jamaica,1987,1410.845987
jordan,1987,2216.870452
japan,1987,21141.7184
kazakhstan,1987,
kenya,1987,386.63093
kyrgyz republic,1987,
cambodia,1987,158.1243754
kiribati,1987,423.8224733
st. kitts and nevis,1987,3573.284032
"korea, rep.",1987,3554.606009
kuwait,1987,10895.65003
latin america & caribbean (excluding high income),1987,1875.183901
lao pdr,1987,274.7295853
lebanon,1987,
liberia,1987,409.2159401
libya,1987,6464.73284
st. lucia,1987,2818.914751
latin america & caribbean,1987,1974.953008
least developed countries: un classification,1987,294.6898241
low income,1987,356.7311826
liechtenstein,1987,38206.22695
sri lanka,1987,419.8244094
lower middle income,1987,424.3040045
low & middle income,1987,652.1939257
lesotho,1987,236.4510326
late-demographic dividend,1987,927.5755187
lithuania,1987,
luxembourg,1987,22443.43146
latvia,1987,
"macao sar, china",1987,6380.07114
st. martin (french part),1987,
morocco,1987,937.4571533
monaco,1987,62456.07088
moldova,1987,
madagascar,1987,290.8315311
maldives,1987,692.4598389
"middle east, north africa, afghanistan & pakistan",1987,1810.61784
mexico,1987,1888.263143
marshall islands,1987,1542.642304
middle income,1987,671.8938239
north macedonia,1987,
mali,1987,240.8236945
malta,1987,5083.801793
myanmar,1987,41.14781372
"middle east, north africa, afghanistan & pakistan (excluding high income)",1987,1297.364158
montenegro,1987,
mongolia,1987,1493.282381
northern mariana islands,1987,
mozambique,1987,
mauritania,1987,745.787179
mauritius,1987,1839.791096
malawi,1987,207.6058947
malaysia,1987,1977.129087
north america,1987,19679.33709
namibia,1987,1969.42365
new caledonia,1987,8983.357087
niger,1987,295.3262539
nigeria,1987,587.9566134
nicaragua,1987,992.0240664
netherlands,1987,16734.15141
norway,1987,22505.86226
nepal,1987,162.0369069
nauru,1987,4484.508146
new zealand,1987,12330.91683
oecd members,1987,13138.73441
oman,1987,5203.999941
other small states,1987,2839.712173
pakistan,1987,317.2386742
panama,1987,2966.009679
peru,1987,1792.300702
philippines,1987,649.8128576
palau,1987,4616.290289
papua new guinea,1987,865.4685696
poland,1987,
pre-demographic dividend,1987,591.7733302
puerto rico (us),1987,6980.490143
"korea, dem. people's rep.",1987,
portugal,1987,4803.866095
paraguay,1987,1068.953803
west bank and gaza,1987,
pacific island small states,1987,1173.873104
post-demographic dividend,1987,14760.05943
french polynesia,1987,14061.38737
qatar,1987,13718.79115
romania,1987,1658.758739
russian federation,1987,
rwanda,1987,319.6436633
south asia,1987,330.2638036
saudi arabia,1987,9385.984695
sudan,1987,471.1572266
senegal,1987,916.0948415
singapore,1987,7539.029302
solomon islands,1987,514.6693333
sierra leone,1987,172.3642148
el salvador,1987,777.2394025
san marino,1987,
"somalia, fed. rep.",1987,140.9698522
serbia,1987,
sub-saharan africa (excluding high income),1987,666.9619491
south sudan,1987,
sub-saharan africa,1987,630.9623639
small states,1987,2812.463874
sao tome and principe,1987,1017.854137
suriname,1987,2469.067373
slovak republic,1987,
slovenia,1987,
sweden,1987,21761.21445
eswatini,1987,764.752134
sint maarten (dutch part),1987,
seychelles,1987,3871.77852
syrian arab republic,1987,997.1281344
turks and caicos islands,1987,
chad,1987,213.9317299
east asia & pacific (ida & ibrd countries),1987,345.1544357
europe & central asia (ida & ibrd countries),1987,
togo,1987,482.2895988
thailand,1987,970.4525225
tajikistan,1987,
turkmenistan,1987,675.2216781
latin america & the caribbean (ida & ibrd countries),1987,1906.404544
timor-leste,1987,
"middle east, north africa, afghanistan & pakistan (ida & ibrd)",1987,1287.169152
tonga,1987,830.1530196
south asia (ida & ibrd),1987,330.2638036
sub-saharan africa (ida & ibrd countries),1987,630.9623639
trinidad and tobago,1987,3941.12014
tunisia,1987,1244.766636
turkiye,1987,1649.962648
tuvalu,1987,599.7507465
tanzania,1987,334.8227844
uganda,1987,392.9707432
ukraine,1987,1244.04126
upper middle income,1987,868.5388573
uruguay,1987,2415.654199
united states,1987,20038.9411
uzbekistan,1987,450.2445365
st. vincent and the grenadines,1987,1596.173193
"venezuela, rb",1987,2610.988371
british virgin islands,1987,
virgin islands (u.s.),1987,
viet nam,1987,595.2474887
vanuatu,1987,1016.599048
world,1987,3474.925127
samoa,1987,666.3083373
kosovo,1987,
"yemen, rep.",1987,
south africa,1987,2586.274233
zambia,1987,314.9996026
zimbabwe,1987,726.0607561
aruba,1988,10056.26139
africa eastern and southern,1988,704.4662217
afghanistan,1988,
africa western and central,1988,560.3805816
angola,1988,807.4396284
albania,1988,652.7743214
andorra,1988,14599.03552
arab world,1988,2042.057616
united arab emirates,1988,21569.70689
argentina,1988,3992.703302
armenia,1988,
american samoa,1988,
antigua and barbuda,1988,6466.156835
australia,1988,14284.96079
austria,1988,17509.76587
azerbaijan,1988,
burundi,1988,201.7404008
belgium,1988,16391.09383
benin,1988,326.1797577
burkina faso,1988,301.1292147
bangladesh,1988,247.901466
bulgaria,1988,2511.393063
bahrain,1988,8771.785353
"bahamas, the",1988,10575.79715
bosnia and herzegovina,1988,
belarus,1988,
belize,1988,2405.811166
bermuda,1988,24958.1127
bolivia,1988,672.6071728
brazil,1988,2140.650276
barbados,1988,7032.653708
brunei darussalam,1988,18824.76373
bhutan,1988,488.8777574
botswana,1988,2140.514392
central african republic,1988,466.0705969
canada,1988,19012.57233
central europe and the baltics,1988,
switzerland,1988,32690.43027
channel islands,1988,
chile,1988,2013.539878
china,1988,284.0235731
cote d'ivoire,1988,909.5341822
cameroon,1988,1145.16556
"congo, dem. rep.",1988,257.7251517
"congo, rep.",1988,984.3762858
colombia,1988,1259.617411
comoros,1988,845.413856
cabo verde,1988,729.4700128
costa rica,1988,1554.740485
caribbean small states,1988,3530.076897
cuba,1988,2632.041768
curacao,1988,
cayman islands,1988,
cyprus,1988,7645.629883
czechia,1988,
germany,1988,17996.97835
djibouti,1988,816.8746141
dominica,1988,2423.325743
denmark,1988,22524.57926
dominican republic,1988,783.9131421
algeria,1988,2450.872421
east asia & pacific (excluding high income),1988,371.9254393
early-demographic dividend,1988,825.2773933
east asia & pacific,1988,2502.358221
europe & central asia (excluding high income),1988,1298.982016
europe & central asia,1988,8570.775345
ecuador,1988,1303.779061
"egypt, arab rep.",1988,633.8393695
euro area,1988,14667.43265
eritrea,1988,
spain,1988,9696.192854
estonia,1988,
ethiopia,1988,253.2482625
european union,1988,12196.91001
fragile and conflict affected situations,1988,834.6771136
finland,1988,22043.77016
fiji,1988,1463.047202
france,1988,17549.64405
faroe islands,1988,20453.53092
"micronesia, fed. sts.",1988,1284.282728
gabon,1988,4118.60473
united kingdom,1988,15987.16808
georgia,1988,1843.903432
ghana,1988,355.1218449
gibraltar,1988,
guinea,1988,574.0011272
"gambia, the",1988,274.874466
guinea-bissau,1988,453.8074727
equatorial guinea,1988,228.6692328
greece,1988,7492.352048
grenada,1988,2404.255236
greenland,1988,16397.95019
guatemala,1988,919.0707731
guam,1988,
guyana,1988,544.7152092
high income,1988,14393.20327
"hong kong sar, china",1988,10609.74564
honduras,1988,1253.849211
heavily indebted poor countries (hipc),1988,414.9590022
croatia,1988,
haiti,1988,397.3653363
hungary,1988,2812.237546
ibrd only,1988,932.9012528
ida & ibrd total,1988,827.0148924
ida total,1988,403.0000785
ida blend,1988,524.1457677
indonesia,1988,476.6624834
ida only,1988,340.0444574
isle of man,1988,8768.790532
india,1988,358.4845396
not classified,1988,
ireland,1988,10715.87062
"iran, islamic rep.",1988,2234.462351
iraq,1988,3707.208418
iceland,1988,24451.97332
israel,1988,11852.98265
italy,1988,15780.94951
jamaica,1988,1632.014817
jordan,1988,1965.980318
japan,1988,25499.88117
kazakhstan,1988,
kenya,1988,391.2387712
kyrgyz republic,1988,
cambodia,1988,244.1095775
kiribati,1988,535.9151346
st. kitts and nevis,1988,4205.654683
"korea, rep.",1988,4748.640644
kuwait,1988,9692.347546
latin america & caribbean (excluding high income),1988,1999.650771
lao pdr,1988,147.0709429
lebanon,1988,959.1539019
liberia,1988,424.3257193
libya,1988,5736.28244
st. lucia,1988,3182.441701
latin america & caribbean,1988,2123.833749
least developed countries: un classification,1988,315.0067209
low income,1988,376.447068
liechtenstein,1988,41568.54412
sri lanka,1988,434.0155528
lower middle income,1988,427.2398452
low & middle income,1988,681.4838777
lesotho,1988,270.3671201
late-demographic dividend,1988,996.6301467
lithuania,1988,
luxembourg,1988,25219.35428
latvia,1988,
"macao sar, china",1988,7242.91716
st. martin (french part),1988,
morocco,1988,1086.035278
monaco,1988,67180.57637
moldova,1988,
madagascar,1988,280.5283984
maldives,1988,799.0825017
"middle east, north africa, afghanistan & pakistan",1988,1755.782845
mexico,1988,2278.812227
marshall islands,1988,1670.281893
middle income,1988,701.9792809
north macedonia,1988,
mali,1988,245.5333468
malta,1988,5814.447759
myanmar,1988,39.92360889
"middle east, north africa, afghanistan & pakistan (excluding high income)",1988,1221.347869
montenegro,1988,
mongolia,1988,1543.335555
northern mariana islands,1988,
mozambique,1988,
mauritania,1988,762.423918
mauritius,1988,2073.592388
malawi,1988,229.4218439
malaysia,1988,2099.954677
north america,1988,21180.34724
namibia,1988,2062.579976
new caledonia,1988,12301.19232
niger,1988,292.5878785
nigeria,1988,539.5394684
nicaragua,1988,662.3081966
netherlands,1988,17770.61624
norway,1988,24207.28147
nepal,1988,187.0847776
nauru,1988,5011.580315
new zealand,1988,13759.15563
oecd members,1988,14693.57107
oman,1988,5279.104114
other small states,1988,3001.858875
pakistan,1988,353.8545428
panama,1988,2508.782293
peru,1988,733.2997849
philippines,1988,722.3437185
palau,1988,5145.006145
papua new guinea,1988,984.993556
poland,1988,
pre-demographic dividend,1988,603.163162
puerto rico (us),1988,7595.444656
"korea, dem. people's rep.",1988,
portugal,1988,5623.697
paraguay,1988,1113.894069
west bank and gaza,1988,
pacific island small states,1988,1188.983908
post-demographic dividend,1988,16531.67052
french polynesia,1988,13952.83828
qatar,1988,14682.02185
romania,1988,1753.192856
russian federation,1988,3778.019775
rwanda,1988,343.7813258
south asia,1988,344.3914074
saudi arabia,1988,9165.496153
sudan,1988,553.0786133
senegal,1988,880.4877551
singapore,1988,8914.441226
solomon islands,1988,567.0229356
sierra leone,1988,268.1609796
el salvador,1988,806.3923533
san marino,1988,
"somalia, fed. rep.",1988,145.3413468
serbia,1988,
sub-saharan africa (excluding high income),1988,683.3223252
south sudan,1988,
sub-saharan africa,1988,645.4431674
small states,1988,2931.992611
sao tome and principe,1988,846.6017701
suriname,1988,2886.429802
slovak republic,1988,
slovenia,1988,
sweden,1988,24499.40532
eswatini,1988,865.2515444
sint maarten (dutch part),1988,
seychelles,1988,4392.198649
syrian arab republic,1988,897.7087634
turks and caicos islands,1988,
chad,1988,263.5446478
east asia & pacific (ida & ibrd countries),1988,376.5147455
europe & central asia (ida & ibrd countries),1988,2338.228509
togo,1988,516.5362389
thailand,1988,1164.200962
tajikistan,1988,
turkmenistan,1988,845.932942
latin america & the caribbean (ida & ibrd countries),1988,2049.984565
timor-leste,1988,
"middle east, north africa, afghanistan & pakistan (ida & ibrd)",1988,1211.750217
tonga,1988,1077.683592
south asia (ida & ibrd),1988,344.3914074
sub-saharan africa (ida & ibrd countries),1988,645.4431674
trinidad and tobago,1988,3655.81977
tunisia,1988,1266.075833
turkiye,1988,1685.694792
tuvalu,1988,823.0875054
tanzania,1988,307.5063477
uganda,1988,395.187661
ukraine,1988,1444.248047
upper middle income,1988,921.969722
uruguay,1988,2677.197777
united states,1988,21417.01193
uzbekistan,1988,550.9996151
st. vincent and the grenadines,1988,1813.937651
"venezuela, rb",1988,3191.476337
british virgin islands,1988,
virgin islands (u.s.),1988,
viet nam,1988,404.5593051
vanuatu,1988,1125.00617
world,1988,3814.424466
samoa,1988,790.1349923
kosovo,1988,
"yemen, rep.",1988,
south africa,1988,2702.055048
zambia,1988,504.4860202
zimbabwe,1988,815.4761635
aruba,1989,11507.21715
africa eastern and southern,1989,728.5493366
afghanistan,1989,
africa western and central,1989,509.3267336
angola,1989,907.7478931
albania,1989,697.9955966
andorra,1989,15714.92655
arab world,1989,2117.752624
united arab emirates,1989,23166.73059
argentina,1989,2374.573216
armenia,1989,
american samoa,1989,
antigua and barbuda,1989,7187.904841
australia,1989,17834.45269
austria,1989,17400.52266
azerbaijan,1989,
burundi,1989,203.5789442
belgium,1989,16525.06174
benin,1989,293.3219496
burkina faso,1989,293.1887037
bangladesh,1989,263.0057208
bulgaria,1989,2477.020818
bahrain,1989,8833.411343
"bahamas, the",1989,11291.47645
bosnia and herzegovina,1989,
belarus,1989,
belize,1989,2741.936384
bermuda,1989,26282.6241
bolivia,1989,675.4699939
brazil,1989,2818.99278
barbados,1989,7772.550228
brunei darussalam,1989,20090.06902
bhutan,1989,461.6546188
botswana,1989,2427.68262
central african republic,1989,443.2268598
canada,1989,20794.68223
central europe and the baltics,1989,
switzerland,1989,31308.65083
channel islands,1989,
chile,1989,2277.847643
china,1989,311.4294612
cote d'ivoire,1989,832.559838
cameroon,1989,1000.892613
"congo, dem. rep.",1989,254.2310379
"congo, rep.",1989,1032.864975
colombia,1989,1244.326946
comoros,1989,788.442399
cabo verde,1989,727.1516856
costa rica,1989,1725.139362
caribbean small states,1989,3468.589398
cuba,1989,2565.541179
curacao,1989,
cayman islands,1989,
cyprus,1989,8038.914063
czechia,1989,
germany,1989,17829.46095
djibouti,1989,781.9168387
dominica,1989,2639.049548
denmark,1989,21882.15175
dominican republic,1989,954.9145044
algeria,1989,2247.460271
east asia & pacific (excluding high income),1989,395.42603
early-demographic dividend,1989,819.8403822
east asia & pacific,1989,2565.253801
europe & central asia (excluding high income),1989,1455.186648
europe & central asia,1989,8631.008199
ecuador,1989,1356.280456
"egypt, arab rep.",1989,701.0377179
euro area,1989,14916.08121
eritrea,1989,
spain,1989,10674.34102
estonia,1989,
ethiopia,1989,256.3864753
european union,1989,12414.35793
fragile and conflict affected situations,1989,806.9896189
finland,1989,23969.0528
fiji,1989,1543.296172
france,1989,17547.26454
faroe islands,1989,18181.22837
"micronesia, fed. sts.",1989,1365.615183
gabon,1989,4373.884919
united kingdom,1989,16239.2822
georgia,1989,1853.440908
ghana,1989,349.9649419
gibraltar,1989,
guinea,1989,570.493418
"gambia, the",1989,280.9298096
guinea-bissau,1989,578.4909858
equatorial guinea,1989,193.2233561
greece,1989,7737.543858
grenada,1989,2696.982902
greenland,1989,16813.74145
guatemala,1989,958.4274712
guam,1989,
guyana,1989,503.1090191
high income,1989,14885.07948
"hong kong sar, china",1989,12097.74879
honduras,1989,1121.959244
heavily indebted poor countries (hipc),1989,410.6752077
croatia,1989,
haiti,1989,407.4987081
hungary,1989,2902.435081
ibrd only,1989,954.5877299
ida & ibrd total,1989,841.9390322
ida total,1989,394.1576282
ida blend,1989,493.6793179
indonesia,1989,524.1430273
ida only,1989,343.5309091
isle of man,1989,9110.774999
india,1989,349.915155
not classified,1989,
ireland,1989,11175.8166
"iran, islamic rep.",1989,2124.972148
iraq,1989,3791.170276
iceland,1989,22434.34677
israel,1989,11607.67584
italy,1989,16424.43016
jamaica,1989,1864.984976
jordan,1989,1260.251865
japan,1989,25265.94876
kazakhstan,1989,
kenya,1989,374.4891937
kyrgyz republic,1989,
cambodia,1989,191.2974924
kiribati,1989,514.6529482
st. kitts and nevis,1989,4723.453519
"korea, rep.",1989,5817.065567
kuwait,1989,10964.69291
latin america & caribbean (excluding high income),1989,2229.907821
lao pdr,1989,170.3772968
lebanon,1989,771.0011212
liberia,1989,312.2892554
libya,1989,5792.579163
st. lucia,1989,3565.010158
latin america & caribbean,1989,2300.789137
least developed countries: un classification,1989,329.5055273
low income,1989,397.1800906
liechtenstein,1989,39551.6404
sri lanka,1989,430.0238897
lower middle income,1989,408.5877782
low & middle income,1989,715.8422756
lesotho,1989,279.0352525
late-demographic dividend,1989,1046.972689
lithuania,1989,
luxembourg,1989,26618.06958
latvia,1989,
"macao sar, china",1989,8322.563802
st. martin (french part),1989,
morocco,1989,1091.276245
monaco,1989,66815.71045
moldova,1989,
madagascar,1989,271.3061833
maldives,1989,870.3783182
"middle east, north africa, afghanistan & pakistan",1989,1756.453727
mexico,1989,2725.055723
marshall islands,1989,1670.215207
middle income,1989,737.4095155
north macedonia,1989,
mali,1989,242.4263266
malta,1989,6040.840542
myanmar,1989,51.3443285
"middle east, north africa, afghanistan & pakistan (excluding high income)",1989,1191.061951
montenegro,1989,
mongolia,1989,1683.924329
northern mariana islands,1989,
mozambique,1989,
mauritania,1989,762.2755806
mauritius,1989,2103.488027
malawi,1989,252.1959074
malaysia,1989,2243.602196
north america,1989,22652.66305
namibia,1989,1966.827028
new caledonia,1989,12701.82899
niger,1989,271.2665579
nigeria,1989,465.4880895
nicaragua,1989,249.1554741
netherlands,1989,17423.29616
norway,1989,24281.13041
nepal,1989,184.9754165
nauru,1989,5722.767422
new zealand,1989,13312.38559
oecd members,1989,15241.27958
oman,1989,5591.227238
other small states,1989,3008.844026
pakistan,1989,357.5957961
panama,1989,2462.110225
peru,1989,1044.907258
philippines,1989,791.8643244
palau,1989,5741.086852
papua new guinea,1989,934.2464949
poland,1989,
pre-demographic dividend,1989,593.5857415
puerto rico (us),1989,8033.089441
"korea, dem. people's rep.",1989,
portugal,1989,6056.381028
paraguay,1989,1211.296343
west bank and gaza,1989,
pacific island small states,1989,1219.294708
post-demographic dividend,1989,17156.82177
french polynesia,1989,13682.84129
qatar,1989,15242.50689
romania,1989,1789.644555
russian federation,1989,3429.649902
rwanda,1989,334.7419634
south asia,1989,338.645008
saudi arabia,1989,9413.581194
sudan,1989,814.2675171
senegal,1989,848.5555481
singapore,1989,10394.539
solomon islands,1989,538.1017629
sierra leone,1989,231.275623
el salvador,1989,825.1052325
san marino,1989,
"somalia, fed. rep.",1989,166.0423373
serbia,1989,
sub-saharan africa (excluding high income),1989,675.9044957
south sudan,1989,
sub-saharan africa,1989,638.626406
small states,1989,2919.819033
sao tome and principe,1989,821.3551292
suriname,1989,1328.570134
slovak republic,1989,
slovenia,1989,
sweden,1989,25625.31037
eswatini,1989,831.8471501
sint maarten (dutch part),1989,
seychelles,1989,4689.134508
syrian arab republic,1989,809.0440282
turks and caicos islands,1989,
chad,1989,246.3553785
east asia & pacific (ida & ibrd countries),1989,400.2994362
europe & central asia (ida & ibrd countries),1989,2254.651925
togo,1989,491.9993211
thailand,1989,1341.729784
tajikistan,1989,
turkmenistan,1989,821.0298645
latin america & the caribbean (ida & ibrd countries),1989,2230.301015
timor-leste,1989,
"middle east, north africa, afghanistan & pakistan (ida & ibrd)",1989,1181.702294
tonga,1989,1069.835468
south asia (ida & ibrd),1989,338.645008
sub-saharan africa (ida & ibrd countries),1989,638.626406
trinidad and tobago,1989,3481.845058
tunisia,1989,1239.238602
turkiye,1989,1948.591795
tuvalu,1989,976.0474772
tanzania,1989,259.5022278
uganda,1989,310.1860252
ukraine,1989,1593.078613
upper middle income,1989,1003.521205
uruguay,1989,2734.366239
united states,1989,22857.15443
uzbekistan,1989,598.1231317
st. vincent and the grenadines,1989,1929.91051
"venezuela, rb",1989,2250.084597
british virgin islands,1989,
virgin islands (u.s.),1989,
viet nam,1989,98.10701722
vanuatu,1989,1066.625128
world,1989,3915.096594
samoa,1989,728.1511289
kosovo,1989,
"yemen, rep.",1989,
south africa,1989,2726.709807
zambia,1989,526.3617693
zimbabwe,1989,839.9891581
aruba,1990,12187.53636
africa eastern and southern,1990,822.7938675
afghanistan,1990,
africa western and central,1990,590.321435
angola,1990,965.8668405
albania,1990,617.2304355
andorra,1990,19563.65747
arab world,1990,2875.257142
united arab emirates,1990,26709.99344
argentina,1990,4315.334031
armenia,1990,635.3553275
american samoa,1990,
antigua and barbuda,1990,7590.754424
australia,1990,18249.30145
austria,1990,21596.06822
azerbaijan,1990,1238.271893
burundi,1990,202.6294462
belgium,1990,20600.37528
benin,1990,371.1016043
burkina faso,1990,338.5937591
bangladesh,1990,283.0537371
bulgaria,1990,2366.529821
bahrain,1990,9342.538914
"bahamas, the",1990,11473.30084
bosnia and herzegovina,1990,1742.882622
belarus,1990,1706.640919
belize,1990,2988.649523
bermuda,1990,27665.52581
bolivia,1990,682.6768103
brazil,1990,2581.141874
barbados,1990,7781.405733
brunei darussalam,1990,23658.71663
bhutan,1990,488.3274315
botswana,1990,2903.153816
central african republic,1990,501.6562006
canada,1990,21525.86114
central europe and the baltics,1990,2457.174549
switzerland,1990,39574.53981
channel islands,1990,
chile,1990,2487.768297
china,1990,318.5033536
cote d'ivoire,1990,885.6478422
cameroon,1990,1086.717009
"congo, dem. rep.",1990,254.8726563
"congo, rep.",1990,1175.667091
colombia,1990,1474.845529
comoros,1990,966.3203846
cabo verde,1990,817.4429255
costa rica,1990,1829.668709
caribbean small states,1990,3713.804539
cuba,1990,2694.31698
curacao,1990,
cayman islands,1990,
cyprus,1990,9641.575195
czechia,1990,3969.367335
germany,1990,22385.67783
djibouti,1990,780.4977194
dominica,1990,2892.981597
denmark,1990,26885.69942
dominican republic,1990,989.1639412
algeria,1990,2445.183327
east asia & pacific (excluding high income),1990,416.9387823
early-demographic dividend,1990,937.5697265
east asia & pacific,1990,2637.442736
europe & central asia (excluding high income),1990,1720.287266
europe & central asia,1990,10494.42581
ecuador,1990,1455.007485
"egypt, arab rep.",1990,735.982935
euro area,1990,18683.51162
eritrea,1990,
spain,1990,13795.01594
estonia,1990,
ethiopia,1990,262.1089711
european union,1990,15470.41883
fragile and conflict affected situations,1990,1120.714572
finland,1990,28366.20428
fiji,1990,1728.940769
france,1990,21586.46746
faroe islands,1990,20125.79407
"micronesia, fed. sts.",1990,1459.043692
gabon,1990,6050.71469
united kingdom,1990,19095.467
georgia,1990,1610.980271
ghana,1990,382.5424637
gibraltar,1990,
guinea,1990,604.3044227
"gambia, the",1990,300.6398957
guinea-bissau,1990,651.3376407
equatorial guinea,1990,236.4021884
greece,1990,9466.662385
grenada,1990,2782.183969
greenland,1990,18326.9295
guatemala,1990,847.6885618
guam,1990,
guyana,1990,528.8510953
high income,1990,16565.25778
"hong kong sar, china",1990,13485.63145
honduras,1990,988.4592738
heavily indebted poor countries (hipc),1990,459.3699804
croatia,1990,5369.109786
haiti,1990,451.7202497
hungary,1990,3323.539672
ibrd only,1990,1053.475735
ida & ibrd total,1990,927.9441759
ida total,1990,433.384978
ida blend,1990,529.4049162
indonesia,1990,578.4201211
ida only,1990,385.3198329
isle of man,1990,11049.89494
india,1990,371.0859362
not classified,1990,
ireland,1990,14031.30257
"iran, islamic rep.",1990,2137.942227
iraq,1990,10261.41577
iceland,1990,25384.91502
israel,1990,13308.31106
italy,1990,20873.78341
jamaica,1990,1929.598919
jordan,1990,1148.590055
japan,1990,25801.39504
kazakhstan,1990,1570.008831
kenya,1990,374.4589929
kyrgyz republic,1990,605.798145
cambodia,1990,190.18147
kiribati,1990,488.0675279
st. kitts and nevis,1990,5373.44824
"korea, rep.",1990,6609.997283
kuwait,1990,10937.54153
latin america & caribbean (excluding high income),1990,2425.459
lao pdr,1990,200.7349055
lebanon,1990,789.5263385
liberia,1990,172.8676101
libya,1990,6502.278866
st. lucia,1990,4204.571619
latin america & caribbean,1990,2501.00479
least developed countries: un classification,1990,369.8717812
low income,1990,487.0193249
liechtenstein,1990,49457.56093
sri lanka,1990,491.2136862
lower middle income,1990,433.1841778
low & middle income,1990,804.6484565
lesotho,1990,329.5637852
late-demographic dividend,1990,1065.221417
lithuania,1990,
luxembourg,1990,33465.47821
latvia,1990,
"macao sar, china",1990,9692.435388
st. martin (french part),1990,
morocco,1990,1229.071045
monaco,1990,81734.8665
moldova,1990,1206.502087
madagascar,1990,326.0992532
maldives,1990,956.7630198
"middle east, north africa, afghanistan & pakistan",1990,2183.541705
mexico,1990,3154.469203
marshall islands,1990,1758.40821
middle income,1990,827.0237384
north macedonia,1990,2277.303723
mali,1990,292.1845321
malta,1990,7192.389947
myanmar,1990,53.12254011
"middle east, north africa, afghanistan & pakistan (excluding high income)",1990,1555.058275
montenegro,1990,
mongolia,1990,1220.171277
northern mariana islands,1990,
mozambique,1990,
mauritania,1990,772.0330921
mauritius,1990,2539.928465
malawi,1990,286.730599
malaysia,1990,2468.690803
north america,1990,23653.50201
namibia,1990,2037.475894
new caledonia,1990,14334.68074
niger,1990,423.8874606
nigeria,1990,556.3764491
nicaragua,1990,242.5083906
netherlands,1990,21322.19448
norway,1990,28242.9814
nepal,1990,185.7946004
nauru,1990,5775.553474
new zealand,1990,13663.02162
oecd members,1990,17011.41353
oman,1990,7545.703052
other small states,1990,3547.635934
pakistan,1990,344.4554738
panama,1990,2620.138273
peru,1990,1199.666668
philippines,1990,803.5725883
palau,1990,6402.929615
papua new guinea,1990,826.3171521
poland,1990,1731.209509
pre-demographic dividend,1990,938.7406832
puerto rico (us),1990,8652.507492
"korea, dem. people's rep.",1990,
portugal,1990,7884.617988
paraguay,1990,1440.158296
west bank and gaza,1990,
pacific island small states,1990,1343.2772
post-demographic dividend,1990,19124.54101
french polynesia,1990,16293.18233
qatar,1990,16721.62077
romania,1990,1648.48523
russian federation,1990,3494.063232
rwanda,1990,345.7734951
south asia,1990,359.9539731
saudi arabia,1990,11054.7495
sudan,1990,1257.1875
senegal,1990,957.3143374
singapore,1990,11861.75616
solomon islands,1990,648.3252126
sierra leone,1990,154.7940725
el salvador,1990,892.1827152
san marino,1990,
"somalia, fed. rep.",1990,145.6035014
serbia,1990,
sub-saharan africa (excluding high income),1990,773.5160852
south sudan,1990,
sub-saharan africa,1990,727.5594107
small states,1990,3319.457008
sao tome and principe,1990,970.0596256
suriname,1990,941.5917361
slovak republic,1990,2437.17517
slovenia,1990,9925.14071
sweden,1990,30549.66928
eswatini,1990,1277.69173
sint maarten (dutch part),1990,
seychelles,1990,5642.072897
syrian arab republic,1990,978.489617
turks and caicos islands,1990,
chad,1990,290.5990453
east asia & pacific (ida & ibrd countries),1990,422.0714101
europe & central asia (ida & ibrd countries),1990,2377.654664
togo,1990,575.0945119
thailand,1990,1559.112093
tajikistan,1990,487.0361287
turkmenistan,1990,848.1550474
latin america & the caribbean (ida & ibrd countries),1990,2428.561641
timor-leste,1990,168.6210102
"middle east, north africa, afghanistan & pakistan (ida & ibrd)",1990,1551.331825
tonga,1990,1139.055382
south asia (ida & ibrd),1990,359.9539731
sub-saharan africa (ida & ibrd countries),1990,727.5594107
trinidad and tobago,1990,4047.250936
tunisia,1990,1476.431605
turkiye,1990,2689.526219
tuvalu,1990,1084.667072
tanzania,1990,243.611557
uganda,1990,244.9871681
ukraine,1990,1563.634155
upper middle income,1990,1149.129433
uruguay,1990,2995.361057
united states,1990,23888.60001
uzbekistan,1990,652.9376529
st. vincent and the grenadines,1990,2149.739444
"venezuela, rb",1990,2451.552311
british virgin islands,1990,
virgin islands (u.s.),1990,
viet nam,1990,98.79833703
vanuatu,1990,1140.590203
world,1990,4322.945333
samoa,1990,743.994213
kosovo,1990,
"yemen, rep.",1990,910.422466
south africa,1990,3093.489204
zambia,1990,422.3362988
zimbabwe,1990,866.486527
aruba,1991,13233.99052
africa eastern and southern,1991,864.5638653
afghanistan,1991,
africa western and central,1991,603.8789102
angola,1991,881.9194881
albania,1991,336.5869945
andorra,1991,19533.26207
arab world,1991,2048.809755
united arab emirates,1991,25690.96863
argentina,1991,5709.247841
armenia,1991,572.7402609
american samoa,1991,
antigua and barbuda,1991,7956.474309
australia,1991,18859.90746
austria,1991,22323.13125
azerbaijan,1991,734.9442328
burundi,1991,204.6682584
belgium,1991,21041.66065
benin,1991,364.689296
burkina faso,1991,333.7060551
bangladesh,1991,272.0649485
bulgaria,1991,883.7365783
bahrain,1991,10434.1324
"bahamas, the",1991,11082.35286
bosnia and herzegovina,1991,1373.371045
belarus,1991,1805.455925
belize,1991,3192.365269
bermuda,1991,28195.70916
bolivia,1991,733.9354876
brazil,1991,2257.609297
barbados,1991,7790.262294
brunei darussalam,1991,23932.18975
bhutan,1991,400.6347052
botswana,1991,2938.594427
central african republic,1991,464.8282836
canada,1991,21846.79305
central europe and the baltics,1991,2233.29252
switzerland,1991,39544.49468
channel islands,1991,
chile,1991,2798.342624
china,1991,334.1302881
cote d'ivoire,1991,827.2418892
cameroon,1991,1014.828973
"congo, dem. rep.",1991,253.7964277
"congo, rep.",1991,1112.535212
colombia,1991,1499.711042
comoros,1991,930.9695614
cabo verde,1991,831.6138876
costa rica,1991,2253.381915
caribbean small states,1991,3792.334378
cuba,1991,2268.834932
curacao,1991,
cayman islands,1991,
cyprus,1991,9696.099609
czechia,1991,2917.086555
germany,1991,23443.33508
djibouti,1991,732.7331016
dominica,1991,3171.365778
denmark,1991,27002.80577
dominican republic,1991,1345.846737
algeria,1991,1759.112016
east asia & pacific (excluding high income),1991,445.8047532
early-demographic dividend,1991,971.773804
east asia & pacific,1991,2937.090188
europe & central asia (excluding high income),1991,1641.377317
europe & central asia,1991,10760.1647
ecuador,1991,1587.3605
"egypt, arab rep.",1991,622.829605
euro area,1991,19305.46502
eritrea,1991,
spain,1991,14801.32262
estonia,1991,
ethiopia,1991,277.5659104
european union,1991,15952.04283
fragile and conflict affected situations,1991,774.2893948
finland,1991,25488.84505
fiji,1991,1774.992111
france,1991,21500.77784
faroe islands,1991,19163.95934
"micronesia, fed. sts.",1991,1617.455282
gabon,1991,5345.09653
united kingdom,1991,19900.72665
georgia,1991,1307.823427
ghana,1991,418.2541213
gibraltar,1991,
guinea,1991,656.4237312
"gambia, the",1991,627.5789193
guinea-bissau,1991,672.0738788
equatorial guinea,1991,225.3193785
greece,1991,10046.66639
grenada,1991,2983.916432
greenland,1991,18315.31656
guatemala,1991,1014.402797
guam,1991,
guyana,1991,466.039939
high income,1991,17357.24027
"hong kong sar, china",1991,15465.92453
honduras,1991,907.2711146
heavily indebted poor countries (hipc),1991,485.0344039
croatia,1991,4000.916774
haiti,1991,496.5459874
hungary,1991,3361.22268
ibrd only,1991,1005.912248
ida & ibrd total,1991,893.3871977
ida total,1991,455.4318251
ida blend,1991,549.3920906
indonesia,1991,624.3874954
ida only,1991,408.41708
isle of man,1991,11768.1059
india,1991,305.5740559
not classified,1991,
ireland,1991,14087.2078
"iran, islamic rep.",1991,2194.439068
iraq,1991,22.95213276
iceland,1991,26802.98952
israel,1991,14346.08103
italy,1991,22007.1351
jamaica,1991,1710.300582
jordan,1991,1109.655646
japan,1991,29428.4289
kazakhstan,1991,1442.424555
kenya,1991,344.7226421
kyrgyz republic,1991,569.548584
cambodia,1991,267.3363067
kiribati,1991,540.1258611
st. kitts and nevis,1991,5464.610257
"korea, rep.",1991,7636.948064
kuwait,1991,8147.108073
latin america & caribbean (excluding high income),1991,2561.130059
lao pdr,1991,231.8062275
lebanon,1991,1278.421257
liberia,1991,177.8670066
libya,1991,7039.83392
st. lucia,1991,4398.679069
latin america & caribbean,1991,2651.246118
least developed countries: un classification,1991,390.6560719
low income,1991,532.0458957
liechtenstein,1991,50811.74645
sri lanka,1991,546.2925156
lower middle income,1991,405.0292526
low & middle income,1991,767.9718071
lesotho,1991,382.2912477
late-demographic dividend,1991,1061.143325
lithuania,1991,
luxembourg,1991,35747.3378
latvia,1991,
"macao sar, china",1991,10707.37868
st. martin (french part),1991,
morocco,1991,1292.233765
monaco,1991,80997.25209
moldova,1991,1037.899503
madagascar,1991,262.0244024
maldives,1991,1054.334138
"middle east, north africa, afghanistan & pakistan",1991,1708.904976
mexico,1991,3708.842055
marshall islands,1991,1810.634656
middle income,1991,785.740098
north macedonia,1991,2402.135177
mali,1991,290.949914
malta,1991,7558.759216
myanmar,1991,51.24089706
"middle east, north africa, afghanistan & pakistan (excluding high income)",1991,1024.139923
montenegro,1991,
mongolia,1991,1098.680174
northern mariana islands,1991,
mozambique,1991,288.7080925
mauritania,1991,1061.677043
mauritius,1991,2705.266482
malawi,1991,325.7527311
malaysia,1991,2679.201011
north america,1991,24094.13069
namibia,1991,2116.905525
new caledonia,1991,14642.51797
niger,1991,384.4431168
nigeria,1991,596.9387957
nicaragua,1991,349.5143186
netherlands,1991,21764.2145
norway,1991,28596.933
nepal,1991,195.7166214
nauru,1991,5333.379549
new zealand,1991,12230.07345
oecd members,1991,17839.53882
oman,1991,6977.328592
other small states,1991,3649.466688
pakistan,1991,380.0198433
panama,1991,2820.545477
peru,1991,1527.388795
philippines,1991,804.3233305
palau,1991,6824.343538
papua new guinea,1991,941.7077216
poland,1991,2235.541089
pre-demographic dividend,1991,517.0180435
puerto rico (us),1991,9064.018517
"korea, dem. people's rep.",1991,
portugal,1991,8958.985333
paraguay,1991,1685.268901
west bank and gaza,1991,
pacific island small states,1991,1404.209771
post-demographic dividend,1991,20028.00547
french polynesia,1991,16414.81327
qatar,1991,15133.49694
romania,1991,1254.312442
russian federation,1991,3490.452393
rwanda,1991,253.966902
south asia,1991,303.8180568
saudi arabia,1991,11847.16995
sudan,1991,1617.556763
senegal,1991,913.3995758
singapore,1991,14502.37999
solomon islands,1991,665.8331041
sierra leone,1991,183.686515
el salvador,1991,955.8268974
san marino,1991,
"somalia, fed. rep.",1991,105.3713265
serbia,1991,
sub-saharan africa (excluding high income),1991,806.1100373
south sudan,1991,
sub-saharan africa,1991,757.8091002
small states,1991,3408.228901
sao tome and principe,1991,855.1050758
suriname,1991,1079.725213
slovak republic,1991,2726.593055
slovenia,1991,7229.311498
sweden,1991,31777.0328
eswatini,1991,1273.012245
sint maarten (dutch part),1991,
seychelles,1991,5654.639757
syrian arab republic,1991,1000.077987
turks and caicos islands,1991,
chad,1991,302.4872684
east asia & pacific (ida & ibrd countries),1991,451.2852751
europe & central asia (ida & ibrd countries),1991,2315.904045
togo,1991,549.8080116
thailand,1991,1765.622674
tajikistan,1991,457.7678259
turkmenistan,1991,831.9987321
latin america & the caribbean (ida & ibrd countries),1991,2591.125512
timor-leste,1991,189.7946492
"middle east, north africa, afghanistan & pakistan (ida & ibrd)",1991,1021.780475
tonga,1991,1323.400986
south asia (ida & ibrd),1991,303.8180568
sub-saharan africa (ida & ibrd countries),1991,757.8091002
trinidad and tobago,1991,4205.377783
tunisia,1991,1537.879165
turkiye,1991,2649.2726
tuvalu,1991,1134.331756
tanzania,1991,276.4524536
uganda,1991,182.9558973
ukraine,1991,1482.639648
upper middle income,1991,1099.744725
uruguay,1991,3589.015419
united states,1991,24342.2589
uzbekistan,1991,658.3135505
st. vincent and the grenadines,1991,2270.763572
"venezuela, rb",1991,2632.539698
british virgin islands,1991,
virgin islands (u.s.),1991,
viet nam,1991,143.7152702
vanuatu,1991,1326.373213
world,1991,4437.341246
samoa,1991,741.5639638
kosovo,1991,
"yemen, rep.",1991,1016.30223
south africa,1991,3243.23616
zambia,1991,423.0712568
zimbabwe,1991,830.5271709
aruba,1992,13892.60514
africa eastern and southern,1992,733.2438556
afghanistan,1992,
africa western and central,1992,563.3100794
angola,1992,668.7060175
albania,1992,200.8522198
andorra,1992,20099.53522
arab world,1992,1996.377565
united arab emirates,1992,25648.27278
argentina,1992,6789.996111
armenia,1992,356.35078
american samoa,1992,
antigua and barbuda,1992,8153.737863
australia,1992,18624.18773
austria,1992,24782.71188
azerbaijan,1992,60.23512054
burundi,1992,184.8689705
belgium,1992,23372.61917
benin,1992,301.773297
burkina faso,1992,348.5924439
bangladesh,1992,273.4650725
bulgaria,1992,1007.344545
bahrain,1992,10460.15832
"bahamas, the",1992,10873.40475
bosnia and herzegovina,1992,1118.175699
belarus,1992,1658.086413
belize,1992,3645.612437
bermuda,1992,28761.96346
bolivia,1992,759.571135
brazil,1992,2127.316427
barbados,1992,7519.201435
brunei darussalam,1992,23450.89644
bhutan,1992,415.7915226
botswana,1992,3004.612634
central african republic,1992,461.5873035
canada,1992,20950.33053
central europe and the baltics,1992,2316.71497
switzerland,1992,40713.68815
channel islands,1992,
chile,1992,3351.841089
china,1992,367.8226519
cote d'ivoire,1992,844.9022238
cameroon,1992,1005.448976
"congo, dem. rep.",1992,209.7265488
"congo, rep.",1992,1164.22443
colombia,1992,1729.663973
comoros,1992,983.3925336
cabo verde,1992,907.8479095
costa rica,1992,2612.387565
caribbean small states,1992,3842.81867
cuba,1992,2047.679003
curacao,1992,
cayman islands,1992,
cyprus,1992,11310.07227
czechia,1992,3396.709724
germany,1992,26559.85439
djibouti,1992,763.6592145
dominica,1992,3376.260501
denmark,1992,29579.49136
dominican republic,1992,1558.297821
algeria,1992,1802.693008
east asia & pacific (excluding high income),1992,493.0608837
early-demographic dividend,1992,1032.695545
east asia & pacific,1992,3167.861927
europe & central asia (excluding high income),1992,1566.685177
europe & central asia,1992,11479.07332
ecuador,1992,1655.446132
"egypt, arab rep.",1992,680.7992386
euro area,1992,21178.52564
eritrea,1992,265.240963
spain,1992,16100.67994
estonia,1992,
ethiopia,1992,207.4064009
european union,1992,17470.07258
fragile and conflict affected situations,1992,672.3313537
finland,1992,22320.11247
fiji,1992,1951.255929
france,1992,23615.01686
faroe islands,1992,19301.07037
"micronesia, fed. sts.",1992,1699.330191
gabon,1992,5385.688117
united kingdom,1992,20487.17079
georgia,1992,757.2235485
ghana,1992,396.4264076
gibraltar,1992,
guinea,1992,692.6478027
"gambia, the",1992,623.4859278
guinea-bissau,1992,574.3211064
equatorial guinea,1992,263.7335471
greece,1992,11021.01222
grenada,1992,3052.700187
greenland,1992,18768.82753
guatemala,1992,1096.45977
guam,1992,
guyana,1992,498.1566366
high income,1992,18452.68853
"hong kong sar, china",1992,17976.46886
honduras,1992,937.828918
heavily indebted poor countries (hipc),1992,357.7556994
croatia,1992,2321.152041
haiti,1992,316.2765131
hungary,1992,3747.329664
ibrd only,1992,1034.457213
ida & ibrd total,1992,902.9333817
ida total,1992,395.1502763
ida blend,1992,519.4246925
indonesia,1992,673.6710395
ida only,1992,330.69181
isle of man,1992,12150.85455
india,1992,319.1824726
not classified,1992,
ireland,1992,15714.38475
"iran, islamic rep.",1992,1957.485078
iraq,1992,30.25390126
iceland,1992,27124.27454
israel,1992,15509.99136
italy,1992,23297.04603
jamaica,1992,1458.101469
jordan,1992,1286.634736
japan,1992,31992.79021
kazakhstan,1992,1437.598481
kenya,1992,336.6813998
kyrgyz republic,1992,512.7667411
cambodia,1992,307.0949224
kiribati,1992,791.9961011
st. kitts and nevis,1992,5947.121136
"korea, rep.",1992,8126.662062
kuwait,1992,12146.19506
latin america & caribbean (excluding high income),1992,2729.072417
lao pdr,1992,247.3452862
lebanon,1992,1559.381006
liberia,1992,107.8428014
libya,1992,7302.689087
st. lucia,1992,4759.838678
latin america & caribbean,1992,2842.864093
least developed countries: un classification,1992,300.6805552
low income,1992,355.9223472
liechtenstein,1992,55057.11106
sri lanka,1992,579.6551176
lower middle income,1992,413.3391287
low & middle income,1992,790.8802082
lesotho,1992,443.6242972
late-demographic dividend,1992,1069.151737
lithuania,1992,
luxembourg,1992,39570.86157
latvia,1992,
"macao sar, china",1992,13249.83874
st. martin (french part),1992,
morocco,1992,1327.029541
monaco,1992,88614.92637
moldova,1992,778.0176674
madagascar,1992,290.2120464
maldives,1992,1194.232524
"middle east, north africa, afghanistan & pakistan",1992,1752.029562
mexico,1992,4220.566437
marshall islands,1992,1963.072346
middle income,1992,820.3154517
north macedonia,1992,1198.928298
mali,1992,296.2957582
malta,1992,8220.334039
myanmar,1992,58.88967396
"middle east, north africa, afghanistan & pakistan (excluding high income)",1992,1022.142746
montenegro,1992,
mongolia,1992,607.8134247
northern mariana islands,1992,
mozambique,1992,205.5852161
mauritania,1992,1036.474378
mauritius,1992,3013.237063
malawi,1992,258.3934309
malaysia,1992,3141.43322
north america,1992,24974.74056
namibia,1992,2346.86243
new caledonia,1992,15713.71986
niger,1992,384.0296573
nigeria,1992,508.5159057
nicaragua,1992,411.4733307
netherlands,1992,23939.21735
norway,1992,30523.98506
nepal,1992,165.0295941
nauru,1992,5102.596859
new zealand,1992,11793.13924
oecd members,1992,19011.45287
oman,1992,7317.788158
other small states,1992,3923.869328
pakistan,1992,395.6772086
panama,1992,3139.899529
peru,1992,1567.409108
philippines,1992,916.5156945
palau,1992,6552.711239
papua new guinea,1992,1050.707169
poland,1992,2459.020685
pre-demographic dividend,1992,390.7594107
puerto rico (us),1992,9659.3389
"korea, dem. people's rep.",1992,
portugal,1992,10810.56651
paraguay,1992,1682.674448
west bank and gaza,1992,
pacific island small states,1992,1519.648249
post-demographic dividend,1992,21339.1177
french polynesia,1992,17554.37379
qatar,1992,16280.29388
romania,1992,1102.103785
russian federation,1992,3098.802734
rwanda,1992,264.0839145
south asia,1992,315.5371313
saudi arabia,1992,11730.26877
sudan,1992,252.6100922
senegal,1992,951.2049601
singapore,1992,16136.24054
solomon islands,1992,763.8579685
sierra leone,1992,163.1975717
el salvador,1992,1040.781641
san marino,1992,
"somalia, fed. rep.",1992,109.2049105
serbia,1992,
sub-saharan africa (excluding high income),1992,710.0289964
south sudan,1992,
sub-saharan africa,1992,663.4823344
small states,1992,3598.354279
sao tome and principe,1992,740.4713186
suriname,1992,968.8952535
slovak republic,1992,2959.336449
slovenia,1992,7151.152438
sweden,1992,32753.8047
eswatini,1992,1361.81698
sint maarten (dutch part),1992,
seychelles,1992,6520.489505
syrian arab republic,1992,990.1382512
turks and caicos islands,1992,
chad,1992,290.6482861
east asia & pacific (ida & ibrd countries),1992,499.1127551
europe & central asia (ida & ibrd countries),1992,2138.298408
togo,1992,564.7173365
thailand,1992,1971.608799
tajikistan,1992,337.8331455
turkmenistan,1992,811.3541565
latin america & the caribbean (ida & ibrd countries),1992,2789.463472
timor-leste,1992,235.0647677
"middle east, north africa, afghanistan & pakistan (ida & ibrd)",1992,1019.887046
tonga,1992,1370.361426
south asia (ida & ibrd),1992,315.5371313
sub-saharan africa (ida & ibrd countries),1992,663.4823344
trinidad and tobago,1992,4277.474369
tunisia,1992,1784.818502
turkiye,1992,2743.653203
tuvalu,1992,1165.637104
tanzania,1992,250.3299255
uganda,1992,152.1135424
ukraine,1992,1413.240112
upper middle income,1992,1158.955906
uruguay,1992,4101.710542
united states,1992,25418.99078
uzbekistan,1992,602.9205258
st. vincent and the grenadines,1992,2470.518408
"venezuela, rb",1992,2907.303344
british virgin islands,1992,
virgin islands (u.s.),1992,
viet nam,1992,144.5493924
vanuatu,1992,1343.689429
world,1992,4662.100916
samoa,1992,776.7408244
kosovo,1992,
"yemen, rep.",1992,1198.130317
south africa,1992,3462.394002
zambia,1992,389.2546658
zimbabwe,1992,630.8195823
aruba,1993,14700.95981
africa eastern and southern,1993,709.6592549
afghanistan,1993,
africa western and central,1993,570.8886382
angola,1993,449.7278949
albania,1993,367.2792251
andorra,1993,15916.83952
arab world,1993,1987.857714
united arab emirates,1993,25032.78227
argentina,1993,6931.855964
armenia,1993,347.8706447
american samoa,1993,
antigua and barbuda,1993,8624.620168
australia,1993,17699.87649
austria,1993,23987.20372
azerbaijan,1993,209.5309545
burundi,1993,165.3441203
belgium,1993,22283.93602
benin,1993,387.3100548
burkina faso,1993,324.1115767
bangladesh,1993,280.7572745
bulgaria,1993,1278.525114
bahrain,1993,11151.8715
"bahamas, the",1993,10613.06588
bosnia and herzegovina,1993,929.8721187
belarus,1993,1589.510113
belize,1993,3862.71049
bermuda,1993,30950.07991
bolivia,1993,756.637016
brazil,1993,2348.882477
barbados,1993,7904.707624
brunei darussalam,1993,22397.07379
bhutan,1993,407.3998425
botswana,1993,2929.43119
central african republic,1993,404.9545469
canada,1993,20186.79888
central europe and the baltics,1993,2457.014885
switzerland,1993,39237.11866
channel islands,1993,
chile,1993,3540.913773
china,1993,378.9393531
cote d'ivoire,1993,804.1496572
cameroon,1993,1309.9363
"congo, dem. rep.",1993,263.3355828
"congo, rep.",1993,1034.372008
colombia,1993,1930.059765
comoros,1993,956.0875758
cabo verde,1993,1220.049979
costa rica,1993,2840.387065
caribbean small states,1993,3699.023064
cuba,1993,2063.203663
curacao,1993,
cayman islands,1993,
cyprus,1993,10526.1416
czechia,1993,3984.146344
germany,1993,25616.65088
djibouti,1993,758.7338427
dominica,1993,3536.156092
denmark,1993,27581.72411
dominican republic,1993,1722.41996
algeria,1993,1831.04801
east asia & pacific (excluding high income),1993,533.8860617
early-demographic dividend,1993,1090.646026
east asia & pacific,1993,3498.395469
europe & central asia (excluding high income),1993,1607.787439
europe & central asia,1993,10513.62259
ecuador,1993,1697.888841
"egypt, arab rep.",1993,740.3342174
euro area,1993,19310.813
eritrea,1993,252.0857771
spain,1993,13330.37982
estonia,1993,2685.908893
ethiopia,1993,168.5204014
european union,1993,15908.78686
fragile and conflict affected situations,1993,667.0148945
finland,1993,17588.67817
fiji,1993,2070.047341
france,1993,22238.82506
faroe islands,1993,16374.17833
"micronesia, fed. sts.",1993,1853.062597
gabon,1993,4105.987013
united kingdom,1993,18389.01957
georgia,1993,550.0155426
ghana,1993,359.8008441
gibraltar,1993,
guinea,1993,670.7417782
"gambia, the",1993,635.3611677
guinea-bissau,1993,581.6126818
equatorial guinea,1993,256.6830237
greece,1993,10257.30858
grenada,1993,3026.041542
greenland,1993,16797.35782
guatemala,1993,1165.674427
guam,1993,
guyana,1993,603.0843167
high income,1993,18458.9985
"hong kong sar, china",1993,20395.56219
honduras,1993,908.4460133
heavily indebted poor countries (hipc),1993,359.642575
croatia,1993,2447.503191
haiti,1993,258.0663723
hungary,1993,3886.666084
ibrd only,1993,1085.005353
ida & ibrd total,1993,943.5991981
ida total,1993,404.1474067
ida blend,1993,535.6775375
indonesia,1993,817.3951164
ida only,1993,335.778369
isle of man,1993,10818.51397
india,1993,302.8848062
not classified,1993,
ireland,1993,14657.06155
"iran, islamic rep.",1993,1038.109857
iraq,1993,53.74378423
iceland,1993,23579.79536
israel,1993,15178.83999
italy,1993,18781.95294
jamaica,1993,2220.515183
jordan,1993,1289.414543
japan,1993,36345.24413
kazakhstan,1993,1355.134939
kenya,1993,228.9980328
kyrgyz republic,1993,448.5541909
cambodia,1993,294.0593727
kiribati,1993,747.7530208
st. kitts and nevis,1993,6395.314377
"korea, rep.",1993,8884.919464
kuwait,1993,14317.72094
latin america & caribbean (excluding high income),1993,3232.89345
lao pdr,1993,283.4005733
lebanon,1993,2078.638642
liberia,1993,74.42720286
libya,1993,6477.870358
st. lucia,1993,4764.724648
latin america & caribbean,1993,3304.968502
least developed countries: un classification,1993,302.7188316
low income,1993,381.5476366
liechtenstein,1993,55604.548
sri lanka,1993,607.2318471
lower middle income,1993,408.7874776
low & middle income,1993,840.4306372
lesotho,1993,439.3654107
late-demographic dividend,1993,1100.787621
lithuania,1993,
luxembourg,1993,40066.72425
latvia,1993,
"macao sar, china",1993,14754.18259
st. martin (french part),1993,
morocco,1993,1226.430542
monaco,1993,82685.45593
moldova,1993,796.9893888
madagascar,1993,307.8876031
maldives,1993,1316.614549
"middle east, north africa, afghanistan & pakistan",1993,1598.252783
mexico,1993,6048.348404
marshall islands,1993,2112.012401
middle income,1993,871.9642267
north macedonia,1993,1336.647756
mali,1993,288.9126512
malta,1993,7296.351111
myanmar,1993,76.21288948
"middle east, north africa, afghanistan & pakistan (excluding high income)",1993,877.4449786
montenegro,1993,
mongolia,1993,354.8986131
northern mariana islands,1993,
mozambique,1993,205.1898442
mauritania,1993,849.6203017
mauritius,1993,3013.833138
malawi,1993,293.0168831
malaysia,1993,3461.995042
north america,1993,25772.07244
namibia,1993,2154.964737
new caledonia,1993,14787.21651
niger,1993,335.4295819
nigeria,1993,539.5732023
nicaragua,1993,394.378074
netherlands,1993,23156.44044
norway,1993,27963.69791
nepal,1993,172.8052026
nauru,1993,4310.244333
new zealand,1993,13094.34545
oecd members,1993,19133.09728
oman,1993,7038.930159
other small states,1993,3741.30042
pakistan,1993,407.8881407
panama,1993,3358.414117
peru,1993,1487.674043
philippines,1993,918.6429538
palau,1993,5891.503787
papua new guinea,1993,1151.283881
poland,1993,2497.130559
pre-demographic dividend,1993,395.9205456
puerto rico (us),1993,10212.27676
"korea, dem. people's rep.",1993,
portugal,1993,9534.656364
paraguay,1993,1661.709553
west bank and gaza,1993,
pacific island small states,1993,1573.635256
post-demographic dividend,1993,21354.99385
french polynesia,1993,16469.7752
qatar,1993,14769.71933
romania,1993,1158.056328
russian federation,1993,2930.670166
rwanda,1993,247.0233185
south asia,1993,302.9949945
saudi arabia,1993,10884.86079
sudan,1993,312.6939087
senegal,1993,877.5290034
singapore,1993,18290.13011
solomon islands,1993,828.8699978
sierra leone,1993,184.9516092
el salvador,1993,1180.268543
san marino,1993,
"somalia, fed. rep.",1993,188.6031587
serbia,1993,
sub-saharan africa (excluding high income),1993,702.4840932
south sudan,1993,
sub-saharan africa,1993,652.6100348
small states,1993,3456.594315
sao tome and principe,1993,963.7856987
suriname,1993,1022.445835
slovak republic,1993,3143.101431
slovenia,1993,7254.588874
sweden,1993,24390.1538
eswatini,1993,1397.265933
sint maarten (dutch part),1993,
seychelles,1993,6978.680754
syrian arab republic,1993,992.7713675
turks and caicos islands,1993,
chad,1993,220.7299649
east asia & pacific (ida & ibrd countries),1993,540.4275087
europe & central asia (ida & ibrd countries),1993,2110.359377
togo,1993,414.0139952
thailand,1993,2245.136887
tajikistan,1993,287.6201238
turkmenistan,1993,788.4189142
latin america & the caribbean (ida & ibrd countries),1993,3260.454428
timor-leste,1993,264.0669948
"middle east, north africa, afghanistan & pakistan (ida & ibrd)",1993,875.5990894
tonga,1993,1383.473866
south asia (ida & ibrd),1993,302.9949945
sub-saharan africa (ida & ibrd countries),1993,652.6100348
trinidad and tobago,1993,3646.712317
tunisia,1993,1649.185373
turkiye,1993,3057.937375
tuvalu,1993,1141.179044
tanzania,1993,224.4915466
uganda,1993,165.6164762
ukraine,1993,1254.028687
upper middle income,1993,1261.084962
uruguay,1993,4753.009247
united states,1993,26387.29373
uzbekistan,1993,595.7770996
st. vincent and the grenadines,1993,2539.649686
"venezuela, rb",1993,2824.691444
british virgin islands,1993,
virgin islands (u.s.),1993,
viet nam,1993,189.4185736
vanuatu,1993,1257.293875
world,1993,4665.284404
samoa,1993,774.9886316
kosovo,1993,
"yemen, rep.",1993,1396.615444
south africa,1993,3399.640096
zambia,1993,390.9166738
zimbabwe,1993,604.3867187
aruba,1994,16055.28779
africa eastern and southern,1994,701.0415515
afghanistan,1994,
africa western and central,1994,577.5487394
angola,1994,334.9735903
albania,1994,586.4161351
andorra,1994,15748.53075
arab world,1994,2018.685785
united arab emirates,1994,25472.63966
argentina,1994,7437.562423
armenia,1994,390.8799643
american samoa,1994,
antigua and barbuda,1994,9351.487538
australia,1994,18129.63531
austria,1994,25546.24605
azerbaijan,1994,157.0635499
burundi,1994,161.8925843
belgium,1994,24208.55479
benin,1994,262.1298074
burkina faso,1994,187.2114237
bangladesh,1994,280.6030318
bulgaria,1994,1149.89464
bahrain,1994,11629.35952
"bahamas, the",1994,10991.23467
bosnia and herzegovina,1994,337.090896
belarus,1994,1460.007914
belize,1994,3879.013747
bermuda,1994,31543.06349
bolivia,1994,774.0356696
brazil,1994,3298.712507
barbados,1994,8223.166812
brunei darussalam,1994,22766.58719
bhutan,1994,467.0083121
botswana,1994,2917.255142
central african republic,1994,261.2603974
canada,1994,19997.62374
central europe and the baltics,1994,2805.594483
switzerland,1994,43091.7771
channel islands,1994,
chile,1994,4012.101599
china,1994,475.6778744
cote d'ivoire,1994,581.8884686
cameroon,1994,700.7095019
"congo, dem. rep.",1994,136.5425477
"congo, rep.",1994,661.9042737
colombia,1994,2325.975573
comoros,1994,662.0231887
cabo verde,1994,991.1089744
costa rica,1994,3039.563286
caribbean small states,1994,3929.283653
cuba,1994,2613.289719
curacao,1994,
cayman islands,1994,
cyprus,1994,11617.69238
czechia,1994,4663.286653
germany,1994,27201.95936
djibouti,1994,784.5562074
dominica,1994,3805.202788
denmark,1994,29967.83039
dominican republic,1994,1891.670557
algeria,1994,1525.540618
east asia & pacific (excluding high income),1994,634.195223
early-demographic dividend,1994,1122.90553
east asia & pacific,1994,3864.302916
europe & central asia (excluding high income),1994,1253.860349
europe & central asia,1994,10969.28146
ecuador,1994,1996.858948
"egypt, arab rep.",1994,807.3035372
euro area,1994,20344.76552
eritrea,1994,277.8014236
spain,1994,13405.70441
estonia,1994,2819.126121
ethiopia,1994,127.6859235
european union,1994,16826.13548
fragile and conflict affected situations,1994,652.425218
finland,1994,20278.2911
fiji,1994,2297.180059
france,1994,23359.89851
faroe islands,1994,16976.30954
"micronesia, fed. sts.",1994,1856.520743
gabon,1994,3828.211181
united kingdom,1994,19709.2381
georgia,1994,519.8155788
ghana,1994,320.5039034
gibraltar,1994,
guinea,1994,671.5763851
"gambia, the",1994,608.2774908
guinea-bissau,1994,560.8834225
equatorial guinea,1994,183.2394827
greece,1994,10937.02238
grenada,1994,3152.202048
greenland,1994,18124.09981
guatemala,1994,1292.672028
guam,1994,
guyana,1994,715.6115252
high income,1994,19620.71794
"hong kong sar, china",1994,22502.53024
honduras,1994,832.0629724
heavily indebted poor countries (hipc),1994,298.5428681
croatia,1994,3237.926463
haiti,1994,292.1342244
hungary,1994,4187.03118
ibrd only,1994,1179.879062
ida & ibrd total,1994,1017.987374
ida total,1994,407.3036545
ida blend,1994,568.2304033
indonesia,1994,899.7939829
ida only,1994,322.7473901
isle of man,1994,11708.28575
india,1994,347.7342147
not classified,1994,
ireland,1994,15902.92968
"iran, islamic rep.",1994,1167.762725
iraq,1994,198.1821019
iceland,1994,24018.6314
israel,1994,16806.83531
italy,1994,19382.20022
jamaica,1994,2202.85831
jordan,1994,1367.187218
japan,1994,39933.51506
kazakhstan,1994,1246.83633
kenya,1994,276.447872
kyrgyz republic,1994,372.4817599
cambodia,1994,302.1307855
kiribati,1994,837.9717062
st. kitts and nevis,1994,7065.28292
"korea, rep.",1994,10385.39046
kuwait,1994,14929.74411
latin america & caribbean (excluding high income),1994,3757.133682
lao pdr,1994,320.968129
lebanon,1994,2467.769427
liberia,1994,61.49043131
libya,1994,5933.291214
st. lucia,1994,4892.067336
latin america & caribbean,1994,3795.036812
least developed countries: un classification,1994,289.313723
low income,1994,352.8581614
liechtenstein,1994,63935.99024
sri lanka,1994,678.268012
lower middle income,1994,449.550878
low & middle income,1994,926.1005314
lesotho,1994,455.5935862
late-demographic dividend,1994,1264.779308
lithuania,1994,
luxembourg,1994,43933.23544
latvia,1994,
"macao sar, china",1994,15905.26154
st. martin (french part),1994,
morocco,1994,1358.794434
monaco,1994,86703.81305
moldova,1994,573.7986472
madagascar,1994,258.7238064
maldives,1994,1419.392765
"middle east, north africa, afghanistan & pakistan",1994,1643.168624
mexico,1994,6202.365884
marshall islands,1994,2265.069584
middle income,1994,965.2436073
north macedonia,1994,1786.354883
mali,1994,208.8732841
malta,1994,8000.345329
myanmar,1994,105.3915611
"middle east, north africa, afghanistan & pakistan (excluding high income)",1994,899.2697931
montenegro,1994,
mongolia,1994,422.8643494
northern mariana islands,1994,
mozambique,1994,196.7631432
mauritania,1994,864.5994784
mauritius,1994,3240.386247
malawi,1994,169.1965269
malaysia,1994,3757.652929
north america,1994,26931.65093
namibia,1994,2355.904457
new caledonia,1994,15534.30933
niger,1994,206.2146171
nigeria,1994,744.8842472
nicaragua,1994,849.1793314
netherlands,1994,24682.58667
norway,1994,29315.80923
nepal,1994,187.2581762
nauru,1994,3920.53973
new zealand,1994,15280.31278
oecd members,1994,20283.25562
oman,1994,7068.38997
other small states,1994,3927.057491
pakistan,1994,399.9559276
panama,1994,3508.195701
peru,1994,1879.366578
philippines,1994,1059.983895
palau,1994,6329.069767
papua new guinea,1994,1228.243436
poland,1994,2874.831636
pre-demographic dividend,1994,399.9099172
puerto rico (us),1994,10876.41882
"korea, dem. people's rep.",1994,
portugal,1994,9977.319909
paraguay,1994,1760.288071
west bank and gaza,1994,1201.581542
pacific island small states,1994,1818.225091
post-demographic dividend,1994,22742.69158
french polynesia,1994,16806.05925
qatar,1994,14764.87714
romania,1994,1323.032378
russian federation,1994,2662.104004
rwanda,1994,110.9536683
south asia,1994,342.7231117
saudi arabia,1994,10601.91967
sudan,1994,439.4208069
senegal,1994,583.782776
singapore,1994,21552.41004
solomon islands,1994,1078.041093
sierra leone,1994,218.5072751
el salvador,1994,1343.929057
san marino,1994,
"somalia, fed. rep.",1994,210.7937796
serbia,1994,
sub-saharan africa (excluding high income),1994,704.6671176
south sudan,1994,
sub-saharan africa,1994,650.2104207
small states,1994,3660.454637
sao tome and principe,1994,989.5007578
suriname,1994,1433.542557
slovak republic,1994,3820.964275
slovenia,1994,8243.898955
sweden,1994,26045.81489
eswatini,1994,1461.364001
sint maarten (dutch part),1994,
seychelles,1994,6974.867706
syrian arab republic,1994,712.3877166
turks and caicos islands,1994,
chad,1994,173.9288951
east asia & pacific (ida & ibrd countries),1994,641.9604376
europe & central asia (ida & ibrd countries),1994,1898.993372
togo,1994,328.6009561
thailand,1994,2517.707326
tajikistan,1994,261.2712545
turkmenistan,1994,622.1347802
latin america & the caribbean (ida & ibrd countries),1994,3745.775773
timor-leste,1994,283.0580005
"middle east, north africa, afghanistan & pakistan (ida & ibrd)",1994,897.479717
tonga,1994,1956.661804
south asia (ida & ibrd),1994,342.7231117
sub-saharan africa (ida & ibrd countries),1994,650.2104207
trinidad and tobago,1994,3839.962902
tunisia,1994,1733.466147
turkiye,1994,2176.280181
tuvalu,1994,1278.658701
tanzania,1994,228.8900299
uganda,1994,198.441988
ukraine,1994,1009.094055
upper middle income,1994,1402.641413
uruguay,1994,5507.564813
united states,1994,27694.85342
uzbekistan,1994,574.2290799
st. vincent and the grenadines,1994,2563.249766
"venezuela, rb",1994,2688.983251
british virgin islands,1994,
virgin islands (u.s.),1994,
viet nam,1994,229.8577873
vanuatu,1994,1430.993678
world,1994,4945.314127
samoa,1994,1276.850216
kosovo,1994,
"yemen, rep.",1994,1735.044195
south africa,1994,3488.597115
zambia,1994,426.3865984
zimbabwe,1994,633.7332624
aruba,1995,16548.71739
africa eastern and southern,1995,766.8205908
afghanistan,1995,
africa western and central,1995,863.9505706
angola,1995,404.2948185
albania,1995,911.3204654
andorra,1995,18443.25452
arab world,1995,2081.020689
united arab emirates,1995,27003.20068
argentina,1995,7357.616277
armenia,1995,443.9248609
american samoa,1995,
antigua and barbuda,1995,9034.475529
australia,1995,20448.12197
austria,1995,30207.06743
azerbaijan,1995,314.5580191
burundi,1995,164.9153117
belgium,1995,28413.82644
benin,1995,348.4352389
burkina faso,1995,229.0922945
bangladesh,1995,309.4586808
bulgaria,1995,2259.259226
bahrain,1995,11900.93178
"bahamas, the",1995,11374.60567
bosnia and herzegovina,1995,502.365981
belarus,1995,1370.699914
belize,1995,4012.07959
bermuda,1995,34115.34456
bolivia,1995,852.7540349
brazil,1995,4756.748408
barbados,1995,8460.473809
brunei darussalam,1995,26443.25643
bhutan,1995,530.1036769
botswana,1995,3156.181945
central african republic,1995,333.1458632
canada,1995,20679.63479
central europe and the baltics,1995,3593.183523
switzerland,1995,50113.83212
channel islands,1995,
chile,1995,5081.468277
china,1995,612.6802779
cote d'ivoire,1995,740.4730999
cameroon,1995,832.0066745
"congo, dem. rep.",1995,127.0080787
"congo, rep.",1995,769.6067948
colombia,1995,2583.349914
comoros,1995,812.2159968
cabo verde,1995,1165.138323
costa rica,1995,3275.252564
caribbean small states,1995,4144.627313
cuba,1995,2785.24443
curacao,1995,
cayman islands,1995,
cyprus,1995,15261.41699
czechia,1995,5865.294606
germany,1995,31747.24494
djibouti,1995,786.2018667
dominica,1995,3951.722671
denmark,1995,35321.09808
dominican republic,1995,2109.169407
algeria,1995,1466.948068
east asia & pacific (excluding high income),1995,772.3055617
early-demographic dividend,1995,1122.455712
east asia & pacific,1995,4334.603796
europe & central asia (excluding high income),1995,1432.850553
europe & central asia,1995,12648.8006
ecuador,1995,2108.006982
"egypt, arab rep.",1995,916.3266177
euro area,1995,23430.24209
eritrea,1995,285.402184
spain,1995,15460.91103
estonia,1995,3134.389753
ethiopia,1995,136.5236191
european union,1995,19470.10675
fragile and conflict affected situations,1995,776.542627
finland,1995,26246.27432
fiji,1995,2466.743478
france,1995,26791.8152
faroe islands,1995,20669.6792
"micronesia, fed. sts.",1995,2010.117935
gabon,1995,4414.875583
united kingdom,1995,23168.95296
georgia,1995,578.3369235
ghana,1995,371.537243
gibraltar,1995,
guinea,1995,713.0314606
"gambia, the",1995,621.6813913
guinea-bissau,1995,589.4870231
equatorial guinea,1995,248.3148962
greece,1995,12779.08149
grenada,1995,3294.269883
greenland,1995,21665.82952
guatemala,1995,1421.061778
guam,1995,
guyana,1995,819.6685416
high income,1995,21643.44323
"hong kong sar, china",1995,23497.39208
honduras,1995,931.6695473
heavily indebted poor countries (hipc),1995,337.6512535
croatia,1995,4929.057722
haiti,1995,372.0061047
hungary,1995,4509.417409
ibrd only,1995,1320.296042
ida & ibrd total,1995,1142.907628
ida total,1995,482.3411222
ida blend,1995,774.0671345
indonesia,1995,1011.226142
ida only,1995,326.3722309
isle of man,1995,12896.52528
india,1995,375.1760054
not classified,1995,
ireland,1995,19158.45648
"iran, islamic rep.",1995,1550.009596
iraq,1995,619.1355309
iceland,1995,26633.59138
israel,1995,19025.68405
italy,1995,20712.17987
jamaica,1995,2630.849354
jordan,1995,1415.711516
japan,1995,44197.6191
kazakhstan,1995,1217.791388
kenya,1995,340.0648422
kyrgyz republic,1995,364.2503653
cambodia,1995,343.4852247
kiribati,1995,844.4296059
st. kitts and nevis,1995,7406.444861
"korea, rep.",1995,12564.72437
kuwait,1995,16168.1656
latin america & caribbean (excluding high income),1995,3937.416427
lao pdr,1995,357.7581622
lebanon,1995,2958.74264
liberia,1995,62.14381406
libya,1995,5205.257064
st. lucia,1995,5147.92024
latin america & caribbean,1995,4036.912887
least developed countries: un classification,1995,288.8937719
low income,1995,313.2979277
liechtenstein,1995,78909.70434
sri lanka,1995,741.8382553
lower middle income,1995,522.3133352
low & middle income,1995,1040.207393
lesotho,1995,513.4134488
late-demographic dividend,1995,1551.449628
lithuania,1995,2182.691569
luxembourg,1995,51032.34964
latvia,1995,2256.773604
"macao sar, china",1995,17215.11785
st. martin (french part),1995,
morocco,1995,1466.788208
monaco,1995,99032.23751
moldova,1995,593.593177
madagascar,1995,273.1496539
maldives,1995,1554.609428
"middle east, north africa, afghanistan & pakistan",1995,1775.490659
mexico,1995,4183.878477
marshall islands,1995,2490.987445
middle income,1995,1089.621378
north macedonia,1995,2355.247054
mali,1995,265.7170516
malta,1995,9828.228301
myanmar,1995,124.1434804
"middle east, north africa, afghanistan & pakistan (excluding high income)",1995,977.9544734
montenegro,1995,
mongolia,1995,652.6745628
northern mariana islands,1995,
mozambique,1995,191.8260969
mauritania,1995,904.7191701
mauritius,1995,3648.016496
malawi,1995,200.36237
malaysia,1995,4363.144583
north america,1995,27897.93461
namibia,1995,2483.203534
new caledonia,1995,18107.88808
niger,1995,237.0199896
nigeria,1995,1271.616174
nicaragua,1995,891.7793523
netherlands,1995,29301.19405
norway,1995,34875.70433
nepal,1995,197.8430013
nauru,1995,3932.091094
new zealand,1995,17400.42018
oecd members,1995,22178.7851
oman,1995,7414.302792
other small states,1995,4632.967281
pakistan,1995,450.5502793
panama,1995,3513.897379
peru,1995,2189.534315
philippines,1995,1199.841714
palau,1995,7038.005234
papua new guinea,1995,998.2299674
poland,1995,3700.959568
pre-demographic dividend,1995,570.6785446
puerto rico (us),1995,11579.185
"korea, dem. people's rep.",1995,
portugal,1995,11781.36185
paraguay,1995,1978.715141
west bank and gaza,1995,1326.562857
pacific island small states,1995,1948.765868
post-demographic dividend,1995,25095.57806
french polynesia,1995,18850.31492
qatar,1995,15822.50907
romania,1995,1650.049224
russian federation,1995,2665.779785
rwanda,1995,227.9711478
south asia,1995,370.5706939
saudi arabia,1995,10786.4009
sudan,1995,462.5852356
senegal,1995,714.9943964
singapore,1995,24914.8507
solomon islands,1995,1220.179193
sierra leone,1995,208.3519973
el salvador,1995,1548.376304
san marino,1995,
"somalia, fed. rep.",1995,210.6732546
serbia,1995,2349.406452
sub-saharan africa (excluding high income),1995,876.2320326
south sudan,1995,
sub-saharan africa,1995,805.6225584
small states,1995,4164.785353
sao tome and principe,1995,768.7107512
suriname,1995,1609.825044
slovak republic,1995,4882.511582
slovenia,1995,10738.08876
sweden,1995,30254.29729
eswatini,1995,1750.754008
sint maarten (dutch part),1995,
seychelles,1995,7180.668327
syrian arab republic,1995,779.6991002
turks and caicos islands,1995,
chad,1995,203.9648527
east asia & pacific (ida & ibrd countries),1995,781.7412443
europe & central asia (ida & ibrd countries),1995,2114.955239
togo,1995,419.2203349
thailand,1995,2864.365157
tajikistan,1995,207.0344573
turkmenistan,1995,592.2472473
latin america & the caribbean (ida & ibrd countries),1995,3984.634222
timor-leste,1995,302.736982
"middle east, north africa, afghanistan & pakistan (ida & ibrd)",1995,975.8461381
tonga,1995,2084.027595
south asia (ida & ibrd),1995,370.5706939
sub-saharan africa (ida & ibrd countries),1995,805.6225584
trinidad and tobago,1995,4114.689085
tunisia,1995,1968.166009
turkiye,1995,2774.616272
tuvalu,1995,1284.764461
tanzania,1995,258.418335
uganda,1995,278.5208357
ukraine,1995,933.1917725
upper middle income,1995,1575.359858
uruguay,1995,6050.486323
united states,1995,28690.8757
uzbekistan,1995,582.5421367
st. vincent and the grenadines,1995,2795.363056
"venezuela, rb",1995,3486.983506
british virgin islands,1995,
virgin islands (u.s.),1995,
viet nam,1995,287.802661
vanuatu,1995,1491.78967
world,1995,5430.936095
samoa,1995,1288.104733
kosovo,1995,
"yemen, rep.",1995,764.4146561
south africa,1995,3855.634087
zambia,1995,433.3127826
zimbabwe,1995,647.9754998
aruba,1996,16620.95456
africa eastern and southern,1996,747.0696739
afghanistan,1996,
africa western and central,1996,1065.683499
angola,1996,531.1153665
albania,1996,1020.976181
andorra,1996,19130.15972
arab world,1996,2193.873309
united arab emirates,1996,28323.16509
argentina,1996,7663.212713
armenia,1996,487.0686244
american samoa,1996,
antigua and barbuda,1996,9756.08718
australia,1996,22021.78391
austria,1996,29645.94513
azerbaijan,1996,409.1855438
burundi,1996,143.1567412
belgium,1996,27489.55518
benin,1996,369.3943841
burkina faso,1996,242.7331714
bangladesh,1996,371.9179377
bulgaria,1996,1470.192593
bahrain,1996,12091.78022
"bahamas, the",1996,11783.7972
bosnia and herzegovina,1996,718.9337971
belarus,1996,1452.507105
belize,1996,4045.694451
bermuda,1996,45063.61493
bolivia,1996,922.1132591
brazil,1996,5179.13052
barbados,1996,9011.778848
brunei darussalam,1996,25692.23564
bhutan,1996,552.8738914
botswana,1996,3156.268657
central african republic,1996,293.3065753
canada,1996,21296.97235
central europe and the baltics,1996,3808.561463
switzerland,1996,48092.6433
channel islands,1996,
chile,1996,5333.504387
china,1996,713.3373878
cote d'ivoire,1996,1170.23622
cameroon,1996,826.9653223
"congo, dem. rep.",1996,127.4161328
"congo, rep.",1996,898.7940502
colombia,1996,2664.456256
comoros,1996,793.5248472
cabo verde,1996,1179.515227
costa rica,1996,3226.963956
caribbean small states,1996,4424.573
cuba,1996,2282.188093
curacao,1996,
cayman islands,1996,
cyprus,1996,15139.2207
czechia,1996,6573.196431
germany,1996,30599.7891
djibouti,1996,761.9436595
dominica,1996,4210.99532
denmark,1996,35621.98781
dominican republic,1996,2270.865587
algeria,1996,1616.831987
east asia & pacific (excluding high income),1996,876.0391667
early-demographic dividend,1996,1192.380145
east asia & pacific,1996,4126.983258
europe & central asia (excluding high income),1996,1511.646047
europe & central asia,1996,12886.43478
ecuador,1996,2135.847937
"egypt, arab rep.",1996,1008.976376
euro area,1996,23652.35209
eritrea,1996,325.8387054
spain,1996,16100.62158
estonia,1996,3380.926302
ethiopia,1996,147.3274589
european union,1996,19755.24964
fragile and conflict affected situations,1996,820.0353587
finland,1996,25756.67771
fiji,1996,2648.327663
france,1996,26757.63515
faroe islands,1996,22706.21649
"micronesia, fed. sts.",1996,1973.938217
gabon,1996,4942.6787
united kingdom,1996,24406.4003
georgia,1996,689.0346342
ghana,1996,389.2712679
gibraltar,1996,
guinea,1996,726.0254426
"gambia, the",1996,651.7849457
guinea-bissau,1996,614.7298925
equatorial guinea,1996,391.6868682
greece,1996,13432.52622
grenada,1996,3508.294237
greenland,1996,21422.46099
guatemala,1996,1481.059868
guam,1996,
guyana,1996,927.5238472
high income,1996,21690.79459
"hong kong sar, china",1996,24818.30216
honduras,1996,883.3112498
heavily indebted poor countries (hipc),1996,357.6376517
croatia,1996,5299.641054
haiti,1996,377.229465
hungary,1996,4542.012038
ibrd only,1996,1421.848246
ida & ibrd total,1996,1233.557467
ida total,1996,541.4939686
ida blend,1996,925.6875925
indonesia,1996,1118.92133
ida only,1996,334.8211389
isle of man,1996,13979.84549
india,1996,401.0467547
not classified,1996,
ireland,1996,20835.89737
"iran, islamic rep.",1996,1914.781213
iraq,1996,485.2584928
iceland,1996,27614.87703
israel,1996,20224.27891
italy,1996,23122.93372
jamaica,1996,2928.896926
jordan,1996,1410.174242
japan,1996,39150.03963
kazakhstan,1996,1281.391529
kenya,1996,440.5270789
kyrgyz republic,1996,394.8568796
cambodia,1996,324.655871
kiribati,1996,985.8859414
st. kitts and nevis,1996,7788.428399
"korea, rep.",1996,13402.9946
kuwait,1996,18201.09586
latin america & caribbean (excluding high income),1996,4230.163898
lao pdr,1996,371.3418792
lebanon,1996,3393.050907
liberia,1996,71.40652487
libya,1996,5591.020275
st. lucia,1996,5244.016651
latin america & caribbean,1996,4295.184845
least developed countries: un classification,1996,296.4496514
low income,1996,289.5738253
liechtenstein,1996,80688.71825
sri lanka,1996,776.1923711
lower middle income,1996,582.1389616
low & middle income,1996,1136.008533
lesotho,1996,479.6713946
late-demographic dividend,1996,1694.10144
lithuania,1996,2340.67546
luxembourg,1996,50444.35912
latvia,1996,2360.171482
"macao sar, china",1996,17289.5518
st. martin (french part),1996,
morocco,1996,1596.832397
monaco,1996,98561.01374
moldova,1996,575.1454551
madagascar,1996,339.8772837
maldives,1996,1716.742818
"middle east, north africa, afghanistan & pakistan",1996,1918.377375
mexico,1996,4674.367927
marshall islands,1996,2272.844695
middle income,1996,1193.822865
north macedonia,1996,2306.53367
mali,1996,267.1613124
malta,1996,10061.69897
myanmar,1996,141.8972676
"middle east, north africa, afghanistan & pakistan (excluding high income)",1996,1058.066078
montenegro,1996,
mongolia,1996,595.581015
northern mariana islands,1996,
mozambique,1996,244.362651
mauritania,1996,904.1208798
mauritius,1996,3951.944946
malawi,1996,320.6627356
malaysia,1996,4837.168973
north america,1996,29112.24514
namibia,1996,2423.398291
new caledonia,1996,17592.05027
niger,1996,239.4945132
nigeria,1996,1632.724694
nicaragua,1996,910.8616459
netherlands,1996,29063.62365
norway,1996,37321.9742
nepal,1996,198.8219074
nauru,1996,3678.562429
new zealand,1996,18794.43604
oecd members,1996,22192.55128
oman,1996,8068.000768
other small states,1996,4711.511651
pakistan,1996,456.9969618
panama,1996,3308.184296
peru,1996,2226.916824
philippines,1996,1311.092494
palau,1996,7788.29727
papua new guinea,1996,1071.041852
poland,1996,4163.511954
pre-demographic dividend,1996,673.1856616
puerto rico (us),1996,12173.16369
"korea, dem. people's rep.",1996,
portugal,1996,12185.0914
paraguay,1996,2088.171091
west bank and gaza,1996,1317.466751
pacific island small states,1996,2061.836951
post-demographic dividend,1996,25075.69138
french polynesia,1996,18475.72533
qatar,1996,17124.79209
romania,1996,1633.010644
russian federation,1996,2643.929199
rwanda,1996,206.0491142
south asia,1996,400.095114
saudi arabia,1996,11471.5046
sudan,1996,294.8269653
senegal,1996,723.4699501
singapore,1996,26232.8661
solomon islands,1996,1289.330369
sierra leone,1996,224.2587112
el salvador,1996,1651.310168
san marino,1996,
"somalia, fed. rep.",1996,237.241441
serbia,1996,3053.905169
sub-saharan africa (excluding high income),1996,953.5919754
south sudan,1996,
sub-saharan africa,1996,876.0279259
small states,1996,4299.275402
sao tome and principe,1996,987.0487124
suriname,1996,1962.884958
slovak republic,1996,5247.70081
slovenia,1996,10796.73994
sweden,1996,33022.56495
eswatini,1996,1619.191197
sint maarten (dutch part),1996,
seychelles,1996,7004.336039
syrian arab republic,1996,918.1958574
turks and caicos islands,1996,
chad,1996,216.9125411
east asia & pacific (ida & ibrd countries),1996,886.7029988
europe & central asia (ida & ibrd countries),1996,2173.058806
togo,1996,452.0684369
thailand,1996,3054.656908
tajikistan,1996,172.0350887
turkmenistan,1996,557.8942201
latin america & the caribbean (ida & ibrd countries),1996,4256.723951
timor-leste,1996,344.0133276
"middle east, north africa, afghanistan & pakistan (ida & ibrd)",1996,1056.465786
tonga,1996,2214.914748
south asia (ida & ibrd),1996,400.095114
sub-saharan africa (ida & ibrd countries),1996,876.0279259
trinidad and tobago,1996,4427.278324
tunisia,1996,2107.408156
turkiye,1996,2929.153949
tuvalu,1996,1427.809605
tanzania,1996,313.6583862
uganda,1996,284.6982593
ukraine,1996,869.8460693
upper middle income,1996,1722.576998
uruguay,1996,6398.435752
united states,1996,29967.71272
uzbekistan,1996,597.332287
st. vincent and the grenadines,1996,2930.443947
"venezuela, rb",1996,3112.825848
british virgin islands,1996,
virgin islands (u.s.),1996,
viet nam,1996,337.0512318
vanuatu,1996,1529.275731
world,1996,5473.849535
samoa,1996,1419.35849
kosovo,1996,
"yemen, rep.",1996,375.2149947
south africa,1996,3617.55336
zambia,1996,399.5113047
zimbabwe,1996,766.5236906
aruba,1997,17750.00956
africa eastern and southern,1997,767.6841922
afghanistan,1997,
africa western and central,1997,1088.996805
angola,1997,521.7029149
albania,1997,728.5455237
andorra,1997,18247.99957
arab world,1997,2305.616061
united arab emirates,1997,27982.7957
argentina,1997,8146.7871
armenia,1997,505.0358871
american samoa,1997,
antigua and barbuda,1997,10336.25916
australia,1997,23646.62305
austria,1997,26571.75236
azerbaijan,1997,505.5162042
burundi,1997,160.278342
belgium,1997,24820.93805
benin,1997,344.5504915
burkina faso,1997,223.8539585
bangladesh,1997,379.2849177
bulgaria,1997,1361.409384
bahrain,1997,12254.66626
"bahamas, the",1997,20367.57327
bosnia and herzegovina,1997,913.8133991
belarus,1997,1396.657187
belize,1997,4016.629416
bermuda,1997,48736.6768
bolivia,1997,970.3518434
brazil,1997,5299.396304
barbados,1997,9521.571274
brunei darussalam,1997,25522.39755
bhutan,1997,630.4474101
botswana,1997,3194.181061
central african republic,1997,265.5212824
canada,1997,21901.56285
central europe and the baltics,1997,3757.40741
switzerland,1997,41584.44178
channel islands,1997,
chile,1997,5741.95843
china,1997,786.7435485
cote d'ivoire,1997,1124.656749
cameroon,1997,783.2516019
"congo, dem. rep.",1997,132.3235208
"congo, rep.",1997,804.3040501
colombia,1997,2873.200188
comoros,1997,717.727665
cabo verde,1997,1133.574226
costa rica,1997,3407.776129
caribbean small states,1997,5198.631648
cuba,1997,2306.424834
curacao,1997,
cayman islands,1997,
cyprus,1997,14234.24121
czechia,1997,6069.387624
germany,1997,27046.95655
djibouti,1997,748.2328402
dominica,1997,4372.19713
denmark,1997,32779.87905
dominican republic,1997,2448.893935
algeria,1997,1628.761006
east asia & pacific (excluding high income),1997,895.6301286
early-demographic dividend,1997,1247.843371
east asia & pacific,1997,3899.543584
europe & central asia (excluding high income),1997,1598.766243
europe & central asia,1997,12204.46029
ecuador,1997,2340.766
"egypt, arab rep.",1997,1146.201721
euro area,1997,21582.23022
eritrea,1997,318.9809608
spain,1997,14722.37176
estonia,1997,3682.952301
ethiopia,1997,143.3695315
european union,1997,18093.62633
fragile and conflict affected situations,1997,898.3815841
finland,1997,24682.29083
fiji,1997,2573.723386
france,1997,24169.40081
faroe islands,1997,21158.89247
"micronesia, fed. sts.",1997,1860.308271
gabon,1997,4508.753405
united kingdom,1997,26766.00562
georgia,1997,807.0322858
ghana,1997,377.8419355
gibraltar,1997,
guinea,1997,695.5817423
"gambia, the",1997,600.2240234
guinea-bissau,1997,598.9534702
equatorial guinea,1997,717.0414816
greece,1997,13015.9175
grenada,1997,3724.754662
greenland,1997,19145.61489
guatemala,1997,1638.462819
guam,1997,
guyana,1997,982.8047538
high income,1997,21217.2845
"hong kong sar, china",1997,27330.09336
honduras,1997,944.9301024
heavily indebted poor countries (hipc),1997,364.1367816
croatia,1997,5331.023439
haiti,1997,425.1110859
hungary,1997,4606.056973
ibrd only,1997,1487.614313
ida & ibrd total,1997,1285.790629
ida total,1997,552.6085871
ida blend,1997,943.88429
indonesia,1997,1044.606748
ida only,1997,341.735571
isle of man,1997,16160.71125
india,1997,416.2281162
not classified,1997,
ireland,1997,22551.11391
"iran, islamic rep.",1997,1790.066176
iraq,1997,936.3411709
iceland,1997,27919.1855
israel,1997,20469.4699
italy,1997,21883.98727
jamaica,1997,3296.916348
jordan,1997,1435.875938
japan,1997,35638.23196
kazakhstan,1997,1381.635933
kenya,1997,466.7238146
kyrgyz republic,1997,376.4279301
cambodia,1997,297.5904196
kiribati,1997,953.1629984
st. kitts and nevis,1997,8626.722575
"korea, rep.",1997,12398.49045
kuwait,1997,16977.38956
latin america & caribbean (excluding high income),1997,4542.980053
lao pdr,1997,339.0931924
lebanon,1997,3834.059079
liberia,1997,122.6279937
libya,1997,6061.81366
st. lucia,1997,5282.370114
latin america & caribbean,1997,4634.547769
least developed countries: un classification,1997,301.7760291
low income,1997,302.9847034
liechtenstein,1997,73590.86203
sri lanka,1997,827.0357561
lower middle income,1997,597.8764809
low & middle income,1997,1185.711033
lesotho,1997,501.9813889
late-demographic dividend,1997,1757.165024
lithuania,1997,2844.162868
luxembourg,1997,46641.64088
latvia,1997,2609.893087
"macao sar, china",1997,17415.69828
st. martin (french part),1997,
morocco,1997,1426.301147
monaco,1997,88581.70447
moldova,1997,657.2921346
madagascar,1997,284.371844
maldives,1997,1898.43225
"middle east, north africa, afghanistan & pakistan",1997,1954.532674
mexico,1997,5567.355995
marshall islands,1997,2230.753771
middle income,1997,1246.73726
north macedonia,1997,1959.560738
mali,1997,253.3327469
malta,1997,9893.311765
myanmar,1997,108.0397703
"middle east, north africa, afghanistan & pakistan (excluding high income)",1997,1077.336231
montenegro,1997,1375.326168
mongolia,1997,515.2980049
northern mariana islands,1997,
mozambique,1997,287.5320915
mauritania,1997,859.2839582
mauritius,1997,3695.736688
malawi,1997,366.9544613
malaysia,1997,4678.563901
north america,1997,30518.06377
namibia,1997,2459.645118
new caledonia,1997,15704.95935
niger,1997,220.5629572
nigeria,1997,1720.275409
nicaragua,1997,912.7574298
netherlands,1997,26744.96013
norway,1997,36629.0309
nepal,1997,211.8348696
nauru,1997,3661.028467
new zealand,1997,17474.18703
oecd members,1997,21688.95621
oman,1997,8234.640638
other small states,1997,4663.400335
pakistan,1997,438.0309427
panama,1997,3545.976709
peru,1997,2300.672008
philippines,1997,1273.276049
palau,1997,7944.599072
papua new guinea,1997,989.721551
poland,1997,4137.008318
pre-demographic dividend,1997,719.3005405
puerto rico (us),1997,12817.64496
"korea, dem. people's rep.",1997,
portugal,1997,11575.50711
paraguay,1997,2078.508413
west bank and gaza,1997,1389.164971
pacific island small states,1997,2037.026075
post-demographic dividend,1997,24454.25878
french polynesia,1997,16423.02143
qatar,1997,20522.8013
romania,1997,1577.33656
russian federation,1997,2737.572021
rwanda,1997,238.7493714
south asia,1997,415.0027242
saudi arabia,1997,11545.3456
sudan,1997,373.09375
senegal,1997,650.7763214
singapore,1997,26375.86537
solomon islands,1997,1292.239519
sierra leone,1997,199.8800014
el salvador,1997,1748.92112
san marino,1997,37852.97262
"somalia, fed. rep.",1997,280.1127242
serbia,1997,3573.504402
sub-saharan africa (excluding high income),1997,978.6299516
south sudan,1997,
sub-saharan africa,1997,897.8492118
small states,1997,4464.715158
sao tome and principe,1997,661.6682328
suriname,1997,2067.598149
slovak republic,1997,5172.417575
slovenia,1997,10436.72607
sweden,1997,30324.45109
eswatini,1997,1705.398749
sint maarten (dutch part),1997,
seychelles,1997,7746.698513
syrian arab republic,1997,940.8265898
turks and caicos islands,1997,
chad,1997,201.384077
east asia & pacific (ida & ibrd countries),1997,906.4943043
europe & central asia (ida & ibrd countries),1997,2239.450797
togo,1997,448.0010969
thailand,1997,2473.14097
tajikistan,1997,150.0885502
turkmenistan,1997,565.022638
latin america & the caribbean (ida & ibrd countries),1997,4593.929066
timor-leste,1997,348.864241
"middle east, north africa, afghanistan & pakistan (ida & ibrd)",1997,1075.367768
tonga,1997,2135.521111
south asia (ida & ibrd),1997,415.0027242
sub-saharan africa (ida & ibrd countries),1997,897.8492118
trinidad and tobago,1997,4393.944969
tunisia,1997,2202.060906
turkiye,1997,3020.993471
tuvalu,1997,1461.08618
tanzania,1997,363.5976868
uganda,1997,286.8466379
ukraine,1997,987.4898071
upper middle income,1997,1813.006529
uruguay,1997,7436.293426
united states,1997,31459.12997
uzbekistan,1997,620.5912958
st. vincent and the grenadines,1997,3073.778474
"venezuela, rb",1997,3710.826884
british virgin islands,1997,
virgin islands (u.s.),1997,
viet nam,1997,361.6438841
vanuatu,1997,1562.030907
world,1997,5376.571942
samoa,1997,1607.887443
kosovo,1997,
"yemen, rep.",1997,382.5849287
south africa,1997,3700.235548
zambia,1997,465.8719422
zimbabwe,1997,750.1936737
aruba,1998,18828.08706
africa eastern and southern,1998,697.3526716
afghanistan,1998,
africa western and central,1998,1137.744496
angola,1998,429.1881269
albania,1998,831.1753441
andorra,1998,18536.50843
arab world,1998,2192.611888
united arab emirates,1998,24889.42692
argentina,1998,8218.992128
armenia,1998,590.2399473
american samoa,1998,
antigua and barbuda,1998,10906.87854
australia,1998,21479.1142
austria,1998,27212.46429
azerbaijan,1998,561.9068079
burundi,1998,144.4569483
belgium,1998,25338.44329
benin,1998,361.6019831
burkina faso,1998,249.5317329
bangladesh,1998,385.6168818
bulgaria,1998,1820.448664
bahrain,1998,11625.03438
"bahamas, the",1998,21667.44882
bosnia and herzegovina,1998,1006.704797
belarus,1998,1511.259791
belize,1998,4127.937186
bermuda,1998,51629.28149
bolivia,1998,1022.145065
brazil,1998,5105.890995
barbados,1998,10734.36372
brunei darussalam,1998,17769.24636
bhutan,1998,638.2789623
botswana,1998,2981.196397
central african republic,1998,266.5705446
canada,1998,21024.58507
central europe and the baltics,1998,4117.999901
switzerland,1998,42680.58673
channel islands,1998,40472.66535
chile,1998,5419.824173
china,1998,835.0953486
cote d'ivoire,1998,1177.371338
cameroon,1998,798.7456214
"congo, dem. rep.",1998,131.4613389
"congo, rep.",1998,660.3797751
colombia,1998,2605.999381
comoros,1998,716.4322401
cabo verde,1998,1186.742948
costa rica,1998,3617.457567
caribbean small states,1998,5558.940574
cuba,1998,2332.306561
curacao,1998,
cayman islands,1998,
cyprus,1998,15092.82813
czechia,1998,6526.596358
germany,1998,27395.94406
djibouti,1998,735.3491079
dominica,1998,4664.242681
denmark,1998,33346.48843
dominican republic,1998,2607.854573
algeria,1998,1603.366232
east asia & pacific (excluding high income),1998,809.0089026
early-demographic dividend,1998,1209.124731
east asia & pacific,1998,3452.62044
europe & central asia (excluding high income),1998,1940.527191
europe & central asia,1998,12504.37274
ecuador,1998,2284.015728
"egypt, arab rep.",1998,1212.822598
euro area,1998,22144.69487
eritrea,1998,341.917364
spain,1998,15382.33486
estonia,1998,4093.392477
ethiopia,1998,126.4650958
european union,1998,18616.51717
fragile and conflict affected situations,1998,901.0210688
finland,1998,25999.98617
fiji,1998,2010.496361
france,1998,24869.40308
faroe islands,1998,24729.01991
"micronesia, fed. sts.",1998,1965.155283
gabon,1998,3699.995139
united kingdom,1998,28274.50451
georgia,1998,851.5155425
ghana,1998,400.3667995
gibraltar,1998,
guinea,1998,647.3799208
"gambia, the",1998,610.2347115
guinea-bissau,1998,497.7242796
equatorial guinea,1998,577.8685253
greece,1998,13022.96488
grenada,1998,4206.280529
greenland,1998,20496.57878
guatemala,1998,1741.201142
guam,1998,
guyana,1998,939.6854882
high income,1998,21072.80347
"hong kong sar, china",1998,25808.86099
honduras,1998,1021.158188
heavily indebted poor countries (hipc),1998,365.949108
croatia,1998,5712.589857
haiti,1998,465.3633063
hungary,1998,4751.773243
ibrd only,1998,1428.91191
ida & ibrd total,1998,1239.713652
ida total,1998,561.1912892
ida blend,1998,964.2611159
indonesia,1998,454.8778008
ida only,1998,343.4352904
isle of man,1998,18753.12023
india,1998,413.6308641
not classified,1998,
ireland,1998,24294.85477
"iran, islamic rep.",1998,1709.193341
iraq,1998,900.9371426
iceland,1998,31030.24834
israel,1998,20188.81415
italy,1998,22365.18376
jamaica,1998,3419.493529
jordan,1998,1532.113804
japan,1998,32423.75561
kazakhstan,1998,1414.592897
kenya,1998,487.8832399
kyrgyz republic,1998,345.1370461
cambodia,1998,258.7809532
kiribati,1998,874.4843491
st. kitts and nevis,1998,8710.789841
"korea, rep.",1998,8281.719483
kuwait,1998,14066.95096
latin america & caribbean (excluding high income),1998,4507.538211
lao pdr,1998,243.9239625
lebanon,1998,4124.855279
liberia,1998,134.6753934
libya,1998,5301.083548
st. lucia,1998,5672.513738
latin america & caribbean,1998,4618.670222
least developed countries: un classification,1998,298.2541515
low income,1998,301.0084697
liechtenstein,1998,78302.99059
sri lanka,1998,849.3746128
lower middle income,1998,597.9210432
low & middle income,1998,1160.939076
lesotho,1998,464.6837455
late-demographic dividend,1998,1678.868392
lithuania,1998,3180.644986
luxembourg,1998,47445.38108
latvia,1998,2893.799987
"macao sar, china",1998,16097.06889
st. martin (french part),1998,
morocco,1998,1668.497559
monaco,1998,90947.20512
moldova,1998,578.7346276
madagascar,1998,284.1929231
maldives,1998,1980.384484
"middle east, north africa, afghanistan & pakistan",1998,1868.517312
mexico,1998,5832.69342
marshall islands,1998,2254.160549
middle income,1998,1221.162093
north macedonia,1998,1875.816627
mali,1998,267.442574
malta,1998,10408.06487
myanmar,1998,145.9508304
"middle east, north africa, afghanistan & pakistan (excluding high income)",1998,1075.358597
montenegro,1998,1405.816327
mongolia,1998,483.8780661
northern mariana islands,1998,
mozambique,1998,320.1251217
mauritania,1998,821.2663786
mauritius,1998,3641.621426
malawi,1998,236.0454795
malaysia,1998,3294.309784
north america,1998,31691.94533
namibia,1998,2235.245155
new caledonia,1998,16614.59788
niger,1998,246.0908559
nigeria,1998,1822.469985
nicaragua,1998,949.1553735
netherlands,1998,27924.28181
norway,1998,34803.46341
nepal,1998,205.0752463
nauru,1998,2908.849865
new zealand,1998,14738.44557
oecd members,1998,21752.91147
oman,1998,7219.029324
other small states,1998,4622.042962
pakistan,1998,424.4536978
panama,1998,3807.838692
peru,1998,2156.393777
philippines,1998,982.8659437
palau,1998,8047.916217
papua new guinea,1998,733.4798601
poland,1998,4533.535655
pre-demographic dividend,1998,739.6645399
puerto rico (us),1998,14304.40499
"korea, dem. people's rep.",1998,
portugal,1998,12199.20639
paraguay,1998,1889.884556
west bank and gaza,1998,1465.046057
pacific island small states,1998,1729.290699
post-demographic dividend,1998,24436.91866
french polynesia,1998,16759.71417
qatar,1998,17665.44084
romania,1998,1852.554969
russian federation,1998,1834.861816
rwanda,1998,246.1546733
south asia,1998,413.705058
saudi arabia,1998,9836.057298
sudan,1998,350.7028809
senegal,1998,684.5881058
singapore,1998,21829.27378
solomon islands,1998,1091.890969
sierra leone,1998,156.5181188
el salvador,1998,1859.730859
san marino,1998,40126.93314
"somalia, fed. rep.",1998,363.2000135
serbia,1998,2775.47373
sub-saharan africa (excluding high income),1998,956.9286872
south sudan,1998,
sub-saharan africa,1998,876.2662827
small states,1998,4488.037248
sao tome and principe,1998,513.5693803
suriname,1998,2428.58642
slovak republic,1998,5560.916178
slovenia,1998,11131.56666
sweden,1998,30605.62272
eswatini,1998,1546.515193
sint maarten (dutch part),1998,
seychelles,1998,8209.514443
syrian arab republic,1998,960.8375049
turks and caicos islands,1998,
chad,1998,219.7795309
east asia & pacific (ida & ibrd countries),1998,818.7946627
europe & central asia (ida & ibrd countries),1998,2164.956163
togo,1998,461.1582459
thailand,1998,1847.703793
tajikistan,1998,213.7491456
turkmenistan,1998,590.7912933
latin america & the caribbean (ida & ibrd countries),1998,4564.441634
timor-leste,1998,345.5909096
"middle east, north africa, afghanistan & pakistan (ida & ibrd)",1998,1072.890613
tonga,1998,1888.83194
south asia (ida & ibrd),1998,413.705058
sub-saharan africa (ida & ibrd countries),1998,876.2662827
trinidad and tobago,1998,4612.709003
tunisia,1998,2285.019335
turkiye,1998,4329.56244
tuvalu,1998,1459.649371
tanzania,1998,386.3784485
uganda,1998,292.4530371
ukraine,1998,831.336792
upper middle income,1998,1770.405771
uruguay,1998,7836.891833
united states,1998,32853.67259
uzbekistan,1998,621.0489043
st. vincent and the grenadines,1998,3301.100181
"venezuela, rb",1998,3869.982588
british virgin islands,1998,
virgin islands (u.s.),1998,
viet nam,1998,361.3509284
vanuatu,1998,1470.97189
world,1998,5290.431144
samoa,1998,1506.303592
kosovo,1998,
"yemen, rep.",1998,342.7394075
south africa,1998,3309.609331
zambia,1998,373.0847631
zimbabwe,1998,552.1653202
aruba,1999,19216.19724
africa eastern and southern,1999,670.6978292
afghanistan,1999,
africa western and central,1999,521.3647343
angola,1999,392.725539
albania,1999,1056.344812
andorra,1999,18875.28691
arab world,1999,2378.950491
united arab emirates,1999,25855.8605
argentina,1999,7705.542883
armenia,1999,582.6698862
american samoa,1999,
antigua and barbuda,1999,11342.33492
australia,1999,20712.66978
austria,1999,27078.70816
azerbaijan,1999,573.8935287
burundi,1999,127.5141958
belgium,1999,25252.80191
benin,1999,525.1305972
burkina faso,1999,292.8369587
bangladesh,1999,388.0956843
bulgaria,1999,1660.908913
bahrain,1999,12123.35347
"bahamas, the",1999,24041.09332
bosnia and herzegovina,1999,1134.60298
belarus,1999,1210.587439
belize,1999,4291.831682
bermuda,1999,54388.34173
bolivia,1999,979.344495
brazil,1999,3493.571625
barbados,1999,11244.30877
brunei darussalam,1999,19752.20132
bhutan,1999,685.4198306
botswana,1999,3339.99596
central african republic,1999,267.995954
canada,1999,22315.24667
central europe and the baltics,1999,3998.01799
switzerland,1999,41695.69129
channel islands,1999,42443.71997
chile,1999,4933.555815
china,1999,881.1466141
cote d'ivoire,1999,1096.135206
cameroon,1999,796.2626498
"congo, dem. rep.",1999,96.31922435
"congo, rep.",1999,776.4163497
colombia,1999,2243.64205
comoros,1999,727.2583601
cabo verde,1999,1326.744669
costa rica,1999,3690.961548
caribbean small states,1999,5960.021527
cuba,1999,2561.779804
curacao,1999,
cayman islands,1999,
cyprus,1999,15287.91797
czechia,1999,6377.621108
germany,1999,26965.49228
djibouti,1999,740.2193098
dominica,1999,4817.181055
denmark,1999,33426.23811
dominican republic,1999,2620.889682
algeria,1999,1596.118222
east asia & pacific (excluding high income),1999,881.6373856
early-demographic dividend,1999,1254.961132
east asia & pacific,1999,3818.458063
europe & central asia (excluding high income),1999,1765.852005
europe & central asia,1999,12364.91185
ecuador,1999,1575.302347
"egypt, arab rep.",1999,1268.309492
euro area,1999,22011.26099
eritrea,1999,311.3362093
spain,1999,15707.94731
estonia,1999,4140.936602
ethiopia,1999,120.7346315
european union,1999,18506.59905
fragile and conflict affected situations,1999,656.8618748
finland,1999,26180.41286
fiji,1999,2327.957205
france,1999,24576.31523
faroe islands,1999,24978.62108
"micronesia, fed. sts.",1999,1971.172099
gabon,1999,3751.35319
united kingdom,1999,28762.09136
georgia,1999,673.5377829
ghana,1999,403.0373261
gibraltar,1999,
guinea,1999,610.6148429
"gambia, the",1999,575.4598932
guinea-bissau,1999,478.733191
equatorial guinea,1999,930.9125493
greece,1999,12742.54044
grenada,1999,4516.283324
greenland,1999,20170.32276
guatemala,1999,1603.647761
guam,1999,
guyana,1999,908.7906314
high income,1999,21956.89547
"hong kong sar, china",1999,25091.6666
honduras,1999,1002.19633
heavily indebted poor countries (hipc),1999,357.7439701
croatia,1999,5269.033946
haiti,1999,509.5785853
hungary,1999,4801.959496
ibrd only,1999,1374.575709
ida & ibrd total,1999,1162.572889
ida total,1999,408.3794754
ida blend,1999,530.0139256
indonesia,1999,657.2689347
ida only,1999,344.8433221
isle of man,1999,21042.14618
india,1999,441.9279914
not classified,1999,
ireland,1999,26338.10775
"iran, islamic rep.",1999,1739.59462
iraq,1999,1560.364667
iceland,1999,32381.62524
israel,1999,19823.21389
italy,1999,22049.99906
jamaica,1999,3431.568135
jordan,1999,1544.587506
japan,1999,36610.16832
kazakhstan,1999,1091.547277
kenya,1999,433.7212357
kyrgyz republic,1999,258.0480559
cambodia,1999,286.7535964
kiribati,1999,887.4960195
st. kitts and nevis,1999,9116.28628
"korea, rep.",1999,10672.44756
kuwait,1999,15853.62644
latin america & caribbean (excluding high income),1999,3936.83333
lao pdr,1999,272.325307
lebanon,1999,4086.938728
liberia,1999,156.5731669
libya,1999,6894.518755
st. lucia,1999,5882.83399
latin america & caribbean,1999,4110.883782
least developed countries: un classification,1999,299.930512
low income,1999,296.1631187
liechtenstein,1999,82682.28488
sri lanka,1999,826.4212281
lower middle income,1999,540.2349481
low & middle income,1999,1099.825188
lesotho,1999,455.6500544
late-demographic dividend,1999,1539.792208
lithuania,1999,3127.511767
luxembourg,1999,50872.44927
latvia,1999,3063.897946
"macao sar, china",1999,15319.77173
st. martin (french part),1999,
morocco,1999,1635.656738
monaco,1999,89698.19936
moldova,1999,399.4998186
madagascar,1999,267.360531
maldives,1999,2124.060075
"middle east, north africa, afghanistan & pakistan",1999,1974.907258
mexico,1999,6499.97183
marshall islands,1999,2257.920003
middle income,1999,1156.946038
north macedonia,1999,1915.392811
mali,1999,306.4574267
malta,1999,10609.19826
myanmar,1999,189.4901558
"middle east, north africa, afghanistan & pakistan (excluding high income)",1999,1137.922328
montenegro,1999,1367.902573
mongolia,1999,448.6603683
northern mariana islands,1999,
mozambique,1999,354.4062457
mauritania,1999,781.3370336
mauritius,1999,3745.696251
malawi,1999,233.9359862
malaysia,1999,3527.815814
north america,1999,33320.93159
namibia,1999,2177.787334
new caledonia,1999,16692.68351
niger,1999,228.2716561
nigeria,1999,480.6693639
nicaragua,1999,980.2197447
netherlands,1999,28318.74665
norway,1999,36393.29275
nepal,1999,208.6466679
nauru,1999,2682.694867
new zealand,1999,15322.22383
oecd members,1999,22687.6614
oman,1999,7915.441694
other small states,1999,4817.465754
pakistan,1999,418.2492571
panama,1999,3950.34145
peru,1999,1916.533974
philippines,1999,1101.43516
palau,1999,7629.569864
papua new guinea,1999,649.9947197
poland,1999,4415.500675
pre-demographic dividend,1999,447.7288813
puerto rico (us),1999,15220.99134
"korea, dem. people's rep.",1999,
portugal,1999,12475.29177
paraguay,1999,1766.306573
west bank and gaza,1999,1499.492177
pacific island small states,1999,1858.849671
post-demographic dividend,1999,25546.73089
french polynesia,1999,16532.90223
qatar,1999,20233.68468
romania,1999,1599.906228
russian federation,1999,1330.757202
rwanda,1999,264.7436868
south asia,1999,437.9362538
saudi arabia,1999,10452.18994
sudan,1999,324.6596069
senegal,1999,677.5163387
singapore,1999,21796.63739
solomon islands,1999,1133.622565
sierra leone,1999,155.0208333
el salvador,1999,1908.080455
san marino,1999,41931.79515
"somalia, fed. rep.",1999,358.6587808
serbia,1999,2768.910413
sub-saharan africa (excluding high income),1999,661.576808
south sudan,1999,
sub-saharan africa,1999,609.1831521
small states,1999,4723.523137
sao tome and principe,1999,542.692548
suriname,1999,1898.180182
slovak republic,1999,5651.623275
slovenia,1999,11401.49068
sweden,1999,30969.10335
eswatini,1999,1501.664267
sint maarten (dutch part),1999,
seychelles,1999,8243.236101
syrian arab republic,1999,978.1745317
turks and caicos islands,1999,
chad,1999,186.6385311
east asia & pacific (ida & ibrd countries),1999,892.2534021
europe & central asia (ida & ibrd countries),1999,1878.157181
togo,1999,445.2914841
thailand,1999,2033.244905
tajikistan,1999,175.0237647
turkmenistan,1999,545.5190031
latin america & the caribbean (ida & ibrd countries),1999,4029.371705
timor-leste,1999,269.9873128
"middle east, north africa, afghanistan & pakistan (ida & ibrd)",1999,1135.627555
tonga,1999,1952.146262
south asia (ida & ibrd),1999,437.9362538
sub-saharan africa (ida & ibrd countries),1999,609.1831521
trinidad and tobago,1999,5179.083508
tunisia,1999,2376.065668
turkiye,1999,3969.473594
tuvalu,1999,1558.603966
tanzania,1999,392.6217651
uganda,1999,257.9219496
ukraine,1999,631.9104614
upper middle income,1999,1705.869005
uruguay,1999,7370.569955
united states,1999,34515.38131
uzbekistan,1999,697.7635398
st. vincent and the grenadines,1999,3446.52293
"venezuela, rb",1999,4070.906192
british virgin islands,1999,
virgin islands (u.s.),1999,
viet nam,1999,375.9944559
vanuatu,1999,1472.177517
world,1999,5389.133681
samoa,1999,1416.76916
kosovo,1999,
"yemen, rep.",1999,401.4481417
south africa,1999,3242.368305
zambia,1999,349.5157231
zimbabwe,1999,582.0034876
aruba,2000,20681.02303
africa eastern and southern,2000,707.1203777
afghanistan,2000,174.9309914
africa western and central,2000,516.9323163
angola,2000,563.7337956
albania,2000,1160.420471
andorra,2000,21810.24874
arab world,2000,2664.165796
united arab emirates,2000,29865.50235
argentina,2000,7637.014892
armenia,2000,593.4505817
american samoa,2000,
antigua and barbuda,2000,12027.49498
australia,2000,21870.41597
austria,2000,24487.29747
azerbaijan,2000,655.0972496
burundi,2000,134.5378618
belgium,2000,23098.88651
benin,2000,487.4241414
burkina faso,2000,248.9085269
bangladesh,2000,396.6707302
bulgaria,2000,1621.262107
bahrain,2000,14214.48368
"bahamas, the",2000,24940.07751
bosnia and herzegovina,2000,1338.480596
belarus,2000,1276.280381
belize,2000,4729.670804
bermuda,2000,56542.95695
bolivia,2000,975.7770604
brazil,2000,3766.548115
barbados,2000,11674.67365
brunei darussalam,2000,20130.25715
bhutan,2000,771.9249114
botswana,2000,3450.811806
central african republic,2000,239.1541337
canada,2000,24271.00206
central europe and the baltics,2000,3959.624949
switzerland,2000,38865.02194
channel islands,2000,43479.19408
chile,2000,5052.992458
china,2000,969.1995137
cote d'ivoire,2000,936.6365413
cameroon,2000,708.5657316
"congo, dem. rep.",2000,377.9254215
"congo, rep.",2000,1024.301591
colombia,2000,2555.00751
comoros,2000,655.0077967
cabo verde,2000,1189.514793
costa rica,2000,3812.753883
caribbean small states,2000,6477.457404
cuba,2000,2751.381771
curacao,2000,15841.26124
cayman islands,2000,
cyprus,2000,14388.35254
czechia,2000,6062.921528
germany,2000,23925.85599
djibouti,2000,737.6121836
dominica,2000,4867.398963
denmark,2000,30722.02518
dominican republic,2000,2831.458836
algeria,2000,1772.928691
east asia & pacific (excluding high income),2000,961.3034342
early-demographic dividend,2000,1346.075446
east asia & pacific,2000,4092.579735
europe & central asia (excluding high income),2000,1788.709022
europe & central asia,2000,11645.2689
ecuador,2000,1382.234218
"egypt, arab rep.",2000,1366.092744
euro area,2000,20039.40027
eritrea,2000,314.3573968
spain,2000,14743.2671
estonia,2000,4070.609024
ethiopia,2000,122.2692026
european union,2000,16976.04908
fragile and conflict affected situations,2000,750.920749
finland,2000,24335.92251
fiji,2000,1995.720712
france,2000,22340.59395
faroe islands,2000,23322.75934
"micronesia, fed. sts.",2000,2081.966013
gabon,2000,3982.906201
united kingdom,2000,28280.92679
georgia,2000,749.908535
ghana,2000,253.7469362
gibraltar,2000,
guinea,2000,518.1570669
"gambia, the",2000,538.0540723
guinea-bissau,2000,316.945495
equatorial guinea,2000,1487.316551
greece,2000,11638.20107
grenada,2000,4839.828111
greenland,2000,19009.07744
guatemala,2000,1648.96579
guam,2000,
guyana,2000,931.7966517
high income,2000,22351.85602
"hong kong sar, china",2000,25756.77287
honduras,2000,1092.564007
heavily indebted poor countries (hipc),2000,376.3214783
croatia,2000,4953.651588
haiti,2000,820.6000468
hungary,2000,4629.917608
ibrd only,2000,1477.578631
ida & ibrd total,2000,1251.569502
ida total,2000,457.6181153
ida blend,2000,619.9187417
indonesia,2000,763.711125
ida only,2000,371.7648285
isle of man,2000,21161.39631
india,2000,442.7502189
not classified,2000,
ireland,2000,26334.56721
"iran, islamic rep.",2000,1650.013858
iraq,2000,1980.18916
iceland,2000,32096.37226
israel,2000,21706.51941
italy,2000,20190.00356
jamaica,2000,3453.092528
jordan,2000,1570.610029
japan,2000,39169.35957
kazakhstan,2000,1180.044456
kenya,2000,414.6263651
kyrgyz republic,2000,279.6217385
cambodia,2000,296.4266875
kiribati,2000,845.3672402
st. kitts and nevis,2000,9319.655451
"korea, rep.",2000,12257.02066
kuwait,2000,19296.34717
latin america & caribbean (excluding high income),2000,4290.89717
lao pdr,2000,318.7498522
lebanon,2000,3986.835139
liberia,2000,298.4853406
libya,2000,7214.100404
st. lucia,2000,5879.561914
latin america & caribbean,2000,4472.562668
least developed countries: un classification,2000,332.6859201
low income,2000,360.0843011
liechtenstein,2000,76087.91111
sri lanka,2000,846.4608133
lower middle income,2000,558.9730588
low & middle income,2000,1177.757655
lesotho,2000,442.7795458
late-demographic dividend,2000,1677.02042
lithuania,2000,3300.636349
luxembourg,2000,48659.59888
latvia,2000,3278.178964
"macao sar, china",2000,15731.98688
st. martin (french part),2000,
morocco,2000,1499.107422
monaco,2000,81789.02065
moldova,2000,440.538684
madagascar,2000,280.2829056
maldives,2000,2213.812351
"middle east, north africa, afghanistan & pakistan",2000,2220.384393
mexico,2000,7524.027138
marshall islands,2000,2264.791149
middle income,2000,1236.954522
north macedonia,2000,1861.898998
mali,2000,256.199555
malta,2000,10348.48602
myanmar,2000,196.6195806
"middle east, north africa, afghanistan & pakistan (excluding high income)",2000,1247.472381
montenegro,2000,1627.065119
mongolia,2000,476.0275508
northern mariana islands,2000,
mozambique,2000,327.1262398
mauritania,2000,680.9110619
mauritius,2000,3981.983432
malawi,2000,224.2241592
malaysia,2000,4083.528745
north america,2000,35151.37419
namibia,2000,2156.675905
new caledonia,2000,15329.72972
niger,2000,194.7719599
nigeria,2000,547.3182989
nicaragua,2000,1017.312443
netherlands,2000,26225.16977
norway,2000,38178.23688
nepal,2000,223.8302892
nauru,2000,2648.601529
new zealand,2000,13641.10272
oecd members,2000,23025.78752
oman,2000,9753.847552
other small states,2000,4841.121925
pakistan,2000,642.3383465
panama,2000,3975.093087
peru,2000,1945.413385
philippines,2000,1050.792731
palau,2000,7797.257274
papua new guinea,2000,635.957919
poland,2000,4520.641004
pre-demographic dividend,2000,502.6648677
puerto rico (us),2000,16192.12697
"korea, dem. people's rep.",2000,
portugal,2000,11526.37207
paraguay,2000,1736.117292
west bank and gaza,2000,1476.17185
pacific island small states,2000,1688.387674
post-demographic dividend,2000,25863.38158
french polynesia,2000,14978.3241
qatar,2000,27535.18294
romania,2000,1659.929049
russian federation,2000,1771.594116
rwanda,2000,251.8692639
south asia,2000,440.2536676
saudi arabia,2000,11714.56237
sudan,2000,362.1168823
senegal,2000,603.2331625
singapore,2000,23852.83895
solomon islands,2000,953.1719014
sierra leone,2000,143.7437432
el salvador,2000,1982.870935
san marino,2000,37600.70774
"somalia, fed. rep.",2000,386.1192744
serbia,2000,974.7254693
sub-saharan africa (excluding high income),2000,683.5155127
south sudan,2000,
sub-saharan africa,2000,628.8402666
small states,2000,4843.337119
sao tome and principe,2000,529.0893834
suriname,2000,1988.221729
slovak republic,2000,5421.644844
slovenia,2000,10135.72191
sweden,2000,29632.77361
eswatini,2000,1668.974913
sint maarten (dutch part),2000,
seychelles,2000,8063.655006
syrian arab republic,2000,1138.188485
turks and caicos islands,2000,
chad,2000,163.1216637
east asia & pacific (ida & ibrd countries),2000,972.835201
europe & central asia (ida & ibrd countries),2000,2043.317439
togo,2000,409.8898028
thailand,2000,2005.976945
tajikistan,2000,136.9257164
turkmenistan,2000,633.8354876
latin america & the caribbean (ida & ibrd countries),2000,4388.927707
timor-leste,2000,492.4576694
"middle east, north africa, afghanistan & pakistan (ida & ibrd)",2000,1246.019751
tonga,2000,1995.076675
south asia (ida & ibrd),2000,440.2536676
sub-saharan africa (ida & ibrd countries),2000,628.8402666
trinidad and tobago,2000,6178.589756
tunisia,2000,2199.044659
turkiye,2000,4192.443167
tuvalu,2000,1579.419063
tanzania,2000,401.6981506
uganda,2000,258.0503387
ukraine,2000,653.2943115
upper middle income,2000,1846.561596
uruguay,2000,6987.700988
united states,2000,36329.97026
uzbekistan,2000,555.1492311
st. vincent and the grenadines,2000,3768.955366
"venezuela, rb",2000,4776.281676
british virgin islands,2000,
virgin islands (u.s.),2000,
viet nam,2000,404.0297841
vanuatu,2000,1460.238177
world,2000,5496.486023
samoa,2000,1424.7524
kosovo,2000,
"yemen, rep.",2000,493.2351826
south africa,2000,3217.846934
zambia,2000,359.429501
zimbabwe,2000,562.5569457
aruba,2001,20740.13258
africa eastern and southern,2001,626.1691498
afghanistan,2001,138.7068217
africa western and central,2001,530.6531678
angola,2001,533.5862024
albania,2001,1326.416524
andorra,2001,23511.29515
arab world,2001,2536.711965
united arab emirates,2001,27745.17081
argentina,2001,7141.475077
armenia,2001,659.5889885
american samoa,2001,
antigua and barbuda,2001,11539.18251
australia,2001,19695.72974
austria,2001,24430.49598
azerbaijan,2001,703.6709986
burundi,2001,132.1595545
belgium,2001,23015.07126
benin,2001,492.4014995
burkina faso,2001,259.4852234
bangladesh,2001,394.65641
bulgaria,2001,1770.907049
bahrain,2001,13573.23399
"bahamas, the",2001,25371.92377
bosnia and herzegovina,2001,1387.893651
belarus,2001,1244.373185
belize,2001,4721.816257
bermuda,2001,59490.2452
bolivia,2001,930.1682272
brazil,2001,3176.289357
barbados,2001,11639.51605
brunei darussalam,2001,18287.82717
bhutan,2001,812.2382108
botswana,2001,3206.071237
central african republic,2001,237.9517025
canada,2001,23822.09621
central europe and the baltics,2001,4360.962635
switzerland,2001,39638.79111
channel islands,2001,41873.74061
chile,2001,4563.595299
china,2001,1065.405976
cote d'ivoire,2001,924.727295
cameroon,2001,715.4702965
"congo, dem. rep.",2001,142.6781426
"congo, rep.",2001,854.5983144
colombia,2001,2472.99084
comoros,2001,691.6999088
cabo verde,2001,1223.330553
costa rica,2001,3985.129845
caribbean small states,2001,6647.814802
cuba,2001,2842.967043
curacao,2001,16609.84545
cayman islands,2001,
cyprus,2001,14821.44922
czechia,2001,6669.074948
germany,2001,23878.36415
djibouti,2001,742.1337911
dominica,2001,5527.515273
denmark,2001,30768.47755
dominican republic,2001,2935.893673
algeria,2001,1896.300209
east asia & pacific (excluding high income),2001,1014.527215
early-demographic dividend,2001,1311.026087
east asia & pacific,2001,3773.327777
europe & central asia (excluding high income),2001,1527.604738
europe & central asia,2001,11749.67361
ecuador,2001,1791.303597
"egypt, arab rep.",2001,1295.137418
euro area,2001,20289.65053
eritrea,2001,325.4091615
spain,2001,15368.2338
estonia,2001,4502.66615
ethiopia,2001,118.4572043
european union,2001,17230.65139
fragile and conflict affected situations,2001,718.1949304
finland,2001,24965.203
fiji,2001,1944.997415
france,2001,22331.79483
faroe islands,2001,24879.77296
"micronesia, fed. sts.",2001,2144.537
gabon,2001,3835.757183
united kingdom,2001,27906.5695
georgia,2001,801.9838371
ghana,2001,263.5421565
gibraltar,2001,
guinea,2001,483.0851202
"gambia, the",2001,459.8030684
guinea-bissau,2001,327.138432
equatorial guinea,2001,1948.611459
greece,2001,12156.95728
grenada,2001,4819.507767
greenland,2001,19265.51915
guatemala,2001,1537.686636
guam,2001,
guyana,2001,931.5747238
high income,2001,22061.97011
"hong kong sar, china",2001,25230.37809
honduras,2001,1132.164875
heavily indebted poor countries (hipc),2001,353.8582633
croatia,2001,5364.838247
haiti,2001,748.8211598
hungary,2001,5280.94888
ibrd only,2001,1481.282283
ida & ibrd total,2001,1248.716068
ida total,2001,441.6229011
ida blend,2001,602.9845065
indonesia,2001,732.3070934
ida only,2001,355.8802386
isle of man,2001,21819.71238
india,2001,450.3579005
not classified,2001,
ireland,2001,28282.40988
"iran, islamic rep.",2001,1881.022666
iraq,2001,1435.695684
iceland,2001,28897.44394
israel,2001,20966.30527
italy,2001,20570.43859
jamaica,2001,3503.550267
jordan,2001,1632.29454
japan,2001,34406.18246
kazakhstan,2001,1422.273318
kenya,2001,410.7004525
kyrgyz republic,2001,308.4112955
cambodia,2001,327.5009843
kiribati,2001,718.8337871
st. kitts and nevis,2001,10022.59192
"korea, rep.",2001,11561.20717
kuwait,2001,17374.23187
latin america & caribbean (excluding high income),2001,4122.797336
lao pdr,2001,320.3160054
lebanon,2001,4009.559298
liberia,2001,300.4638286
libya,2001,6312.800305
st. lucia,2001,5570.452471
latin america & caribbean,2001,4326.619191
least developed countries: un classification,2001,313.1296022
low income,2001,329.9299715
liechtenstein,2001,75067.80017
sri lanka,2001,803.5440266
lower middle income,2001,553.5186928
low & middle income,2001,1162.065934
lesotho,2001,412.6774737
late-demographic dividend,2001,1722.264573
lithuania,2001,3532.527874
luxembourg,2001,48440.14202
latvia,2001,3504.618295
"macao sar, china",2001,15810.72277
st. martin (french part),2001,
morocco,2001,1506.245239
monaco,2001,82402.78096
moldova,2001,507.4040763
madagascar,2001,319.2832782
maldives,2001,3033.932345
"middle east, north africa, afghanistan & pakistan",2001,2153.193325
mexico,2001,7952.764795
marshall islands,2001,2394.345011
middle income,2001,1222.856322
north macedonia,2001,1823.022677
mali,2001,291.1594979
malta,2001,10357.70264
myanmar,2001,141.5256607
"middle east, north africa, afghanistan & pakistan (excluding high income)",2001,1226.509914
montenegro,2001,1909.598702
mongolia,2001,524.4534836
northern mariana islands,2001,
mozambique,2001,304.7921386
mauritania,2001,651.8178402
mauritius,2001,3908.556949
malawi,2001,215.4745249
malaysia,2001,3943.799439
north america,2001,35831.45447
namibia,2001,1915.589266
new caledonia,2001,14482.36063
niger,2001,205.4179361
nigeria,2001,566.4282318
nicaragua,2001,1051.874236
netherlands,2001,26955.7128
norway,2001,38601.89764
nepal,2001,240.7951145
nauru,2001,2232.30874
new zealand,2001,13882.85683
oecd members,2001,22648.44599
oman,2001,9611.963602
other small states,2001,4776.62851
pakistan,2001,609.9395069
panama,2001,3991.776708
peru,2001,1929.57273
philippines,2001,969.5306117
palau,2001,8239.639314
papua new guinea,2001,537.8474596
poland,2001,5015.2379
pre-demographic dividend,2001,464.8996277
puerto rico (us),2001,18123.1987
"korea, dem. people's rep.",2001,
portugal,2001,11734.76497
paraguay,2001,1637.686151
west bank and gaza,2001,1335.553195
pacific island small states,2001,1639.282075
post-demographic dividend,2001,25491.57482
french polynesia,2001,14640.93601
qatar,2001,25870.79919
romania,2001,1825.192994
russian federation,2001,2100.352539
rwanda,2001,237.3088462
south asia,2001,446.4189193
saudi arabia,2001,10805.31133
sudan,2001,451.2933044
senegal,2001,637.2135306
singapore,2001,21699.74149
solomon islands,2001,911.7919354
sierra leone,2001,358.3157161
el salvador,2001,2058.044591
san marino,2001,39035.10343
"somalia, fed. rep.",2001,244.9148425
serbia,2001,1812.420883
sub-saharan africa (excluding high income),2001,637.2300828
south sudan,2001,
sub-saharan africa,2001,586.5738872
small states,2001,4837.130241
sao tome and principe,2001,518.8805013
suriname,2001,1714.648466
slovak republic,2001,5712.478028
slovenia,2001,10375.62559
sweden,2001,27259.48067
eswatini,2001,1467.538902
sint maarten (dutch part),2001,
seychelles,2001,8153.298637
syrian arab republic,2001,1186.829135
turks and caicos islands,2001,18325.74581
chad,2001,194.3229533
east asia & pacific (ida & ibrd countries),2001,1026.651789
europe & central asia (ida & ibrd countries),2001,2079.977516
togo,2001,396.6926545
thailand,2001,1889.934325
tajikistan,2001,168.6762854
turkmenistan,2001,756.0349763
latin america & the caribbean (ida & ibrd countries),2001,4222.975959
timor-leste,2001,587.8043556
"middle east, north africa, afghanistan & pakistan (ida & ibrd)",2001,1225.814741
tonga,2001,1753.516676
south asia (ida & ibrd),2001,446.4189193
sub-saharan africa (ida & ibrd countries),2001,586.5738872
trinidad and tobago,2001,6657.414669
tunisia,2001,2235.719816
turkiye,2001,3045.55414
tuvalu,2001,1456.784094
tanzania,2001,396.6387329
uganda,2001,236.0211889
ukraine,2001,800.4907227
upper middle income,2001,1830.976202
uruguay,2001,6382.761047
united states,2001,37133.6204
uzbekistan,2001,454.4158123
st. vincent and the grenadines,2001,4071.086011
"venezuela, rb",2001,4920.393136
british virgin islands,2001,
virgin islands (u.s.),2001,
viet nam,2001,419.2056776
vanuatu,2001,1350.183382
world,2001,5390.181691
samoa,2001,1453.870213
kosovo,2001,
"yemen, rep.",2001,487.1412579
south africa,2001,2847.151919
zambia,2001,396.548953
zimbabwe,2001,566.1076921
aruba,2002,21307.24825
africa eastern and southern,2002,625.9988162
afghanistan,2002,178.9540884
africa western and central,2002,616.7960326
angola,2002,882.1478472
albania,2002,1479.838846
andorra,2002,26528.13016
arab world,2002,2483.107234
united arab emirates,2002,27753.60895
argentina,2002,2569.699635
armenia,2002,742.6511183
american samoa,2002,8972.696365
antigua and barbuda,2002,11658.69499
australia,2002,20301.84317
austria,2002,26334.86222
azerbaijan,2002,763.1088955
burundi,2002,120.9523086
belgium,2002,25006.1914
benin,2002,546.4638297
burkina faso,2002,285.6540876
bangladesh,2002,393.8864223
bulgaria,2002,2092.982886
bahrain,2002,13501.47088
"bahamas, the",2002,26781.61959
bosnia and herzegovina,2002,1606.546722
belarus,2002,1479.380663
belize,2002,4861.743142
bermuda,2002,63358.56587
bolivia,2002,888.221329
brazil,2002,2855.940189
barbados,2002,11760.45247
brunei darussalam,2002,18621.29227
bhutan,2002,895.7994899
botswana,2002,3117.250872
central african republic,2002,248.639291
canada,2002,24256.01923
central europe and the baltics,2002,4941.342514
switzerland,2002,42458.73847
channel islands,2002,44459.73182
chile,2002,4430.847412
china,2002,1163.559577
cote d'ivoire,2002,967.8158644
cameroon,2002,789.6238111
"congo, dem. rep.",2002,162.3805291
"congo, rep.",2002,905.5381355
colombia,2002,2428.929698
comoros,2002,762.1169303
cabo verde,2002,1328.578743
costa rica,2002,4067.718514
caribbean small states,2002,6903.25781
cuba,2002,3005.211042
curacao,2002,16723.69253
cayman islands,2002,
cyprus,2002,16093.21582
czechia,2002,8101.260186
germany,2002,25486.5942
djibouti,2002,743.0132704
dominica,2002,5488.02785
denmark,2002,33257.16226
dominican republic,2002,3065.603295
algeria,2002,1937.464114
east asia & pacific (excluding high income),2002,1114.001781
early-demographic dividend,2002,1251.115338
east asia & pacific,2002,3802.586503
europe & central asia (excluding high income),2002,1769.536495
europe & central asia,2002,12843.46811
ecuador,2002,2059.158554
"egypt, arab rep.",2002,1116.828846
euro area,2002,22047.27957
eritrea,2002,304.7757565
spain,2002,17111.06851
estonia,2002,5343.183108
ethiopia,2002,109.5938136
european union,2002,18797.81497
fragile and conflict affected situations,2002,683.862456
finland,2002,26989.38926
fiji,2002,2136.567941
france,2002,24144.5727
faroe islands,2002,26937.65056
"micronesia, fed. sts.",2002,2156.705322
gabon,2002,3966.480019
united kingdom,2002,30077.74143
georgia,2002,853.5261719
ghana,2002,297.4616447
gibraltar,2002,
guinea,2002,495.9160736
"gambia, the",2002,376.531027
guinea-bissau,2002,362.0345746
equatorial guinea,2002,2264.210656
greece,2002,13782.19564
grenada,2002,4984.474059
greenland,2002,20657.95063
guatemala,2002,1669.335175
guam,2002,20909.95903
guyana,2002,950.8669325
high income,2002,22907.42847
"hong kong sar, china",2002,24665.83623
honduras,2002,1132.499653
heavily indebted poor countries (hipc),2002,373.0788754
croatia,2002,6219.581641
haiti,2002,720.969568
hungary,2002,6658.044943
ibrd only,2002,1487.095462
ida & ibrd total,2002,1256.008086
ida total,2002,464.7469599
ida blend,2002,645.0584992
indonesia,2002,881.0029136
ida only,2002,368.6256081
isle of man,2002,24471.07988
india,2002,469.149929
not classified,2002,
ireland,2002,32705.43456
"iran, islamic rep.",2002,1891.257561
iraq,2002,1266.159613
iceland,2002,32409.21615
israel,2002,19076.45843
italy,2002,22451.39644
jamaica,2002,3680.645517
jordan,2002,1706.267444
japan,2002,32820.79364
kazakhstan,2002,1573.552199
kenya,2002,402.9363856
kyrgyz republic,2002,321.7267754
cambodia,2002,350.1472766
kiribati,2002,810.1087004
st. kitts and nevis,2002,10453.65871
"korea, rep.",2002,13165.08362
kuwait,2002,18512.7523
latin america & caribbean (excluding high income),2002,3658.161064
lao pdr,2002,313.3508171
lebanon,2002,4290.852838
liberia,2002,299.5364455
libya,2002,3718.294347
st. lucia,2002,5567.894284
latin america & caribbean,2002,3839.177865
least developed countries: un classification,2002,334.0684519
low income,2002,356.4365354
liechtenstein,2002,79795.17859
sri lanka,2002,834.9360149
lower middle income,2002,572.7496224
low & middle income,2002,1167.554592
lesotho,2002,388.9233499
late-demographic dividend,2002,1814.501015
lithuania,2002,4148.130915
luxembourg,2002,53005.73392
latvia,2002,4003.609358
"macao sar, china",2002,16814.99264
st. martin (french part),2002,
morocco,2002,1596.02063
monaco,2002,90051.44599
moldova,2002,570.7998662
madagascar,2002,304.9417774
maldives,2002,3076.070072
"middle east, north africa, afghanistan & pakistan",2002,2092.424276
mexico,2002,7983.033984
marshall islands,2002,2566.067088
middle income,2002,1227.929372
north macedonia,2002,1989.135373
mali,2002,318.042432
malta,2002,11251.20249
myanmar,2002,146.5983904
"middle east, north africa, afghanistan & pakistan (excluding high income)",2002,1168.28205
montenegro,2002,2106.635068
mongolia,2002,570.2492132
northern mariana islands,2002,19227.88942
mozambique,2002,313.8866617
mauritania,2002,648.8796439
mauritius,2002,4073.060531
malawi,2002,428.2104398
malaysia,2002,4184.031638
north america,2002,36652.00313
namibia,2002,1772.075655
new caledonia,2002,16104.55204
niger,2002,225.2943911
nigeria,2002,712.1648521
nicaragua,2002,1014.333904
netherlands,2002,29446.53309
norway,2002,43170.55717
nepal,2002,238.891403
nauru,2002,2084.648245
new zealand,2002,16874.18749
oecd members,2002,23456.16416
oman,2002,9869.130502
other small states,2002,5136.076431
pakistan,2002,599.9373457
panama,2002,4090.586174
peru,2002,2007.370196
philippines,2002,1014.908793
palau,2002,8340.537353
papua new guinea,2002,506.3317895
poland,2002,5223.45179
pre-demographic dividend,2002,519.0016656
puerto rico (us),2002,18731.45939
"korea, dem. people's rep.",2002,
portugal,2002,12936.69282
paraguay,2002,1367.765069
west bank and gaza,2002,1156.217473
pacific island small states,2002,1697.335606
post-demographic dividend,2002,26456.96866
french polynesia,2002,16004.05833
qatar,2002,27226.65935
romania,2002,2119.855097
russian federation,2002,2377.529541
rwanda,2002,234.0430168
south asia,2002,462.8988365
saudi arabia,2002,10586.05435
sudan,2002,506.2626343
senegal,2002,669.4304473
singapore,2002,22159.83737
solomon islands,2002,756.8902965
sierra leone,2002,388.9951112
el salvador,2002,2115.411874
san marino,2002,41790.84327
"somalia, fed. rep.",2002,229.5989183
serbia,2002,2390.734594
sub-saharan africa (excluding high income),2002,677.3518225
south sudan,2002,
sub-saharan africa,2002,621.6935933
small states,2002,5129.728243
sao tome and principe,2002,568.1025725
suriname,2002,2202.340682
slovak republic,2002,6554.628084
slovenia,2002,11639.12978
sweden,2002,29957.93877
eswatini,2002,1351.865502
sint maarten (dutch part),2002,
seychelles,2002,8864.169195
syrian arab republic,2002,1183.247345
turks and caicos islands,2002,17803.94718
chad,2002,219.061392
east asia & pacific (ida & ibrd countries),2002,1127.253597
europe & central asia (ida & ibrd countries),2002,2339.619184
togo,2002,445.2386915
thailand,2002,2089.751831
tajikistan,2002,186.9516383
turkmenistan,2002,935.5408015
latin america & the caribbean (ida & ibrd countries),2002,3714.37621
timor-leste,2002,533.9824764
"middle east, north africa, afghanistan & pakistan (ida & ibrd)",2002,1168.359273
tonga,2002,1759.480532
south asia (ida & ibrd),2002,462.8988365
sub-saharan africa (ida & ibrd countries),2002,621.6935933
trinidad and tobago,2002,6762.930808
tunisia,2002,2320.772381
turkiye,2002,3583.197459
tuvalu,2002,1750.251751
tanzania,2002,402.6490479
uganda,2002,241.9846884
ukraine,2002,903.0119019
upper middle income,2002,1829.299222
uruguay,2002,4149.761403
united states,2002,37997.74243
uzbekistan,2002,381.4092969
st. vincent and the grenadines,2002,4303.279768
"venezuela, rb",2002,3652.098965
british virgin islands,2002,
virgin islands (u.s.),2002,30062.02251
viet nam,2002,445.1328618
vanuatu,2002,1340.715375
world,2002,5525.02966
samoa,2002,1527.557905
kosovo,2002,
"yemen, rep.",2002,513.2414866
south africa,2002,2688.23676
zambia,2002,393.8646255
zimbabwe,2002,524.6772811
aruba,2003,21949.486
africa eastern and southern,2003,809.9681405
afghanistan,2003,198.8711157
africa western and central,2003,694.5009376
angola,2003,992.6989793
albania,2003,1908.699007
andorra,2003,34063.5784
arab world,2003,2696.672305
united arab emirates,2003,29659.54286
argentina,2003,3320.477751
armenia,2003,882.0301677
american samoa,2003,9197.661968
antigua and barbuda,2003,12173.23199
australia,2003,23718.13385
austria,2003,32110.11597
azerbaijan,2003,883.6925807
burundi,2003,111.4066828
belgium,2003,30655.20927
benin,2003,676.0028781
burkina faso,2003,362.3739
bangladesh,2003,426.7488075
bulgaria,2003,2719.494369
bahrain,2003,14486.0269
"bahamas, the",2003,26429.12478
bosnia and herzegovina,2003,2033.947009
belarus,2003,1819.526531
belize,2003,4962.08962
bermuda,2003,67106.80281
bolivia,2003,893.0137602
brazil,2003,3090.60701
barbados,2003,12075.9587
brunei darussalam,2003,20677.90012
bhutan,2003,1022.382403
botswana,2003,4230.123269
central african republic,2003,278.4039922
canada,2003,28301.86459
central europe and the baltics,2003,5948.84961
switzerland,2003,49335.74563
channel islands,2003,48570.77966
chile,2003,4773.401775
china,2003,1306.972454
cote d'ivoire,2003,1111.171351
cameroon,2003,988.2412768
"congo, dem. rep.",2003,161.4915535
"congo, rep.",2003,1016.823634
colombia,2003,2311.942188
comoros,2003,959.7878945
cabo verde,2003,1717.975654
costa rica,2003,4173.148564
caribbean small states,2003,7551.242821
cuba,2003,3202.781099
curacao,2003,16695.73511
cayman islands,2003,
cyprus,2003,20252.24609
czechia,2003,9852.456779
germany,2003,30711.10225
djibouti,2003,764.6344652
dominica,2003,5447.440115
denmark,2003,40519.09749
dominican republic,2003,2383.261718
algeria,2003,2283.772993
east asia & pacific (excluding high income),2003,1251.280119
early-demographic dividend,2003,1368.196856
east asia & pacific,2003,4150.18639
europe & central asia (excluding high income),2003,2246.157932
europe & central asia,2003,15575.9794
ecuador,2003,2315.622152
"egypt, arab rep.",2003,1031.275563
euro area,2003,27010.58762
eritrea,2003,348.9503271
spain,2003,21522.0171
estonia,2003,7205.407033
ethiopia,2003,116.8004911
european union,2003,23020.95952
fragile and conflict affected situations,2003,702.4032637
finland,2003,32920.08572
fiji,2003,2655.580796
france,2003,29479.52221
faroe islands,2003,31269.6032
"micronesia, fed. sts.",2003,2185.80309
gabon,2003,4710.748628
united kingdom,2003,34442.68754
georgia,2003,1010.031516
ghana,2003,358.3992714
gibraltar,2003,
guinea,2003,566.4854059
"gambia, the",2003,308.7191234
guinea-bissau,2003,419.7848661
equatorial guinea,2003,2930.601837
greece,2003,18020.61204
grenada,2003,5427.963773
greenland,2003,27466.64945
guatemala,2003,1722.547019
guam,2003,21877.31784
guyana,2003,973.7425981
high income,2003,25580.39707
"hong kong sar, china",2003,23977.17341
honduras,2003,1156.081627
heavily indebted poor countries (hipc),2003,411.0694403
croatia,2003,8190.111352
haiti,2003,578.9952911
hungary,2003,8410.092482
ibrd only,2003,1652.000101
ida & ibrd total,2003,1391.632412
ida total,2003,511.7271846
ida blend,2003,712.3849055
indonesia,2003,1043.210584
ida only,2003,404.6340177
isle of man,2003,28861.61781
india,2003,544.1431335
not classified,2003,
ireland,2003,41203.52958
"iran, islamic rep.",2003,2208.996366
iraq,2003,817.8878625
iceland,2003,39476.69785
israel,2003,19643.46904
italy,2003,27577.57003
jamaica,2003,3549.707584
jordan,2003,1775.676256
japan,2003,35387.03742
kazakhstan,2003,1958.020502
kenya,2003,442.8984573
kyrgyz republic,2003,380.5058288
cambodia,2003,386.6911239
kiribati,2003,1020.500339
st. kitts and nevis,2003,10175.62954
"korea, rep.",2003,14672.80575
kuwait,2003,22690.65518
latin america & caribbean (excluding high income),2003,3686.288601
lao pdr,2003,355.0972162
lebanon,2003,4437.715885
liberia,2003,239.7795567
libya,2003,4674.099432
st. lucia,2003,6058.606221
latin america & caribbean,2003,3862.11886
least developed countries: un classification,2003,368.9955512
low income,2003,386.9235394
liechtenstein,2003,90108.36736
sri lanka,2003,946.3822551
lower middle income,2003,638.2291324
low & middle income,2003,1288.221696
lesotho,2003,583.2700362
late-demographic dividend,2003,2054.757344
lithuania,2003,5507.474342
luxembourg,2003,65689.32145
latvia,2003,4914.579928
"macao sar, china",2003,18589.89983
st. martin (french part),2003,
morocco,2003,1941.872559
monaco,2003,111110.4513
moldova,2003,682.319096
madagascar,2003,352.6200958
maldives,2003,3548.576701
"middle east, north africa, afghanistan & pakistan",2003,2279.518861
mexico,2003,7434.07465
marshall islands,2003,2539.330738
middle income,2003,1356.376067
north macedonia,2003,2445.362864
mali,2003,371.6270164
malta,2003,13593.97872
myanmar,2003,224.2926889
"middle east, north africa, afghanistan & pakistan (excluding high income)",2003,1263.876062
montenegro,2003,2789.159065
mongolia,2003,643.1680689
northern mariana islands,2003,18938.87284
mozambique,2003,339.4887378
mauritania,2003,732.0178208
mauritius,2003,4858.265755
malawi,2003,383.3485969
malaysia,2003,4465.321946
north america,2003,38395.5453
namibia,2003,2569.247393
new caledonia,2003,20768.10615
niger,2003,265.2253635
nigeria,2003,763.3887454
nicaragua,2003,1021.352167
netherlands,2003,35896.75046
norway,2003,50250.32982
nepal,2003,246.4297066
nauru,2003,2463.282591
new zealand,2003,21913.70817
oecd members,2003,26045.49671
oman,2003,10463.54258
other small states,2003,6303.260234
pakistan,2003,672.4417867
panama,2003,4264.664288
peru,2003,2129.441142
philippines,2003,1027.230119
palau,2003,7862.04283
papua new guinea,2003,577.4679224
poland,2003,5720.813662
pre-demographic dividend,2003,548.7155608
puerto rico (us),2003,19557.12025
"korea, dem. people's rep.",2003,
portugal,2003,15797.78213
paraguay,2003,1443.998852
west bank and gaza,2003,1257.69857
pacific island small states,2003,1999.392434
post-demographic dividend,2003,29517.98592
french polynesia,2003,19582.89364
qatar,2003,31602.47087
romania,2003,2679.40626
russian federation,2003,2975.123047
rwanda,2003,249.012275
south asia,2003,532.6615468
saudi arabia,2003,11487.22041
sudan,2003,580.3202515
senegal,2003,817.8880342
singapore,2003,23730.38401
solomon islands,2003,895.9892727
sierra leone,2003,413.8176073
el salvador,2003,2207.830895
san marino,2003,52529.90937
"somalia, fed. rep.",2003,286.2730252
serbia,2003,3153.901131
sub-saharan africa (excluding high income),2003,832.6701113
south sudan,2003,
sub-saharan africa,2003,761.9602328
small states,2003,6055.638543
sao tome and principe,2003,663.6962118
suriname,2003,2516.10404
slovak republic,2003,8675.396337
slovenia,2003,14711.67487
sweden,2003,37292.42143
eswatini,2003,2060.184181
sint maarten (dutch part),2003,
seychelles,2003,9070.284608
syrian arab republic,2003,1220.179077
turks and caicos islands,2003,18859.18903
chad,2003,289.0876211
east asia & pacific (ida & ibrd countries),2003,1266.110217
europe & central asia (ida & ibrd countries),2003,2877.835243
togo,2003,538.1653778
thailand,2003,2347.540013
tajikistan,2003,233.5812485
turkmenistan,2003,1228.948703
latin america & the caribbean (ida & ibrd countries),2003,3728.728611
timor-leste,2003,534.9011537
"middle east, north africa, afghanistan & pakistan (ida & ibrd)",2003,1263.915745
tonga,2003,1936.04104
south asia (ida & ibrd),2003,532.6615468
sub-saharan africa (ida & ibrd countries),2003,761.9602328
trinidad and tobago,2003,8445.046535
tunisia,2003,2725.864315
turkiye,2003,4637.882185
tuvalu,2003,2006.842499
tanzania,2003,422.1835938
uganda,2003,250.7154366
ukraine,2003,1076.481567
upper middle income,2003,2022.14221
uruguay,2003,3671.123293
united states,2003,39490.30239
uzbekistan,2003,394.1640289
st. vincent and the grenadines,2003,4499.614542
"venezuela, rb",2003,3229.505571
british virgin islands,2003,
virgin islands (u.s.),2003,31731.25662
viet nam,2003,497.1170892
vanuatu,2003,1566.513968
world,2003,6116.55508
samoa,2003,1798.124297
kosovo,2003,
"yemen, rep.",2003,548.905883
south africa,2003,4062.21756
zambia,2003,446.2901048
zimbabwe,2003,468.2342235
aruba,2004,23700.63199
africa eastern and southern,2004,981.7446316
afghanistan,2004,221.7636539
africa western and central,2004,840.2520851
angola,2004,1266.210864
albania,2004,2446.909499
andorra,2004,39021.12781
arab world,2004,3133.736877
united arab emirates,2004,33376.71523
argentina,2004,4242.020991
armenia,2004,1130.087914
american samoa,2004,8958.428667
antigua and barbuda,2004,13037.88958
australia,2004,30836.73068
austria,2004,36614.25065
azerbaijan,2004,1045.013633
burundi,2004,125.1949652
belgium,2004,35429.40779
benin,2004,758.6958038
burkina faso,2004,403.8128374
bangladesh,2004,455.6140169
bulgaria,2004,3389.687434
bahrain,2004,15963.94932
"bahamas, the",2004,26650.29342
bosnia and herzegovina,2004,2452.686168
belarus,2004,2378.337005
belize,2004,5156.098171
bermuda,2004,71692.1589
bolivia,2004,953.1918932
brazil,2004,3663.823188
barbados,2004,12886.36653
brunei darussalam,2004,24423.09477
bhutan,2004,1130.359346
botswana,2004,4956.692877
central african republic,2004,303.4613212
canada,2004,32145.54126
central europe and the baltics,2004,7180.27037
switzerland,2004,54659.45715
channel islands,2004,56259.53442
chile,2004,6120.591521
china,2004,1530.927262
cote d'ivoire,2004,1199.825245
cameroon,2004,1133.393267
"congo, dem. rep.",2004,180.664765
"congo, rep.",2004,1306.101363
colombia,2004,2818.571954
comoros,2004,1091.272164
cabo verde,2004,1929.490815
costa rica,2004,4431.011721
caribbean small states,2004,8233.769627
cuba,2004,3399.219629
curacao,2004,16671.34034
cayman islands,2004,
cyprus,2004,23792.61914
czechia,2004,11782.55467
germany,2004,34566.73591
djibouti,2004,806.2616529
dominica,2004,5778.833065
denmark,2004,46625.0501
dominican republic,2004,2451.691616
algeria,2004,2816.99385
east asia & pacific (excluding high income),2004,1439.934645
early-demographic dividend,2004,1562.649517
east asia & pacific,2004,4619.994862
europe & central asia (excluding high income),2004,2877.767159
europe & central asia,2004,18102.98661
ecuador,2004,2586.209147
"egypt, arab rep.",2004,991.2556891
euro area,2004,30803.2861
eritrea,2004,426.8409479
spain,2004,24925.02678
estonia,2004,8916.072827
ethiopia,2004,133.1698125
european union,2004,26368.68212
fragile and conflict affected situations,2004,872.112688
finland,2004,37768.13342
fiji,2004,3097.190967
france,2004,33644.92822
faroe islands,2004,35647.54404
"micronesia, fed. sts.",2004,2146.401608
gabon,2004,5465.791936
united kingdom,2004,40366.88867
georgia,2004,1305.047486
ghana,2004,406.1321053
gibraltar,2004,
guinea,2004,584.8977405
"gambia, the",2004,593.2853463
guinea-bissau,2004,431.3765577
equatorial guinea,2004,4901.301274
greece,2004,21449.25528
grenada,2004,5480.261176
greenland,2004,32030.99879
guatemala,2004,1840.911849
guam,2004,23618.82669
guyana,2004,1033.310309
high income,2004,28420.74301
"hong kong sar, china",2004,24928.10037
honduras,2004,1215.139954
heavily indebted poor countries (hipc),2004,463.5195926
croatia,2004,9718.973228
haiti,2004,683.1852982
hungary,2004,10291.26947
ibrd only,2004,1946.097498
ida & ibrd total,2004,1632.39782
ida total,2004,585.5468604
ida blend,2004,837.2715951
indonesia,2004,1126.840044
ida only,2004,450.5138308
isle of man,2004,35564.60239
india,2004,624.2588265
not classified,2004,
ireland,2004,47754.20232
"iran, islamic rep.",2004,2672.422665
iraq,2004,1328.371576
iceland,2004,47334.93065
israel,2004,20568.06941
italy,2004,31348.19018
jamaica,2004,3807.562931
jordan,2004,1940.086413
japan,2004,38298.98017
kazakhstan,2004,2722.474078
kenya,2004,463.6627813
kyrgyz republic,2004,433.2338733
cambodia,2004,444.1990675
kiribati,2004,1083.268899
st. kitts and nevis,2004,10944.61837
"korea, rep.",2004,16496.13162
kuwait,2004,27552.28274
latin america & caribbean (excluding high income),2004,4149.538593
lao pdr,2004,409.2962983
lebanon,2004,4600.683714
liberia,2004,284.140224
libya,2004,5773.763332
st. lucia,2004,6494.600349
latin america & caribbean,2004,4385.877024
least developed countries: un classification,2004,416.1237575
low income,2004,444.4992583
liechtenstein,2004,100280.8314
sri lanka,2004,1028.620681
lower middle income,2004,721.1592548
low & middle income,2004,1490.066348
lesotho,2004,766.6858209
late-demographic dividend,2004,2453.921653
lithuania,2004,6734.574871
luxembourg,2004,76544.91709
latvia,2004,6109.732652
"macao sar, china",2004,23407.19937
st. martin (french part),2004,
morocco,2004,2183.55542
monaco,2004,125160.2281
moldova,2004,897.1784947
madagascar,2004,272.2007486
maldives,2004,4070.260946
"middle east, north africa, afghanistan & pakistan",2004,2624.189355
mexico,2004,7849.667596
marshall islands,2004,2566.08291
middle income,2004,1570.321607
north macedonia,2004,2818.581456
mali,2004,542.8873476
malta,2004,15212.1313
myanmar,2004,224.5088114
"middle east, north africa, afghanistan & pakistan (excluding high income)",2004,1463.041488
montenegro,2004,3380.165121
mongolia,2004,794.154552
northern mariana islands,2004,18924.58319
mozambique,2004,400.0569732
mauritania,2004,823.5544571
mauritius,2004,5460.608002
malawi,2004,404.6742484
malaysia,2004,4939.248519
north america,2004,40788.48304
namibia,2004,3403.154962
new caledonia,2004,24475.64885
niger,2004,283.4682818
nigeria,2004,962.4810419
nicaragua,2004,1098.621187
netherlands,2004,40611.34144
norway,2004,57768.6981
nepal,2004,279.58775
nauru,2004,3040.513499
new zealand,2004,25420.23488
oecd members,2004,28790.07715
oman,2004,11800.85074
other small states,2004,7412.850356
pakistan,2004,771.9022473
panama,2004,4644.565824
peru,2004,2397.251473
philippines,2004,1099.63013
palau,2004,8395.136226
papua new guinea,2004,620.5961477
poland,2004,6711.727153
pre-demographic dividend,2004,666.4009573
puerto rico (us),2004,20988.99233
"korea, dem. people's rep.",2004,
portugal,2004,18064.15809
paraguay,2004,1786.215339
west bank and gaza,2004,1422.190886
pacific island small states,2004,2272.93163
post-demographic dividend,2004,32633.35997
french polynesia,2004,21764.22032
qatar,2004,41035.50084
romania,2004,3494.990564
russian federation,2004,4102.364746
rwanda,2004,269.5404463
south asia,2004,606.4780417
saudi arabia,2004,13154.4979
sudan,2004,705.1133423
senegal,2004,918.1020795
singapore,2004,27608.08001
solomon islands,2004,986.081904
sierra leone,2004,417.7499833
el salvador,2004,2285.689074
san marino,2004,58232.01762
"somalia, fed. rep.",2004,375.4103262
serbia,2004,3597.087981
sub-saharan africa (excluding high income),2004,1009.772733
south sudan,2004,
sub-saharan africa,2004,922.8698923
small states,2004,6950.246146
sao tome and principe,2004,726.5608821
suriname,2004,2887.772173
slovak republic,2004,10650.12901
slovenia,2004,17103.82978
sweden,2004,42758.20155
eswatini,2004,2581.241728
sint maarten (dutch part),2004,
seychelles,2004,10827.67164
syrian arab republic,2004,1368.114823
turks and caicos islands,2004,21246.0098
chad,2004,445.8507672
east asia & pacific (ida & ibrd countries),2004,1456.969491
europe & central asia (ida & ibrd countries),2004,3720.492948
togo,2004,560.2663085
thailand,2004,2641.562687
tajikistan,2004,305.7451586
turkmenistan,2004,1379.230097
latin america & the caribbean (ida & ibrd countries),2004,4252.839665
timor-leste,2004,474.4207673
"middle east, north africa, afghanistan & pakistan (ida & ibrd)",2004,1463.304671
tonga,2004,2195.4489
south asia (ida & ibrd),2004,606.4780417
sub-saharan africa (ida & ibrd countries),2004,922.8698923
trinidad and tobago,2004,9871.034198
tunisia,2004,3067.419364
turkiye,2004,5960.778989
tuvalu,2004,2322.562651
tanzania,2004,450.3852844
uganda,2004,292.381858
ukraine,2004,1401.018066
upper middle income,2004,2365.308231
uruguay,2004,4168.660654
united states,2004,41724.6412
uzbekistan,2004,462.1714929
st. vincent and the grenadines,2004,4873.489477
"venezuela, rb",2004,4269.089709
british virgin islands,2004,
virgin islands (u.s.),2004,35006.36144
viet nam,2004,565.4522846
vanuatu,2004,1774.318676
world,2004,6804.78415
samoa,2004,2189.260426
kosovo,2004,
"yemen, rep.",2004,627.6320234
south africa,2004,5221.463337
zambia,2004,548.6859746
zimbabwe,2004,469.4846914
aruba,2005,24171.83713
africa eastern and southern,2005,1115.713957
afghanistan,2005,254.1842491
africa western and central,2005,1001.604607
angola,2005,1916.468422
albania,2005,2741.721365
andorra,2005,40829.80188
arab world,2005,3750.693517
united arab emirates,2005,38719.31383
argentina,2005,5067.653423
armenia,2005,1557.484589
american samoa,2005,8831.26976
antigua and barbuda,2005,14368.57088
australia,2005,34479.76793
austria,2005,38157.37023
azerbaijan,2005,1578.36733
burundi,2005,147.2346193
belgium,2005,36809.70134
benin,2005,779.4377778
burkina faso,2005,441.164148
bangladesh,2005,480.0858508
bulgaria,2005,3899.825963
bahrain,2005,17966.16578
"bahamas, the",2005,28602.41819
bosnia and herzegovina,2005,2739.610769
belarus,2005,3126.071767
belize,2005,5272.744172
bermuda,2005,77628.10352
bolivia,2005,1020.123262
brazil,2005,4827.781731
barbados,2005,14214.42022
brunei darussalam,2005,29386.27036
bhutan,2005,1299.949386
botswana,2005,5391.070766
central african republic,2005,311.9500231
canada,2005,36383.66001
central europe and the baltics,2005,8352.507132
switzerland,2005,56242.89336
channel islands,2005,57647.11889
chile,2005,7480.32331
china,2005,1777.644968
cote d'ivoire,2005,1197.74617
cameroon,2005,1142.624663
"congo, dem. rep.",2005,203.5616689
"congo, rep.",2005,1799.051584
colombia,2005,3456.066109
comoros,2005,1103.206585
cabo verde,2005,2004.146804
costa rica,2005,4703.007218
caribbean small states,2005,9439.498116
cuba,2005,3786.337992
curacao,2005,17032.33566
cayman islands,2005,
cyprus,2005,24959.26172
czechia,2005,13442.49163
germany,2005,35084.43635
djibouti,2005,844.4483574
dominica,2005,5695.224424
denmark,2005,48925.80767
dominican republic,2005,3878.312067
algeria,2005,3233.133396
east asia & pacific (excluding high income),2005,1653.681435
early-demographic dividend,2005,1787.583453
east asia & pacific,2005,4893.121379
europe & central asia (excluding high income),2005,3567.784738
europe & central asia,2005,19215.66231
ecuador,2005,2909.02606
"egypt, arab rep.",2005,1105.539207
euro area,2005,31781.66188
eritrea,2005,412.7530792
spain,2005,26450.95301
estonia,2005,10414.63812
ethiopia,2005,158.2434581
european union,2005,27431.5034
fragile and conflict affected situations,2005,1079.162936
finland,2005,39049.87038
fiji,2005,3377.69127
france,2005,34696.37183
faroe islands,2005,36389.08164
"micronesia, fed. sts.",2005,2246.453703
gabon,2005,6547.87614
united kingdom,2005,42104.78844
georgia,2005,1642.783594
ghana,2005,478.6119092
gibraltar,2005,
guinea,2005,463.1776869
"gambia, the",2005,616.4836579
guinea-bissau,2005,463.0739627
equatorial guinea,2005,8673.902609
greece,2005,22054.13158
grenada,2005,6338.560114
greenland,2005,32489.72773
guatemala,2005,2046.466117
guam,2005,25631.97761
guyana,2005,1084.065414
high income,2005,30015.32514
"hong kong sar, china",2005,26649.63772
honduras,2005,1304.700392
heavily indebted poor countries (hipc),2005,519.5291523
croatia,2005,10443.52784
haiti,2005,775.8457041
hungary,2005,11212.2047
ibrd only,2005,2299.034578
ida & ibrd total,2005,1918.536977
ida total,2005,664.759628
ida blend,2005,958.118444
indonesia,2005,1238.214476
ida only,2005,506.9698821
isle of man,2005,38135.85979
india,2005,710.4880804
not classified,2005,
ireland,2005,50933.02161
"iran, islamic rep.",2005,3132.050819
iraq,2005,1762.393604
iceland,2005,56794.85016
israel,2005,21286.83886
italy,2005,32062.72383
jamaica,2005,4184.439749
jordan,2005,2087.870793
japan,2005,37812.89502
kazakhstan,2005,3577.35804
kenya,2005,523.4563124
kyrgyz republic,2005,476.5481936
cambodia,2005,525.7973251
kiribati,2005,1161.783417
st. kitts and nevis,2005,11783.78672
"korea, rep.",2005,19402.50263
kuwait,2005,36122.61427
latin america & caribbean (excluding high income),2005,4960.451044
lao pdr,2005,466.061507
lebanon,2005,4602.198046
liberia,2005,287.4873334
libya,2005,8079.249573
st. lucia,2005,6863.436419
latin america & caribbean,2005,5229.873373
least developed countries: un classification,2005,481.3816564
low income,2005,520.2901485
liechtenstein,2005,105295.057
sri lanka,2005,1207.219948
lower middle income,2005,815.9864701
low & middle income,2005,1734.864229
lesotho,2005,861.3814964
late-demographic dividend,2005,2939.843702
lithuania,2005,7857.031488
luxembourg,2005,80988.13762
latvia,2005,7283.787381
"macao sar, china",2005,25681.21673
st. martin (french part),2005,
morocco,2005,2242.988281
monaco,2005,130538.7426
moldova,2005,1034.391977
madagascar,2005,305.8120749
maldives,2005,3796.515465
"middle east, north africa, afghanistan & pakistan",2005,3050.860863
mexico,2005,8671.758919
marshall islands,2005,2658.652179
middle income,2005,1829.607382
north macedonia,2005,3120.984014
mali,2005,591.6303935
malta,2005,15831.34398
myanmar,2005,252.6851931
"middle east, north africa, afghanistan & pakistan (excluding high income)",2005,1657.110244
montenegro,2005,3674.617924
mongolia,2005,994.9001091
northern mariana islands,2005,17015.74879
mozambique,2005,436.7738562
mauritania,2005,998.9658342
mauritius,2005,5354.029743
malawi,2005,414.361122
malaysia,2005,5555.5818
north america,2005,43368.5717
namibia,2005,3685.773
new caledonia,2005,25528.29184
niger,2005,318.6431219
nigeria,2005,1211.377035
nicaragua,2005,1183.30214
netherlands,2005,42165.39617
norway,2005,67047.17046
nepal,2005,309.0241683
nauru,2005,3013.517782
new zealand,2005,27751.06547
oecd members,2005,30235.20408
oman,2005,14434.85779
other small states,2005,8212.842245
pakistan,2005,827.6198612
panama,2005,5017.741092
peru,2005,2706.669473
philippines,2005,1220.460186
palau,2005,9639.658913
papua new guinea,2005,744.48649
poland,2005,8043.923323
pre-demographic dividend,2005,808.6044759
puerto rico (us),2005,21959.3227
"korea, dem. people's rep.",2005,
portugal,2005,18780.12751
paraguay,2005,1970.871699
west bank and gaza,2005,1543.701414
pacific island small states,2005,2494.534194
post-demographic dividend,2005,34174.95756
french polynesia,2005,21984.19362
qatar,2005,53949.67641
romania,2005,4618.003508
russian federation,2005,5323.455078
rwanda,2005,324.0168638
south asia,2005,686.3381935
saudi arabia,2005,15975.74738
sudan,2005,905.5436401
senegal,2005,979.8461015
singapore,2005,29961.31728
solomon islands,2005,1144.457585
sierra leone,2005,462.6333244
el salvador,2005,2447.391408
san marino,2005,59877.80058
"somalia, fed. rep.",2005,439.9799078
serbia,2005,3807.974173
sub-saharan africa (excluding high income),2005,1168.396549
south sudan,2005,
sub-saharan africa,2005,1067.920606
small states,2005,7767.220432
sao tome and principe,2005,844.1691819
suriname,2005,3453.428659
slovak republic,2005,11641.54103
slovenia,2005,17969.70959
sweden,2005,43378.61521
eswatini,2005,2945.363949
sint maarten (dutch part),2005,
seychelles,2005,11802.11183
syrian arab republic,2005,1533.901665
turks and caicos islands,2005,24122.30282
chad,2005,838.0921077
east asia & pacific (ida & ibrd countries),2005,1673.193451
europe & central asia (ida & ibrd countries),2005,4656.248513
togo,2005,551.25985
thailand,2005,2867.703834
tajikistan,2005,333.9271509
turkmenistan,2005,1604.016185
latin america & the caribbean (ida & ibrd countries),2005,5103.971922
timor-leste,2005,487.4645554
"middle east, north africa, afghanistan & pakistan (ida & ibrd)",2005,1657.842969
tonga,2005,2477.726201
south asia (ida & ibrd),2005,686.3381935
sub-saharan africa (ida & ibrd countries),2005,1067.920606
trinidad and tobago,2005,12346.43731
tunisia,2005,3146.826074
turkiye,2005,7303.013889
tuvalu,2005,2304.826943
tanzania,2005,483.3348694
uganda,2005,330.4054027
ukraine,2005,1875.335083
upper middle income,2005,2787.476275
uruguay,2005,5284.25678
united states,2005,44123.39965
uzbekistan,2005,542.8358087
st. vincent and the grenadines,2005,5157.393739
"venezuela, rb",2005,5432.485418
british virgin islands,2005,
virgin islands (u.s.),2005,40828.74609
viet nam,2005,710.74676
vanuatu,2005,1873.991426
world,2005,7276.275612
samoa,2005,2550.042214
kosovo,2005,
"yemen, rep.",2005,734.1599085
south africa,2005,5836.876633
zambia,2005,710.9820682
zimbabwe,2005,461.0283184
aruba,2006,24845.65848
africa eastern and southern,2006,1220.002469
afghanistan,2006,274.2185536
africa western and central,2006,1236.628127
angola,2006,2617.05196
albania,2006,3057.77257
andorra,2006,43467.21099
arab world,2006,4355.087622
united arab emirates,2006,44342.60483
argentina,2006,5869.38029
armenia,2006,2041.652671
american samoa,2006,8745.166211
antigua and barbuda,2006,16173.81363
australia,2006,36595.70715
austria,2006,40382.20783
azerbaijan,2006,2472.957257
burundi,2006,161.8927556
belgium,2006,38705.1068
benin,2006,809.1470725
burkina faso,2006,455.5136556
bangladesh,2006,490.3880265
bulgaria,2006,4523.146558
bahrain,2006,19267.28262
"bahamas, the",2006,29184.78651
bosnia and herzegovina,2006,3166.128653
belarus,2006,3848.223503
belize,2006,5527.167759
bermuda,2006,97781.4559
bolivia,2006,1202.711504
brazil,2006,5934.144709
barbados,2006,15619.6006
brunei darussalam,2006,34674.7996
bhutan,2006,1405.607162
botswana,2006,5291.583791
central african republic,2006,333.9425199
canada,2006,40504.0371
central europe and the baltics,2006,9466.748159
switzerland,2006,59011.03246
channel islands,2006,62745.10066
chile,2006,9318.656553
china,2006,2129.25697
cote d'ivoire,2006,1230.430568
cameroon,2006,1191.45459
"congo, dem. rep.",2006,238.4176394
"congo, rep.",2006,2103.582138
colombia,2006,3789.853612
comoros,2006,1154.904223
cabo verde,2006,2256.996662
costa rica,2006,5256.596409
caribbean small states,2006,10883.2162
cuba,2006,4329.98266
curacao,2006,17400.16378
cayman islands,2006,87085.09374
cyprus,2006,26729.28125
czechia,2006,15259.07882
germany,2006,36980.33499
djibouti,2006,898.4646281
dominica,2006,6055.781096
denmark,2006,52119.1788
dominican republic,2006,4055.142703
algeria,2006,3660.661047
east asia & pacific (excluding high income),2006,1976.633901
early-demographic dividend,2006,2010.20656
east asia & pacific,2006,5150.196823
europe & central asia (excluding high income),2006,4130.927579
europe & central asia,2006,20751.08732
ecuador,2006,3243.670104
"egypt, arab rep.",2006,1298.979002
euro area,2006,33646.25018
eritrea,2006,447.9974047
spain,2006,28421.68653
estonia,2006,12641.4801
ethiopia,2006,189.3457375
european union,2006,29200.60081
fragile and conflict affected situations,2006,1318.832342
finland,2006,41214.01878
fiji,2006,3455.105999
france,2006,36431.56589
faroe islands,2006,41743.68128
"micronesia, fed. sts.",2006,2289.751556
gabon,2006,6847.009857
united kingdom,2006,44512.45903
georgia,2006,1996.020133
ghana,2006,906.4410276
gibraltar,2006,
guinea,2006,446.9805541
"gambia, the",2006,614.5443079
guinea-bissau,2006,448.5130755
equatorial guinea,2006,10184.88412
greece,2006,24416.0233
grenada,2006,6344.038377
greenland,2006,35457.62976
guatemala,2006,2225.123475
guam,2006,25709.93515
guyana,2006,3135.605535
high income,2006,31668.71862
"hong kong sar, china",2006,28224.09516
honduras,2006,1425.847801
heavily indebted poor countries (hipc),2006,592.5543381
croatia,2006,11502.75312
haiti,2006,828.8057003
hungary,2006,11478.48916
ibrd only,2006,2698.453696
ida & ibrd total,2006,2246.056794
ida total,2006,775.2771281
ida blend,2006,1149.052938
indonesia,2006,1558.315628
ida only,2006,573.4428085
isle of man,2006,42627.50894
india,2006,801.6683537
not classified,2006,
ireland,2006,54329.16186
"iran, islamic rep.",2006,3618.916014
iraq,2006,2276.554357
iceland,2006,57492.93425
israel,2006,22527.26198
italy,2006,33537.1287
jamaica,2006,4417.001271
jordan,2006,2342.634596
japan,2006,35991.546
kazakhstan,2006,5030.134947
kenya,2006,699.8023706
kyrgyz republic,2006,543.1135125
cambodia,2006,612.2526486
kiribati,2006,1123.19259
st. kitts and nevis,2006,13837.84953
"korea, rep.",2006,21743.47745
kuwait,2006,42946.63741
latin america & caribbean (excluding high income),2006,5717.845512
lao pdr,2006,579.3919474
lebanon,2006,4635.251412
liberia,2006,320.5580862
libya,2006,10048.84804
st. lucia,2006,7611.178567
latin america & caribbean,2006,6047.704176
least developed countries: un classification,2006,544.2658571
low income,2006,585.1917749
liechtenstein,2006,114167.9392
sri lanka,2006,1389.506256
lower middle income,2006,938.650084
low & middle income,2006,2014.038921
lesotho,2006,925.4674855
late-demographic dividend,2006,3525.537512
lithuania,2006,9210.101182
luxembourg,2006,90788.80049
latvia,2006,9211.737447
"macao sar, china",2006,29813.78772
st. martin (french part),2006,
morocco,2006,2438.126465
monaco,2006,143083.4611
moldova,2006,1183.024814
madagascar,2006,324.1468749
maldives,2006,5018.943354
"middle east, north africa, afghanistan & pakistan",2006,3482.476579
mexico,2006,9512.635753
marshall islands,2006,2754.269888
middle income,2006,2127.300931
north macedonia,2006,3440.441106
mali,2006,633.2219467
malta,2006,16653.60383
myanmar,2006,303.4950871
"middle east, north africa, afghanistan & pakistan (excluding high income)",2006,1883.120678
montenegro,2006,4425.678873
mongolia,2006,1329.891796
northern mariana islands,2006,16314.55786
mozambique,2006,457.4876478
mauritania,2006,1300.60368
mauritius,2006,5695.975255
malawi,2006,440.822149
malaysia,2006,6158.407855
north america,2006,45741.25143
namibia,2006,4017.183472
new caledonia,2006,28193.25376
niger,2006,333.3450784
nigeria,2006,1599.538916
nicaragua,2006,1248.173716
netherlands,2006,45123.54324
norway,2006,74434.49968
nepal,2006,340.4317964
nauru,2006,2908.47386
new zealand,2006,26654.5932
oecd members,2006,31673.81219
oman,2006,16930.85651
other small states,2006,9025.35598
pakistan,2006,900.873565
panama,2006,5528.767055
peru,2006,3129.559965
philippines,2006,1426.146492
palau,2006,9885.147757
papua new guinea,2006,1238.182829
poland,2006,9068.855283
pre-demographic dividend,2006,987.5371356
puerto rico (us),2006,22935.94116
"korea, dem. people's rep.",2006,
portugal,2006,19839.45405
paraguay,2006,2439.431247
west bank and gaza,2006,1570.1044
pacific island small states,2006,2589.157281
post-demographic dividend,2006,35768.79387
french polynesia,2006,22330.86767
qatar,2006,62582.44531
romania,2006,5757.531273
russian federation,2006,6920.199707
rwanda,2006,356.9950229
south asia,2006,769.3877681
saudi arabia,2006,17563.61454
sudan,2006,1132.474609
senegal,2006,1017.201967
singapore,2006,33768.45282
solomon islands,2006,1255.625891
sierra leone,2006,580.2679697
el salvador,2006,2665.618072
san marino,2006,63270.77808
"somalia, fed. rep.",2006,457.9966622
serbia,2006,4492.71367
sub-saharan africa (excluding high income),2006,1340.656595
south sudan,2006,
sub-saharan africa,2006,1225.8319
small states,2006,8636.715918
sao tome and principe,2006,861.9707077
suriname,2006,5002.657987
slovak republic,2006,13167.89547
slovenia,2006,19563.00506
sweden,2006,46531.60011
eswatini,2006,3035.061561
sint maarten (dutch part),2006,
seychelles,2006,12782.99389
syrian arab republic,2006,1718.783472
turks and caicos islands,2006,28734.28731
chad,2006,906.8972606
east asia & pacific (ida & ibrd countries),2006,1999.86336
europe & central asia (ida & ibrd countries),2006,5627.108284
togo,2006,552.5022713
thailand,2006,3331.320435
tajikistan,2006,401.0184033
turkmenistan,2006,1996.593107
latin america & the caribbean (ida & ibrd countries),2006,5926.883616
timor-leste,2006,464.6670018
"middle east, north africa, afghanistan & pakistan (ida & ibrd)",2006,1885.148702
tonga,2006,2750.347786
south asia (ida & ibrd),2006,769.3877681
sub-saharan africa (ida & ibrd countries),2006,1225.8319
trinidad and tobago,2006,14152.66074
tunisia,2006,3322.569336
turkiye,2006,7953.07848
tuvalu,2006,2396.268443
tanzania,2006,475.7467346
uganda,2006,346.5182553
ukraine,2006,2366.494141
upper middle income,2006,3261.314383
uruguay,2006,6001.332948
united states,2006,46301.98765
uzbekistan,2006,649.118167
st. vincent and the grenadines,2006,5744.827862
"venezuela, rb",2006,6739.380653
british virgin islands,2006,
virgin islands (u.s.),2006,41377.1466
viet nam,2006,807.7566451
vanuatu,2006,2034.792896
world,2006,7786.763872
samoa,2006,2663.291359
kosovo,2006,
"yemen, rep.",2006,809.7131276
south africa,2006,6077.382934
zambia,2006,1051.717149
zimbabwe,2006,430.809214
aruba,2007,26736.30894
africa eastern and southern,2007,1362.310652
afghanistan,2007,376.223152
africa western and central,2007,1407.642058
angola,2007,3141.04598
albania,2007,3743.055299
andorra,2007,48336.22833
arab world,2007,4940.702265
united arab emirates,2007,45854.73252
argentina,2007,7185.251551
armenia,2007,2962.702346
american samoa,2007,9231.372409
antigua and barbuda,2007,18204.5124
australia,2007,41051.61207
austria,2007,46622.96229
azerbaijan,2007,3851.330152
burundi,2007,166.1627449
belgium,2007,44319.16545
benin,2007,912.3382472
burkina faso,2007,514.6844512
bangladesh,2007,537.9554928
bulgaria,2007,5888.570814
bahrain,2007,20908.40425
"bahamas, the",2007,30051.84896
bosnia and herzegovina,2007,3931.489487
belarus,2007,4735.481076
belize,2007,5765.281999
bermuda,2007,107395.6515
bolivia,2007,1354.549059
brazil,2007,7409.691307
barbados,2007,17235.43964
brunei darussalam,2007,36217.3291
bhutan,2007,1850.415704
botswana,2007,5529.125746
central african republic,2007,380.8870488
canada,2007,44660.08389
central europe and the baltics,2007,11997.34692
switzerland,2007,64989.15533
channel islands,2007,74139.97799
chile,2007,10346.41382
china,2007,2734.727099
cote d'ivoire,2007,1367.538177
cameroon,2007,1325.672482
"congo, dem. rep.",2007,267.8885088
"congo, rep.",2007,2206.471019
colombia,2007,4769.926147
comoros,2007,1289.736311
cabo verde,2007,3324.576752
costa rica,2007,6137.711999
caribbean small states,2007,12135.1286
cuba,2007,4807.43889
curacao,2007,18005.71659
cayman islands,2007,89888.26182
cyprus,2007,31244.87891
czechia,2007,18452.65328
germany,2007,42350.92172
djibouti,2007,969.5732202
dominica,2007,6459.035037
denmark,2007,58631.65664
dominican republic,2007,4649.645589
algeria,2007,4167.451699
east asia & pacific (excluding high income),2007,2481.389526
early-demographic dividend,2007,2341.336344
east asia & pacific,2007,5716.348972
europe & central asia (excluding high income),2007,5189.134024
europe & central asia,2007,24175.05031
ecuador,2007,3478.924888
"egypt, arab rep.",2007,1547.741707
euro area,2007,38544.24849
eritrea,2007,480.4476237
spain,2007,32652.01559
estonia,2007,16745.4308
ethiopia,2007,237.146256
european union,2007,33704.68646
fragile and conflict affected situations,2007,1577.490319
finland,2007,48473.02401
fiji,2007,3762.746928
france,2007,41486.19078
faroe islands,2007,48348.73937
"micronesia, fed. sts.",2007,2336.978522
gabon,2007,8003.542897
united kingdom,2007,50397.6855
georgia,2007,2635.366503
ghana,2007,1050.124615
gibraltar,2007,
guinea,2007,650.1485753
"gambia, the",2007,724.7264072
guinea-bissau,2007,519.0697898
equatorial guinea,2007,12616.95329
greece,2007,28440.76253
grenada,2007,6864.548168
greenland,2007,39780.94414
guatemala,2007,2458.815739
guam,2007,26605.43242
guyana,2007,3608.286852
high income,2007,34616.73141
"hong kong sar, china",2007,30593.95117
honduras,2007,1577.737892
heavily indebted poor countries (hipc),2007,686.5892204
croatia,2007,13757.60565
haiti,2007,984.5669834
hungary,2007,13934.60546
ibrd only,2007,3318.339479
ida & ibrd total,2007,2740.428685
ida total,2007,887.1203497
ida blend,2007,1296.379683
indonesia,2007,1823.219763
ida only,2007,665.7217839
isle of man,2007,55040.2437
india,2007,1021.887077
not classified,2007,
ireland,2007,61396.41746
"iran, islamic rep.",2007,4687.991663
iraq,2007,3128.990103
iceland,2007,69495.72674
israel,2007,25721.25941
italy,2007,37826.17546
jamaica,2007,4716.486125
jordan,2007,2506.205995
japan,2007,35779.02454
kazakhstan,2007,6449.439311
kenya,2007,840.2014395
kyrgyz republic,2007,721.7715775
cambodia,2007,731.6922951
kiribati,2007,1352.57814
st. kitts and nevis,2007,14757.95798
"korea, rep.",2007,24086.41044
kuwait,2007,45709.41329
latin america & caribbean (excluding high income),2007,6672.179322
lao pdr,2007,697.3230137
lebanon,2007,5125.2581
liberia,2007,374.2113081
libya,2007,11144.94484
st. lucia,2007,7964.382115
latin america & caribbean,2007,7035.765126
least developed countries: un classification,2007,637.5613754
low income,2007,686.4136511
liechtenstein,2007,130492.5953
sri lanka,2007,1578.634511
lower middle income,2007,1128.053747
low & middle income,2007,2439.694267
lesotho,2007,861.1884209
late-demographic dividend,2007,4413.576409
lithuania,2007,12295.12128
luxembourg,2007,107475.3203
latvia,2007,13370.97895
"macao sar, china",2007,35400.23347
st. martin (french part),2007,
morocco,2007,2755.585938
monaco,2007,184558.5566
moldova,2007,1531.216186
madagascar,2007,419.5480014
maldives,2007,5758.102869
"middle east, north africa, afghanistan & pakistan",2007,4010.052281
mexico,2007,10134.33271
marshall islands,2007,2892.28404
middle income,2007,2580.905677
north macedonia,2007,4204.113288
mali,2007,711.6754632
malta,2007,19444.17436
myanmar,2007,419.3757807
"middle east, north africa, afghanistan & pakistan (excluding high income)",2007,2237.261883
montenegro,2007,5976.394145
mongolia,2007,1627.687877
northern mariana islands,2007,15914.2193
mozambique,2007,507.8749239
mauritania,2007,1405.150162
mauritius,2007,6574.663576
malawi,2007,475.1802617
malaysia,2007,7168.930319
north america,2007,47727.77338
namibia,2007,4379.043137
new caledonia,2007,35177.65353
niger,2007,387.1680659
nigeria,2007,1815.526975
nicaragua,2007,1350.381458
netherlands,2007,52100.79963
norway,2007,85502.26771
nepal,2007,385.4497677
nauru,2007,2302.25783
new zealand,2007,32479.98174
oecd members,2007,34431.43284
oman,2007,18792.65377
other small states,2007,10725.39964
pakistan,2007,998.0901142
panama,2007,6317.817303
peru,2007,3581.089308
philippines,2007,1712.655433
palau,2007,10408.43436
papua new guinea,2007,1370.753416
poland,2007,11272.52937
pre-demographic dividend,2007,1160.619251
puerto rico (us),2007,23664.88235
"korea, dem. people's rep.",2007,
portugal,2007,22811.05648
paraguay,2007,3211.936217
west bank and gaza,2007,1664.245717
pacific island small states,2007,2822.039708
post-demographic dividend,2007,38809.86917
french polynesia,2007,24888.17813
qatar,2007,65954.34195
romania,2007,8360.337759
russian federation,2007,9101.239258
rwanda,2007,426.2341835
south asia,2007,967.6979116
saudi arabia,2007,18596.15026
sudan,2007,1444.372192
senegal,2007,1188.938778
singapore,2007,39432.88602
solomon islands,2007,1390.156966
sierra leone,2007,631.8899263
el salvador,2007,2830.656938
san marino,2007,70124.46344
"somalia, fed. rep.",2007,479.6356281
serbia,2007,6081.087657
sub-saharan africa (excluding high income),2007,1506.874424
south sudan,2007,
sub-saharan africa,2007,1379.846718
small states,2007,10035.95955
sao tome and principe,2007,878.8857919
suriname,2007,5530.176156
slovak republic,2007,16110.48173
slovenia,2007,23725.1596
sweden,2007,53568.56455
eswatini,2007,3180.861215
sint maarten (dutch part),2007,
seychelles,2007,12669.30267
syrian arab republic,2007,1937.611386
turks and caicos islands,2007,29443.8523
chad,2007,980.4835315
east asia & pacific (ida & ibrd countries),2007,2510.425348
europe & central asia (ida & ibrd countries),2007,7238.144357
togo,2007,607.5882245
thailand,2007,3918.528174
tajikistan,2007,516.9972106
turkmenistan,2007,2414.96072
latin america & the caribbean (ida & ibrd countries),2007,6927.884579
timor-leste,2007,540.1545842
"middle east, north africa, afghanistan & pakistan (ida & ibrd)",2007,2240.988368
tonga,2007,2797.065601
south asia (ida & ibrd),2007,967.6979116
sub-saharan africa (ida & ibrd countries),2007,1379.846718
trinidad and tobago,2007,16606.67536
tunisia,2007,3726.916729
turkiye,2007,9711.223761
tuvalu,2007,2794.163101
tanzania,2007,543.1983032
uganda,2007,401.3891309
ukraine,2007,3160.327637
upper middle income,2007,3981.317614
uruguay,2007,7222.054036
united states,2007,48050.22741
uzbekistan,2007,824.0281923
st. vincent and the grenadines,2007,6398.191235
"venezuela, rb",2007,8331.62097
british virgin islands,2007,
virgin islands (u.s.),2007,44158.5054
viet nam,2007,925.6403383
vanuatu,2007,2333.705067
world,2007,8666.128891
samoa,2007,3038.619041
kosovo,2007,
"yemen, rep.",2007,890.3057681
south africa,2007,6591.85536
zambia,2007,1118.731626
zimbabwe,2007,413.302605
aruba,2008,28171.9094
africa eastern and southern,2008,1421.118613
afghanistan,2008,381.733238
africa western and central,2008,1668.841082
angola,2008,4103.0669
albania,2008,4498.504868
andorra,2008,49132.51571
arab world,2008,6091.932064
united arab emirates,2008,50054.17007
argentina,2008,8944.110266
armenia,2008,3777.668593
american samoa,2008,10030.80891
antigua and barbuda,2008,18786.67431
australia,2008,49701.28178
austria,2008,51581.39824
azerbaijan,2008,5574.468104
burundi,2008,189.5020746
belgium,2008,48303.39796
benin,2008,1060.602545
burkina faso,2008,619.4375333
bangladesh,2008,613.062041
bulgaria,2008,7271.303389
bahrain,2008,23299.49928
"bahamas, the",2008,29392.38244
bosnia and herzegovina,2008,4841.693119
belarus,2008,6376.175692
belize,2008,5713.281268
bermuda,2008,110268.5624
bolivia,2008,1692.672485
brazil,2008,8908.331765
barbados,2008,17565.693
brunei darussalam,2008,42156.56852
bhutan,2008,1919.597749
botswana,2008,5503.073953
central african republic,2008,437.2482747
canada,2008,46710.25269
central europe and the baltics,2008,14573.74567
switzerland,2008,74175.19279
channel islands,2008,
chile,2008,10683.21888
china,2008,3523.443021
cote d'ivoire,2008,1583.970667
cameroon,2008,1492.142698
"congo, dem. rep.",2008,307.3196386
"congo, rep.",2008,2832.091778
colombia,2008,5541.836297
comoros,2008,1455.027686
cabo verde,2008,3908.648858
costa rica,2008,6937.242616
caribbean small states,2008,13890.23853
cuba,2008,4986.124365
curacao,2008,19423.33524
cayman islands,2008,89655.11962
cyprus,2008,35397.29688
czechia,2008,22774.70451
germany,2008,46386.32959
djibouti,2008,1119.152333
dominica,2008,6971.326338
denmark,2008,64616.66576
dominican republic,2008,5023.585134
algeria,2008,5180.918815
east asia & pacific (excluding high income),2008,3117.833898
early-demographic dividend,2008,2592.850636
east asia & pacific,2008,6547.770332
europe & central asia (excluding high income),2008,6169.168786
europe & central asia,2008,26501.46567
ecuador,2008,4194.757507
"egypt, arab rep.",2008,1896.215943
euro area,2008,42174.6918
eritrea,2008,490.066956
spain,2008,35603.24833
estonia,2008,18205.90641
ethiopia,2008,316.4104751
european union,2008,37170.42988
fragile and conflict affected situations,2008,1968.215015
finland,2008,53769.47262
fiji,2008,3899.922315
france,2008,45464.81814
faroe islands,2008,51287.89111
"micronesia, fed. sts.",2008,2415.59356
gabon,2008,9688.645197
united kingdom,2008,47396.12021
georgia,2008,3324.753721
ghana,2008,1182.657613
gibraltar,2008,
guinea,2008,703.5328258
"gambia, the",2008,859.1276714
guinea-bissau,2008,640.2103311
equatorial guinea,2008,18210.5553
greece,2008,31695.83311
grenada,2008,7448.204056
greenland,2008,44366.78587
guatemala,2008,2763.059882
guam,2008,28112.23166
guyana,2008,4008.962867
high income,2008,36852.98649
"hong kong sar, china",2008,31515.52921
honduras,2008,1732.490627
heavily indebted poor countries (hipc),2008,793.8451916
croatia,2008,15889.43471
haiti,2008,1094.660584
hungary,2008,15762.63225
ibrd only,2008,3941.122194
ida & ibrd total,2008,3242.349452
ida total,2008,1031.722463
ida blend,2008,1480.049292
indonesia,2008,2124.554839
ida only,2008,788.662932
isle of man,2008,72276.77413
india,2008,992.5195849
not classified,2008,
ireland,2008,61353.10656
"iran, islamic rep.",2008,5377.411507
iraq,2008,4542.96609
iceland,2008,56943.37045
israel,2008,30269.21777
italy,2008,40828.57956
jamaica,2008,5029.800953
jordan,2008,3241.652414
japan,2008,39876.30397
kazakhstan,2008,8123.547059
kenya,2008,915.5443547
kyrgyz republic,2008,966.3885694
cambodia,2008,866.2839998
kiribati,2008,1410.622469
st. kitts and nevis,2008,16604.94486
"korea, rep.",2008,21350.42798
kuwait,2008,55585.18893
latin america & caribbean (excluding high income),2008,7623.438678
lao pdr,2008,885.7473761
lebanon,2008,5912.045328
liberia,2008,451.7138563
libya,2008,13906.14078
st. lucia,2008,8516.960755
latin america & caribbean,2008,8077.92472
least developed countries: un classification,2008,763.4388405
low income,2008,793.9449514
liechtenstein,2008,143249.2273
sri lanka,2008,1973.584769
lower middle income,2008,1225.819072
low & middle income,2008,2857.432608
lesotho,2008,898.4825179
late-demographic dividend,2008,5454.985299
lithuania,2008,14955.53455
luxembourg,2008,120422.1379
latvia,2008,15677.60809
"macao sar, china",2008,38888.5118
st. martin (french part),2008,
morocco,2008,3183.200439
monaco,2008,204263.7971
moldova,2008,2110.553054
madagascar,2008,512.5798001
maldives,2008,6757.432809
"middle east, north africa, afghanistan & pakistan",2008,4834.322044
mexico,2008,10523.76854
marshall islands,2008,2817.605228
middle income,2008,3026.28222
north macedonia,2008,5026.420299
mali,2008,820.7157056
malta,2008,22315.31048
myanmar,2008,658.4424872
"middle east, north africa, afghanistan & pakistan (excluding high income)",2008,2652.790391
montenegro,2008,7367.751909
mongolia,2008,2127.426786
northern mariana islands,2008,16430.44619
mozambique,2008,592.1591112
mauritania,2008,1635.563062
mauritius,2008,8030.052281
malawi,2008,554.0488204
malaysia,2008,8371.821561
north america,2008,48398.37226
namibia,2008,4204.785554
new caledonia,2008,35723.90332
niger,2008,475.0449554
nigeria,2008,2154.105435
nicaragua,2008,1523.684371
netherlands,2008,58246.70269
norway,2008,97503.54078
nepal,2008,464.8173919
nauru,2008,3715.148899
new zealand,2008,31324.7398
oecd members,2008,36277.4936
oman,2008,26576.77924
other small states,2008,11492.33526
pakistan,2008,1067.043246
panama,2008,7347.590503
peru,2008,4197.584446
philippines,2008,1959.292335
palau,2008,10582.73975
papua new guinea,2008,1624.793199
poland,2008,14048.56047
pre-demographic dividend,2008,1405.724825
puerto rico (us),2008,24898.33459
"korea, dem. people's rep.",2008,
portugal,2008,24949.04136
paraguay,2008,4384.954694
west bank and gaza,2008,2035.202341
pacific island small states,2008,2991.323493
post-demographic dividend,2008,40864.24266
french polynesia,2008,26592.02628
qatar,2008,80781.40392
romania,2008,10435.15612
russian federation,2008,11635.28418
rwanda,2008,528.3263918
south asia,2008,958.2755115
saudi arabia,2008,22320.4889
sudan,2008,1527.582397
senegal,2008,1398.79218
singapore,2008,40008.57205
solomon islands,2008,1525.850924
sierra leone,2008,705.3590141
el salvador,2008,2983.248296
san marino,2008,75902.13205
"somalia, fed. rep.",2008,507.0374433
serbia,2008,7376.735179
sub-saharan africa (excluding high income),2008,1656.335842
south sudan,2008,1654.211535
sub-saharan africa,2008,1521.94071
small states,2008,10960.81124
sao tome and principe,2008,1081.868458
suriname,2008,6576.085463
slovak republic,2008,18744.31923
slovenia,2008,27461.97642
sweden,2008,55817.43927
eswatini,2008,2999.828169
sint maarten (dutch part),2008,
seychelles,2008,11265.43763
syrian arab republic,2008,2429.124771
turks and caicos islands,2008,31453.82288
chad,2008,1166.368835
east asia & pacific (ida & ibrd countries),2008,3154.171179
europe & central asia (ida & ibrd countries),2008,8939.982906
togo,2008,718.9487864
thailand,2008,4309.135093
tajikistan,2008,703.3273759
turkmenistan,2008,3605.503951
latin america & the caribbean (ida & ibrd countries),2008,7989.38092
timor-leste,2008,628.1532193
"middle east, north africa, afghanistan & pakistan (ida & ibrd)",2008,2656.830461
tonga,2008,3218.45304
south asia (ida & ibrd),2008,958.2755115
sub-saharan africa (ida & ibrd countries),2008,1521.94071
trinidad and tobago,2008,21298.99453
tunisia,2008,4255.05008
turkiye,2008,10843.50369
tuvalu,2008,3088.308774
tanzania,2008,675.9772339
uganda,2008,472.8426815
ukraine,2008,4017.806641
upper middle income,2008,4778.178834
uruguay,2008,9423.965626
united states,2008,48570.05943
uzbekistan,2008,1074.729288
st. vincent and the grenadines,2008,6598.905315
"venezuela, rb",2008,11262.45143
british virgin islands,2008,
virgin islands (u.s.),2008,39152.37507
viet nam,2008,1163.831958
vanuatu,2008,2603.608831
world,2008,9403.728197
samoa,2008,3373.606399
kosovo,2008,2877.393314
"yemen, rep.",2008,1071.635833
south africa,2008,6184.754743
zambia,2008,1375.50211
zimbabwe,2008,340.7402103
aruba,2009,25134.77123
africa eastern and southern,2009,1386.59025
afghanistan,2009,452.0537055
africa western and central,2009,1454.728331
angola,2009,3136.64547
albania,2009,4213.650076
andorra,2009,43975.01837
arab world,2009,5134.450061
united arab emirates,2009,37803.06637
argentina,2009,8150.23527
armenia,2009,2820.592655
american samoa,2009,12156.02939
antigua and barbuda,2009,16472.24785
australia,2009,42816.5674
austria,2009,47857.44466
azerbaijan,2009,4950.39949
burundi,2009,199.097633
belgium,2009,44923.34001
benin,2009,1024.102779
burkina faso,2009,601.5695207
bangladesh,2009,679.2114774
bulgaria,2009,6988.273163
bahrain,2009,19465.31407
"bahamas, the",2009,27512.9131
bosnia and herzegovina,2009,4539.918638
belarus,2009,5352.488092
belize,2009,5401.229631
bermuda,2009,104711.7124
bolivia,2009,1731.181721
brazil,2009,8678.659224
barbados,2009,16294.90995
brunei darussalam,2009,30946.46743
bhutan,2009,1918.395992
botswana,2009,5082.933883
central african republic,2009,456.4716739
canada,2009,40874.88319
central europe and the baltics,2009,12302.09303
switzerland,2009,71568.31239
channel islands,2009,57778.54071
chile,2009,10098.80172
china,2009,3898.244592
cote d'ivoire,2009,1540.453936
cameroon,2009,1461.389992
"congo, dem. rep.",2009,280.7980515
"congo, rep.",2009,2271.152192
colombia,2009,5250.972924
comoros,2009,1410.30517
cabo verde,2009,3659.720464
costa rica,2009,6832.698299
caribbean small states,2009,11554.17642
cuba,2009,5089.235198
curacao,2009,19540.24766
cayman islands,2009,81373.57115
cyprus,2009,32236.44922
czechia,2009,19817.42158
germany,2009,42487.21371
djibouti,2009,1150.937586
dominica,2009,7487.490104
denmark,2009,58412.74724
dominican republic,2009,4973.95187
algeria,2009,4235.429905
east asia & pacific (excluding high income),2009,3359.520093
early-demographic dividend,2009,2455.72963
east asia & pacific,2009,6694.483876
europe & central asia (excluding high income),2009,5105.020722
europe & central asia,2009,23237.11513
ecuador,2009,4053.363311
"egypt, arab rep.",2009,2161.639646
euro area,2009,38467.86583
eritrea,2009,642.9257229
spain,2009,32279.82085
estonia,2009,14712.44942
ethiopia,2009,368.5747123
european union,2009,33634.93636
fragile and conflict affected situations,2009,1739.730659
finland,2009,47478.34953
fiji,2009,3164.132754
france,2009,41728.08842
faroe islands,2009,47059.19473
"micronesia, fed. sts.",2009,2596.261474
gabon,2009,7290.575261
united kingdom,2009,38744.13169
georgia,2009,2822.689397
ghana,2009,1047.704301
gibraltar,2009,
guinea,2009,662.1859147
"gambia, the",2009,774.8880309
guinea-bissau,2009,583.1900201
equatorial guinea,2009,13232.50194
greece,2009,29425.45732
grenada,2009,6932.564722
greenland,2009,44918.84138
guatemala,2009,2611.646328
guam,2009,29054.05812
guyana,2009,4209.132306
high income,2009,34068.42206
"hong kong sar, china",2009,30697.53839
honduras,2009,1781.157036
heavily indebted poor countries (hipc),2009,765.6027167
croatia,2009,14475.96329
haiti,2009,1196.852871
hungary,2009,13051.18318
ibrd only,2009,3786.413605
ida & ibrd total,2009,3106.564773
ida total,2009,984.0916579
ida blend,2009,1350.270543
indonesia,2009,2218.485419
ida only,2009,784.8784198
isle of man,2009,66156.10566
india,2009,1094.949746
not classified,2009,
ireland,2009,52133.09092
"iran, islamic rep.",2009,5415.522806
iraq,2009,3714.71206
iceland,2009,41301.27322
israel,2009,28508.49389
italy,2009,37099.6134
jamaica,2009,4428.381533
jordan,2009,3435.833759
japan,2009,41308.99684
kazakhstan,2009,6938.011757
kenya,2009,1047.967832
kyrgyz republic,2009,870.1988945
cambodia,2009,875.7489362
kiribati,2009,1316.627539
st. kitts and nevis,2009,16503.41193
"korea, rep.",2009,19143.85161
kuwait,2009,37907.10013
latin america & caribbean (excluding high income),2009,6981.207788
lao pdr,2009,935.0323728
lebanon,2009,7090.854939
liberia,2009,448.386367
libya,2009,9551.054039
st. lucia,2009,8250.521807
latin america & caribbean,2009,7495.022105
least developed countries: un classification,2009,738.6114924
low income,2009,753.8561978
liechtenstein,2009,126024.7146
sri lanka,2009,2026.6594
lower middle income,2009,1256.463464
low & middle income,2009,2826.194793
lesotho,2009,878.8479505
late-demographic dividend,2009,5245.253525
lithuania,2009,11854.37111
luxembourg,2009,109419.747
latvia,2009,11996.03227
"macao sar, china",2009,40351.00356
st. martin (french part),2009,
morocco,2009,3119.588623
monaco,2009,169150.2673
moldova,2009,1898.439757
madagascar,2009,446.3152384
maldives,2009,6734.031656
"middle east, north africa, afghanistan & pakistan",2009,4256.640483
mexico,2009,8423.569332
marshall islands,2009,2906.63027
middle income,2009,2998.356292
north macedonia,2009,4799.787228
mali,2009,815.788688
malta,2009,21176.32167
myanmar,2009,758.4429358
"middle east, north africa, afghanistan & pakistan (excluding high income)",2009,2510.747627
montenegro,2009,6727.107767
mongolia,2009,1703.327568
northern mariana islands,2009,14369.63398
mozambique,2009,547.6971442
mauritania,2009,1435.430108
mauritius,2009,7318.12641
malawi,2009,625.8697299
malaysia,2009,7191.432872
north america,2009,46581.41233
namibia,2009,4302.913741
new caledonia,2009,33836.49408
niger,2009,461.131534
nigeria,2009,1820.486339
nicaragua,2009,1467.082881
netherlands,2009,53172.02616
norway,2009,80347.57007
nepal,2009,473.0787512
nauru,2009,4395.464252
new zealand,2009,28276.72554
oecd members,2009,33699.06456
oman,2009,20655.91802
other small states,2009,9798.296877
pakistan,2009,963.7880664
panama,2009,7796.92617
peru,2009,4181.187555
philippines,2009,1864.450434
palau,2009,10155.43321
papua new guinea,2009,1568.831934
poland,2009,11556.30269
pre-demographic dividend,2009,1237.384611
puerto rico (us),2009,25768.72589
"korea, dem. people's rep.",2009,
portugal,2009,23151.21541
paraguay,2009,3941.848155
west bank and gaza,2009,2191.781787
pacific island small states,2009,2670.8861
post-demographic dividend,2009,38285.8385
french polynesia,2009,24434.21976
qatar,2009,60785.73516
romania,2009,8548.454341
russian federation,2009,8562.824219
rwanda,2009,564.0390958
south asia,2009,1054.435559
saudi arabia,2009,17718.39116
sudan,2009,1178.221802
senegal,2009,1308.694043
singapore,2009,38926.80544
solomon islands,2009,1554.707237
sierra leone,2009,652.8458068
el salvador,2009,2910.186518
san marino,2009,62428.99433
"somalia, fed. rep.",2009,246.5132517
serbia,2009,6414.044846
sub-saharan africa (excluding high income),2009,1531.054622
south sudan,2009,1323.220687
sub-saharan africa,2009,1414.331256
small states,2009,9289.989629
sao tome and principe,2009,1128.280462
suriname,2009,7129.576863
slovak republic,2009,16586.75278
slovenia,2009,24501.78973
sweden,2009,46707.86732
eswatini,2009,3239.757801
sint maarten (dutch part),2009,25528.41262
seychelles,2009,9747.091805
syrian arab republic,2009,2462.201936
turks and caicos islands,2009,24596.8938
chad,2009,1035.637197
east asia & pacific (ida & ibrd countries),2009,3398.532803
europe & central asia (ida & ibrd countries),2009,7063.638911
togo,2009,720.6941688
thailand,2009,4135.43987
tajikistan,2009,664.7956557
turkmenistan,2009,3707.978507
latin america & the caribbean (ida & ibrd countries),2009,7386.601307
timor-leste,2009,686.5792958
"middle east, north africa, afghanistan & pakistan (ida & ibrd)",2009,2512.84382
tonga,2009,2914.23774
south asia (ida & ibrd),2009,1054.435559
sub-saharan africa (ida & ibrd countries),2009,1414.331256
trinidad and tobago,2009,14634.0565
tunisia,2009,4080.090324
turkiye,2009,9012.999458
tuvalu,2009,2683.967495
tanzania,2009,693.8235474
uganda,2009,798.9470899
ukraine,2009,2607.087646
upper middle income,2009,4708.713363
uruguay,2009,9881.395731
united states,2009,47194.95009
uzbekistan,2009,1205.799355
st. vincent and the grenadines,2009,6463.787773
"venezuela, rb",2009,11596.60219
british virgin islands,2009,
virgin islands (u.s.),2009,38753.18254
viet nam,2009,1226.169761
vanuatu,2009,2546.383246
world,2009,8806.25101
samoa,2009,3279.182695
kosovo,2009,2794.866995
"yemen, rep.",2009,969.2435099
south africa,2009,6374.7056
zambia,2009,1136.241683
zimbabwe,2009,735.4462486
aruba,2010,24093.14015
africa eastern and southern,2010,1601.727651
afghanistan,2010,560.6215055
africa western and central,2010,1663.966937
angola,2010,3597.342932
albania,2010,4149.144699
andorra,2010,42746.83095
arab world,2010,5928.30536
united arab emirates,2010,43696.67126
argentina,2010,10260.13131
armenia,2010,3041.344507
american samoa,2010,10375.17201
antigua and barbuda,2010,15217.39508
australia,2010,52144.66547
austria,2010,46611.13934
azerbaijan,2010,5843.533768
burundi,2010,216.7277053
belgium,2010,44197.39367
benin,2010,973.2442549
burkina faso,2010,624.9572522
bangladesh,2010,757.3852804
bulgaria,2010,6853.948055
bahrain,2010,21819.32911
"bahamas, the",2010,27473.10043
bosnia and herzegovina,2010,4506.478285
belarus,2010,6034.678852
belize,2010,5451.138972
bermuda,2010,104111.8242
bolivia,2010,1929.783731
brazil,2010,11403.28213
barbados,2010,18860.38337
brunei darussalam,2010,34937.55552
bhutan,2010,2435.579806
botswana,2010,6215.732161
central african republic,2010,476.873787
canada,2010,47560.6666
central europe and the baltics,2010,12635.81669
switzerland,2010,76531.37282
channel islands,2010,56121.63873
chile,2010,12632.87047
china,2010,4629.245517
cote d'ivoire,2010,1553.54887
cameroon,2010,1398.58702
"congo, dem. rep.",2010,314.5385863
"congo, rep.",2010,2946.557981
colombia,2010,6398.295845
comoros,2010,1386.575336
cabo verde,2010,3579.460061
costa rica,2010,8265.788203
caribbean small states,2010,12594.87351
cuba,2010,5272.267558
curacao,2010,19847.23101
cayman islands,2010,76837.66996
cyprus,2010,31105.02734
czechia,2010,20160.43551
germany,2010,42409.9357
djibouti,2010,1213.233526
dominica,2010,7549.619647
denmark,2010,58104.54456
dominican republic,2010,5478.624704
algeria,2010,4912.785855
east asia & pacific (excluding high income),2010,4057.868416
early-demographic dividend,2010,2936.943765
east asia & pacific,2010,7760.448278
europe & central asia (excluding high income),2010,5995.078508
europe & central asia,2010,23684.87661
ecuador,2010,4520.30959
"egypt, arab rep.",2010,2455.081946
euro area,2010,37495.48206
eritrea,2010,539.6995121
spain,2010,30658.74223
estonia,2010,14663.7041
ethiopia,2010,330.6194128
european union,2010,33122.55827
fragile and conflict affected situations,2010,2014.901197
finland,2010,46506.2919
fiji,2010,3449.144529
france,2010,40694.82117
faroe islands,2010,47923.15154
"micronesia, fed. sts.",2010,2761.243258
gabon,2010,8356.74662
united kingdom,2010,39598.95712
georgia,2010,3281.729309
ghana,2010,1263.892518
gibraltar,2010,
guinea,2010,659.2353262
"gambia, the",2010,801.0333727
guinea-bissau,2010,600.1942985
equatorial guinea,2010,13720.16587
greece,2010,26653.0488
grenada,2010,6909.601696
greenland,2010,44277.19934
guatemala,2010,2805.259602
guam,2010,29719.79678
guyana,2010,4581.761797
high income,2010,35725.92111
"hong kong sar, china",2010,32550.13649
honduras,2010,1893.327227
heavily indebted poor countries (hipc),2010,808.7772607
croatia,2010,13731.28652
haiti,2010,1209.727335
hungary,2010,13189.84339
ibrd only,2010,4557.209203
ida & ibrd total,2010,3712.168345
ida total,2010,1108.428056
ida blend,2010,1535.43418
indonesia,2010,3065.683484
ida only,2010,875.3656513
isle of man,2010,70587.31403
india,2010,1347.519391
not classified,2010,
ireland,2010,48679.40268
"iran, islamic rep.",2010,6291.194437
iraq,2010,4461.751962
iceland,2010,43237.07295
israel,2010,31439.0887
italy,2010,35856.86255
jamaica,2010,4809.97738
jordan,2010,3718.465716
japan,2010,44968.15623
kazakhstan,2010,8793.0759
kenya,2010,1091.518731
kyrgyz republic,2010,876.9544764
cambodia,2010,952.2746163
kiribati,2010,1522.100687
st. kitts and nevis,2010,16622.94579
"korea, rep.",2010,23079.26013
kuwait,2010,39212.25222
latin america & caribbean (excluding high income),2010,8637.624734
lao pdr,2010,1125.916102
lebanon,2010,7625.810516
liberia,2010,492.252808
libya,2010,11600.90686
st. lucia,2010,8673.687203
latin america & caribbean,2010,9183.095644
least developed countries: un classification,2010,815.331867
low income,2010,820.5629151
liechtenstein,2010,141089.8128
sri lanka,2010,2808.367792
lower middle income,2010,1486.733238
low & middle income,2010,3390.749903
lesotho,2010,1119.475578
late-demographic dividend,2010,6273.657918
lithuania,2010,11829.12261
luxembourg,2010,110885.9914
latvia,2010,11188.41917
"macao sar, china",2010,52591.80352
st. martin (french part),2010,
morocco,2010,3067.985352
monaco,2010,161853.9206
moldova,2010,2436.799351
madagascar,2010,450.0093916
maldives,2010,7173.596018
"middle east, north africa, afghanistan & pakistan",2010,4858.243167
mexico,2010,9728.800782
marshall islands,2010,3095.45769
middle income,2010,3607.269978
north macedonia,2010,4833.365868
mali,2010,827.6176601
malta,2010,21946.60702
myanmar,2010,1010.534173
"middle east, north africa, afghanistan & pakistan (excluding high income)",2010,2816.193473
montenegro,2010,6688.402596
mongolia,2010,2625.218814
northern mariana islands,2010,14771.40375
mozambique,2010,496.1858394
mauritania,2010,1659.963697
mauritius,2010,8000.376432
malawi,2010,683.1246947
malaysia,2010,8899.345055
north america,2010,48545.79436
namibia,2010,5418.216334
new caledonia,2010,35798.90848
niger,2010,474.4256923
nigeria,2010,2202.25673
nicaragua,2010,1526.56707
netherlands,2010,51305.73385
norway,2010,88163.20859
nepal,2010,585.278492
nauru,2010,4723.917083
new zealand,2010,33761.90096
oecd members,2010,35109.15374
oman,2010,23570.17981
other small states,2010,10129.00112
pakistan,2010,987.3045711
panama,2010,8331.464214
peru,2010,5072.11494
philippines,2010,2162.913759
palau,2010,10229.08785
papua new guinea,2010,1866.868899
poland,2010,12567.73177
pre-demographic dividend,2010,1403.062569
puerto rico (us),2010,26414.88106
"korea, dem. people's rep.",2010,
portugal,2010,22551.9351
paraguay,2010,4750.962737
west bank and gaza,2010,2557.075624
pacific island small states,2010,2903.690512
post-demographic dividend,2010,39742.81207
french polynesia,2010,22494.80671
qatar,2010,77387.32679
romania,2010,8399.537423
russian federation,2010,10674.99023
rwanda,2010,593.6249277
south asia,2010,1294.027421
saudi arabia,2010,22028.39014
sudan,2010,1305.635986
senegal,2010,1275.883575
singapore,2010,47236.68308
solomon islands,2010,1685.15499
sierra leone,2010,685.0396735
el salvador,2010,3040.07301
san marino,2010,56543.18982
"somalia, fed. rep.",2010,219.2024539
serbia,2010,5970.926609
sub-saharan africa (excluding high income),2010,1772.022782
south sudan,2010,1498.27035
sub-saharan africa,2010,1627.074967
small states,2010,9773.346146
sao tome and principe,2010,1045.209582
suriname,2010,7943.604828
slovak republic,2010,16899.44868
slovenia,2010,23329.84177
sweden,2010,52542.82741
eswatini,2010,3992.951996
sint maarten (dutch part),2010,26403.81437
seychelles,2010,10934.79495
syrian arab republic,2010,2730.614771
turks and caicos islands,2010,23093.84983
chad,2010,1141.800693
east asia & pacific (ida & ibrd countries),2010,4104.805868
europe & central asia (ida & ibrd countries),2010,8268.157719
togo,2010,704.9871642
thailand,2010,4973.862888
tajikistan,2010,737.3388832
turkmenistan,2010,4058.53937
latin america & the caribbean (ida & ibrd countries),2010,9114.952644
timor-leste,2010,813.0601773
"middle east, north africa, afghanistan & pakistan (ida & ibrd)",2010,2817.903802
tonga,2010,3416.083566
south asia (ida & ibrd),2010,1294.027421
sub-saharan africa (ida & ibrd countries),2010,1627.074967
trinidad and tobago,2010,16815.42474
tunisia,2010,4291.861209
turkiye,2010,10622.70204
tuvalu,2010,3024.817079
tanzania,2010,736.5301514
uganda,2010,823.4881443
ukraine,2010,3039.632324
upper middle income,2010,5708.679541
uruguay,2010,12641.05768
united states,2010,48642.63121
uzbekistan,2010,1753.207302
st. vincent and the grenadines,2010,6551.96836
"venezuela, rb",2010,13646.30466
british virgin islands,2010,
virgin islands (u.s.),2010,39905.12842
viet nam,2010,1683.161824
vanuatu,2010,2815.18829
world,2010,9530.010809
samoa,2010,3524.247925
kosovo,2010,2987.545196
"yemen, rep.",2010,1155.203053
south africa,2010,7973.471958
zambia,2010,1451.10616
zimbabwe,2010,901.5505175
aruba,2011,25712.3843
africa eastern and southern,2011,1735.584923
afghanistan,2011,606.6946763
africa western and central,2011,1844.198595
angola,2011,4615.910598
albania,2011,4465.709143
andorra,2011,46657.15612
arab world,2011,6894.195368
united arab emirates,2011,50789.05054
argentina,2011,12704.28318
armenia,2011,3349.553098
american samoa,2011,10383.45933
antigua and barbuda,2011,14911.72751
australia,2011,62605.60046
austria,2011,51116.89535
azerbaijan,2011,7189.818692
burundi,2011,230.0705774
belgium,2011,47760.82988
benin,2011,1059.413589
burkina faso,2011,725.0247677
bangladesh,2011,837.3369447
bulgaria,2011,7849.580613
bahrain,2011,25032.78677
"bahamas, the",2011,27090.83768
bosnia and herzegovina,2011,4982.693758
belarus,2011,6527.659343
belize,2011,5582.221706
bermuda,2011,99049.01699
bolivia,2011,2315.521219
brazil,2011,13396.62436
barbados,2011,19345.99531
brunei darussalam,2011,46382.82745
bhutan,2011,2787.979676
botswana,2011,7287.382953
central african republic,2011,534.0572815
canada,2011,52223.85884
central europe and the baltics,2011,13997.44147
switzerland,2011,90476.75897
channel islands,2011,60419.23216
chile,2011,14487.39278
china,2011,5703.76028
cote d'ivoire,2011,1596.628266
cameroon,2011,1513.96057
"congo, dem. rep.",2011,364.7141918
"congo, rep.",2011,3396.165058
colombia,2011,7400.99407
comoros,2011,1531.439693
cabo verde,2011,4002.013869
costa rica,2011,9276.391075
caribbean small states,2011,13449.48077
cuba,2011,6104.461052
curacao,2011,19426.32638
cayman islands,2011,75280.96076
cyprus,2011,32485.79688
czechia,2011,22049.10808
germany,2011,47646.58204
djibouti,2011,1306.345528
dominica,2011,7705.407172
denmark,2011,61809.7379
dominican republic,2011,5826.510141
algeria,2011,5916.313644
east asia & pacific (excluding high income),2011,4913.896214
early-demographic dividend,2011,3261.145625
east asia & pacific,2011,8929.666845
europe & central asia (excluding high income),2011,6762.72946
europe & central asia,2011,26221.78566
ecuador,2011,5153.691642
"egypt, arab rep.",2011,2590.643849
euro area,2011,40574.37223
eritrea,2011,688.6816596
spain,2011,31824.62191
estonia,2011,17555.54552
ethiopia,2011,343.0249424
european union,2011,35967.01144
fragile and conflict affected situations,2011,2053.097697
finland,2011,51060.32426
fiji,2011,4139.602886
france,2011,43929.78409
faroe islands,2011,51618.99078
"micronesia, fed. sts.",2011,2890.50493
gabon,2011,10219.11393
united kingdom,2011,42109.64188
georgia,2011,4119.668183
ghana,2011,1507.435732
gibraltar,2011,
guinea,2011,636.6949587
"gambia, the",2011,710.6084115
guinea-bissau,2011,719.5395735
equatorial guinea,2011,17198.21367
greece,2011,25504.78665
grenada,2011,6947.381361
greenland,2011,47186.876
guatemala,2011,3168.983706
guam,2011,29926.20524
guyana,2011,4947.221706
high income,2011,38728.221
"hong kong sar, china",2011,35142.48793
honduras,2011,2073.661211
heavily indebted poor countries (hipc),2011,872.4629903
croatia,2011,14694.99932
haiti,2011,1312.039536
hungary,2011,14211.46056
ibrd only,2011,5338.490088
ida & ibrd total,2011,4320.709809
ida total,2011,1224.232828
ida blend,2011,1705.809204
indonesia,2011,3579.464425
ida only,2011,960.8499166
isle of man,2011,77808.85796
india,2011,1445.461275
not classified,2011,
ireland,2011,52692.78131
"iran, islamic rep.",2011,8025.687434
iraq,2011,5775.542291
iceland,2011,47714.59223
israel,2011,34522.5216
italy,2011,38432.37428
jamaica,2011,5232.636449
jordan,2011,3946.855039
japan,2011,48760.07895
kazakhstan,2011,11287.14649
kenya,2011,1096.144998
kyrgyz republic,2011,1117.401744
cambodia,2011,1088.981528
kiribati,2011,1771.129268
st. kitts and nevis,2011,17832.45729
"korea, rep.",2011,25097.59543
kuwait,2011,49169.6064
latin america & caribbean (excluding high income),2011,9979.980443
lao pdr,2011,1361.547044
lebanon,2011,7834.962571
liberia,2011,568.0878655
libya,2011,7593.839153
st. lucia,2011,9128.99442
latin america & caribbean,2011,10333.41168
least developed countries: un classification,2011,908.8455748
low income,2011,868.5303574
liechtenstein,2011,158066.3694
sri lanka,2011,3224.957363
lower middle income,2011,1631.114304
low & middle income,2011,3939.152294
lesotho,2011,1280.733909
late-demographic dividend,2011,7595.114741
lithuania,2011,14261.84338
luxembourg,2011,119025.0572
latvia,2011,12902.57405
"macao sar, china",2011,67041.28231
st. martin (french part),2011,20930.58507
morocco,2011,3301.98877
monaco,2011,179363.9842
moldova,2011,2941.362241
madagascar,2011,506.1636916
maldives,2011,7424.520411
"middle east, north africa, afghanistan & pakistan",2011,5718.869079
mexico,2011,10664.4944
marshall islands,2011,3319.398154
middle income,2011,4201.462342
north macedonia,2011,5416.866729
mali,2011,941.5749447
malta,2011,23516.96913
myanmar,2011,1213.628987
"middle east, north africa, afghanistan & pakistan (excluding high income)",2011,3232.550854
montenegro,2011,7325.646892
mongolia,2011,3736.042015
northern mariana islands,2011,13598.71661
mozambique,2011,618.1764929
mauritania,2011,1931.199755
mauritius,2011,9197.042991
malawi,2011,763.0610004
malaysia,2011,10217.10686
north america,2011,50251.99273
namibia,2011,5834.791768
new caledonia,2011,38835.94019
niger,2011,510.7595618
nigeria,2011,2418.41317
nicaragua,2011,1679.711921
netherlands,2011,54701.7728
norway,2011,101221.8135
nepal,2011,785.5186562
nauru,2011,6480.904513
new zealand,2011,38431.77668
oecd members,2011,37574.56019
oman,2011,25188.00742
other small states,2011,11452.41972
pakistan,2011,1131.735138
panama,2011,9662.295922
peru,2011,5861.357936
philippines,2011,2383.918925
palau,2011,11000.87952
papua new guinea,2011,2288.375911
poland,2011,13867.66694
pre-demographic dividend,2011,1578.498283
puerto rico (us),2011,27170.07665
"korea, dem. people's rep.",2011,
portugal,2011,23246.54254
paraguay,2011,5805.401545
west bank and gaza,2011,2880.798437
pacific island small states,2011,3341.488321
post-demographic dividend,2011,42571.92287
french polynesia,2011,22831.51853
qatar,2011,103261.5065
romania,2011,9560.675528
russian federation,2011,14305.33203
rwanda,2011,651.133678
south asia,2011,1397.006824
saudi arabia,2011,27126.74987
sudan,2011,1332.657227
senegal,2011,1374.675919
singapore,2011,53891.45703
solomon islands,2011,1924.052773
sierra leone,2011,761.1463656
el salvador,2011,3330.600495
san marino,2011,55601.39297
"somalia, fed. rep.",2011,235.3259456
serbia,2011,7082.286167
sub-saharan africa (excluding high income),2011,1940.739227
south sudan,2011,1448.98435
sub-saharan africa,2011,1779.854731
small states,2011,10864.48552
sao tome and principe,2011,1219.801891
suriname,2011,7949.888672
slovak republic,2011,18469.43543
slovenia,2011,24940.62848
sweden,2011,60379.77482
eswatini,2011,4312.342434
sint maarten (dutch part),2011,27317.51789
seychelles,2011,12110.09375
syrian arab republic,2011,2952.143494
turks and caicos islands,2011,23626.72632
chad,2011,1308.142187
east asia & pacific (ida & ibrd countries),2011,4970.507902
europe & central asia (ida & ibrd countries),2011,10016.61627
togo,2011,783.9893805
thailand,2011,5373.623283
tajikistan,2011,833.6019782
turkmenistan,2011,5143.619293
latin america & the caribbean (ida & ibrd countries),2011,10277.04438
timor-leste,2011,939.0452411
"middle east, north africa, afghanistan & pakistan (ida & ibrd)",2011,3234.882599
tonga,2011,3849.993758
south asia (ida & ibrd),2011,1397.006824
sub-saharan africa (ida & ibrd countries),2011,1779.854731
trinidad and tobago,2011,19151.08702
tunisia,2011,4420.647722
turkiye,2011,11300.78522
tuvalu,2011,3636.0814
tanzania,2011,775.3927612
uganda,2011,835.6200606
ukraine,2011,3656.697998
upper middle income,2011,6770.88094
uruguay,2011,15132.26757
united states,2011,50024.88123
uzbekistan,2011,2087.863861
st. vincent and the grenadines,2011,6527.689969
"venezuela, rb",2011,10843.92297
british virgin islands,2011,
virgin islands (u.s.),2011,38997.13732
viet nam,2011,1950.925042
vanuatu,2011,3163.186165
world,2011,10471.53643
samoa,2011,3821.506783
kosovo,2011,3538.947598
"yemen, rep.",2011,1186.475006
south africa,2011,8646.055711
zambia,2011,1624.868178
zimbabwe,2011,1037.246137
aruba,2012,25119.66554
africa eastern and southern,2012,1702.9691
afghanistan,2012,651.4171345
africa western and central,2012,1941.369556
angola,2012,5086.027401
albania,2012,4222.347099
andorra,2012,41500.54358
arab world,2012,7362.629909
united arab emirates,2012,52034.47625
argentina,2012,12949.71749
armenia,2012,3511.563997
american samoa,2012,11745.48992
antigua and barbuda,2012,15639.80781
australia,2012,68072.87323
austria,2012,48250.40591
azerbaijan,2012,7495.865277
burundi,2012,231.6884964
belgium,2012,44874.17092
benin,2012,1071.525837
burkina faso,2012,731.4701389
bangladesh,2012,859.6805364
bulgaria,2012,7431.957895
bahrain,2012,26438.67332
"bahamas, the",2012,28552.02427
bosnia and herzegovina,2012,4693.788991
belarus,2012,6953.215917
belize,2012,5709.689188
bermuda,2012,100213.4934
bolivia,2012,2575.598571
brazil,2012,12521.72135
barbados,2012,19034.0708
brunei darussalam,2012,46968.59711
bhutan,2012,2751.212886
botswana,2012,6595.53845
central african republic,2012,544.3958491
canada,2012,52670.34473
central europe and the baltics,2012,13104.10361
switzerland,2012,85836.20768
channel islands,2012,58813.93648
chile,2012,15241.907
china,2012,6405.057424
cote d'ivoire,2012,1546.946018
cameroon,2012,1449.098744
"congo, dem. rep.",2012,400.0599018
"congo, rep.",2012,3732.327373
colombia,2012,8108.598382
comoros,2012,1490.314257
cabo verde,2012,3736.81517
costa rica,2012,10126.9991
caribbean small states,2012,14172.89047
cuba,2012,6470.836734
curacao,2012,19809.82232
cayman islands,2012,75101.59136
cyprus,2012,28991.93555
czechia,2012,20014.0354
germany,2012,44735.58823
djibouti,2012,1400.193579
dominica,2012,7528.51002
denmark,2012,58443.77471
dominican republic,2012,6013.81965
algeria,2012,6033.648847
east asia & pacific (excluding high income),2012,5434.827471
early-demographic dividend,2012,3360.454611
east asia & pacific,2012,9479.323443
europe & central asia (excluding high income),2012,7071.920036
europe & central asia,2012,25146.01978
ecuador,2012,5634.083932
"egypt, arab rep.",2012,2996.067707
euro area,2012,37486.62822
eritrea,2012,
spain,2012,28456.44382
estonia,2012,17568.2138
ethiopia,2012,452.1010319
european union,2012,33328.77199
fragile and conflict affected situations,2012,2242.840852
finland,2012,47551.67408
fiji,2012,4341.403387
france,2012,40863.58144
faroe islands,2012,50261.96163
"micronesia, fed. sts.",2012,3033.169895
gabon,2012,9296.965879
united kingdom,2012,42490.14655
georgia,2012,4530.695334
ghana,2012,1543.775242
gibraltar,2012,
guinea,2012,699.3533772
"gambia, the",2012,692.5793616
guinea-bissau,2012,635.4616533
equatorial guinea,2012,17308.57239
greece,2012,21624.34605
grenada,2012,7092.719854
greenland,2012,45936.95628
guatemala,2012,3286.619593
guam,2012,31653.75065
guyana,2012,5444.397519
high income,2012,38632.51657
"hong kong sar, china",2012,36730.7962
honduras,2012,2126.034747
heavily indebted poor countries (hipc),2012,880.2793909
croatia,2012,13508.6837
haiti,2012,1361.393966
hungary,2012,12950.15945
ibrd only,2012,5614.904444
ida & ibrd total,2012,4529.033581
ida total,2012,1263.086016
ida blend,2012,1844.388191
indonesia,2012,3632.27254
ida only,2012,944.9531465
isle of man,2012,79329.20343
india,2012,1429.321995
not classified,2012,
ireland,2012,49411.73875
"iran, islamic rep.",2012,8114.080998
iraq,2012,6477.596185
iceland,2012,45995.54788
israel,2012,33321.43009
italy,2012,34854.39494
jamaica,2012,5340.833332
jordan,2012,4169.504701
japan,2012,49145.28043
kazakhstan,2012,12018.79665
kenya,2012,1285.005362
kyrgyz republic,2012,1168.622447
cambodia,2012,1192.80263
kiribati,2012,1843.553363
st. kitts and nevis,2012,17532.0559
"korea, rep.",2012,25459.1689
kuwait,2012,52155.22255
latin america & caribbean (excluding high income),2012,9823.233651
lao pdr,2012,1563.565077
lebanon,2012,8406.984056
liberia,2012,638.3687515
libya,2012,14975.89028
st. lucia,2012,9260.300066
latin america & caribbean,2012,10343.77598
least developed countries: un classification,2012,929.4890144
low income,2012,772.4479986
liechtenstein,2012,148842.0351
sri lanka,2012,3327.776124
lower middle income,2012,1695.304455
low & middle income,2012,4130.064444
lesotho,2012,1217.930712
late-demographic dividend,2012,8069.361061
lithuania,2012,14288.18535
luxembourg,2012,112584.6763
latvia,2012,13329.34999
"macao sar, china",2012,76051.63123
st. martin (french part),2012,
morocco,2012,3164.177246
monaco,2012,165444.6514
moldova,2012,3044.808432
madagascar,2012,493.5111629
maldives,2012,7461.297037
"middle east, north africa, afghanistan & pakistan",2012,6035.56581
mexico,2012,10744.13352
marshall islands,2012,3514.265155
middle income,2012,4420.32331
north macedonia,2012,5049.826539
mali,2012,878.2171753
malta,2012,22878.31313
myanmar,2012,1202.665896
"middle east, north africa, afghanistan & pakistan (excluding high income)",2012,3412.573025
montenegro,2012,6577.740332
mongolia,2012,4328.890019
northern mariana islands,2012,14013.60033
mozambique,2012,685.6857482
mauritania,2012,1859.117332
mauritius,2012,9291.236276
malawi,2012,558.4620883
malaysia,2012,10600.57442
north america,2012,51812.88573
namibia,2012,5942.64681
new caledonia,2012,35559.5672
niger,2012,528.5101045
nigeria,2012,2633.197347
nicaragua,2012,1784.69836
netherlands,2012,50473.9442
norway,2012,102175.9193
nepal,2012,788.2029371
nauru,2012,9817.368722
new zealand,2012,40053.69915
oecd members,2012,37293.60707
oman,2012,24642.29788
other small states,2012,11066.66112
pakistan,2012,1204.364755
panama,2012,11064.80636
peru,2012,6519.37853
philippines,2012,2614.616444
palau,2012,12145.36448
papua new guinea,2012,2635.087363
poland,2012,13087.42094
pre-demographic dividend,2012,1666.734156
puerto rico (us),2012,27742.02448
"korea, dem. people's rep.",2012,
portugal,2012,20593.42742
paraguay,2012,5642.169917
west bank and gaza,2012,3067.438727
pacific island small states,2012,3494.912424
post-demographic dividend,2012,42306.38823
french polynesia,2012,20846.54575
qatar,2012,108470.3788
romania,2012,8929.953662
russian federation,2012,15401.85156
rwanda,2012,706.8172687
south asia,2012,1387.182059
saudi arabia,2012,28733.43755
sudan,2012,1019.222107
senegal,2012,1326.837988
singapore,2012,55547.55531
solomon islands,2012,2066.253523
sierra leone,2012,937.5044282
el salvador,2012,3497.912569
san marino,2012,47945.89917
"somalia, fed. rep.",2012,350.2619467
serbia,2012,6263.040861
sub-saharan africa (excluding high income),2012,1951.192903
south sudan,2012,1109.260501
sub-saharan africa,2012,1800.189174
small states,2012,10805.94819
sao tome and principe,2012,1210.792647
suriname,2012,8851.240507
slovak republic,2012,17516.96911
slovenia,2012,22442.14179
sweden,2012,57749.82513
eswatini,2012,4347.995693
sint maarten (dutch part),2012,28149.09979
seychelles,2012,12337.15547
syrian arab republic,2012,1897.66115
turks and caicos islands,2012,22633.95275
chad,2012,1354.343447
east asia & pacific (ida & ibrd countries),2012,5497.157339
europe & central asia (ida & ibrd countries),2012,10406.79156
togo,2012,762.3920476
thailand,2012,5725.528028
tajikistan,2012,952.4528197
turkmenistan,2012,6053.874847
latin america & the caribbean (ida & ibrd countries),2012,10277.50335
timor-leste,2012,1022.619032
"middle east, north africa, afghanistan & pakistan (ida & ibrd)",2012,3414.871659
tonga,2012,4384.170587
south asia (ida & ibrd),2012,1387.182059
sub-saharan africa (ida & ibrd countries),2012,1800.189174
trinidad and tobago,2012,20332.13895
tunisia,2012,4297.267825
turkiye,2012,11713.28498
tuvalu,2012,3598.461631
tanzania,2012,861.9699097
uganda,2012,795.2228676
ukraine,2012,3951.342285
upper middle income,2012,7164.769715
uruguay,2012,16259.59408
united states,2012,51708.39406
uzbekistan,2012,2307.346491
st. vincent and the grenadines,2012,6713.807686
"venezuela, rb",2012,12901.41716
british virgin islands,2012,
virgin islands (u.s.),2012,37795.31926
viet nam,2012,2185.117677
vanuatu,2012,3004.784167
world,2012,10570.75881
samoa,2012,3934.603208
kosovo,2012,3410.655507
"yemen, rep.",2012,1245.050683
south africa,2012,8076.976785
zambia,2012,1710.050613
zimbabwe,2012,1238.594795
aruba,2013,25813.57673
africa eastern and southern,2013,1673.221102
afghanistan,2013,637.0870991
africa western and central,2013,2131.662067
angola,2013,5057.747878
albania,2013,4420.23462
andorra,2013,42470.31612
arab world,2013,7351.948113
united arab emirates,2013,52023.5171
argentina,2013,12963.67577
armenia,2013,3680.166922
american samoa,2013,11813.5022
antigua and barbuda,2013,15051.51136
australia,2013,68190.701
austria,2013,50305.35458
azerbaijan,2013,7875.345367
burundi,2013,234.8430454
belgium,2013,46964.59468
benin,2013,1168.926993
burkina faso,2013,759.7620652
bangladesh,2013,958.2629898
bulgaria,2013,7795.980921
bahrain,2013,26989.76011
"bahamas, the",2013,27642.74198
bosnia and herzegovina,2013,5034.56616
belarus,2013,7998.080205
belize,2013,5950.202999
bermuda,2013,101704.4075
bolivia,2013,2870.02377
brazil,2013,12458.89121
barbados,2013,19308.00911
brunei darussalam,2013,44003.06443
bhutan,2013,2679.952172
botswana,2013,6666.912196
central african republic,2013,364.3669626
canada,2013,52638.11872
central europe and the baltics,2013,13712.73365
switzerland,2013,87304.33058
channel islands,2013,59304.85085
chile,2013,15683.54864
china,2013,7147.035186
cote d'ivoire,2013,1786.15862
cameroon,2013,1575.928821
"congo, dem. rep.",2013,431.1915282
"congo, rep.",2013,3697.417059
colombia,2013,8279.102556
comoros,2013,1603.326535
cabo verde,2013,3960.975968
costa rica,2013,10803.2402
caribbean small states,2013,14504.7156
cuba,2013,6828.364282
curacao,2013,19721.29216
cayman islands,2013,75113.73324
cyprus,2013,27797.45703
czechia,2013,20260.4955
germany,2013,47220.01021
djibouti,2013,2075.944984
dominica,2013,7822.217972
denmark,2013,61377.59406
dominican republic,2013,6136.594293
algeria,2013,5979.60139
east asia & pacific (excluding high income),2013,5952.771112
early-demographic dividend,2013,3363.118224
east asia & pacific,2013,9522.667498
europe & central asia (excluding high income),2013,7646.166677
europe & central asia,2013,26177.10964
ecuador,2013,6109.290315
"egypt, arab rep.",2013,3025.525636
euro area,2013,39101.82491
eritrea,2013,
spain,2013,29228.84656
estonia,2013,19310.38749
ethiopia,2013,484.0398331
european union,2013,34808.00258
fragile and conflict affected situations,2013,2273.272175
finland,2013,49691.01452
fiji,2013,4572.443775
france,2013,42669.17951
faroe islands,2013,55758.20837
"micronesia, fed. sts.",2013,2933.883334
gabon,2013,9197.701063
united kingdom,2013,43419.03526
georgia,2013,4712.002294
ghana,2013,2294.795847
gibraltar,2013,
guinea,2013,748.4550208
"gambia, the",2013,653.8627133
guinea-bissau,2013,654.3045344
equatorial guinea,2013,16304.07132
greece,2013,21573.34498
grenada,2013,7424.802123
greenland,2013,47535.48838
guatemala,2013,3444.159713
guam,2013,32530.75931
guyana,2013,5556.912312
high income,2013,38968.52433
"hong kong sar, china",2013,38403.77771
honduras,2013,2081.128435
heavily indebted poor countries (hipc),2013,957.5337459
croatia,2013,14136.39677
haiti,2013,1457.832212
hungary,2013,13739.46202
ibrd only,2013,5865.322642
ida & ibrd total,2013,4729.04247
ida total,2013,1344.913031
ida blend,2013,1968.061782
indonesia,2013,3566.602845
ida only,2013,1003.615495
isle of man,2013,83207.65884
india,2013,1432.843975
not classified,2013,
ireland,2013,52619.21237
"iran, islamic rep.",2013,6222.741948
iraq,2013,6650.352822
iceland,2013,49804.983
israel,2013,37034.31611
italy,2013,35701.6746
jamaica,2013,5124.213014
jordan,2013,4311.219167
japan,2013,40898.6479
kazakhstan,2013,13478.45963
kenya,2013,1370.878852
kyrgyz republic,2013,1269.663035
cambodia,2013,1305.660097
kiribati,2013,1772.087183
st. kitts and nevis,2013,18580.13019
"korea, rep.",2013,27179.51701
kuwait,2013,49651.04397
latin america & caribbean (excluding high income),2013,9971.165122
lao pdr,2013,1812.517744
lebanon,2013,8162.379294
liberia,2013,710.7445709
libya,2013,11951.71341
st. lucia,2013,9577.217338
latin america & caribbean,2013,10490.17202
least developed countries: un classification,2013,986.6279516
low income,2013,767.5443854
liechtenstein,2013,172823.6078
sri lanka,2013,3740.615893
lower middle income,2013,1763.789031
low & middle income,2013,4326.214927
lesotho,2013,1151.037358
late-demographic dividend,2013,8639.802284
lithuania,2013,15636.52526
luxembourg,2013,120000.1407
latvia,2013,14484.47153
"macao sar, china",2013,87069.767
st. martin (french part),2013,
morocco,2013,3379.743164
monaco,2013,184940.6638
moldova,2013,3321.043978
madagascar,2013,515.3015894
maldives,2013,8236.081779
"middle east, north africa, afghanistan & pakistan",2013,5852.491971
mexico,2013,11216.80085
marshall islands,2013,3677.906908
middle income,2013,4637.494687
north macedonia,2013,5626.261157
mali,2013,903.1904525
malta,2013,25415.55668
myanmar,2013,1199.095616
"middle east, north africa, afghanistan & pakistan (excluding high income)",2013,3148.364124
montenegro,2013,7172.929085
mongolia,2013,4340.143105
northern mariana islands,2013,14632.85189
mozambique,2013,686.5056725
mauritania,2013,1934.241031
mauritius,2013,9764.644131
malawi,2013,496.9473683
malaysia,2013,10713.64076
north america,2013,53240.40421
namibia,2013,5346.621311
new caledonia,2013,36671.15668
niger,2013,552.1033344
nigeria,2013,2872.790834
nicaragua,2013,1835.439964
netherlands,2013,52602.28605
norway,2013,103553.8401
nepal,2013,803.2695954
nauru,2013,8974.518869
new zealand,2013,43000.46468
oecd members,2013,37604.10106
oman,2013,23458.02338
other small states,2013,11402.96921
pakistan,2013,1225.434012
panama,2013,12273.3225
peru,2013,6746.800257
philippines,2013,2781.279577
palau,2013,12768.90866
papua new guinea,2013,2560.77459
poland,2013,13621.90238
pre-demographic dividend,2013,1773.263421
puerto rico (us),2013,28212.04997
"korea, dem. people's rep.",2013,
portugal,2013,21676.48596
paraguay,2013,6435.683427
west bank and gaza,2013,3315.297539
pacific island small states,2013,3586.991152
post-demographic dividend,2013,42602.24159
french polynesia,2013,21955.63293
qatar,2013,103697.0084
romania,2013,9497.674116
russian federation,2013,15941.44824
rwanda,2013,704.924218
south asia,2013,1405.856955
saudi arabia,2013,27865.4656
sudan,2013,1138.627808
senegal,2013,1379.831966
singapore,2013,56967.42579
solomon islands,2013,2161.395736
sierra leone,2013,1117.471831
el salvador,2013,3582.26694
san marino,2013,50807.82891
"somalia, fed. rep.",2013,393.398704
serbia,2013,7040.418121
sub-saharan africa (excluding high income),2013,2014.04143
south sudan,2013,1650.189434
sub-saharan africa,2013,1860.155121
small states,2013,11103.71333
sao tome and principe,2013,1382.575784
suriname,2013,9043.192815
slovak republic,2013,18312.78051
slovenia,2013,23236.96553
sweden,2013,60844.27671
eswatini,2013,3951.120081
sint maarten (dutch part),2013,28529.73247
seychelles,2013,14821.29215
syrian arab republic,2013,985.8926692
turks and caicos islands,2013,22412.20694
chad,2013,1304.88743
east asia & pacific (ida & ibrd countries),2013,6020.72681
europe & central asia (ida & ibrd countries),2013,10953.72599
togo,2013,826.5432595
thailand,2013,6018.082447
tajikistan,2013,1028.197043
turkmenistan,2013,6599.645291
latin america & the caribbean (ida & ibrd countries),2013,10420.25733
timor-leste,2013,1204.568415
"middle east, north africa, afghanistan & pakistan (ida & ibrd)",2013,3147.246792
tonga,2013,4219.246701
south asia (ida & ibrd),2013,1405.856955
sub-saharan africa (ida & ibrd countries),2013,1860.155121
trinidad and tobago,2013,21304.97765
tunisia,2013,4369.793458
turkiye,2013,12578.18786
tuvalu,2013,3510.216401
tanzania,2013,963.0571289
uganda,2013,818.2854274
ukraine,2013,4129.896973
upper middle income,2013,7551.708969
uruguay,2013,18335.25948
united states,2013,53297.38629
uzbekistan,2013,2461.979474
st. vincent and the grenadines,2013,7072.467372
"venezuela, rb",2013,12403.1467
british virgin islands,2013,
virgin islands (u.s.),2013,34597.97669
viet nam,2013,2359.517365
vanuatu,2013,2979.796081
world,2013,10744.62036
samoa,2013,4023.525401
kosovo,2013,3704.558728
"yemen, rep.",2013,1378.75003
south africa,2013,7331.654674
zambia,2013,1820.718548
zimbabwe,2013,1362.299529
aruba,2014,26129.83906
africa eastern and southern,2014,1656.167709
afghanistan,2014,625.0549418
africa western and central,2014,2221.010665
angola,2014,5005.999741
albania,2014,4602.230514
andorra,2014,44369.65969
arab world,2014,7311.289969
united arab emirates,2014,51381.40699
argentina,2014,12233.14441
armenia,2014,3852.118006
american samoa,2014,12026.33449
antigua and barbuda,2014,15532.10621
australia,2014,62544.08738
austria,2014,51314.97226
azerbaijan,2014,7890.840281
burundi,2014,250.5404811
belgium,2014,47995.7787
benin,2014,1204.399187
burkina faso,2014,764.8616751
bangladesh,2014,1094.461997
bulgaria,2014,8069.600057
bahrain,2014,26451.79656
"bahamas, the",2014,29137.21756
bosnia and herzegovina,2014,5206.065583
belarus,2014,8341.318093
belize,2014,6128.142885
bermuda,2014,100961.5766
bolivia,2014,3041.435032
brazil,2014,12274.99397
barbados,2014,19277.94236
brunei darussalam,2014,41026.50839
bhutan,2014,2849.499986
botswana,2014,7122.364234
central african republic,2014,409.850486
canada,2014,50960.84312
central europe and the baltics,2014,14208.45952
switzerland,2014,88724.99107
channel islands,2014,64700.74239
chile,2014,14529.67672
china,2014,7781.065975
cote d'ivoire,2014,1991.365394
cameroon,2014,1649.443391
"congo, dem. rep.",2014,458.0045418
"congo, rep.",2014,3601.236581
colombia,2014,8187.208249
comoros,2014,1615.717185
cabo verde,2014,3985.607065
costa rica,2014,10911.49788
caribbean small states,2014,14888.54404
cuba,2014,7146.704591
curacao,2014,19623.02999
cayman islands,2014,75845.30604
cyprus,2014,27244.35156
czechia,2014,20038.41632
germany,2014,48971.08247
djibouti,2014,2214.620841
dominica,2014,8131.748761
denmark,2014,62520.45097
dominican republic,2014,6496.45167
algeria,2014,6094.693923
east asia & pacific (excluding high income),2014,6373.651057
early-demographic dividend,2014,3431.302025
east asia & pacific,2014,9759.275634
europe & central asia (excluding high income),2014,7273.112782
europe & central asia,2014,26444.79301
ecuador,2014,6405.799793
"egypt, arab rep.",2014,3133.391023
euro area,2014,39982.90074
eritrea,2014,
spain,2014,29707.76551
estonia,2014,20581.7899
ethiopia,2014,549.9865771
european union,2014,35592.88749
fragile and conflict affected situations,2014,2355.768851
finland,2014,50073.77608
fiji,2014,5293.356767
france,2014,43148.04593
faroe islands,2014,60172.06325
"micronesia, fed. sts.",2014,2945.41496
gabon,2014,9201.362766
united kingdom,2014,47426.62098
georgia,2014,4830.334862
ghana,2014,1949.908329
gibraltar,2014,
guinea,2014,765.1469994
"gambia, the",2014,568.0045356
guinea-bissau,2014,652.022501
equatorial guinea,2014,15548.66247
greece,2014,21474.72571
grenada,2014,7986.334212
greenland,2014,50485.22441
guatemala,2014,3689.144718
guam,2014,33900.14865
guyana,2014,5472.688205
high income,2014,39409.73278
"hong kong sar, china",2014,40315.37395
honduras,2014,2179.88172
heavily indebted poor countries (hipc),2014,983.3711122
croatia,2014,14187.96945
haiti,2014,1460.188986
hungary,2014,14352.50188
ibrd only,2014,6002.377185
ida & ibrd total,2014,4841.00103
ida total,2014,1417.696216
ida blend,2014,2095.056358
indonesia,2014,3441.068085
ida only,2014,1046.785397
isle of man,2014,91885.45287
india,2014,1553.883961
not classified,2014,
ireland,2014,57278.25909
"iran, islamic rep.",2014,5672.063729
iraq,2014,6249.39227
iceland,2014,54576.74481
israel,2014,38343.30466
italy,2014,36028.3494
jamaica,2014,4975.113255
jordan,2014,4191.180501
japan,2014,38475.39525
kazakhstan,2014,12427.70946
kenya,2014,1482.815663
kyrgyz republic,2014,1264.526688
cambodia,2014,1431.563965
kiribati,2014,1736.705357
st. kitts and nevis,2014,20219.39542
"korea, rep.",2014,29252.93124
kuwait,2014,44368.78137
latin america & caribbean (excluding high income),2014,9905.721868
lao pdr,2014,1981.039109
lebanon,2014,7577.64133
liberia,2014,706.7144901
libya,2014,8926.420746
st. lucia,2014,10044.82184
latin america & caribbean,2014,10582.04735
least developed countries: un classification,2014,1035.12745
low income,2014,789.2845303
liechtenstein,2014,178735.153
sri lanka,2014,3971.919131
lower middle income,2014,1874.775474
low & middle income,2014,4468.797499
lesotho,2014,1173.537793
late-demographic dividend,2014,8917.946955
lithuania,2014,16446.16472
luxembourg,2014,123678.7021
latvia,2014,15185.81458
"macao sar, china",2014,88310.81196
st. martin (french part),2014,20638.76519
morocco,2014,3435.406982
monaco,2014,195693.5707
moldova,2014,3289.957586
madagascar,2014,505.6849225
maldives,2014,8939.074166
"middle east, north africa, afghanistan & pakistan",2014,5794.328103
mexico,2014,11391.37735
marshall islands,2014,3735.239778
middle income,2014,4794.476095
north macedonia,2014,5925.385922
mali,2014,940.24326
malta,2014,27424.57654
myanmar,2014,1293.000423
"middle east, north africa, afghanistan & pakistan (excluding high income)",2014,3073.799943
montenegro,2014,7364.965901
mongolia,2014,4126.239758
northern mariana islands,2014,15945.41761
mozambique,2014,697.1426804
mauritania,2014,1713.008653
mauritius,2014,10366.35508
malawi,2014,529.513344
malaysia,2014,11013.31073
north america,2014,54742.83204
namibia,2014,5378.323262
new caledonia,2014,37816.95586
niger,2014,565.3098973
nigeria,2014,3088.721313
nicaragua,2014,1958.370476
netherlands,2014,53457.22349
norway,2014,97666.69518
nepal,2014,821.4552249
nauru,2014,9193.097844
new zealand,2014,44618.26697
oecd members,2014,38158.00621
oman,2014,23160.65023
other small states,2014,11654.51637
pakistan,2014,1266.613408
panama,2014,13213.19896
peru,2014,6667.134104
philippines,2014,2866.838038
palau,2014,13726.02314
papua new guinea,2014,2723.175298
poland,2014,14262.28419
pre-demographic dividend,2014,1824.364908
puerto rico (us),2014,28576.0988
"korea, dem. people's rep.",2014,
portugal,2014,22120.68501
paraguay,2014,6652.254789
west bank and gaza,2014,3352.112595
pacific island small states,2014,3847.92223
post-demographic dividend,2014,43284.95197
french polynesia,2014,22258.63214
qatar,2014,95840.63101
romania,2014,10031.77108
russian federation,2014,14055.47266
rwanda,2014,724.9575261
south asia,2014,1528.490384
saudi arabia,2014,27805.48503
sudan,2014,1275.438354
senegal,2014,1398.891376
singapore,2014,57564.80231
solomon islands,2014,2164.944239
sierra leone,2014,1117.758647
el salvador,2014,3666.012489
san marino,2014,51260.49383
"somalia, fed. rep.",2014,429.4316567
serbia,2014,6886.678091
sub-saharan africa (excluding high income),2014,2035.873262
south sudan,2014,1242.734502
sub-saharan africa,2014,1886.523988
small states,2014,11381.99693
sao tome and principe,2014,1489.676334
suriname,2014,9108.189054
slovak republic,2014,18770.92899
slovenia,2014,24013.06821
sweden,2014,59583.714
eswatini,2014,3771.907965
sint maarten (dutch part),2014,37134.91242
seychelles,2014,15188.19022
syrian arab republic,2014,1060.591059
turks and caicos islands,2014,24014.26534
chad,2014,1278.789814
east asia & pacific (ida & ibrd countries),2014,6446.137335
europe & central asia (ida & ibrd countries),2014,10297.08536
togo,2014,855.5852849
thailand,2014,5801.197892
tajikistan,2014,1081.544029
turkmenistan,2014,7164.145362
latin america & the caribbean (ida & ibrd countries),2014,10506.58031
timor-leste,2014,1224.749578
"middle east, north africa, afghanistan & pakistan (ida & ibrd)",2014,3071.92772
tonga,2014,4136.590109
south asia (ida & ibrd),2014,1528.490384
sub-saharan africa (ida & ibrd countries),2014,1886.523988
trinidad and tobago,2014,21908.30178
tunisia,2014,4458.978955
turkiye,2014,12165.22014
tuvalu,2014,3528.858581
tanzania,2014,1022.748413
uganda,2014,896.0547955
ukraine,2014,3054.908203
upper middle income,2014,7776.909414
uruguay,2014,18322.42768
united states,2014,55153.39402
uzbekistan,2014,2674.962838
st. vincent and the grenadines,2014,7168.828753
"venezuela, rb",2014,15943.61272
british virgin islands,2014,
virgin islands (u.s.),2014,33045.36438
viet nam,2014,2546.384645
vanuatu,2014,2973.090265
world,2014,10911.80674
samoa,2014,3982.680802
kosovo,2014,3902.494244
"yemen, rep.",2014,1430.16421
south africa,2014,6856.731371
zambia,2014,1707.485731
zimbabwe,2014,1372.214746
aruba,2015,27458.22533
africa eastern and southern,2015,1479.61526
afghanistan,2015,565.5697304
africa western and central,2015,1860.727694
angola,2015,3213.902611
albania,2015,3981.726623
andorra,2015,38654.93472
arab world,2015,6262.041685
united arab emirates,2015,43534.99727
argentina,2015,13679.6265
armenia,2015,3512.393503
american samoa,2015,12727.41027
antigua and barbuda,2015,16077.63408
australia,2015,56739.02653
austria,2015,43915.22802
azerbaijan,2015,5500.503646
burundi,2015,280.9668313
belgium,2015,40893.80454
benin,2015,1002.418869
burkina faso,2015,630.1247508
bangladesh,2015,1224.386477
bulgaria,2015,7268.654455
bahrain,2015,23734.05511
"bahamas, the",2015,30719.40542
bosnia and herzegovina,2015,4662.258837
belarus,2015,5967.055951
belize,2015,6154.495935
bermuda,2015,104855.3668
bolivia,2015,2996.012898
brazil,2015,8936.196617
barbados,2015,18954.29137
brunei darussalam,2015,30625.12873
bhutan,2015,2954.040819
botswana,2015,6141.203947
central african republic,2015,366.3228539
canada,2015,43594.1941
central europe and the baltics,2015,12596.94751
switzerland,2015,83806.4476
channel islands,2015,61852.07356
chile,2015,13433.9203
china,2015,8175.332851
cote d'ivoire,2015,1814.718551
cameroon,2015,1415.000097
"congo, dem. rep.",2015,467.9145805
"congo, rep.",2015,2439.351894
colombia,2015,6248.514905
comoros,2015,1329.370481
cabo verde,2015,3415.062667
costa rica,2015,11714.7106
caribbean small states,2015,14402.47258
cuba,2015,7727.919972
curacao,2015,19361.813
cayman islands,2015,76379.20951
cyprus,2015,23487.22852
czechia,2015,17931.59877
germany,2015,41911.01099
djibouti,2015,2376.125547
dominica,2015,8282.598747
denmark,2015,53094.01336
dominican republic,2015,6800.953094
algeria,2015,4685.059027
east asia & pacific (excluding high income),2015,6589.77384
early-demographic dividend,2015,3219.688272
east asia & pacific,2015,9657.528896
europe & central asia (excluding high income),2015,6282.954184
europe & central asia,2015,22676.94946
ecuador,2015,5976.159681
"egypt, arab rep.",2015,3306.981594
euro area,2015,34467.57666
eritrea,2015,
spain,2015,25982.44162
estonia,2015,17722.15577
ethiopia,2015,621.8456738
european union,2015,30769.09064
fragile and conflict affected situations,2015,1815.53208
finland,2015,42560.34568
fiji,2015,5097.531069
france,2015,36702.43237
faroe islands,2015,52635.03755
"micronesia, fed. sts.",2015,2911.16211
gabon,2015,7047.126546
united kingdom,2015,44983.88552
georgia,2015,4086.622347
ghana,2015,1722.772828
gibraltar,2015,
guinea,2015,747.3569668
"gambia, the",2015,619.5363643
guinea-bissau,2015,645.0668372
equatorial guinea,2015,9068.910032
greece,2015,17980.72982
grenada,2015,8694.12438
greenland,2015,44536.35497
guatemala,2015,3893.505221
guam,2015,35165.70146
guyana,2015,5640.415606
high income,2015,36571.1929
"hong kong sar, china",2015,42432.16197
honduras,2015,2271.20266
heavily indebted poor countries (hipc),2015,917.9998018
croatia,2015,12285.30326
haiti,2015,1411.126847
hungary,2015,12782.94126
ibrd only,2015,5572.514111
ida & ibrd total,2015,4494.441197
ida total,2015,1350.628403
ida blend,2015,1947.836298
indonesia,2015,3288.222697
ida only,2015,1023.944111
isle of man,2015,84753.51874
india,2015,1583.998159
not classified,2015,
ireland,2015,64311.82347
"iran, islamic rep.",2015,4952.733555
iraq,2015,4440.141893
iceland,2015,52951.68151
israel,2015,36213.10415
italy,2015,30639.88298
jamaica,2015,5062.89555
jordan,2015,4042.756781
japan,2015,34960.63938
kazakhstan,2015,10196.12263
kenya,2015,1489.119598
kyrgyz republic,2015,1105.651938
cambodia,2015,1547.320104
kiribati,2015,1639.852747
st. kitts and nevis,2015,20328.80035
"korea, rep.",2015,28737.43917
kuwait,2015,29882.21269
latin america & caribbean (excluding high income),2015,8307.333696
lao pdr,2015,2121.013391
lebanon,2015,7714.11
liberia,2015,692.5900824
libya,2015,7458.489178
st. lucia,2015,10334.98608
latin america & caribbean,2015,8758.631461
least developed countries: un classification,2015,970.9165964
low income,2015,736.645564
liechtenstein,2015,167187.1573
sri lanka,2015,4057.715835
lower middle income,2015,1843.92246
low & middle income,2015,4282.046016
lesotho,2015,1121.198513
late-demographic dividend,2015,8325.546645
lithuania,2015,14269.80399
luxembourg,2015,105462.0126
latvia,2015,13321.97531
"macao sar, china",2015,70070.2918
st. martin (french part),2015,
morocco,2015,3146.247803
monaco,2015,170437.1012
moldova,2015,2749.551371
madagascar,2015,445.3200695
maldives,2015,9644.90655
"middle east, north africa, afghanistan & pakistan",2015,5108.831178
mexico,2015,10021.23861
marshall islands,2015,3764.344262
middle income,2015,4599.808454
north macedonia,2015,5262.686719
mali,2015,838.1198694
malta,2015,25529.68131
myanmar,2015,1166.733055
"middle east, north africa, afghanistan & pakistan (excluding high income)",2015,2802.63135
montenegro,2015,6491.192806
mongolia,2015,3838.92127
northern mariana islands,2015,17665.10075
mozambique,2015,610.5637747
mauritania,2015,1554.948979
mauritius,2015,9507.871337
malawi,2015,539.6053632
malaysia,2015,9648.679794
north america,2015,55534.45703
namibia,2015,4774.106509
new caledonia,2015,30858.72371
niger,2015,485.6625742
nigeria,2015,2585.733607
nicaragua,2015,2074.456206
netherlands,2015,45793.81354
norway,2015,74809.9658
nepal,2015,875.5436355
nauru,2015,7703.431499
new zealand,2015,38665.3723
oecd members,2015,35772.53214
oman,2015,18808.30779
other small states,2015,10334.0987
pakistan,2015,1380.470208
panama,2015,14082.65485
peru,2015,6231.711503
philippines,2015,2909.85818
palau,2015,15690.75971
papua new guinea,2015,2484.59634
poland,2015,12637.52203
pre-demographic dividend,2015,1508.887721
puerto rico (us),2015,29242.04147
"korea, dem. people's rep.",2015,
portugal,2015,19215.7813
paraguay,2015,5879.337923
west bank and gaza,2015,3272.154324
pacific island small states,2015,3721.794652
post-demographic dividend,2015,40767.67321
french polynesia,2015,19166.95948
qatar,2015,68985.2947
romania,2015,8977.017482
russian federation,2015,9277.713867
rwanda,2015,733.9986304
south asia,2015,1570.541425
saudi arabia,2015,23256.15496
sudan,2015,1292.379639
senegal,2015,1218.006136
singapore,2015,55645.60686
solomon islands,2015,2045.478895
sierra leone,2015,964.5759809
el salvador,2015,3790.340891
san marino,2015,43146.82404
"somalia, fed. rep.",2015,445.5830801
serbia,2015,5820.321558
sub-saharan africa (excluding high income),2015,1747.884166
south sudan,2015,1080.147186
sub-saharan africa,2015,1635.044226
small states,2015,10408.66184
sao tome and principe,2015,1298.109466
suriname,2015,8813.617054
slovak republic,2015,16442.07609
slovenia,2015,20697.27485
sweden,2015,51197.95293
eswatini,2015,3420.753571
sint maarten (dutch part),2015,37839.62838
seychelles,2015,15333.10517
syrian arab republic,2015,847.7316319
turks and caicos islands,2015,25736.10163
chad,2015,993.9907306
east asia & pacific (ida & ibrd countries),2015,6664.487165
europe & central asia (ida & ibrd countries),2015,8004.56642
togo,2015,751.0524051
thailand,2015,5688.853354
tajikistan,2015,956.9163109
turkmenistan,2015,5759.497904
latin america & the caribbean (ida & ibrd countries),2015,8616.957534
timor-leste,2015,1319.592974
"middle east, north africa, afghanistan & pakistan (ida & ibrd)",2015,2799.454418
tonga,2015,4123.903472
south asia (ida & ibrd),2015,1570.541425
sub-saharan africa (ida & ibrd countries),2015,1635.044226
trinidad and tobago,2015,19887.23374
tunisia,2015,4014.947737
turkiye,2015,11049.99511
tuvalu,2015,3357.834177
tanzania,2015,939.1273193
uganda,2015,862.9346104
ukraine,2015,2094.473877
upper middle income,2015,7434.595696
uruguay,2015,17125.90168
united states,2015,56849.46979
uzbekistan,2015,2803.19018
st. vincent and the grenadines,2015,7353.735561
"venezuela, rb",2015,
british virgin islands,2015,
virgin islands (u.s.),2015,34007.35294
viet nam,2015,2577.568853
vanuatu,2015,2854.894123
world,2015,10175.40942
samoa,2015,4084.360838
kosovo,2015,3520.628507
"yemen, rep.",2015,1362.173812
south africa,2015,6112.273825
zambia,2015,1295.877887
zimbabwe,2015,1386.418559
aruba,2016,27441.52966
africa eastern and southern,2016,1329.807285
afghanistan,2016,522.0822156
africa western and central,2016,1630.039447
angola,2016,1807.952941
albania,2016,4168.375445
andorra,2016,40129.8192
arab world,2016,6012.512444
united arab emirates,2016,41326.40182
argentina,2016,12699.96231
armenia,2016,3524.424769
american samoa,2016,12843.33429
antigua and barbuda,2016,16556.85518
australia,2016,49888.04108
austria,2016,45061.49939
azerbaijan,2016,3880.685228
burundi,2016,235.2862054
belgium,2016,41854.54983
benin,2016,1010.533896
burkina faso,2016,663.7423648
bangladesh,2016,1649.283809
bulgaria,2016,7822.499233
bahrain,2016,23800.00144
"bahamas, the",2016,30616.53632
bosnia and herzegovina,2016,4928.566525
belarus,2016,5039.775609
belize,2016,6142.498732
bermuda,2016,108747.3561
bolivia,2016,3035.873477
brazil,2016,8836.286527
barbados,2016,19065.80698
brunei darussalam,2016,26663.29732
bhutan,2016,3152.309051
botswana,2016,6749.059943
central african republic,2016,387.1762034
canada,2016,42314.06158
central europe and the baltics,2016,12874.74069
switzerland,2016,82153.07454
channel islands,2016,55950.14829
chile,2016,13649.85205
china,2016,8254.868593
cote d'ivoire,2016,1862.595971
cameroon,2016,1441.720173
"congo, dem. rep.",2016,442.3104721
"congo, rep.",2016,2093.107286
colombia,2016,5959.842504
comoros,2016,1365.484034
cabo verde,2016,3608.966052
costa rica,2016,12091.03016
caribbean small states,2016,13297.74435
cuba,2016,8110.55874
curacao,2016,18944.09615
cayman islands,2016,77802.25416
cyprus,2016,24715.1543
czechia,2016,18753.96867
germany,2016,42961.03569
djibouti,2016,2510.430008
dominica,2016,8802.56172
denmark,2016,54500.92604
dominican republic,2016,7160.44201
algeria,2016,4424.98529
east asia & pacific (excluding high income),2016,6683.183869
early-demographic dividend,2016,3269.984328
east asia & pacific,2016,9928.671499
europe & central asia (excluding high income),2016,5977.685509
europe & central asia,2016,22496.77585
ecuador,2016,5917.637713
"egypt, arab rep.",2016,3270.628777
euro area,2016,35232.26957
eritrea,2016,
spain,2016,26755.60611
estonia,2016,18666.37365
ethiopia,2016,696.1960848
european union,2016,31462.43412
fragile and conflict affected situations,2016,1635.507031
finland,2016,43451.25624
fiji,2016,5363.790267
france,2016,37024.21571
faroe islands,2016,56875.28038
"micronesia, fed. sts.",2016,2979.601192
gabon,2016,6677.070039
united kingdom,2016,40988.10442
georgia,2016,4143.401257
ghana,2016,1912.479913
gibraltar,2016,
guinea,2016,711.9965098
"gambia, the",2016,650.0565013
guinea-bissau,2016,679.6653866
equatorial guinea,2016,7453.197979
greece,2016,17919.24264
grenada,2016,9221.234611
greenland,2016,48181.74535
guatemala,2016,4060.13755
guam,2016,35930.65949
guyana,2016,5870.878238
high income,2016,37055.75389
"hong kong sar, china",2016,43734.19807
honduras,2016,2307.344684
heavily indebted poor countries (hipc),2016,900.498036
croatia,2016,12821.17381
haiti,2016,1318.402682
hungary,2016,13215.86053
ibrd only,2016,5560.963294
ida & ibrd total,2016,4467.698316
ida total,2016,1316.751059
ida blend,2016,1790.524013
indonesia,2016,3521.469435
ida only,2016,1058.233475
isle of man,2016,82025.94545
india,2016,1707.508929
not classified,2016,
ireland,2016,64192.94181
"iran, islamic rep.",2016,5477.037124
iraq,2016,4334.420964
iceland,2016,61987.92636
israel,2016,37671.53891
italy,2016,31391.56929
jamaica,2016,5009.794487
jordan,2016,3986.71677
japan,2016,39375.47316
kazakhstan,2016,7475.566887
kenya,2016,1554.126103
kyrgyz republic,2016,1103.274894
cambodia,2016,1675.195557
kiribati,2016,1742.667993
st. kitts and nevis,2016,21387.54155
"korea, rep.",2016,29280.44032
kuwait,2016,27323.68906
latin america & caribbean (excluding high income),2016,7975.721648
lao pdr,2016,2303.22156
lebanon,2016,8089.012088
liberia,2016,714.6130631
libya,2016,7525.802993
st. lucia,2016,10638.12694
latin america & caribbean,2016,8460.655436
least developed countries: un classification,2016,963.9465482
low income,2016,630.7698559
liechtenstein,2016,165375.4914
sri lanka,2016,4149.191908
lower middle income,2016,1892.70524
low & middle income,2016,4269.770067
lesotho,2016,992.4918407
late-demographic dividend,2016,8290.74163
lithuania,2016,14934.27028
luxembourg,2016,106899.2935
latvia,2016,13838.52668
"macao sar, china",2016,69074.0363
st. martin (french part),2016,
morocco,2016,3140.855469
monaco,2016,173604.7536
moldova,2016,2847.087948
madagascar,2016,453.9707145
maldives,2016,9947.807447
"middle east, north africa, afghanistan & pakistan",2016,5080.740677
mexico,2016,9097.923977
marshall islands,2016,4229.809889
middle income,2016,4600.229368
north macedonia,2016,5598.486226
mali,2016,872.4685872
malta,2016,26459.07721
myanmar,2016,1229.197135
"middle east, north africa, afghanistan & pakistan (excluding high income)",2016,2832.830526
montenegro,2016,6999.135813
mongolia,2016,3619.900264
northern mariana islands,2016,24225.47417
mozambique,2016,441.4897348
mauritania,2016,1565.765757
mauritius,2016,9965.725311
malawi,2016,450.5061055
malaysia,2016,9476.534098
north america,2016,56416.78502
namibia,2016,4395.687762
new caledonia,2016,30782.85444
niger,2016,502.7064754
nigeria,2016,2070.412734
nicaragua,2016,2131.687048
netherlands,2016,46808.52915
norway,2016,70867.361
nepal,2016,877.2564547
nauru,2016,8724.307003
new zealand,2016,40113.71954
oecd members,2016,36235.99883
oman,2016,17110.18975
other small states,2016,10776.87092
pakistan,2016,1424.691612
panama,2016,14832.36116
peru,2016,6217.036
philippines,2016,2985.19564
palau,2016,16762.57234
papua new guinea,2016,2316.394798
poland,2016,12464.0121
pre-demographic dividend,2016,1307.18884
puerto rico (us),2016,29978.08893
"korea, dem. people's rep.",2016,
portugal,2016,19980.28089
paraguay,2016,5775.159634
west bank and gaza,2016,3527.613824
pacific island small states,2016,3853.81273
post-demographic dividend,2016,41511.10887
french polynesia,2016,19690.07757
qatar,2016,61253.63755
romania,2016,9404.540059
russian federation,2016,8663.158203
rwanda,2016,729.519134
south asia,2016,1722.907034
saudi arabia,2016,22267.72171
sudan,2016,1033.215942
senegal,2016,1266.439572
singapore,2016,57005.58872
solomon islands,2016,2082.62989
sierra leone,2016,844.4164112
el salvador,2016,3901.34015
san marino,2016,44359.47977
"somalia, fed. rep.",2016,460.9284906
serbia,2016,5982.370301
sub-saharan africa (excluding high income),2016,1536.053591
south sudan,2016,
sub-saharan africa,2016,1452.274201
small states,2016,10444.27245
sao tome and principe,2016,1434.870181
suriname,2016,5644.206106
slovak republic,2016,16636.07691
slovenia,2016,21447.83778
sweden,2016,51820.39725
eswatini,2016,3239.807075
sint maarten (dutch part),2016,37308.61478
seychelles,2016,16566.9946
syrian arab republic,2016,656.3490586
turks and caicos islands,2016,26946.41785
chad,2016,861.8317676
east asia & pacific (ida & ibrd countries),2016,6758.740155
europe & central asia (ida & ibrd countries),2016,7653.978071
togo,2016,772.5817871
thailand,2016,5833.577156
tajikistan,2016,788.7104817
turkmenistan,2016,5686.98041
latin america & the caribbean (ida & ibrd countries),2016,8301.805325
timor-leste,2016,1335.543901
"middle east, north africa, afghanistan & pakistan (ida & ibrd)",2016,2828.10049
tonga,2016,3987.986188
south asia (ida & ibrd),2016,1722.907034
sub-saharan africa (ida & ibrd countries),2016,1452.274201
trinidad and tobago,2016,17449.16235
tunisia,2016,3847.803544
turkiye,2016,10970.04589
tuvalu,2016,3808.69755
tanzania,2016,953.0107422
uganda,2016,752.6965717
ukraine,2016,2158.461182
upper middle income,2016,7404.712052
uruguay,2016,17009.75842
united states,2016,57976.6282
uzbekistan,2016,2753.379514
st. vincent and the grenadines,2016,7656.900429
"venezuela, rb",2016,
british virgin islands,2016,
virgin islands (u.s.),2016,35324.97489
viet nam,2016,2735.060438
vanuatu,2016,2956.126448
world,2016,10221.36598
samoa,2016,4147.070977
kosovo,2016,3759.449591
"yemen, rep.",2016,975.359417
south africa,2016,5651.205852
zambia,2016,1239.085279
zimbabwe,2016,1407.420964
aruba,2017,28440.05196
africa eastern and southern,2017,1520.212231
afghanistan,2017,525.4697709
africa western and central,2017,1574.23056
angola,2017,2437.259712
albania,2017,4614.047969
andorra,2017,40672.99433
arab world,2017,6066.726791
united arab emirates,2017,42340.59172
argentina,2017,14532.50093
armenia,2017,3869.053739
american samoa,2017,11863.68395
antigua and barbuda,2017,16965.72883
australia,2017,53901.71454
austria,2017,47163.74258
azerbaijan,2017,4147.198142
burundi,2017,236.6944726
belgium,2017,44035.32394
benin,2017,1054.974081
burkina faso,2017,709.0915359
bangladesh,2017,1811.082217
bulgaria,2017,8696.689304
bahrain,2017,24784.76935
"bahamas, the",2017,31875.48817
bosnia and herzegovina,2017,5345.019855
belarus,2017,5785.544919
belize,2017,6072.582676
bermuda,2017,112339.4256
bolivia,2017,3306.303012
brazil,2017,10080.50928
barbados,2017,19692.76067
brunei darussalam,2017,28024.38246
bhutan,2017,3435.288047
botswana,2017,7104.964011
central african republic,2017,432.3240257
canada,2017,45129.62812
central europe and the baltics,2017,14339.85806
switzerland,2017,82254.37705
channel islands,2017,55806.57089
chile,2017,14879.90862
china,2017,8979.676527
cote d'ivoire,2017,1964.299303
cameroon,2017,1496.089518
"congo, dem. rep.",2017,436.5845347
"congo, rep.",2017,2211.633099
colombia,2017,6479.532313
comoros,2017,1423.924802
cabo verde,2017,3893.095714
costa rica,2017,12317.09028
caribbean small states,2017,13637.12072
cuba,2017,8610.608295
curacao,2017,18938.24405
cayman islands,2017,80053.94445
cyprus,2017,26696.99023
czechia,2017,20913.19763
germany,2017,45526.59996
djibouti,2017,2618.955211
dominica,2017,8224.648966
denmark,2017,57521.5515
dominican republic,2017,7412.715716
algeria,2017,4554.66754
east asia & pacific (excluding high income),2017,7241.925338
early-demographic dividend,2017,3505.106215
east asia & pacific,2017,10526.67717
europe & central asia (excluding high income),2017,6112.70277
europe & central asia,2017,23780.61679
ecuador,2017,6233.322448
"egypt, arab rep.",2017,2395.103333
euro area,2017,37237.53636
eritrea,2017,
spain,2017,28381.34256
estonia,2017,20851.52235
ethiopia,2017,745.6324339
european union,2017,33391.9679
fragile and conflict affected situations,2017,1706.443269
finland,2017,46085.01747
fiji,2017,5826.848145
france,2017,38687.16264
faroe islands,2017,59387.35309
"micronesia, fed. sts.",2017,3279.10779
gabon,2017,6921.733731
united kingdom,2017,40629.23403
georgia,2017,4418.752065
ghana,2017,2012.286626
gibraltar,2017,
guinea,2017,833.5986217
"gambia, the",2017,642.5226413
guinea-bissau,2017,783.1231866
equatorial guinea,2017,7809.104657
greece,2017,18631.99301
grenada,2017,9751.426612
greenland,2017,50765.74947
guatemala,2017,4324.996082
guam,2017,36779.00789
guyana,2017,6178.665044
high income,2017,38782.91754
"hong kong sar, china",2017,46160.42979
honduras,2017,2413.007656
heavily indebted poor countries (hipc),2017,939.7455321
croatia,2017,13902.63105
haiti,2017,1395.239452
hungary,2017,14736.16682
ibrd only,2017,6080.713266
ida & ibrd total,2017,4853.165655
ida total,2017,1358.710747
ida blend,2017,1804.574022
indonesia,2017,3798.883262
ida only,2017,1116.074161
isle of man,2017,83481.30385
india,2017,1950.104683
not classified,2017,
ireland,2017,72198.1077
"iran, islamic rep.",2017,5753.115447
iraq,2017,4759.284644
iceland,2017,72010.14903
israel,2017,41138.47096
italy,2017,32844.11566
jamaica,2017,5259.313328
jordan,2017,4065.616287
japan,2017,38834.05293
kazakhstan,2017,8943.084168
kenya,2017,1667.484472
kyrgyz republic,2017,1221.390468
cambodia,2017,1826.353917
kiribati,2017,1853.051227
st. kitts and nevis,2017,22464.98996
"korea, rep.",2017,31600.73587
kuwait,2017,29047.65358
latin america & caribbean (excluding high income),2017,8811.135554
lao pdr,2017,2432.430595
lebanon,2017,8608.21085
liberia,2017,699.2690957
libya,2017,9965.832367
st. lucia,2017,11333.11238
latin america & caribbean,2017,9308.696171
least developed countries: un classification,2017,1030.330022
low income,2017,635.4754494
liechtenstein,2017,170547.0923
sri lanka,2017,4398.888281
lower middle income,2017,2019.49854
low & middle income,2017,4607.317363
lesotho,2017,1069.366732
late-demographic dividend,2017,9131.372167
lithuania,2017,16800.15102
luxembourg,2017,110193.2138
latvia,2017,15132.49583
"macao sar, china",2017,77704.92153
st. martin (french part),2017,
morocco,2017,3296.526611
monaco,2017,170663.3752
moldova,2017,3453.267277
madagascar,2017,491.8668487
maldives,2017,10509.62881
"middle east, north africa, afghanistan & pakistan",2017,5232.296316
mexico,2017,9649.278168
marshall islands,2017,4592.834576
middle income,2017,4973.53708
north macedonia,2017,5955.297386
mali,2017,924.0575317
malta,2017,30317.24434
myanmar,2017,1272.822418
"middle east, north africa, afghanistan & pakistan (excluding high income)",2017,2827.77247
montenegro,2017,7758.36922
mongolia,2017,3645.967087
northern mariana islands,2017,31225.605
mozambique,2017,470.9385631
mauritania,2017,1615.004013
mauritius,2017,10841.68478
malawi,2017,495.7696834
malaysia,2017,9862.548066
north america,2017,58555.88978
namibia,2017,5143.960723
new caledonia,2017,32354.71028
niger,2017,521.80413
nigeria,2017,1876.340271
nicaragua,2017,2182.61381
netherlands,2017,49513.68173
norway,2017,76131.8384
nepal,2017,1034.283749
nauru,2017,9613.412091
new zealand,2017,42950.38417
oecd members,2017,37617.8631
oman,2017,17820.06618
other small states,2017,11912.47636
pakistan,2017,1519.234595
panama,2017,15694.62975
peru,2017,6736.166937
philippines,2017,3038.12125
palau,2017,16034.13429
papua new guinea,2017,2477.76531
poland,2017,13913.34152
pre-demographic dividend,2017,1327.757463
puerto rico (us),2017,30328.48711
"korea, dem. people's rep.",2017,
portugal,2017,21442.38428
paraguay,2017,6152.267115
west bank and gaza,2017,3620.360487
pacific island small states,2017,4096.993538
post-demographic dividend,2017,43134.08647
french polynesia,2017,20826.93125
qatar,2017,63279.85569
romania,2017,10727.9822
russian federation,2017,10658.91309
rwanda,2017,758.3009667
south asia,2017,1956.067076
saudi arabia,2017,23929.29071
sudan,2017,966.5056763
senegal,2017,1356.805184
singapore,2017,61236.25127
solomon islands,2017,2143.574652
sierra leone,2017,779.1860078
el salvador,2017,4020.126714
san marino,2017,45192.02798
"somalia, fed. rep.",2017,510.9399523
serbia,2017,6548.036538
sub-saharan africa (excluding high income),2017,1630.625959
south sudan,2017,
sub-saharan africa,2017,1542.244649
small states,2017,11271.79302
sao tome and principe,2017,1555.794778
suriname,2017,6049.521286
slovak republic,2017,17645.52987
slovenia,2017,23303.07771
sweden,2017,53300.85873
eswatini,2017,3853.991479
sint maarten (dutch part),2017,34701.30585
seychelles,2017,17480.36519
syrian arab republic,2017,851.5020053
turks and caicos islands,2017,25614.83727
chad,2017,854.4612004
east asia & pacific (ida & ibrd countries),2017,7323.510232
europe & central asia (ida & ibrd countries),2017,8560.707099
togo,2017,792.7654872
thailand,2017,6413.091825
tajikistan,2017,829.4571476
turkmenistan,2017,5828.481662
latin america & the caribbean (ida & ibrd countries),2017,9163.648294
timor-leste,2017,1266.17768
"middle east, north africa, afghanistan & pakistan (ida & ibrd)",2017,2822.359691
tonga,2017,4365.929298
south asia (ida & ibrd),2017,1956.067076
sub-saharan africa (ida & ibrd countries),2017,1542.244649
trinidad and tobago,2017,17578.64178
tunisia,2017,3619.032473
turkiye,2017,10695.5502
tuvalu,2017,4165.663387
tanzania,2017,986.6740112
uganda,2017,765.2183323
ukraine,2017,2604.287598
upper middle income,2017,8053.633182
uruguay,2017,19184.65026
united states,2017,60047.71907
uzbekistan,2017,2190.604116
st. vincent and the grenadines,2017,7988.04445
"venezuela, rb",2017,
british virgin islands,2017,
virgin islands (u.s.),2017,35365.0693
viet nam,2017,2956.109921
vanuatu,2017,3159.860558
world,2017,10765.26622
samoa,2017,4307.59382
kosovo,2017,4009.317993
"yemen, rep.",2017,811.1659704
south africa,2017,6618.335083
zambia,2017,1483.465773
zimbabwe,2017,3448.086991
aruba,2018,30082.12764
africa eastern and southern,2018,1538.901679
afghanistan,2018,491.3372214
africa western and central,2018,1720.14028
angola,2018,2538.591391
albania,2018,5365.488802
andorra,2018,42819.77458
arab world,2018,6668.216728
united arab emirates,2018,45689.857
argentina,2018,11752.79989
armenia,2018,4196.005623
american samoa,2018,12552.05469
antigua and barbuda,2018,18273.42707
australia,2018,57196.42208
austria,2018,51194.07498
azerbaijan,2018,4739.794312
burundi,2018,224.8993924
belgium,2018,47487.21004
benin,2018,1151.74097
burkina faso,2018,777.4656185
bangladesh,2018,1965.243727
bulgaria,2018,9872.385078
bahrain,2018,26324.40665
"bahamas, the",2018,32642.33532
bosnia and herzegovina,2018,6047.845843
belarus,2018,6360.037502
belize,2018,6031.281396
bermuda,2018,113204.8221
bolivia,2018,3500.726422
brazil,2018,9300.661649
barbados,2018,20055.91587
brunei darussalam,2018,30988.11905
bhutan,2018,3400.204172
botswana,2018,7407.959401
central african republic,2018,455.2439629
canada,2018,46539.17616
central europe and the baltics,2018,16245.19386
switzerland,2018,85217.36915
channel islands,2018,60783.35293
chile,2018,15659.48087
china,2018,10085.66381
cote d'ivoire,2018,2130.866194
cameroon,2018,1610.696416
"congo, dem. rep.",2018,528.2560198
"congo, rep.",2018,2694.434132
colombia,2018,6816.968183
comoros,2018,1540.711323
cabo verde,2018,4294.9651
costa rica,2018,12590.24938
caribbean small states,2018,13815.32652
cuba,2018,8911.46206
curacao,2018,19119.12439
cayman islands,2018,83865.55316
cyprus,2018,29599.98633
czechia,2018,23705.93298
germany,2018,48874.8595
djibouti,2018,2718.083388
dominica,2018,9215.308541
denmark,2018,61324.7665
dominican republic,2018,7882.982216
algeria,2018,4577.210292
east asia & pacific (excluding high income),2018,8045.944488
early-demographic dividend,2018,3515.766217
east asia & pacific,2018,11394.4809
europe & central asia (excluding high income),2018,5952.25003
europe & central asia,2018,25362.67581
ecuador,2018,6303.918867
"egypt, arab rep.",2018,2484.703156
euro area,2018,40096.71221
eritrea,2018,
spain,2018,30602.42129
estonia,2018,23618.13613
ethiopia,2018,747.9680037
european union,2018,36054.39545
fragile and conflict affected situations,2018,1823.312303
finland,2018,49654.2497
fiji,2018,6085.419795
france,2018,41418.17665
faroe islands,2018,62526.49085
"micronesia, fed. sts.",2018,3566.586904
gabon,2018,7624.277523
united kingdom,2018,43315.48745
georgia,2018,4804.054604
ghana,2018,2195.32166
gibraltar,2018,
guinea,2018,933.2736156
"gambia, the",2018,696.219807
guinea-bissau,2018,808.5316132
equatorial guinea,2018,8102.470848
greece,2018,19873.40152
grenada,2018,10083.02128
greenland,2018,54545.13586
guatemala,2018,4352.946518
guam,2018,37195.95031
guyana,2018,6048.386972
high income,2018,41079.78727
"hong kong sar, china",2018,48537.56689
honduras,2018,2464.642415
heavily indebted poor countries (hipc),2018,977.3459005
croatia,2018,15460.41833
haiti,2018,1496.38049
hungary,2018,16605.05705
ibrd only,2018,6429.487613
ida & ibrd total,2018,5111.821395
ida total,2018,1409.898675
ida blend,2018,1869.419707
indonesia,2018,3860.953531
ida only,2018,1160.504189
isle of man,2018,89393.82442
india,2018,1966.254552
not classified,2018,
ireland,2018,80738.96288
"iran, islamic rep.",2018,4631.78709
iraq,2018,5646.689321
iceland,2018,74452.18907
israel,2018,42362.66528
italy,2018,34904.10819
jamaica,2018,5578.103475
jordan,2018,4145.439897
japan,2018,39751.1331
kazakhstan,2018,9472.485273
kenya,2018,1836.452755
kyrgyz republic,2018,1283.520304
cambodia,2018,2036.673776
kiribati,2018,1912.738094
st. kitts and nevis,2018,22901.38164
"korea, rep.",2018,33447.15628
kuwait,2018,32067.96237
latin america & caribbean (excluding high income),2018,8468.201284
lao pdr,2018,2545.107542
lebanon,2018,9174.536662
liberia,2018,692.2031271
libya,2018,11196.58548
st. lucia,2018,11642.69847
latin america & caribbean,2018,9032.038483
least developed countries: un classification,2018,1072.374861
low income,2018,647.1633972
liechtenstein,2018,174988.7751
sri lanka,2018,4358.560959
lower middle income,2018,2078.757389
low & middle income,2018,4846.863345
lesotho,2018,1170.655697
late-demographic dividend,2018,9959.66551
lithuania,2018,19247.23154
luxembourg,2018,116926.7596
latvia,2018,17252.17104
"macao sar, china",2018,83761.81718
st. martin (french part),2018,
morocco,2018,3501.697998
monaco,2018,188298.3157
moldova,2018,4156.44982
madagascar,2018,500.4571855
maldives,2018,11423.28384
"middle east, north africa, afghanistan & pakistan",2018,5509.559138
mexico,2018,10084.79376
marshall islands,2018,4858.120791
middle income,2018,5240.738757
north macedonia,2018,6713.989254
mali,2018,996.3792921
malta,2018,33382.26775
myanmar,2018,1298.213103
"middle east, north africa, afghanistan & pakistan (excluding high income)",2018,2789.826375
montenegro,2018,8790.881521
mongolia,2018,4107.642885
northern mariana islands,2018,26509.36284
mozambique,2018,517.5072603
mauritania,2018,1722.935289
mauritius,2018,11643.4606
malawi,2018,533.2031737
malaysia,2018,10901.802
north america,2018,61228.19583
namibia,2018,5308.608134
new caledonia,2018,34902.89688
niger,2018,578.5680357
nigeria,2018,2057.879446
nicaragua,2018,2035.165494
netherlands,2018,53955.077
norway,2018,82792.84271
nepal,2018,1179.198432
nauru,2018,11408.69476
new zealand,2018,43257.07692
oecd members,2018,39539.18612
oman,2018,19901.76156
other small states,2018,12980.34254
pakistan,2018,1569.338146
panama,2018,16151.32735
peru,2018,6978.491215
philippines,2018,3168.510366
palau,2018,16197.72651
papua new guinea,2018,2566.368337
poland,2018,15658.21059
pre-demographic dividend,2018,1439.933709
puerto rico (us),2018,30679.91819
"korea, dem. people's rep.",2018,
portugal,2018,23541.14011
paraguay,2018,6258.449916
west bank and gaza,2018,3562.330943
pacific island small states,2018,4245.783626
post-demographic dividend,2018,45528.32681
french polynesia,2018,21925.61604
qatar,2018,71039.84906
romania,2018,12502.26241
russian federation,2018,11211.8877
rwanda,2018,771.7735111
south asia,2018,1988.366333
saudi arabia,2018,29360.0659
sudan,2018,731.0274658
senegal,2018,1452.556126
singapore,2018,66881.6067
solomon islands,2018,2278.206339
sierra leone,2018,845.9145405
el salvador,2018,4183.54621
san marino,2018,47950.68806
"somalia, fed. rep.",2018,509.5258019
serbia,2018,7559.861657
sub-saharan africa (excluding high income),2018,1708.801086
south sudan,2018,
sub-saharan africa,2018,1612.735532
small states,2018,12009.78621
sao tome and principe,2018,1825.599718
suriname,2018,6665.741805
slovak republic,2018,19573.3717
slovenia,2018,25888.04811
sweden,2018,54181.90698
eswatini,2018,3973.463449
sint maarten (dutch part),2018,31708.31101
seychelles,2018,18440.23405
syrian arab republic,2018,1098.066864
turks and caicos islands,2018,31625.61659
chad,2018,948.6566299
east asia & pacific (ida & ibrd countries),2018,8136.368818
europe & central asia (ida & ibrd countries),2018,8890.615966
togo,2018,851.1308069
thailand,2018,7099.776501
tajikistan,2018,834.2884046
turkmenistan,2018,6125.051697
latin america & the caribbean (ida & ibrd countries),2018,8875.743614
timor-leste,2018,1219.465997
"middle east, north africa, afghanistan & pakistan (ida & ibrd)",2018,2784.509677
tonga,2018,4638.897854
south asia (ida & ibrd),2018,1988.366333
sub-saharan africa (ida & ibrd countries),2018,1612.735532
trinidad and tobago,2018,17575.80428
tunisia,2018,3628.103665
turkiye,2018,9568.835063
tuvalu,2018,4466.120349
tanzania,2018,1023.106262
uganda,2018,792.1657002
ukraine,2018,3059.051758
upper middle income,2018,8559.827164
uruguay,2018,19249.94047
united states,2018,62875.66614
uzbekistan,2018,1813.085308
st. vincent and the grenadines,2018,8428.126772
"venezuela, rb",2018,
british virgin islands,2018,
virgin islands (u.s.),2018,36663.20876
viet nam,2018,3222.310031
vanuatu,2018,3206.657487
world,2018,11326.9339
samoa,2018,4231.814095
kosovo,2018,4384.186241
"yemen, rep.",2018,633.8872025
south africa,2018,6914.178032
zambia,2018,1463.899979
zimbabwe,2018,2271.852504
aruba,2019,31096.20507
africa eastern and southern,2019,1493.817938
afghanistan,2019,496.6025043
africa western and central,2019,1798.340685
angola,2019,2189.855714
albania,2019,5460.430509
andorra,2019,41257.80458
arab world,2019,6638.485415
united arab emirates,2019,44251.45414
argentina,2019,9955.974787
armenia,2019,4597.228874
american samoa,2019,12886.13595
antigua and barbuda,2019,18896.37218
australia,2019,54972.70179
austria,2019,49885.99474
azerbaijan,2019,4805.753718
burundi,2019,210.2364945
belgium,2019,46716.62275
benin,2019,1130.821353
burkina faso,2019,764.8530778
bangladesh,2019,2129.79897
bulgaria,2019,10372.80443
bahrain,2019,27259.74386
"bahamas, the",2019,33640.33699
bosnia and herzegovina,2019,6122.375345
belarus,2019,6837.773396
belize,2019,6190.047923
bermuda,2019,115798.0408
bolivia,2019,3503.896011
brazil,2019,9029.833267
barbados,2019,20583.72658
brunei darussalam,2019,30426.57303
bhutan,2019,3576.879871
botswana,2019,7172.089565
central african republic,2019,449.2284676
canada,2019,46352.86934
central europe and the baltics,2019,16551.84889
switzerland,2019,84121.93103
channel islands,2019,60568.10835
chile,2019,14495.71672
china,2019,10342.90095
cote d'ivoire,2019,2141.768362
cameroon,2019,1555.226605
"congo, dem. rep.",2019,557.0441613
"congo, rep.",2019,2488.424667
colombia,2019,6472.545449
comoros,2019,1519.263863
cabo verde,2019,4380.781173
costa rica,2019,12884.686
caribbean small states,2019,13938.20232
cuba,2019,9232.261159
curacao,2019,19220.68658
cayman islands,2019,88254.29037
cyprus,2019,29703.05273
czechia,2019,24062.719
germany,2019,47623.86561
djibouti,2019,2837.169023
dominica,2019,9491.14996
denmark,2019,59404.26632
dominican republic,2019,8183.016236
algeria,2019,4468.453419
east asia & pacific (excluding high income),2019,8286.439675
early-demographic dividend,2019,3543.323907
east asia & pacific,2019,11578.27483
europe & central asia (excluding high income),2019,6020.636702
europe & central asia,2019,24975.41664
ecuador,2019,6205.057652
"egypt, arab rep.",2019,2962.98892
euro area,2019,39212.51115
eritrea,2019,
spain,2019,29786.52457
estonia,2019,24021.25014
ethiopia,2019,828.7090805
european union,2019,35374.64438
fragile and conflict affected situations,2019,1893.88269
finland,2019,48358.18078
fiji,2019,5950.828669
france,2019,40408.28486
faroe islands,2019,63067.06957
"micronesia, fed. sts.",2019,3572.659183
gabon,2019,7441.178647
united kingdom,2019,42794.00226
georgia,2019,4741.283272
ghana,2019,2186.658227
gibraltar,2019,
guinea,2019,1031.341465
"gambia, the",2019,738.186752
guinea-bissau,2019,807.4255249
equatorial guinea,2019,6804.149231
greece,2019,19335.3602
grenada,2019,10462.79292
greenland,2019,53309.20359
guatemala,2019,4511.997552
guam,2019,39274.94314
guyana,2019,6405.824434
high income,2019,41351.49891
"hong kong sar, china",2019,48359.0012
honduras,2019,2502.327443
heavily indebted poor countries (hipc),2019,984.5706616
croatia,2019,15563.81674
haiti,2019,1352.172042
hungary,2019,17012.85986
ibrd only,2019,6517.954322
ida & ibrd total,2019,5169.581323
ida total,2019,1434.204638
ida blend,2019,1878.133758
indonesia,2019,4106.948562
ida only,2019,1194.072157
isle of man,2019,87127.5518
india,2019,2041.428637
not classified,2019,
ireland,2019,81810.19265
"iran, islamic rep.",2019,3831.278948
iraq,2019,5671.856863
iceland,2019,68452.23622
israel,2019,44250.63136
italy,2019,33812.78872
jamaica,2019,5607.242993
jordan,2019,4170.1144
japan,2019,40415.95676
kazakhstan,2019,9457.126147
kenya,2019,1960.408089
kyrgyz republic,2019,1421.999275
cambodia,2019,2225.877055
kiribati,2019,1750.997719
st. kitts and nevis,2019,23595.49232
"korea, rep.",2019,31902.4169
kuwait,2019,31707.87375
latin america & caribbean (excluding high income),2019,8266.474712
lao pdr,2019,2589.32081
lebanon,2019,8905.880055
liberia,2019,658.1641808
libya,2019,9963.194891
st. lucia,2019,11794.05972
latin america & caribbean,2019,8830.227822
least developed countries: un classification,2019,1104.186332
low income,2019,654.9409479
liechtenstein,2019,166907.8393
sri lanka,2019,4081.947727
lower middle income,2019,2153.954271
low & middle income,2019,4904.422916
lesotho,2019,1082.057068
late-demographic dividend,2019,10112.20129
lithuania,2019,19608.79439
luxembourg,2019,112696.6491
latvia,2019,17294.97516
"macao sar, china",2019,81967.69917
st. martin (french part),2019,19033.05949
morocco,2019,3508.097656
monaco,2019,193746.7856
moldova,2019,4405.334182
madagascar,2019,499.8188376
maldives,2019,11740.2724
"middle east, north africa, afghanistan & pakistan",2019,5371.489872
mexico,2019,10369.55536
marshall islands,2019,5292.339855
middle income,2019,5310.4535
north macedonia,2019,6718.858266
mali,2019,971.9493186
malta,2019,32421.91798
myanmar,2019,1425.989542
"middle east, north africa, afghanistan & pakistan (excluding high income)",2019,2674.370461
montenegro,2019,8842.485287
mongolia,2019,4347.546103
northern mariana islands,2019,24496.66521
mozambique,2019,519.0925509
mauritania,2019,1767.072711
mauritius,2019,11403.25279
malawi,2019,580.8898161
malaysia,2019,10920.19176
north america,2019,63306.79998
namibia,2019,4731.921032
new caledonia,2019,33411.33588
niger,2019,561.6913043
nigeria,2019,2265.155209
nicaragua,2019,1958.620515
netherlands,2019,53554.90075
norway,2019,76430.58895
nepal,2019,1203.142947
nauru,2019,10776.82846
new zealand,2019,42779.22982
oecd members,2019,39718.01361
oman,2019,19180.18642
other small states,2019,12871.16576
pakistan,2019,1390.41691
panama,2019,16477.90663
peru,2019,7037.008037
philippines,2019,3400.789498
palau,2019,15841.19564
papua new guinea,2019,2575.772741
poland,2019,15874.52205
pre-demographic dividend,2019,1476.621873
puerto rico (us),2019,31830.5285
"korea, dem. people's rep.",2019,
portugal,2019,23343.3629
paraguay,2019,5821.181995
west bank and gaza,2019,3656.858271
pacific island small states,2019,4170.32121
post-demographic dividend,2019,45864.97047
french polynesia,2019,21582.5892
qatar,2019,66841.30135
romania,2019,12992.03261
russian federation,2019,11447.70117
rwanda,2019,810.0514121
south asia,2019,2067.059757
saudi arabia,2019,29566.79338
sudan,2019,709.9752808
senegal,2019,1431.181289
singapore,2019,65952.0379
solomon islands,2019,2223.665026
sierra leone,2019,844.0495552
el salvador,2019,4320.116715
san marino,2019,46627.01224
"somalia, fed. rep.",2019,539.8939316
serbia,2019,7755.632986
sub-saharan africa (excluding high income),2019,1705.21463
south sudan,2019,
sub-saharan africa,2019,1617.668881
small states,2019,11958.5107
sao tome and principe,2019,1935.293182
suriname,2019,6629.667752
slovak republic,2019,19406.05897
slovenia,2019,25814.16872
sweden,2019,51773.04646
eswatini,2019,3913.12644
sint maarten (dutch part),2019,34861.46953
seychelles,2019,19141.51187
syrian arab republic,2019,1109.53926
turks and caicos islands,2019,31780.52171
chad,2019,893.3364416
east asia & pacific (ida & ibrd countries),2019,8379.406869
europe & central asia (ida & ibrd countries),2019,9034.432091
togo,2019,826.2606541
thailand,2019,7605.696578
tajikistan,2019,871.0223729
turkmenistan,2019,6648.034896
latin america & the caribbean (ida & ibrd countries),2019,8654.947212
timor-leste,2019,1562.364581
"middle east, north africa, afghanistan & pakistan (ida & ibrd)",2019,2667.558953
tonga,2019,4676.848025
south asia (ida & ibrd),2019,2067.059757
sub-saharan africa (ida & ibrd countries),2019,1617.668881
trinidad and tobago,2019,17293.47301
tunisia,2019,3528.872133
turkiye,2019,9215.440499
tuvalu,2019,5115.13076
tanzania,2019,1063.32251
uganda,2019,822.1711501
ukraine,2019,3619.861572
upper middle income,2019,8647.399639
uruguay,2019,18315.7317
united states,2019,65227.95659
uzbekistan,2019,2041.384807
st. vincent and the grenadines,2019,8740.594252
"venezuela, rb",2019,
british virgin islands,2019,
virgin islands (u.s.),2019,38633.52989
viet nam,2019,3440.900254
vanuatu,2019,3207.446505
world,2019,11376.82334
samoa,2019,4351.942349
kosovo,2019,4415.997161
"yemen, rep.",2019,
south africa,2019,6533.71121
zambia,2019,1258.986198
zimbabwe,2019,1683.913136
aruba,2020,22855.93232
africa eastern and southern,2020,1344.10321
afghanistan,2020,510.7870634
africa western and central,2020,1680.039332
angola,2020,1449.922867
albania,2020,5370.7775
andorra,2020,37361.09007
arab world,2020,5722.480995
united arab emirates,2020,37173.87541
argentina,2020,8535.59938
armenia,2020,4268.680933
american samoa,2020,14489.25866
antigua and barbuda,2020,15369.60823
australia,2020,51791.54018
austria,2020,48716.40989
azerbaijan,2020,4229.910649
burundi,2020,210.0081399
belgium,2020,45906.28758
benin,2020,1200.194266
burkina faso,2020,825.2370388
bangladesh,2020,2248.850788
bulgaria,2020,10769.94757
bahrain,2020,24342.84446
"bahamas, the",2020,26178.75376
bosnia and herzegovina,2020,6130.311332
belarus,2020,6542.8558
belize,2020,5227.193638
bermuda,2020,106976.5462
bolivia,2020,3099.942191
brazil,2020,7074.193783
barbados,2020,18347.11091
brunei darussalam,2020,26834.35925
bhutan,2020,3191.66907
botswana,2020,6323.297498
central african republic,2020,462.8790713
canada,2020,43537.8393
central europe and the baltics,2020,16595.93527
switzerland,2020,85897.78433
channel islands,2020,56785.9402
chile,2020,13114.81547
china,2020,10627.4638
cote d'ivoire,2020,2179.729348
cameroon,2020,1555.603707
"congo, dem. rep.",2020,507.5212301
"congo, rep.",2020,1993.586672
colombia,2020,5339.687114
comoros,2020,1527.169909
cabo verde,2020,3539.226612
costa rica,2020,12394.0494
caribbean small states,2020,11925.7574
cuba,2020,9605.261251
curacao,2020,16356.09333
cayman islands,2020,82338.79829
cyprus,2020,28649.01563
czechia,2020,23472.89155
germany,2020,47379.76519
djibouti,2020,2844.888106
dominica,2020,7827.748427
denmark,2020,60985.48856
dominican republic,2020,7135.222733
algeria,2020,3743.541952
east asia & pacific (excluding high income),2020,8391.368384
early-demographic dividend,2020,3250.749747
east asia & pacific,2020,11595.29409
europe & central asia (excluding high income),2020,5733.417619
europe & central asia,2020,24121.4791
ecuador,2020,5463.645153
"egypt, arab rep.",2020,3511.11381
euro area,2020,38234.53359
eritrea,2020,
spain,2020,27233.94265
estonia,2020,23933.99394
ethiopia,2020,905.3131593
european union,2020,34698.40321
fragile and conflict affected situations,2020,1685.097951
finland,2020,48828.68469
fiji,2020,4844.421272
france,2020,39169.8606
faroe islands,2020,62240.82241
"micronesia, fed. sts.",2020,3362.027931
gabon,2020,6605.803461
united kingdom,2020,40404.80622
georgia,2020,4300.857013
ghana,2020,2195.454817
gibraltar,2020,
guinea,2020,1053.660977
"gambia, the",2020,720.3351434
guinea-bissau,2020,836.2673142
equatorial guinea,2020,5764.055029
greece,2020,17886.73317
grenada,2020,8968.558901
greenland,2020,54812.66618
guatemala,2020,4477.617618
guam,2020,36482.9364
guyana,2020,6775.709391
high income,2020,40219.13602
"hong kong sar, china",2020,46109.22999
honduras,2020,2307.614943
heavily indebted poor countries (hipc),2020,968.074022
croatia,2020,14808.46202
haiti,2020,1290.325387
hungary,2020,16386.93088
ibrd only,2020,6236.681205
ida & ibrd total,2020,4932.646214
ida total,2020,1374.492016
ida blend,2020,1735.425044
indonesia,2020,3853.702888
ida only,2020,1179.866456
isle of man,2020,79513.53303
india,2020,1907.042516
not classified,2020,
ireland,2020,86622.50673
"iran, islamic rep.",2020,2988.781224
iraq,2020,4295.189451
iceland,2020,59023.56635
israel,2020,44575.5719
italy,2020,32091.48666
jamaica,2020,4879.440258
jordan,2020,4022.040136
japan,2020,40028.73417
kazakhstan,2020,8781.507978
kenya,2020,1927.66459
kyrgyz republic,2020,1229.517666
cambodia,2020,2081.739142
kiribati,2020,1751.78232
st. kitts and nevis,2020,18859.01904
"korea, rep.",2020,31721.29891
kuwait,2020,25236.07555
latin america & caribbean (excluding high income),2020,6892.381716
lao pdr,2020,2583.777307
lebanon,2020,5561.19167
liberia,2020,616.787867
libya,2020,6650.338106
st. lucia,2020,8411.074749
latin america & caribbean,2020,7445.296453
least developed countries: un classification,2020,1088.704909
low income,2020,607.9647537
liechtenstein,2020,164671.0936
sri lanka,2020,3847.601377
lower middle income,2020,2058.4346
low & middle income,2020,4698.51753
lesotho,2020,918.5825774
late-demographic dividend,2020,9869.5402
lithuania,2020,20428.64782
luxembourg,2020,116860.0282
latvia,2020,17564.23215
"macao sar, china",2020,36976.25611
st. martin (french part),2020,
morocco,2020,3268.030273
monaco,2020,176891.8865
moldova,2020,4375.778893
madagascar,2020,450.7716152
maldives,2020,7393.888654
"middle east, north africa, afghanistan & pakistan",2020,4707.819861
mexico,2020,8841.270751
marshall islands,2020,5661.967873
middle income,2020,5096.735904
north macedonia,2020,6659.596511
mali,2020,953.2429433
malta,2020,31833.59638
myanmar,2020,1490.216835
"middle east, north africa, afghanistan & pakistan (excluding high income)",2020,2381.425425
montenegro,2020,7612.628459
mongolia,2020,4001.251931
northern mariana islands,2020,18220.83824
mozambique,2020,462.4338765
mauritania,2020,1795.764596
mauritius,2020,9011.042884
malawi,2020,602.5074782
malaysia,2020,9957.526267
north america,2020,62262.64241
namibia,2020,3878.58983
new caledonia,2020,33270.3306
niger,2020,579.5124958
nigeria,2020,2019.657063
nicaragua,2020,1938.447048
netherlands,2020,53467.92774
norway,2020,68340.0181
nepal,2020,1154.215176
nauru,2020,10695.69933
new zealand,2020,41850.92033
oecd members,2020,38704.97731
oman,2020,16784.86306
other small states,2020,11728.95245
pakistan,2020,1278.397352
panama,2020,13290.56083
peru,2020,6133.325524
philippines,2020,3227.579102
palau,2020,14556.58723
papua new guinea,2020,2429.611346
poland,2020,16150.9291
pre-demographic dividend,2020,1320.709111
puerto rico (us),2020,31427.11308
"korea, dem. people's rep.",2020,
portugal,2020,22299.40441
paraguay,2020,5365.472207
west bank and gaza,2020,3233.568638
pacific island small states,2020,3666.089264
post-demographic dividend,2020,44887.38352
french polynesia,2020,19966.48385
qatar,2020,51683.50544
romania,2020,13082.30066
russian federation,2020,10108.32715
rwanda,2020,778.7014988
south asia,2020,1957.203437
saudi arabia,2020,24338.83073
sudan,2020,577.7952271
senegal,2020,1461.087204
singapore,2020,61410.07926
solomon islands,2020,2063.331015
sierra leone,2020,845.9829143
el salvador,2020,3997.192796
san marino,2020,44426.64634
"somalia, fed. rep.",2020,518.1847785
serbia,2020,8098.709557
sub-saharan africa (excluding high income),2020,1544.441121
south sudan,2020,
sub-saharan africa,2020,1480.478642
small states,2020,10699.29117
sao tome and principe,2020,2167.220018
suriname,2020,4755.392217
slovak republic,2020,19735.48583
slovenia,2020,25392.06511
sweden,2020,52653.75659
eswatini,2020,3454.784217
sint maarten (dutch part),2020,30150.89984
seychelles,2020,14041.47541
syrian arab republic,2020,572.3552898
turks and caicos islands,2020,20690.91605
chad,2020,866.9478149
east asia & pacific (ida & ibrd countries),2020,8485.420258
europe & central asia (ida & ibrd countries),2020,8456.581747
togo,2020,853.5782203
thailand,2020,6985.643939
tajikistan,2020,834.3117155
turkmenistan,2020,6592.60146
latin america & the caribbean (ida & ibrd countries),2020,7240.296724
timor-leste,2020,1630.869385
"middle east, north africa, afghanistan & pakistan (ida & ibrd)",2020,2375.473844
tonga,2020,4700.449405
south asia (ida & ibrd),2020,1957.203437
sub-saharan africa (ida & ibrd countries),2020,1480.478642
trinidad and tobago,2020,15358.8613
tunisia,2020,3548.653637
turkiye,2020,8638.739038
tuvalu,2020,4976.112541
tanzania,2020,1117.415283
uganda,2020,845.7664639
ukraine,2020,3709.769287
upper middle income,2020,8334.905824
uruguay,2020,15757.5356
united states,2020,64401.50744
uzbekistan,2020,1978.280519
st. vincent and the grenadines,2020,8351.20324
"venezuela, rb",2020,
british virgin islands,2020,
virgin islands (u.s.),2020,39787.37417
viet nam,2020,3534.039535
vanuatu,2020,3042.987116
world,2020,10963.17564
samoa,2020,4099.660091
kosovo,2020,4310.890655
"yemen, rep.",2020,
south africa,2020,5580.603831
zambia,2020,951.6443167
zimbabwe,2020,1730.45391
aruba,2021,27200.06108
africa eastern and southern,2021,1522.393346
afghanistan,2021,356.4962141
africa western and central,2021,1765.954788
angola,2021,1925.874661
albania,2021,6413.282808
andorra,2021,42425.69968
arab world,2021,6681.708952
united arab emirates,2021,43360.0211
argentina,2021,10738.01792
armenia,2021,4685.179971
american samoa,2021,15236.16049
antigua and barbuda,2021,17348.6007
australia,2021,60607.77886
austria,2021,53648.71907
azerbaijan,2021,5408.045352
burundi,2021,214.0914554
belgium,2021,51658.23829
benin,2021,1318.651581
burkina faso,2021,895.5352884
bangladesh,2021,2482.849178
bulgaria,2021,12972.21734
bahrain,2021,27147.80839
"bahamas, the",2021,30367.86058
bosnia and herzegovina,2021,7295.343824
belarus,2021,7489.718947
belize,2021,6122.611586
bermuda,2021,112765.0817
bolivia,2021,3384.844865
brazil,2021,7972.53665
barbados,2021,18696.7859
brunei darussalam,2021,31006.96362
bhutan,2021,3570.61258
botswana,2021,7807.887945
central african republic,2021,492.2631428
canada,2021,52886.66164
central europe and the baltics,2021,19239.8185
switzerland,2021,93664.77367
channel islands,2021,66912.17532
chile,2021,16206.83255
china,2021,12887.43572
cote d'ivoire,2021,2455.981276
cameroon,2021,1672.326573
"congo, dem. rep.",2021,558.0340773
"congo, rep.",2021,2516.162551
colombia,2021,6222.621644
comoros,2021,1587.729886
cabo verde,2021,3971.444092
costa rica,2021,12838.11854
caribbean small states,2021,13833.30993
cuba,2021,
curacao,2021,17979.99829
cayman islands,2021,86438.44526
cyprus,2021,33734.03516
czechia,2021,27696.46195
germany,2021,52265.65416
djibouti,2021,3025.911264
dominica,2021,8376.404141
denmark,2021,69727.98737
dominican republic,2021,8527.075486
algeria,2021,4160.559267
east asia & pacific (excluding high income),2021,9974.6364
early-demographic dividend,2021,3765.510798
east asia & pacific,2021,13282.76367
europe & central asia (excluding high income),2021,6623.351377
europe & central asia,2021,27591.41088
ecuador,2021,6061.323502
"egypt, arab rep.",2021,3827.354154
euro area,2021,42967.25517
eritrea,2021,
spain,2021,30799.47759
estonia,2021,27953.76702
ethiopia,2021,910.9478871
european union,2021,39214.36608
fragile and conflict affected situations,2021,1757.356402
finland,2021,53099.13514
fiji,2021,4696.171039
france,2021,43725.09995
faroe islands,2021,68749.40056
"micronesia, fed. sts.",2021,3508.223563
gabon,2021,8181.409141
united kingdom,2021,46926.47574
georgia,2021,5083.606955
ghana,2021,2445.186625
gibraltar,2021,
guinea,2021,1244.965505
"gambia, the",2021,781.8909252
guinea-bissau,2021,912.4841047
equatorial guinea,2021,6945.630698
greece,2021,20654.7002
grenada,2021,9622.240505
greenland,2021,58135.99399
guatemala,2021,4912.622257
guam,2021,38074.87937
guyana,2021,9860.870148
high income,2021,45211.94105
"hong kong sar, china",2021,49770.56424
honduras,2021,2735.147515
heavily indebted poor countries (hipc),2021,1049.999875
croatia,2021,17789.93047
haiti,2021,1835.443941
hungary,2021,19030.62813
ibrd only,2021,7366.114738
ida & ibrd total,2021,5764.255489
ida total,2021,1465.046916
ida blend,2021,1857.197346
indonesia,2021,4287.17314
ida only,2021,1254.095721
isle of man,2021,94299.96935
india,2021,2239.613844
not classified,2021,
ireland,2021,103961.9764
"iran, islamic rep.",2021,4334.792686
iraq,2021,4868.494311
iceland,2021,69178.4047
israel,2021,52270.90402
italy,2021,36852.54254
jamaica,2021,5165.337821
jordan,2021,4183.499983
japan,2021,40094.55998
kazakhstan,2021,9983.601036
kenya,2021,2061.356221
kyrgyz republic,2021,1349.997307
cambodia,2021,2167.403242
kiribati,2021,2222.048295
st. kitts and nevis,2021,18361.14497
"korea, rep.",2021,35125.5225
kuwait,2021,34018.63429
latin america & caribbean (excluding high income),2021,7955.361334
lao pdr,2021,2526.05105
lebanon,2021,4045.373911
liberia,2021,667.9661051
libya,2021,4935.827873
st. lucia,2021,10459.13212
latin america & caribbean,2021,8597.53194
least developed countries: un classification,2021,1161.529355
low income,2021,643.369305
liechtenstein,2021,201944.8303
sri lanka,2021,3996.9624
lower middle income,2021,2302.447369
low & middle income,2021,5485.924721
lesotho,2021,1066.586436
late-demographic dividend,2021,11755.42454
lithuania,2021,23870.45949
luxembourg,2021,134965.8154
latvia,2021,20261.88878
"macao sar, china",2021,45376.31459
st. martin (french part),2021,21668.37409
morocco,2021,3785.936279
monaco,2021,223823.364
moldova,2021,5274.605822
madagascar,2021,483.4694634
maldives,2021,10176.14388
"middle east, north africa, afghanistan & pakistan",2021,5575.272986
mexico,2021,10314.05067
marshall islands,2021,6258.611937
middle income,2021,5966.000158
north macedonia,2021,7620.80297
mali,2021,1027.273454
malta,2021,38065.35435
myanmar,2021,1242.721344
"middle east, north africa, afghanistan & pakistan (excluding high income)",2021,2719.531268
montenegro,2021,9377.488797
mongolia,2021,4517.61578
northern mariana islands,2021,19455.50139
mozambique,2021,509.9078295
mauritania,2021,1947.789184
mauritius,2021,9068.973002
malawi,2021,617.4475208
malaysia,2021,10903.11164
north america,2021,69412.91375
namibia,2021,4412.835569
new caledonia,2021,35311.55436
niger,2021,608.7224396
nigeria,2021,2017.274865
nicaragua,2021,2138.385885
netherlands,2021,60141.98809
norway,2021,93072.89251
nepal,2021,1252.750767
nauru,2021,14989.66475
new zealand,2021,49689.49813
oecd members,2021,43149.60725
oman,2021,19403.46002
other small states,2021,13671.45655
pakistan,2021,1455.319224
panama,2021,15509.80691
peru,2021,6826.202556
philippines,2021,3484.385939
palau,2021,13257.20632
papua new guinea,2021,2607.578619
poland,2021,18635.50888
pre-demographic dividend,2021,1412.709089
puerto rico (us),2021,32619.07046
"korea, dem. people's rep.",2021,
portugal,2021,24711.45101
paraguay,2021,5976.931798
west bank and gaza,2021,3678.635657
pacific island small states,2021,3649.533887
post-demographic dividend,2021,50022.03892
french polynesia,2021,21982.90389
qatar,2021,71751.88313
romania,2021,14986.78549
russian federation,2021,12425.0293
rwanda,2021,829.5448456
south asia,2021,2273.720558
saudi arabia,2021,31920.76537
sudan,2021,712.1220093
senegal,2021,1598.10677
singapore,2021,80056.12882
solomon islands,2021,1996.869768
sierra leone,2021,886.1929391
el salvador,2021,4642.607431
san marino,2021,54168.98283
"somalia, fed. rep.",2021,549.1147427
serbia,2021,9680.527981
sub-saharan africa (excluding high income),2021,1700.421999
south sudan,2021,
sub-saharan africa,2021,1621.10097
small states,2021,12369.06398
sao tome and principe,2021,2362.588272
suriname,2021,5029.848385
slovak republic,2021,22132.4483
slovenia,2021,29187.36938
sweden,2021,61174.96802
eswatini,2021,3966.298633
sint maarten (dutch part),2021,32548.43669
seychelles,2021,14982.91115
syrian arab republic,2021,663.6142457
turks and caicos islands,2021,27329.28851
chad,2021,946.3585002
east asia & pacific (ida & ibrd countries),2021,10086.47852
europe & central asia (ida & ibrd countries),2021,9987.988644
togo,2021,939.6133738
thailand,2021,7057.207548
tajikistan,2021,896.7480534
turkmenistan,2021,7051.202111
latin america & the caribbean (ida & ibrd countries),2021,8382.42554
timor-leste,2021,2684.827024
"middle east, north africa, afghanistan & pakistan (ida & ibrd)",2021,2712.781894
tonga,2021,4912.579663
south asia (ida & ibrd),2021,2273.720558
sub-saharan africa (ida & ibrd countries),2021,1621.10097
trinidad and tobago,2021,17679.18126
tunisia,2021,3906.939263
turkiye,2021,9743.212778
tuvalu,2021,5905.081981
tanzania,2021,1159.856567
uganda,2021,882.7917174
ukraine,2021,4775.945801
upper middle income,2021,9905.055835
uruguay,2021,17881.81872
united states,2021,71307.40173
uzbekistan,2021,2258.519641
st. vincent and the grenadines,2021,8641.27904
"venezuela, rb",2021,
british virgin islands,2021,
virgin islands (u.s.),2021,42571.07774
viet nam,2021,3704.193559
vanuatu,2021,3211.719473
world,2021,12418.56592
samoa,2021,3947.645179
kosovo,2021,5270.429653
"yemen, rep.",2021,
south africa,2021,6843.399419
zambia,2021,1127.160779
zimbabwe,2021,1724.387271
aruba,2022,30559.53353
africa eastern and southern,2022,1628.318944
afghanistan,2022,357.2611528
africa western and central,2022,1796.668633
angola,2022,2929.694455
albania,2022,6846.426694
andorra,2022,42414.05901
arab world,2022,7931.617893
united arab emirates,2022,49899.0653
argentina,2022,13935.68111
armenia,2022,6571.974455
american samoa,2022,18017.45894
antigua and barbuda,2022,20105.19891
australia,2022,64997.01365
austria,2022,52176.66491
azerbaijan,2022,7770.594223
burundi,2022,250.6342254
belgium,2022,50822.25185
benin,2022,1266.42711
burkina faso,2022,836.1183046
bangladesh,2022,2716.485928
bulgaria,2022,13999.67192
bahrain,2022,30470.52193
"bahamas, the",2022,34957.16133
bosnia and herzegovina,2022,7655.59421
belarus,2022,7994.648061
belize,2022,7068.454783
bermuda,2022,121613.94
bolivia,2022,3643.92827
brazil,2022,9281.333344
barbados,2022,22164.02603
brunei darussalam,2022,36632.92804
bhutan,2022,3711.32768
botswana,2022,8328.709057
central african republic,2022,467.359825
canada,2022,56256.80073
central europe and the baltics,2022,19548.69305
switzerland,2022,94394.51068
channel islands,2022,67627.30845
chile,2022,15405.61658
china,2022,12970.60564
cote d'ivoire,2022,2333.371283
cameroon,2022,1604.87727
"congo, dem. rep.",2022,642.6122671
"congo, rep.",2022,2620.838043
colombia,2022,6680.445069
comoros,2022,1533.877553
cabo verde,2022,4323.31362
costa rica,2022,13625.90085
caribbean small states,2022,17355.83666
cuba,2022,
curacao,2022,20501.75228
cayman islands,2022,92202.1478
cyprus,2022,33894.44922
czechia,2022,28282.22367
germany,2022,49686.11546
djibouti,2022,3133.257798
dominica,2022,9323.660895
denmark,2022,68091.31911
dominican republic,2022,10104.24493
algeria,2022,4961.552577
east asia & pacific (excluding high income),2022,10106.87252
early-demographic dividend,2022,4113.000849
east asia & pacific,2022,13084.28481
europe & central asia (excluding high income),2022,7247.609812
europe & central asia,2022,27782.86162
ecuador,2022,6515.585284
"egypt, arab rep.",2022,4233.307837
euro area,2022,41446.43228
eritrea,2022,
spain,2022,30270.2687
estonia,2022,28451.14778
ethiopia,2022,1011.073324
european union,2022,37962.8295
fragile and conflict affected situations,2022,1897.949114
finland,2022,50440.56022
fiji,2022,5405.030062
france,2022,41082.81193
faroe islands,2022,66139.38097
"micronesia, fed. sts.",2022,3710.124485
gabon,2022,8409.207415
united kingdom,2022,46062.99141
georgia,2022,6729.846599
ghana,2022,2229.891226
gibraltar,2022,
guinea,2022,1416.59612
"gambia, the",2022,836.2448756
guinea-bissau,2022,873.4378619
equatorial guinea,2022,7589.299649
greece,2022,20971.83493
grenada,2022,10535.45888
greenland,2022,55635.00065
guatemala,2022,5358.701275
guam,2022,41833.15171
guyana,2022,17913.49281
high income,2022,46655.16486
"hong kong sar, china",2022,48825.84419
honduras,2022,3003.289968
heavily indebted poor countries (hipc),2022,1111.391858
croatia,2022,18466.09555
haiti,2022,1760.626357
hungary,2022,18483.63669
ibrd only,2022,7745.393066
ida & ibrd total,2022,6043.777287
ida total,2022,1551.173814
ida blend,2022,1962.521523
indonesia,2022,4730.834848
ida only,2022,1330.402539
isle of man,2022,88328.54813
india,2022,2347.448294
not classified,2022,
ireland,2022,105234.5116
"iran, islamic rep.",2022,4405.092915
iraq,2022,6520.731546
iceland,2022,75121.01523
israel,2022,54949.62156
italy,2022,35653.90421
jamaica,2022,6022.153398
jordan,2022,4332.251599
japan,2022,34065.6439
kazakhstan,2022,11255.33964
kenya,2022,2109.562885
kyrgyz republic,2022,1739.720183
cambodia,2022,2325.0305
kiribati,2022,2069.767201
st. kitts and nevis,2022,20985.01122
"korea, rep.",2022,32394.68337
kuwait,2022,39981.7691
latin america & caribbean (excluding high income),2022,9093.652742
lao pdr,2022,2046.404403
lebanon,2022,3654.358455
liberia,2022,744.6171752
libya,2022,5986.636949
st. lucia,2022,13103.82431
latin america & caribbean,2022,9716.032667
least developed countries: un classification,2022,1273.789792
low income,2022,723.5046389
liechtenstein,2022,186821.8818
sri lanka,2022,3342.636503
lower middle income,2022,2424.150547
low & middle income,2022,5702.283442
lesotho,2022,1030.125796
late-demographic dividend,2022,12280.10754
lithuania,2022,25085.78406
luxembourg,2022,123719.6589
latvia,2022,20227.23074
"macao sar, china",2022,36909.95641
st. martin (french part),2022,
morocco,2022,3455.39624
monaco,2022,226052.0019
moldova,2022,5744.296184
madagascar,2022,503.5145335
maldives,2022,11786.00915
"middle east, north africa, afghanistan & pakistan",2022,6383.398393
mexico,2022,11402.14104
marshall islands,2022,6322.828555
middle income,2022,6205.545998
north macedonia,2022,7606.237525
mali,2022,969.7222056
malta,2022,36224.282
myanmar,2022,1158.05005
"middle east, north africa, afghanistan & pakistan (excluding high income)",2022,2975.955663
montenegro,2022,9990.204446
mongolia,2022,4993.514875
northern mariana islands,2022,23785.75459
mozambique,2022,578.2516638
mauritania,2022,1960.352401
mauritius,2022,10223.78823
malawi,2022,604.2697512
malaysia,2022,11748.09193
north america,2022,75613.45071
namibia,2022,4349.799085
new caledonia,2022,33516.36309
niger,2022,609.7451477
nigeria,2022,2139.374785
nicaragua,2022,2322.89054
netherlands,2022,59123.31856
norway,2022,109269.5206
nepal,2022,1385.910663
nauru,2022,12896.4341
new zealand,2022,48760.03819
oecd members,2022,44046.42625
oman,2022,23223.58294
other small states,2022,14298.10282
pakistan,2022,1538.322813
panama,2022,17332.43607
peru,2022,7350.630343
philippines,2022,3548.069306
palau,2022,14392.20114
papua new guinea,2022,3102.289686
poland,2022,18891.21353
pre-demographic dividend,2022,1577.716271
puerto rico (us),2022,35353.68216
"korea, dem. people's rep.",2022,
portugal,2022,24620.51956
paraguay,2022,6205.625954
west bank and gaza,2022,3799.95527
pacific island small states,2022,3888.62868
post-demographic dividend,2022,51102.35627
french polynesia,2022,20738.65
qatar,2022,88701.46335
romania,2022,15557.88262
russian federation,2022,15619.61426
rwanda,2022,975.469324
south asia,2022,2385.083416
saudi arabia,2022,38510.22762
sudan,2022,1046.240845
senegal,2022,1574.028106
singapore,2022,90299.06946
solomon islands,2022,2005.413993
sierra leone,2022,860.7745909
el salvador,2022,5074.602102
san marino,2022,54264.5705
"somalia, fed. rep.",2022,573.1280925
serbia,2022,10022.96885
sub-saharan africa (excluding high income),2022,1772.655354
south sudan,2022,
sub-saharan africa,2022,1696.439993
small states,2022,13598.1108
sao tome and principe,2022,2389.737298
suriname,2022,6084.438767
slovak republic,2022,21334.6011
slovenia,2022,28373.83823
sweden,2022,55296.93715
eswatini,2022,3889.65277
sint maarten (dutch part),2022,36476.63008
seychelles,2022,16836.67219
syrian arab republic,2022,1051.671496
turks and caicos islands,2022,31280.5418
chad,2022,966.0364683
east asia & pacific (ida & ibrd countries),2022,10220.3605
europe & central asia (ida & ibrd countries),2022,11410.44153
togo,2022,898.7581544
thailand,2022,6909.352818
tajikistan,2022,1052.179495
turkmenistan,2022,8156.35212
latin america & the caribbean (ida & ibrd countries),2022,9482.776399
timor-leste,2022,2343.245234
"middle east, north africa, afghanistan & pakistan (ida & ibrd)",2022,2970.114288
tonga,2022,4933.074669
south asia (ida & ibrd),2022,2385.083416
sub-saharan africa (ida & ibrd countries),2022,1696.439993
trinidad and tobago,2022,20874.37683
tunisia,2022,3708.848124
turkiye,2022,10674.50416
tuvalu,2022,5911.327271
tanzania,2022,1207.853027
uganda,2022,963.0673142
ukraine,2022,4199.670898
upper middle income,2022,10310.86688
uruguay,2022,20818.61461
united states,2022,77860.91129
uzbekistan,2022,2578.666894
st. vincent and the grenadines,2022,9693.558678
"venezuela, rb",2022,
british virgin islands,2022,
virgin islands (u.s.),2022,44320.90919
viet nam,2022,4147.697772
vanuatu,2022,3292.341088
world,2022,12819.74484
samoa,2022,3869.466395
kosovo,2022,5290.947472
"yemen, rep.",2022,
south africa,2022,6523.410978
zambia,2022,1447.123101
zimbabwe,2022,2040.546587
aruba,2023,33984.79062
africa eastern and southern,2023,1510.742951
afghanistan,2023,413.7578947
africa western and central,2023,1599.392983
angola,2023,2309.53413
albania,2023,8575.171346
andorra,2023,46812.44845
arab world,2023,7479.688091
united arab emirates,2023,49040.69475
argentina,2023,14187.48273
armenia,2023,8125.273958
american samoa,2023,
antigua and barbuda,2023,21494.5474
australia,2023,64835.91998
austria,2023,56033.57379
azerbaijan,2023,7133.02838
burundi,2023,192.0743054
belgium,2023,54690.09427
benin,2023,1394.177847
burkina faso,2023,882.6898101
bangladesh,2023,2551.017738
bulgaria,2023,15883.86185
bahrain,2023,29290.12842
"bahamas, the",2023,38231.77448
bosnia and herzegovina,2023,8663.02323
belarus,2023,7896.753883
belize,2023,7459.998151
bermuda,2023,132604.4391
bolivia,2023,3686.279964
brazil,2023,10377.58928
barbados,2023,23804.02499
brunei darussalam,2023,32890.54925
bhutan,2023,3839.409304
botswana,2023,7826.353765
central african republic,2023,495.9788973
canada,2023,54220.3285
central europe and the baltics,2023,22699.53517
switzerland,2023,100631.8028
channel islands,2023,74589.13812
chile,2023,17067.03648
china,2023,12951.17824
cote d'ivoire,2023,2554.673049
cameroon,2023,1736.860911
"congo, dem. rep.",2023,633.3956617
"congo, rep.",2023,2477.978455
colombia,2023,7000.836605
comoros,2023,1682.202851
cabo verde,2023,4861.291841
costa rica,2023,16942.02681
caribbean small states,2023,17582.26368
cuba,2023,
curacao,2023,21061.74164
cayman islands,2023,97749.5079
cyprus,2023,36551.41797
czechia,2023,31591.05682
germany,2023,53940.40734
djibouti,2023,3397.520158
dominica,2023,9912.962128
denmark,2023,68453.87693
dominican republic,2023,10630.43174
algeria,2023,5364.02795
east asia & pacific (excluding high income),2023,10125.76681
early-demographic dividend,2023,4313.648042
east asia & pacific,2023,13117.90954
europe & central asia (excluding high income),2023,8571.410187
europe & central asia,2023,29835.71805
ecuador,2023,6737.847484
"egypt, arab rep.",2023,3456.789685
euro area,2023,45068.70109
eritrea,2023,
spain,2023,33509.0128
estonia,2023,30133.30445
ethiopia,2023,
european union,2023,41392.07438
fragile and conflict affected situations,2023,1722.021979
finland,2023,52821.51143
fiji,2023,5888.736673
france,2023,44690.93454
faroe islands,2023,71774.35224
"micronesia, fed. sts.",2023,3941.372479
gabon,2023,8071.397774
united kingdom,2023,49200.81015
georgia,2023,8283.669607
ghana,2023,2383.904105
gibraltar,2023,
guinea,2023,1555.493758
"gambia, the",2023,888.1574074
guinea-bissau,2023,964.9275542
equatorial guinea,2023,6677.793435
greece,2023,23400.72788
grenada,2023,11308.28742
greenland,2023,58498.97431
guatemala,2023,5758.308763
guam,2023,
guyana,2023,20473.70022
high income,2023,48708.46247
"hong kong sar, china",2023,50565.46477
honduras,2023,3227.457625
heavily indebted poor countries (hipc),2023,1140.19607
croatia,2023,21865.45628
haiti,2023,1705.758085
hungary,2023,22312.17903
ibrd only,2023,7964.736753
ida & ibrd total,2023,6157.398215
ida total,2023,1458.944691
ida blend,2023,1729.919829
indonesia,2023,4876.307745
ida only,2023,1319.434443
isle of man,2023,
india,2023,2530.120313
not classified,2023,
ireland,2023,103887.8004
"iran, islamic rep.",2023,4465.637669
iraq,2023,5965.318351
iceland,2023,79960.09615
israel,2023,52003.72007
italy,2023,39065.42444
jamaica,2023,6839.725024
jordan,2023,4466.083142
japan,2023,33836.17563
kazakhstan,2023,12879.42753
kenya,2023,1952.304579
kyrgyz republic,2023,2138.222102
cambodia,2023,2429.748535
kiribati,2023,2177.701141
st. kitts and nevis,2023,22600.45023
"korea, rep.",2023,33121.37129
kuwait,2023,34075.84904
latin america & caribbean (excluding high income),2023,10166.92867
lao pdr,2023,2066.949798
lebanon,2023,3477.724898
liberia,2023,799.1944702
libya,2023,6172.812469
st. lucia,2023,13554.76848
latin america & caribbean,2023,10838.82795
least developed countries: un classification,2023,1220.238439
low income,2023,697.1711915
liechtenstein,2023,207973.6177
sri lanka,2023,3798.890166
lower middle income,2023,2443.408276
low & middle income,2023,5819.840863
lesotho,2023,916.2829705
late-demographic dividend,2023,12422.7254
lithuania,2023,27786.00578
luxembourg,2023,131407.6814
latvia,2023,22675.57863
"macao sar, china",2023,67476.52908
st. martin (french part),2023,
morocco,2023,3771.446289
monaco,2023,256580.5151
moldova,2023,6799.585946
madagascar,2023,508.7184277
maldives,2023,12530.36024
"middle east, north africa, afghanistan & pakistan",2023,6063.052477
mexico,2023,13826.13066
marshall islands,2023,6678.342391
middle income,2023,6347.753919
north macedonia,2023,8624.284002
mali,2023,1035.862426
malta,2023,40182.43139
myanmar,2023,1233.196662
"middle east, north africa, afghanistan & pakistan (excluding high income)",2023,2797.407307
montenegro,2023,12077.37471
mongolia,2023,5838.631081
northern mariana islands,2023,
mozambique,2023,622.9856193
mauritania,2023,2120.823184
mauritius,2023,11182.18657
malawi,2023,602.3436198
malaysia,2023,11379.08519
north america,2023,79326.90766
namibia,2023,4187.605004
new caledonia,2023,
niger,2023,638.3360807
nigeria,2023,1596.636961
nicaragua,2023,2609.444921
netherlands,2023,64572.00596
norway,2023,87497.32893
nepal,2023,1382.330558
nauru,2023,12754.18676
new zealand,2023,48654.90423
oecd members,2023,46672.51399
oman,2023,20972.48309
other small states,2023,15151.46649
pakistan,2023,1365.169274
panama,2023,18686.4051
peru,2023,7887.541859
philippines,2023,3804.082741
palau,2023,15899.42461
papua new guinea,2023,2966.068304
poland,2023,22145.26431
pre-demographic dividend,2023,1416.33353
puerto rico (us),2023,36948.40364
"korea, dem. people's rep.",2023,
portugal,2023,27386.29206
paraguay,2023,6299.990265
west bank and gaza,2023,3455.028529
pacific island small states,2023,4153.197066
post-demographic dividend,2023,53961.34181
french polynesia,2023,22774.1419
qatar,2023,80195.87465
romania,2023,18404.27309
russian federation,2023,14159.3877
rwanda,2023,1027.034468
south asia,2023,2532.375601
saudi arabia,2023,36156.84834
sudan,2023,797.2834473
senegal,2023,1698.033873
singapore,2023,85412.23035
solomon islands,2023,2076.107688
sierra leone,2023,757.8486806
el salvador,2023,5365.444914
san marino,2023,
"somalia, fed. rep.",2023,597.4588546
serbia,2023,12281.50585
sub-saharan africa (excluding high income),2023,1614.139025
south sudan,2023,
sub-saharan africa,2023,1544.759115
small states,2023,14222.96605
sao tome and principe,2023,2940.933529
suriname,2023,5494.074094
slovak republic,2023,24673.5483
slovenia,2023,32610.11092
sweden,2023,55567.08901
eswatini,2023,3741.690107
sint maarten (dutch part),2023,38077.54449
seychelles,2023,18262.71158
syrian arab republic,2023,847.3727234
turks and caicos islands,2023,35470.21516
chad,2023,989.058529
east asia & pacific (ida & ibrd countries),2023,10239.67433
europe & central asia (ida & ibrd countries),2023,12106.92409
togo,2023,985.6975126
thailand,2023,7195.101309
tajikistan,2023,1178.479901
turkmenistan,2023,8232.65226
latin america & the caribbean (ida & ibrd countries),2023,10593.11643
timor-leste,2023,1502.519645
"middle east, north africa, afghanistan & pakistan (ida & ibrd)",2023,2792.714575
tonga,2023,4863.763846
south asia (ida & ibrd),2023,2532.375601
sub-saharan africa (ida & ibrd countries),2023,1544.759115
trinidad and tobago,2023,18639.25924
tunisia,2023,3950.375342
turkiye,2023,13105.6585
tuvalu,2023,6344.775019
tanzania,2023,1224.489624
uganda,2023,1002.309139
ukraine,2023,5139.598145
upper middle income,2023,10631.31674
uruguay,2023,23019.42216
united states,2023,82304.62043
uzbekistan,2023,2878.968793
st. vincent and the grenadines,2023,10582.36567
"venezuela, rb",2023,
british virgin islands,2023,
virgin islands (u.s.),2023,
viet nam,2023,4323.35032
vanuatu,2023,3515.236336
world,2023,13259.70987
samoa,2023,4330.178405
kosovo,2023,6221.203652
"yemen, rep.",2023,
south africa,2023,6022.542542
zambia,2023,1330.727806
zimbabwe,2023,2156.034093
aruba,2024,
africa eastern and southern,2024,1567.635839
afghanistan,2024,
africa western and central,2024,1284.154441
angola,2024,2122.08369
albania,2024,10011.62799
andorra,2024,49303.67339
arab world,2024,7521.153309
united arab emirates,2024,49377.56434
argentina,2024,13858.20398
armenia,2024,8500.605225
american samoa,2024,
antigua and barbuda,2024,23725.79037
australia,2024,64407.48426
austria,2024,56833.19605
azerbaijan,2024,7283.83563
burundi,2024,153.9302179
belgium,2024,55954.61063
benin,2024,1485.38019
burkina faso,2024,987.3213781
bangladesh,2024,2593.416074
bulgaria,2024,17412.41151
bahrain,2024,30048.21777
"bahamas, the",2024,39455.44665
bosnia and herzegovina,2024,8957.372942
belarus,2024,8316.647763
belize,2024,8429.679597
bermuda,2024,138934.9588
bolivia,2024,4001.21134
brazil,2024,10280.31486
barbados,2024,25365.79494
brunei darussalam,2024,33417.83577
bhutan,2024,
botswana,2024,7695.242064
central african republic,2024,516.1704245
canada,2024,54282.61761
central europe and the baltics,2024,24543.30406
switzerland,2024,103669.872
channel islands,2024,
chile,2024,16709.8894
china,2024,13303.14815
cote d'ivoire,2024,2709.895116
cameroon,2024,1762.368351
"congo, dem. rep.",2024,647.4357048
"congo, rep.",2024,2482.248947
colombia,2024,7913.988015
comoros,2024,1784.115469
cabo verde,2024,5272.85253
costa rica,2024,18587.15322
caribbean small states,2024,20173.95647
cuba,2024,
curacao,2024,
cayman islands,2024,
cyprus,2024,38654.16797
czechia,2024,31706.62342
germany,2024,55800.21945
djibouti,2024,3496.471119
dominica,2024,10405.27878
denmark,2024,71851.75621
dominican republic,2024,10875.66184
algeria,2024,5631.179991
east asia & pacific (excluding high income),2024,10396.82552
early-demographic dividend,2024,4510.252682
east asia & pacific,2024,13349.08331
europe & central asia (excluding high income),2024,9668.562709
europe & central asia,2024,31392.58196
ecuador,2024,6874.70574
"egypt, arab rep.",2024,3338.473714
euro area,2024,46724.35562
eritrea,2024,
spain,2024,35297.0095
estonia,2024,31170.09151
ethiopia,2024,
european union,2024,43145.15669
fragile and conflict affected situations,2024,1571.800432
finland,2024,53188.61862
fiji,2024,6288.398673
france,2024,46150.48769
faroe islands,2024,
"micronesia, fed. sts.",2024,4166.004767
gabon,2024,8218.763071
united kingdom,2024,52636.78659
georgia,2024,9193.663664
ghana,2024,2405.794664
gibraltar,2024,
guinea,2024,1717.023181
"gambia, the",2024,908.5256742
guinea-bissau,2024,962.9836279
equatorial guinea,2024,6745.400132
greece,2024,24752.10684
grenada,2024,11871.6117
greenland,2024,
guatemala,2024,6150.025978
guam,2024,
guyana,2024,29883.63412
high income,2024,50443.9276
"hong kong sar, china",2024,54107.03452
honduras,2024,3426.434833
heavily indebted poor countries (hipc),2024,1202.769794
croatia,2024,23931.45284
haiti,2024,2142.623305
hungary,2024,23310.75127
ibrd only,2024,8253.921253
ida & ibrd total,2024,6340.63327
ida total,2024,1441.908531
ida blend,2024,1565.836271
indonesia,2024,4925.430488
ida only,2024,1387.929373
isle of man,2024,
india,2024,2696.6639
not classified,2024,
ireland,2024,107316.3373
"iran, islamic rep.",2024,4771.40029
iraq,2024,6073.610323
iceland,2024,82703.85799
israel,2024,54176.68444
italy,2024,40226.04724
jamaica,2024,7019.746348
jordan,2024,4618.095925
japan,2024,32475.8925
kazakhstan,2024,14005.34874
kenya,2024,2206.134979
kyrgyz republic,2024,2419.265536
cambodia,2024,2627.879697
kiribati,2024,2288.634583
st. kitts and nevis,2024,22771.41689
"korea, rep.",2024,1869700000000.0
kuwait,2024,32213.86223
latin america & caribbean (excluding high income),2024,10344.6689
lao pdr,2024,2123.979094
lebanon,2024,
liberia,2024,846.2773684
libya,2024,6318.40314
st. lucia,2024,14181.63034
latin america & caribbean,2024,11044.67966
least developed countries: un classification,2024,1258.940012
low income,2024,746.9347888
liechtenstein,2024,
sri lanka,2024,4515.567873
lower middle income,2024,2517.632612
low & middle income,2024,5974.804522
lesotho,2024,971.8146205
late-demographic dividend,2024,12843.33444
lithuania,2024,29386.28784
luxembourg,2024,137516.5873
latvia,2024,23367.59868
"macao sar, china",2024,73046.88903
st. martin (french part),2024,
morocco,2024,3993.387451
monaco,2024,
moldova,2024,7617.516131
madagascar,2024,544.9973027
maldives,2024,13215.53536
"middle east, north africa, afghanistan & pakistan",2024,6180.858784
mexico,2024,14157.94458
marshall islands,2024,7466.651865
middle income,2024,6524.257358
north macedonia,2024,9310.0279
mali,2024,1086.176218
malta,2024,42347.30739
myanmar,2024,1359.259614
"middle east, north africa, afghanistan & pakistan (excluding high income)",2024,2903.59794
montenegro,2024,12935.45227
mongolia,2024,6691.482098
northern mariana islands,2024,
mozambique,2024,647.2857995
mauritania,2024,2082.783744
mauritius,2024,11871.73368
malawi,2024,508.3712735
malaysia,2024,11867.25864
north america,2024,82406.47887
namibia,2024,4413.127442
new caledonia,2024,
niger,2024,722.7486503
nigeria,2024,806.9456951
nicaragua,2024,2847.539663
netherlands,2024,68218.7261
norway,2024,86809.72469
nepal,2024,1447.310045
nauru,2024,13421.83306
new zealand,2024,48747.01369
oecd members,2024,48454.69754
oman,2024,20248.41681
other small states,2024,15867.67335
pakistan,2024,1484.749859
panama,2024,19102.85219
peru,2024,8452.37167
philippines,2024,3984.831539
palau,2024,
papua new guinea,2024,3076.487862
poland,2024,25022.67164
pre-demographic dividend,2024,1290.200001
puerto rico (us),2024,39285.01746
"korea, dem. people's rep.",2024,
portugal,2024,28844.49792
paraguay,2024,6416.09709
west bank and gaza,2024,2592.305912
pacific island small states,2024,4399.411054
post-demographic dividend,2024,55865.78654
french polynesia,2024,
qatar,2024,76275.90768
romania,2024,20072.40792
russian federation,2024,14889.01855
rwanda,2024,999.6545614
south asia,2024,2691.645563
saudi arabia,2024,35057.22523
sudan,2024,989.3128662
senegal,2024,1743.988884
singapore,2024,90674.06663
solomon islands,2024,2149.379573
sierra leone,2024,873.3885752
el salvador,2024,5579.659692
san marino,2024,
"somalia, fed. rep.",2024,636.9834776
serbia,2024,13523.72468
sub-saharan africa (excluding high income),2024,1506.228537
south sudan,2024,
sub-saharan africa,2024,1441.320385
small states,2024,15291.69577
sao tome and principe,2024,3244.828997
suriname,2024,7430.702192
slovak republic,2024,26147.90284
slovenia,2024,34089.35277
sweden,2024,57723.2345
eswatini,2024,3936.109692
sint maarten (dutch part),2024,40027.9176
seychelles,2024,17858.82264
syrian arab republic,2024,
turks and caicos islands,2024,37506.77984
chad,2024,1016.088807
east asia & pacific (ida & ibrd countries),2024,10513.97557
europe & central asia (ida & ibrd countries),2024,13257.56545
togo,2024,1043.140929
thailand,2024,7345.13569
tajikistan,2024,1341.20229
turkmenistan,2024,8571.607029
latin america & the caribbean (ida & ibrd countries),2024,10784.31715
timor-leste,2024,1343.14886
"middle east, north africa, afghanistan & pakistan (ida & ibrd)",2024,2905.833772
tonga,2024,
south asia (ida & ibrd),2024,2691.645563
sub-saharan africa (ida & ibrd countries),2024,1441.320385
trinidad and tobago,2024,19314.71634
tunisia,2024,4350.371797
turkiye,2024,15473.28726
tuvalu,2024,
tanzania,2024,1185.745483
uganda,2024,1072.713698
ukraine,2024,5389.473145
upper middle income,2024,10961.81845
uruguay,2024,23906.5133
united states,2024,85809.90038
uzbekistan,2024,3161.700106
st. vincent and the grenadines,2024,11501.22652
"venezuela, rb",2024,
british virgin islands,2024,
virgin islands (u.s.),2024,
viet nam,2024,4717.290287
vanuatu,2024,3542.810716
world,2024,13663.99246
samoa,2024,4898.771408
kosovo,2024,7299.434981
"yemen, rep.",2024,
south africa,2024,6253.371582
zambia,2024,1235.084665
zimbabwe,2024,2656.409377
taiwan,2020,676900000000.0
taiwan,2021,776900000000.0
taiwan,2022,765600000000.0
taiwan,2023,757300000000.0
taiwan,2024,797000000000.0
