store_id,date,year,month,sales_lag_1,sales_lag_2,sales_lag_3,sales_lag_6,sales_lag_12,sales_roll_mean_3,sales_roll_mean_6,sales_mom_pct,sales_lag1_vs_roll6,price_realistic,promo_flag,num_transactions,num_unique_products,num_categories,month_sin,month_cos,is_holiday_season,is_launch_season,gdp_per_capita,inflation_rate,exchange_rate,internet_usage_pct,gdp_change,inflation_change,exchange_change,internet_usage_change,store_encoded,sales_amount_realistic
ST-1,2026-01-01,2026,1,2527665.062484325,2223369.6770093734,1791503.797661718,1221824.6805881956,1187178.5820586046,2180846.1790518053,1780406.8192491576,0.1368622540018875,1.4197120765636615,1054.072197907938,0.24497991967871485,249,42,9,0.49999999999999994,0.8660254037844387,0,0,85809.90038,2.949525205,1.0,91.74250969595782,0.0,0.0,0.0,0.0,0,1724976.395497234
ST-10,2026-01-01,2026,1,2032271.198085327,2421489.015955489,1578183.703172355,1478744.4396350132,1033893.6519277195,2010647.9724043903,1800579.8280575287,-0.160734909514583,1.1286759778252917,1064.7842559806911,0.23113207547169812,212,42,8,0.49999999999999994,0.8660254037844387,0,0,85809.90038,2.949525205,1.0,91.74250969595782,0.0,0.0,0.0,0.0,1,1443853.244106455
ST-11,2026-01-01,2026,1,3674524.326692778,2613093.4058694374,2251609.367921345,1722744.4390415098,2060556.6443884403,2846409.0334945205,2570590.6433070474,0.4061970836707147,1.4294474836979596,908.773402248641,0.291497975708502,247,42,7,0.49999999999999994,0.8660254037844387,0,0,85809.90038,2.949525205,1.0,91.74250969595782,0.0,0.0,0.0,0.0,2,2771583.4949488984
ST-12,2026-01-01,2026,1,2896643.934490945,2476818.1631403826,1984986.4939055552,1548063.4803222874,1343515.137008075,2452816.1971789612,2161101.3952450673,0.16950205614539796,1.3403554043619819,1010.5246296561195,0.2744360902255639,266,48,8,0.49999999999999994,0.8660254037844387,0,0,85809.90038,2.949525205,1.0,91.74250969595782,0.0,0.0,0.0,0.0,3,2001341.4354436756
ST-13,2026-01-01,2026,1,2848331.7711830763,2305921.1313723475,2392362.365914194,1782028.384081006,1460720.7637381193,2515538.422823206,2254562.878438728,0.23522514817665,1.263363199324709,1042.2419483414474,0.3191489361702128,235,48,9,0.49999999999999994,0.8660254037844387,0,0,85809.90038,2.949525205,1.0,91.74250969595782,0.0,0.0,0.0,0.0,4,2154087.020347288
ST-14,2026-01-01,2026,1,2008763.7369698933,2145557.5407420127,1839097.8980431037,1400246.077517332,1167585.5885591365,1997806.3919183363,1805057.1652044968,-0.06375676306719372,1.1128532523468964,1038.728956695165,0.2553191489361702,235,47,7,0.49999999999999994,0.8660254037844387,0,0,85809.90038,2.949525205,1.0,91.74250969595782,0.0,0.0,0.0,0.0,5,1575820.8745726987
ST-15,2026-01-01,2026,1,2655979.685267563,2372017.6085514775,1995405.0293397976,1568629.5678330357,1652995.889338513,2341134.107719613,2110251.111013051,0.11971330891151893,1.2586083577477793,986.04429752588,0.25523012552301255,239,54,9,0.49999999999999994,0.8660254037844387,0,0,85809.90038,2.949525205,1.0,91.74250969595782,0.0,0.0,0.0,0.0,6,2336277.2612848943
ST-16,2026-01-01,2026,1,2770887.4000064973,2896436.715464037,2246815.000531023,1858335.5731154145,1628500.8690606784,2638046.372000519,2302435.1153359734,-0.04334612760128109,1.2034594944935797,965.117199274714,0.26244343891402716,221,49,7,0.49999999999999994,0.8660254037844387,0,0,52636.78659,3.271572946,0.782414581,95.90075112651648,0.0,0.0,0.0,0.0,7,2121992.004205652
ST-17,2026-01-01,2026,1,2241393.507273665,2207223.9581657667,2183657.1349294223,1350685.8578108444,1188813.6291654662,2210758.200122951,1923103.7118224446,0.015480780272199408,1.165508388078348,1077.5251438015239,0.2081447963800905,221,43,8,0.49999999999999994,0.8660254037844387,0,0,52636.78659,3.271572946,0.782414581,95.90075112651648,0.0,0.0,0.0,0.0,8,1654971.86752464
ST-18,2026-01-01,2026,1,2058469.7729199291,1981497.2021437925,1799266.1962165146,1382933.8308008956,1330774.7816217223,1946411.0570934124,1627569.1885947755,0.038845662104826366,1.264751008648172,1023.2046813210532,0.25877192982456143,228,48,9,0.49999999999999994,0.8660254037844387,0,0,46150.48769,1.999049423,0.923889546,88.6538,0.0,0.0,0.0,0.0,9,1904469.578793607
ST-19,2026-01-01,2026,1,2665240.8646204146,2946858.9127218234,2322517.8342245715,1540499.905731013,1692330.4804220565,2644872.5371889365,2274096.1079740543,-0.09556550090865953,1.1720000994130468,1010.8700857810675,0.22844827586206898,232,44,7,0.49999999999999994,0.8660254037844387,0,0,46150.48769,1.999049423,0.923889546,88.6538,0.0,0.0,0.0,0.0,10,1911124.1852474804
ST-2,2026-01-01,2026,1,2563141.8000897416,2389911.0022720164,2454916.1102285786,1496690.4426041534,1334167.3522858701,2469322.970863445,2071655.8935593793,0.07248420449675319,1.2372430228680134,1012.0054537152099,0.28225806451612906,248,46,8,0.49999999999999994,0.8660254037844387,0,0,85809.90038,2.949525205,1.0,91.74250969595782,0.0,0.0,0.0,0.0,11,1955690.3361536933
ST-20,2026-01-01,2026,1,2469960.123141653,2249920.8842813578,1977435.92342818,1502673.5606954615,1397599.6348293237,2232438.976950397,2023522.9108457603,0.0977986561205584,1.2206237497500327,1017.2712955716056,0.26609442060085836,233,47,7,0.49999999999999994,0.8660254037844387,0,0,56833.19605,2.937915743,0.923889546,94.9197,0.0,0.0,0.0,0.0,12,1930768.5549834666
ST-21,2026-01-01,2026,1,2948139.1811309196,3576388.9930761545,2523776.0571265263,2039365.0442856501,2066539.6513191378,3016101.4104445335,2639067.3176341513,-0.17566596171767637,1.1171140506464392,966.3857042238183,0.21610169491525424,236,44,8,0.49999999999999994,0.8660254037844387,0,0,35297.0095,2.774178265,0.923889546,95.7575,0.0,0.0,0.0,0.0,13,1992253.2407894556
ST-22,2026-01-01,2026,1,2407667.188086628,2050775.7780098477,2370867.0869379574,1417341.6113070375,1222018.3009253417,2276436.684344811,1892279.9684249826,0.17402751383338527,1.2723630901671605,1081.7734926084559,0.25327510917030566,229,46,8,0.49999999999999994,0.8660254037844387,0,0,40226.04724,0.982373023,0.923889546,89.2207,0.0,0.0,0.0,0.0,14,1794789.5919973052
ST-23,2026-01-01,2026,1,2216056.240508355,1923309.4776649328,1729381.9031279143,1380503.428263402,1189199.671119495,1956249.2071004007,1754788.9425018237,0.15220991017984414,1.262861981195811,970.5254904381009,0.2683982683982684,231,49,7,0.49999999999999994,0.8660254037844387,0,0,40226.04724,0.982373023,0.923889546,89.2207,0.0,0.0,0.0,0.0,15,1769031.6327945907
ST-24,2026-01-01,2026,1,2785622.5092906267,2620046.9661322455,2426662.710138097,1668137.4913197008,1504368.71266618,2610777.39518699,2190040.8529866408,0.06319563935252903,1.2719500211568058,976.2484023191589,0.2350597609561753,251,47,8,0.49999999999999994,0.8660254037844387,0,0,55800.21945,2.256498143,0.923889546,93.5,0.0,0.0,0.0,0.0,16,2132528.8162989747
ST-25,2026-01-01,2026,1,2886330.005694984,2185094.2502304194,2224433.671990359,1865526.6530451074,1472815.563970747,2431952.642638588,2106550.9873978985,0.3209178530356843,1.3701685945234594,1029.7317126608386,0.25609756097560976,246,49,7,0.49999999999999994,0.8660254037844387,0,0,55800.21945,2.256498143,0.923889546,93.5,0.0,0.0,0.0,0.0,17,2235114.9293480497
ST-26,2026-01-01,2026,1,2146745.096432693,1745812.5969864072,1537798.0337385007,995422.0747625914,1210735.9414577368,1810118.5757192,1580108.167696201,0.22965380140936587,1.358606417156016,1009.4150679044043,0.277992277992278,259,51,8,0.49999999999999994,0.8660254037844387,0,0,68218.7261,3.347543042,0.923889546,93.21653589452544,0.0,0.0,0.0,0.0,18,1911458.4042052708
ST-27,2026-01-01,2026,1,2681941.0258293403,2262483.8814512724,2085840.7895865696,1479628.3262966555,1571555.8875694908,2343421.8989557275,1999451.7432123274,0.18539674373680257,1.3413382118042634,1060.564933872553,0.252212389380531,226,41,7,0.49999999999999994,0.8660254037844387,0,0,55800.21945,2.256498143,0.923889546,93.5,0.0,0.0,0.0,0.0,19,2313050.8520498388
ST-28,2026-01-01,2026,1,2185396.226212555,2098398.794377847,1991129.566229031,1264508.5901489155,1298381.4263835947,2091641.5289398108,1754115.1683634175,0.04145896007365072,1.2458681537150842,1123.839827768633,0.21304347826086956,230,49,7,0.49999999999999994,0.8660254037844387,0,0,52636.78659,3.271572946,0.782414581,95.90075112651648,0.0,0.0,0.0,0.0,20,1904861.3198328395
ST-29,2026-01-01,2026,1,2033867.006118411,1690101.7604332797,1858617.978536184,1158292.2911642892,1285664.8297654218,1860862.248362625,1638092.0636666752,0.2033991406511538,1.2416072644695197,1010.4731840854874,0.20416666666666666,240,47,8,0.49999999999999994,0.8660254037844387,0,0,46150.48769,1.999049423,0.923889546,88.6538,0.0,0.0,0.0,0.0,21,1829121.90242644
ST-3,2026-01-01,2026,1,2833283.060919799,2117353.147599774,2171202.2788710166,1583911.8611684337,1563382.743631993,2373946.1624635295,2113540.5885543176,0.3381249434614161,1.3405387510716282,1024.3817012046302,0.2163265306122449,245,49,7,0.49999999999999994,0.8660254037844387,0,0,85809.90038,2.949525205,1.0,91.74250969595782,0.0,0.0,0.0,0.0,22,2538479.141725202
ST-30,2026-01-01,2026,1,2034040.324472223,2017131.782703229,1606734.0982506224,1062685.5509897468,946035.6482748002,1885968.735142025,1595979.211343227,0.00838246757796569,1.2744779568653088,982.345070820703,0.18907563025210083,238,46,9,0.49999999999999994,0.8660254037844387,0,0,49377.56434,1.663365102,3.6725,100.0,0.0,0.0,0.0,0.0,23,1482770.7019488357
ST-31,2026-01-01,2026,1,2264106.721802433,2211361.156948413,1844348.047157568,1497922.9655235363,1248741.4160134792,2106605.3086361377,1863406.911461563,0.023852080736919048,1.215036129723583,1007.5732861425184,0.23461538461538461,260,47,8,0.49999999999999994,0.8660254037844387,0,0,32475.8925,2.738536816,151.3662913,86.27011307955955,0.0,0.0,0.0,0.0,24,1685190.4376186966
ST-32,2026-01-01,2026,1,2583096.36564219,2261545.0818997063,2212487.1963301604,1559985.1727432497,1337746.8835233038,2352376.214624019,2065630.0418591148,0.14218212421057705,1.250512586134419,1056.3211165389018,0.2631578947368421,247,50,7,0.49999999999999994,0.8660254037844387,0,0,32475.8925,2.738536816,151.3662913,86.27011307955955,0.0,0.0,0.0,0.0,25,1965671.6690335067
ST-33,2026-01-01,2026,1,1729728.4824974393,1548459.3861577169,1386565.226182036,718903.8930214182,877074.913290939,1554917.6982790641,1288520.3856483034,0.11706415935746048,1.3424145258106626,990.9891009434613,0.27692307692307694,260,45,7,0.49999999999999994,0.8660254037844387,0,0,32475.8925,2.738536816,151.3662913,86.27011307955955,0.0,0.0,0.0,0.0,26,1459622.8050550702
ST-34,2026-01-01,2026,1,2573785.2829237897,2572346.549564206,1969199.5900359885,1392384.0900398267,1417425.2590634325,2371777.140841328,2007220.0665158185,0.0005593077495049788,1.2822636271225751,976.150971876514,0.23076923076923078,260,45,7,0.49999999999999994,0.8660254037844387,0,0,32475.8925,2.738536816,151.3662913,86.27011307955955,0.0,0.0,0.0,0.0,27,1917242.084317588
ST-35,2026-01-01,2026,1,2313906.4104561415,2433677.709586752,1974688.466064449,1554607.6370193893,1360975.5867629203,2240757.5287024477,1995007.1109594116,-0.049214116831824986,1.1598487031674636,1030.5104237455616,0.20164609053497942,243,51,7,0.49999999999999994,0.8660254037844387,0,0,13303.14815,0.218128938,7.197491108,92.0,0.0,0.0,0.0,0.0,28,1747552.3066682587
ST-36,2026-01-01,2026,1,3345783.7949813684,3019769.2914962624,2441026.460115232,1660874.8004459874,1682708.9390333958,2935526.5155309546,2574976.8385518114,0.10796006979843462,1.2993451998826775,971.9393115383431,0.2489451476793249,237,41,8,0.49999999999999994,0.8660254037844387,0,0,13303.14815,0.218128938,7.197491108,92.0,0.0,0.0,0.0,0.0,29,2280676.643280182
ST-37,2026-01-01,2026,1,2453257.103901149,2052593.9253620685,1461971.0346241395,1250570.6075193784,1447302.0491452124,1989274.0212957857,1771707.9238881778,0.1951984625835844,1.384684840443253,967.9333189110288,0.27165354330708663,254,50,9,0.49999999999999994,0.8660254037844387,0,0,13303.14815,0.218128938,7.197491108,92.0,0.0,0.0,0.0,0.0,30,2181023.9793847343
ST-38,2026-01-01,2026,1,1368392.9421645668,1512007.1155616206,1327017.8126118795,762512.9825799485,845574.8279812146,1402472.6234460224,1181759.0693440048,-0.09498247192025258,1.1579288686349263,1018.0376646559288,0.2579185520361991,221,45,8,0.49999999999999994,0.8660254037844387,0,0,13303.14815,0.218128938,7.197491108,92.0,0.0,0.0,0.0,0.0,31,1208651.2485661644
ST-39,2026-01-01,2026,1,2082434.634748301,2358994.6583350822,2151659.3713352806,1268079.8237517134,1330200.7659473992,2197696.221472888,1853112.9117726125,-0.11723639246473334,1.123749460445089,1033.9087934739116,0.251063829787234,235,43,8,0.49999999999999994,0.8660254037844387,0,0,35000.0,2.2,31.5,94.0,0.0,0.0,0.0,0.0,32,1651798.7330899902
ST-4,2026-01-01,2026,1,2628274.442982667,2710422.01903522,2250319.2595132776,1461230.9187323784,1564193.951015088,2529671.907177055,2188361.537296295,-0.030308038923692632,1.2010238702284455,932.2305513596754,0.2672413793103448,232,44,7,0.49999999999999994,0.8660254037844387,0,0,85809.90038,2.949525205,1.0,91.74250969595782,0.0,0.0,0.0,0.0,33,2175389.1922676526
ST-40,2026-01-01,2026,1,2228062.41619241,1892571.0405915992,1486005.254003189,1270723.1391818037,1213985.925545537,1868879.5702623993,1648264.5904295791,0.17726752042868602,1.3517625926864818,965.597448349946,0.21755725190839695,262,45,8,0.49999999999999994,0.8660254037844387,0,0,13303.14815,0.218128938,7.197491108,92.0,0.0,0.0,0.0,0.0,34,1812958.3676973009
ST-41,2026-01-01,2026,1,2623722.5104664974,2247749.07633701,2441978.957020187,1685724.0351215932,1537137.7543462808,2437816.8479412314,2102133.1827115333,0.16726663936269223,1.2481238258568224,960.2675180542763,0.26066350710900477,211,42,7,0.49999999999999994,0.8660254037844387,0,0,7345.13569,1.365805408,35.29353808,90.8672,0.0,0.0,0.0,0.0,35,2160511.67116995
ST-42,2026-01-01,2026,1,1584144.1706613093,1408373.6575242644,1204943.5277845822,768959.8474291419,1071547.0000780497,1399153.7853233851,1231107.6357262824,0.12480389149426885,1.2867633378999845,1055.6053396963412,0.29245283018867924,212,47,7,0.49999999999999994,0.8660254037844387,0,0,90674.06663,2.389511236,1.336233333,94.3776,0.0,0.0,0.0,0.0,36,1509995.6451143844
ST-43,2026-01-01,2026,1,2507336.4659681343,2338322.8877780084,1626831.625710777,1698257.9463566348,1465917.9876970686,2157496.993152307,1895337.2126747782,0.07227982887800888,1.32289729194399,1008.819122557958,0.26229508196721313,244,44,8,0.49999999999999994,0.8660254037844387,0,0,13303.14815,0.218128938,7.197491108,92.0,0.0,0.0,0.0,0.0,37,2097889.7024447536
ST-44,2026-01-01,2026,1,2298409.9988927697,1360560.9815022498,1466425.8034018923,1194081.527760636,1388509.3649046265,1708465.5945989706,1588998.2192551985,0.689310534508349,1.4464522181592434,1102.0673996141295,0.20425531914893616,235,43,8,0.49999999999999994,0.8660254037844387,0,0,32475.8925,2.738536816,151.3662913,86.27011307955955,0.0,0.0,0.0,0.0,38,2049492.6132588477
ST-45,2026-01-01,2026,1,2149767.972497827,1994069.429500481,1636691.3620477165,1381761.921783504,1221379.464505286,1926842.921348675,1723339.5169233186,0.07808080335314535,1.2474430902250833,1066.6007522957082,0.2558139534883721,258,50,8,0.49999999999999994,0.8660254037844387,0,0,90674.06663,2.389511236,1.336233333,94.3776,0.0,0.0,0.0,0.0,39,1691676.5145036299
ST-46,2026-01-01,2026,1,2596635.1683838535,2524102.2303232127,1989392.6406199054,1577714.7119128457,1343986.7550538152,2370043.3464423236,1970449.1040014836,0.028736133263252552,1.3177884996424136,984.8054214020503,0.2669172932330827,266,48,7,0.49999999999999994,0.8660254037844387,0,0,54282.61761,2.381583833,1.369359766,93.54619208893396,0.0,0.0,0.0,0.0,40,1944817.2701821013
ST-47,2026-01-01,2026,1,2963503.2269517467,2960161.482587169,2409192.463823565,1702000.9111432307,1599173.147382056,2777619.0577874933,2438930.565243175,0.00112890610334445,1.2150830651697004,1009.1290511799763,0.20553359683794467,253,45,9,0.49999999999999994,0.8660254037844387,0,0,54282.61761,2.381583833,1.369359766,93.54619208893396,0.0,0.0,0.0,0.0,41,2282945.284005464
ST-48,2026-01-01,2026,1,2535241.22312659,1937127.919611567,1935822.962701512,1446342.2961420878,1461701.9795253114,2136064.0351465563,1885859.4627359705,0.3087629358183824,1.34434260517404,1053.528508612506,0.2056451612903226,248,46,10,0.49999999999999994,0.8660254037844387,0,0,54282.61761,2.381583833,1.369359766,93.54619208893396,0.0,0.0,0.0,0.0,42,2153080.0037030177
ST-49,2026-01-01,2026,1,1937783.6415009622,1796554.1765169364,1423842.6980755765,978522.0379728505,1179760.3498581117,1719393.5053644916,1472920.1708411016,0.07861130314357342,1.3156066974046552,1058.4856420453523,0.268,250,41,7,0.49999999999999994,0.8660254037844387,0,0,54282.61761,2.381583833,1.369359766,93.54619208893396,0.0,0.0,0.0,0.0,43,1660587.1836801518
ST-5,2026-01-01,2026,1,2113992.292459559,2090071.1619404487,2081225.8530944725,1229480.522979282,1056324.8326220855,2095096.4358314935,1755740.040786716,0.011445127302221516,1.204046295778683,1004.5171847928989,0.25,220,43,9,0.49999999999999994,0.8660254037844387,0,0,85809.90038,2.949525205,1.0,91.74250969595782,0.0,0.0,0.0,0.0,44,1547963.0666426427
ST-50,2026-01-01,2026,1,2602066.6573325666,2026509.8836309793,1726207.0349476277,1275946.318237723,1265762.1900871987,2118261.191970391,1906756.1521569733,0.28401380045101926,1.3646562274830158,1039.3078486617928,0.2178988326848249,257,43,7,0.49999999999999994,0.8660254037844387,0,0,54282.61761,2.381583833,1.369359766,93.54619208893396,0.0,0.0,0.0,0.0,45,1930768.5549834666
ST-51,2026-01-01,2026,1,2659242.2887651706,2614516.302385136,2237148.2179342248,1722716.0529142895,1434001.913970218,2503635.6030281773,2208414.6812413577,0.017106791929058757,1.2041408306842087,1056.3584383582572,0.22522522522522523,222,46,8,0.49999999999999994,0.8660254037844387,0,0,64407.48426,3.161614283,1.515358039,96.44169988975057,0.0,0.0,0.0,0.0,46,1982641.130022587
ST-52,2026-01-01,2026,1,1395729.0107907383,1404196.6122837835,1147549.1923098317,921969.959110725,800509.1666725277,1315824.938461451,1209766.300626964,-0.006030210740413001,1.153717879285775,1074.279305146249,0.2791666666666667,240,49,7,0.49999999999999994,0.8660254037844387,0,0,64407.48426,3.161614283,1.515358039,96.44169988975057,0.0,0.0,0.0,0.0,47,1339695.8200083503
ST-53,2026-01-01,2026,1,2003855.4518595051,1710672.4575872314,1616652.3171076388,1244709.2942590264,1134322.2647547452,1777060.075518125,1548607.024784711,0.17138464641313347,1.293972854177181,1033.2621674412924,0.23076923076923078,260,47,8,0.49999999999999994,0.8660254037844387,0,0,64407.48426,3.161614283,1.515358039,96.44169988975057,0.0,0.0,0.0,0.0,48,1719206.2995552944
ST-54,2026-01-01,2026,1,2690381.553940816,2205653.568955602,2053817.4551334947,1338715.298553044,1305370.1585551444,2316617.526009971,1969013.5063872337,0.21976614632856284,1.3663601317175094,1037.908264044328,0.29435483870967744,248,39,7,0.49999999999999994,0.8660254037844387,0,0,64407.48426,3.161614283,1.515358039,96.44169988975057,0.0,0.0,0.0,0.0,49,2010212.3626498051
ST-55,2026-01-01,2026,1,1936009.3625826344,1944325.7015304472,1806464.0587591543,1212319.202011692,1236985.082846601,1895599.7076240787,1675740.201577197,-0.004277235517314157,1.1553159378527014,975.8884976527015,0.23577235772357724,246,50,8,0.49999999999999994,0.8660254037844387,0,0,64407.48426,3.161614283,1.515358039,96.44169988975057,0.0,0.0,0.0,0.0,50,1634555.2391389247
ST-56,2026-01-01,2026,1,3218172.400622255,3327902.9783882815,3097737.7811978976,2173854.1717417906,1701389.080591334,3214604.386736145,2848288.1653242726,-0.03297288967816285,1.129861942973692,966.2162907881306,0.28888888888888886,225,47,9,0.49999999999999994,0.8660254037844387,0,0,64407.48426,3.161614283,1.515358039,96.44169988975057,0.0,0.0,0.0,0.0,51,2275764.2377281454
ST-57,2026-01-01,2026,1,2027564.4397454197,1978482.7941688707,1657863.9546243562,1299866.2355608714,961244.9717444694,1887970.3961795487,1629173.012968655,0.024807719188261843,1.2445359845795763,1069.4874691623772,0.24899598393574296,249,43,9,0.49999999999999994,0.8660254037844387,0,0,49377.56434,1.663365102,3.6725,100.0,0.0,0.0,0.0,0.0,52,1511638.947340234
ST-58,2026-01-01,2026,1,2375926.243239996,2216609.2980167232,1810583.9593145028,1409312.3078787543,1463517.6569247402,2134373.166857074,1799427.8969434456,0.07187416626187536,1.3203786866235683,1098.101629651916,0.19827586206896552,232,47,8,0.49999999999999994,0.8660254037844387,0,0,49377.56434,1.663365102,3.6725,100.0,0.0,0.0,0.0,0.0,53,2015551.799717953
ST-59,2026-01-01,2026,1,2264501.392838284,1881114.1600744587,1954935.3815084703,1277406.078970111,1292920.3546576377,2033516.9781404044,1797135.6117951237,0.203808594343179,1.2600614989629624,969.7260180622288,0.24899598393574296,249,48,7,0.49999999999999994,0.8660254037844387,0,0,49377.56434,1.663365102,3.6725,100.0,0.0,0.0,0.0,0.0,54,1986289.984412455
ST-6,2026-01-01,2026,1,2648729.3771853824,2022111.204137101,1690827.4150596696,1280030.9868030953,1388560.6914783397,2120555.998794051,1816785.6201189056,0.30988314182042187,1.457920707789413,1122.745643822564,0.2603305785123967,242,45,8,0.49999999999999994,0.8660254037844387,0,0,85809.90038,2.949525205,1.0,91.74250969595782,0.0,0.0,0.0,0.0,55,2078829.6803636048
ST-60,2026-01-01,2026,1,3059814.494292007,2558950.0323909074,2798967.3911796235,1845127.316511996,2054780.9272491368,2805910.6392875127,2413449.2918379237,0.19573045802427255,1.267818016579024,1015.9961290075204,0.3157894736842105,247,50,9,0.49999999999999994,0.8660254037844387,0,0,14157.94458,4.722255885,18.30485833,76.73266946623188,0.0,0.0,0.0,0.0,56,2769707.808365177
ST-61,2026-01-01,2026,1,3252470.9908517594,2460827.9684604085,2070409.8121612808,1756605.8251888521,1559361.9494527197,2594569.5904911496,2221601.516223792,0.32169783200514995,1.464020872825207,989.7440002186706,0.1975806451612903,248,41,8,0.49999999999999994,0.8660254037844387,0,0,14157.94458,4.722255885,18.30485833,76.73266946623188,0.0,0.0,0.0,0.0,57,2391720.575884409
ST-62,2026-01-01,2026,1,2194831.634104076,1744151.590574784,1989627.2368409093,1402942.3845131157,1108027.3047666298,1976203.4871732565,1710532.6204738803,0.2583949961486837,1.283127610566133,1049.4763811665755,0.25,248,52,8,0.49999999999999994,0.8660254037844387,0,0,14157.94458,4.722255885,18.30485833,76.73266946623188,0.0,0.0,0.0,0.0,58,1830809.9522014516
ST-63,2026-01-01,2026,1,2117993.4386985833,1896833.3036098622,1690612.6319129518,1511429.3849216036,1380410.255075256,1901813.1247404658,1652770.2492603578,0.11659439691818535,1.281480858967797,1116.4281190071147,0.24166666666666667,240,45,7,0.49999999999999994,0.8660254037844387,0,0,7913.988015,6.609085937,4074.434167,73.24194861474356,0.0,0.0,0.0,0.0,59,1933264.4331509003
ST-64,2026-01-01,2026,1,2654001.021584189,2201183.7112244656,1889485.9567056182,1450218.7441767768,1444410.334838879,2248223.5631714244,2014736.5061951233,0.20571536489693176,1.3172943525981626,989.7154807079123,0.24796747967479674,246,48,7,0.49999999999999994,0.8660254037844387,0,0,7913.988015,6.609085937,4074.434167,73.24194861474356,0.0,0.0,0.0,0.0,60,2192237.9122547223
ST-65,2026-01-01,2026,1,2075034.0834448524,1917079.3976550915,1635065.5874617766,1165578.759982411,1088398.1566436894,1875726.3561872402,1618086.2212573346,0.08239339799017499,1.2824001936265463,1008.1400472564876,0.21951219512195122,246,54,9,0.49999999999999994,0.8660254037844387,0,0,7345.13569,1.365805408,35.29353808,90.8672,0.0,0.0,0.0,0.0,61,1622790.4396760592
ST-66,2026-01-01,2026,1,1881264.0771584916,2147828.6955344155,1633911.5899496411,1163679.771481677,1216376.9782008282,1887668.1208808497,1708117.758679988,-0.12410888211436165,1.1013667339963193,1069.8033156576903,0.2512315270935961,203,45,7,0.49999999999999994,0.8660254037844387,0,0,90674.06663,2.389511236,1.336233333,94.3776,0.0,0.0,0.0,0.0,62,1556171.3590699127
ST-67,2026-01-01,2026,1,2004720.0109779753,1857245.849321736,1536790.0275653843,1265743.5591535096,1042352.6647277524,1799585.2959550319,1569763.9444618344,0.07940476039297473,1.2770837411896716,1050.484375421358,0.232,250,48,8,0.49999999999999994,0.8660254037844387,0,0,64407.48426,3.161614283,1.515358039,96.44169988975057,0.0,0.0,0.0,0.0,63,1580113.0496150001
ST-68,2026-01-01,2026,1,2582431.7942859894,2619727.451251368,2366143.9486401496,1615382.6737268611,1876581.3897752627,2522767.7313925023,2214492.386006094,-0.014236464540448135,1.166150676608776,973.3972231502926,0.22077922077922077,231,40,7,0.49999999999999994,0.8660254037844387,0,0,46150.48769,1.999049423,0.923889546,88.6538,0.0,0.0,0.0,0.0,64,2301303.654710862
ST-69,2026-01-01,2026,1,1663213.0203678287,1496865.3662592603,1286110.4253791384,968036.7045930267,1001119.6811807893,1482062.9373354092,1291690.2286893215,0.11113067204185453,1.2876253016603612,968.3983555937843,0.26666666666666666,225,42,7,0.49999999999999994,0.8660254037844387,0,0,49377.56434,1.663365102,3.6725,100.0,0.0,0.0,0.0,0.0,65,1496652.970413682
ST-7,2026-01-01,2026,1,2919286.658204774,2205498.7631624104,2110766.7038249974,1547045.3881881747,1659789.5684763817,2411850.708397394,2111945.3952455544,0.3236401248391002,1.3822737390733297,1065.239252132997,0.1956521739130435,230,45,8,0.49999999999999994,0.8660254037844387,0,0,85809.90038,2.949525205,1.0,91.74250969595782,0.0,0.0,0.0,0.0,66,2289437.0643826686
ST-70,2026-01-01,2026,1,2267890.611652341,2216031.8100085566,1685845.427217594,1372877.9260303765,1227798.084947513,2056589.2829594973,1760955.2131843127,0.02340165037774633,1.287875236503797,982.756767236166,0.26359832635983266,239,41,7,0.49999999999999994,0.8660254037844387,0,0,34000.0,2.321743286,1363.375,97.8956,0.0,0.0,0.0,0.0,67,1662424.1581098905
ST-71,2026-01-01,2026,1,1807678.9338497974,1819952.55197069,1766435.137645198,1140920.23523875,1223995.0434761192,1798022.2078218951,1579667.5617356852,-0.006743922036650072,1.144341365004407,1010.657003798815,0.20833333333333334,216,45,9,0.49999999999999994,0.8660254037844387,0,0,34000.0,2.321743286,1363.375,97.8956,0.0,0.0,0.0,0.0,68,1618027.4820937563
ST-72,2026-01-01,2026,1,1650497.6645226667,1468793.129516773,1410541.0149757115,951724.6281666888,905580.5739540533,1509943.9363383837,1322679.446696758,0.12371009324211223,1.2478440400995097,1021.3257273285485,0.2616033755274262,237,45,8,0.49999999999999994,0.8660254037844387,0,0,32475.8925,2.738536816,151.3662913,86.27011307955955,0.0,0.0,0.0,0.0,69,1458810.861562517
ST-73,2026-01-01,2026,1,2661667.801777249,2960545.5241587395,2899998.435165914,1552059.8948181698,1837701.096775803,2840737.253700634,2374777.6745219757,-0.1009535978901789,1.1208071519002394,1008.976026637118,0.19545454545454546,220,43,9,0.49999999999999994,0.8660254037844387,0,0,52636.78659,3.271572946,0.782414581,95.90075112651648,0.0,0.0,0.0,0.0,70,1926064.212431564
ST-74,2026-01-01,2026,1,2416513.4144345773,1981579.9691763085,1731990.9755707534,1444707.8170943407,1411326.9083128767,2043361.4530605462,1874517.7278130155,0.2194882124485036,1.2891387361024875,985.8956989781711,0.25523012552301255,239,48,9,0.49999999999999994,0.8660254037844387,0,0,7345.13569,1.365805408,35.29353808,90.8672,0.0,0.0,0.0,0.0,71,2012667.580638489
ST-75,2026-01-01,2026,1,2817856.0032095043,2558403.642654202,1623562.5587193002,1646708.5018340556,1554664.3697241016,2333274.0681943353,2137998.0842933306,0.10141181642711192,1.3179880861029332,1004.7015283032804,0.16666666666666666,282,49,8,0.49999999999999994,0.8660254037844387,0,0,13303.14815,0.218128938,7.197491108,92.0,0.0,0.0,0.0,0.0,72,2270792.6826874125
ST-8,2026-01-01,2026,1,2434549.449348953,1836968.8803172675,1651214.5300072792,1361776.6720745915,1046109.4407520769,1974244.2865578334,1626833.5691708128,0.325307943664498,1.4964957052059285,1138.357248849463,0.2235294117647059,255,51,9,0.49999999999999994,0.8660254037844387,0,0,85809.90038,2.949525205,1.0,91.74250969595782,0.0,0.0,0.0,0.0,73,1862718.2060734725
ST-9,2026-01-01,2026,1,2575022.09823262,2173623.499886657,1629135.8277046534,1445172.875021418,1278662.7132682453,2125927.1419413104,1879665.7178369288,0.18466795117318782,1.3699361933332963,1030.5047302255773,0.273542600896861,223,41,8,0.49999999999999994,0.8660254037844387,0,0,85809.90038,2.949525205,1.0,91.74250969595782,0.0,0.0,0.0,0.0,74,1841161.281259271
ST-1,2026-02-01,2026,2,1724976.395497234,2527665.062484325,2223369.6770093734,1250536.3113669788,1006729.0390171781,2158670.378330311,1864265.4384006637,-0.31756132523276853,0.9252847582568905,1054.072197907938,0.24497991967871485,249,42,9,0.8660254037844386,0.5000000000000001,0,0,85809.90038,2.949525205,1.0,91.74250969595782,0.0,0.0,0.0,0.0,0,1342503.2083584066
ST-10,2026-02-01,2026,2,1443853.244106455,2032271.198085327,2421489.015955489,1585184.688338025,1203899.6788417276,1965871.1527157568,1794764.628802769,-0.2895371220795929,0.8044805546839889,1064.7842559806911,0.23113207547169812,212,42,8,0.8660254037844386,0.5000000000000001,0,0,85809.90038,2.949525205,1.0,91.74250969595782,0.0,0.0,0.0,0.0,1,1291970.5979599906
ST-11,2026-02-01,2026,2,2771583.4949488984,3674524.326692778,2613093.4058694374,2541314.5016591824,1787742.4601128912,3019733.742503705,2745397.1526249456,-0.24572999154874647,1.0095382711018388,908.773402248641,0.291497975708502,247,42,7,0.8660254037844386,0.5000000000000001,0,0,85809.90038,2.949525205,1.0,91.74250969595782,0.0,0.0,0.0,0.0,2,2036622.0373933222
ST-12,2026-02-01,2026,2,2001341.4354436756,2896643.934490945,2476818.1631403826,1742092.83003079,1207892.0565237398,2458267.8443583343,2236647.7210986316,-0.3090826899318606,0.8947951063391536,1010.5246296561195,0.2744360902255639,266,48,8,0.8660254037844386,0.5000000000000001,0,0,85809.90038,2.949525205,1.0,91.74250969595782,0.0,0.0,0.0,0.0,3,1550456.5579289007
ST-13,2026-02-01,2026,2,2154087.020347288,2848331.7711830763,2305921.1313723475,1426194.859772915,1349611.4146432555,2436113.307634237,2316572.651149775,-0.24373731945819943,0.9298594711796148,1042.2419483414474,0.3191489361702128,235,48,9,0.8660254037844386,0.5000000000000001,0,0,85809.90038,2.949525205,1.0,91.74250969595782,0.0,0.0,0.0,0.0,4,1664221.0024263992
ST-14,2026-02-01,2026,2,1575820.8745726987,2008763.7369698933,2145557.5407420127,1356854.9305236945,1155439.0470759105,1910047.384094868,1834319.631380391,-0.2155270201413853,0.859076492239707,1038.728956695165,0.2553191489361702,235,47,7,0.8660254037844386,0.5000000000000001,0,0,85809.90038,2.949525205,1.0,91.74250969595782,0.0,0.0,0.0,0.0,5,1377443.3518539085
ST-15,2026-02-01,2026,2,2336277.2612848943,2655979.685267563,2372017.6085514775,1616207.6767766932,1264032.9096190643,2454758.185034645,2238192.3932550275,-0.12037080921816685,1.043823251444091,986.04429752588,0.25523012552301255,239,54,9,0.8660254037844386,0.5000000000000001,0,0,85809.90038,2.949525205,1.0,91.74250969595782,0.0,0.0,0.0,0.0,6,1610761.1299077568
ST-16,2026-02-01,2026,2,2121992.004205652,2770887.4000064973,2896436.715464037,1944931.0477404,1615762.8048241932,2596438.7065587286,2346377.853851013,-0.23418324245125358,0.9043692603571561,965.117199274714,0.26244343891402716,221,49,7,0.8660254037844386,0.5000000000000001,0,0,52636.78659,3.271572946,0.782414581,95.90075112651648,0.0,0.0,0.0,0.0,7,1777966.8065529328
ST-17,2026-02-01,2026,2,1654971.86752464,2241393.507273665,2207223.9581657667,1362397.302946815,1250252.5055336198,2034529.7776546904,1973818.046774744,-0.2616326128571343,0.8384622231156996,1077.5251438015239,0.2081447963800905,221,43,8,0.8660254037844386,0.5000000000000001,0,0,52636.78659,3.271572946,0.782414581,95.90075112651648,0.0,0.0,0.0,0.0,8,1450413.2859809585
ST-18,2026-02-01,2026,2,1904469.578793607,2058469.7729199291,1981497.2021437925,1089385.743685497,817558.8300023451,1981478.8512857761,1714491.8132602274,-0.07481294899359812,1.110807041517523,1023.2046813210532,0.25877192982456143,228,48,9,0.8660254037844386,0.5000000000000001,0,0,46150.48769,1.999049423,0.923889546,88.6538,0.0,0.0,0.0,0.0,9,1381831.629502902
ST-19,2026-02-01,2026,2,1911124.1852474804,2665240.8646204146,2946858.9127218234,1523648.4466824827,1543346.489283588,2507741.3208632395,2335866.8212267985,-0.28294503862049103,0.8181648747610349,1010.8700857810675,0.22844827586206898,232,44,7,0.8660254037844386,0.5000000000000001,0,0,46150.48769,1.999049423,0.923889546,88.6538,0.0,0.0,0.0,0.0,10,1655180.946493202
ST-2,2026-02-01,2026,2,1955690.3361536933,2563141.8000897416,2389911.0022720164,1506798.8195916503,1514275.2102984437,2302914.3795051505,2148155.875817636,-0.23699487243147455,0.9104042952233687,1012.0054537152099,0.28225806451612906,248,46,8,0.8660254037844386,0.5000000000000001,0,0,85809.90038,2.949525205,1.0,91.74250969595782,0.0,0.0,0.0,0.0,11,1764163.4856462837
ST-20,2026-02-01,2026,2,1930768.5549834666,2469960.123141653,2249920.8842813578,1619732.3527480513,1175816.907432219,2216883.187468826,2094872.0765604277,-0.21829970577515412,0.9216641801601544,1017.2712955716056,0.26609442060085836,233,47,7,0.8660254037844386,0.5000000000000001,0,0,56833.19605,2.937915743,0.923889546,94.9197,0.0,0.0,0.0,0.0,12,1481660.7963091824
ST-21,2026-02-01,2026,2,1992253.2407894556,2948139.1811309196,3576388.9930761545,1828927.0985567912,1762770.991856403,2838927.138332177,2631215.350384786,-0.32423365438764046,0.7571608460318958,966.3857042238183,0.21610169491525424,236,44,8,0.8660254037844386,0.5000000000000001,0,0,35297.0095,2.774178265,0.923889546,95.7575,0.0,0.0,0.0,0.0,13,1808242.5596989118
ST-22,2026-02-01,2026,2,1794789.5919973052,2407667.188086628,2050775.7780098477,1386557.7707599474,1266233.2681326969,2084410.8526979268,1955187.9652066936,-0.25455245605451654,0.91796268386276,1081.7734926084559,0.25327510917030566,229,46,8,0.8660254037844386,0.5000000000000001,0,0,40226.04724,0.982373023,0.923889546,89.2207,0.0,0.0,0.0,0.0,14,1536772.3104709054
ST-23,2026-02-01,2026,2,1769031.6327945907,2216056.240508355,1923309.4776649328,1365624.1943486596,1145705.744074403,1969465.7836559594,1819543.643257022,-0.2017207864775213,0.9722391871997015,970.5254904381009,0.2683982683982684,231,49,7,0.8660254037844386,0.5000000000000001,0,0,40226.04724,0.982373023,0.923889546,89.2207,0.0,0.0,0.0,0.0,15,1423635.8723096936
ST-24,2026-02-01,2026,2,2132528.8162989747,2785622.5092906267,2620046.9661322455,1668154.7429263664,1365152.805787295,2512732.763907282,2267439.407149853,-0.23445161389005495,0.9405009058123147,976.2484023191589,0.2350597609561753,251,47,8,0.8660254037844386,0.5000000000000001,0,0,55800.21945,2.256498143,0.923889546,93.5,0.0,0.0,0.0,0.0,16,1696210.3866141818
ST-25,2026-02-01,2026,2,2235114.9293480497,2886330.005694984,2185094.2502304194,1324850.2466552483,993655.7154787823,2435513.061757818,2168149.033448389,-0.2256204505590246,1.0308862051761973,1029.7317126608386,0.25609756097560976,246,49,7,0.8660254037844386,0.5000000000000001,0,0,55800.21945,2.256498143,0.923889546,93.5,0.0,0.0,0.0,0.0,17,1418245.2988689332
ST-26,2026-02-01,2026,2,1911458.4042052708,2146745.096432693,1745812.5969864072,1276179.753211851,893802.2094526048,1934672.0325414569,1732780.8892699806,-0.10960159760858641,1.1031160466056196,1009.4150679044043,0.277992277992278,259,51,8,0.8660254037844386,0.5000000000000001,0,0,68218.7261,3.347543042,0.923889546,93.21653589452544,0.0,0.0,0.0,0.0,18,1419557.8516767435
ST-27,2026-02-01,2026,2,2313050.8520498388,2681941.0258293403,2262483.8814512724,1334686.0261545938,1256567.0061844643,2419158.586443484,2138355.4975045244,-0.13754596772515876,1.0816961233757367,1060.564933872553,0.252212389380531,226,41,7,0.8660254037844386,0.5000000000000001,0,0,55800.21945,2.256498143,0.923889546,93.5,0.0,0.0,0.0,0.0,19,1589351.4494992704
ST-28,2026-02-01,2026,2,1904861.3198328395,2185396.226212555,2098398.794377847,1460452.1606847018,1183729.6130448477,2062885.446807747,1860840.623310738,-0.12836798335005006,1.0236563497005893,1123.839827768633,0.21304347826086956,230,49,7,0.8660254037844386,0.5000000000000001,0,0,52636.78659,3.271572946,0.782414581,95.90075112651648,0.0,0.0,0.0,0.0,20,1561861.1770352395
ST-29,2026-02-01,2026,2,1829121.90242644,2033867.006118411,1690101.7604332797,1465687.8582885626,1025952.4515326193,1851030.22299271,1749896.9988770336,-0.10066789179235584,1.045274038186389,1010.4731840854874,0.20416666666666666,240,47,8,0.8660254037844386,0.5000000000000001,0,0,46150.48769,1.999049423,0.923889546,88.6538,0.0,0.0,0.0,0.0,21,1482608.8518575835
ST-3,2026-02-01,2026,2,2538479.141725202,2833283.060919799,2117353.147599774,1952757.121146526,1567908.7516444419,2496371.783414925,2272635.135313779,-0.10405028825425282,1.116976105086362,1024.3817012046302,0.2163265306122449,245,49,7,0.8660254037844386,0.5000000000000001,0,0,85809.90038,2.949525205,1.0,91.74250969595782,0.0,0.0,0.0,0.0,22,1961358.8832798044
ST-30,2026-02-01,2026,2,1482770.7019488357,2034040.324472223,2017131.782703229,1160421.0425949085,1015449.9863802305,1844647.603041429,1665993.403169742,-0.2710219733064665,0.8900219527446481,982.345070820703,0.18907563025210083,238,46,9,0.8660254037844386,0.5000000000000001,0,0,49377.56434,1.663365102,3.6725,100.0,0.0,0.0,0.0,0.0,23,1253304.6005928188
ST-31,2026-02-01,2026,2,1685190.4376186966,2264106.721802433,2211361.156948413,1340190.706144764,1304042.4030260707,2053552.772123181,1894618.1568107565,-0.25569301950698986,0.8894617797052081,1007.5732861425184,0.23461538461538461,260,47,8,0.8660254037844386,0.5000000000000001,0,0,32475.8925,2.738536816,151.3662913,86.27011307955955,0.0,0.0,0.0,0.0,24,1597970.955392129
ST-32,2026-02-01,2026,2,1965671.6690335067,2583096.36564219,2261545.0818997063,1587331.0005304231,1064174.7553833742,2270104.372191801,2133244.457907491,-0.23902503399449593,0.9214469826686636,1056.3211165389018,0.2631578947368421,247,50,7,0.8660254037844386,0.5000000000000001,0,0,32475.8925,2.738536816,151.3662913,86.27011307955955,0.0,0.0,0.0,0.0,25,1487305.4901526077
ST-33,2026-02-01,2026,2,1459622.8050550702,1729728.4824974393,1548459.3861577169,1068306.287916988,802892.5508714776,1579270.2245700757,1411973.537653912,-0.15615495736786478,1.0337465725316146,990.9891009434613,0.27692307692307694,260,45,7,0.8660254037844386,0.5000000000000001,0,0,32475.8925,2.738536816,151.3662913,86.27011307955955,0.0,0.0,0.0,0.0,26,1273619.7351068924
ST-34,2026-02-01,2026,2,1917242.084317588,2573785.2829237897,2572346.549564206,1425524.433301333,1303837.744740024,2354457.972268528,2094696.3988954455,-0.25508856661903684,0.9152839931020882,976.150971876514,0.23076923076923078,260,45,7,0.8660254037844386,0.5000000000000001,0,0,32475.8925,2.738536816,151.3662913,86.27011307955955,0.0,0.0,0.0,0.0,27,1663214.0643958456
ST-35,2026-02-01,2026,2,1747552.3066682587,2313906.4104561415,2433677.709586752,1914972.0783884302,1166064.8419496345,2165045.4755703844,2027164.5559008897,-0.24476102457239707,0.8620673154437781,1030.5104237455616,0.20164609053497942,243,51,7,0.8660254037844386,0.5000000000000001,0,0,13303.14815,0.218128938,7.197491108,92.0,0.0,0.0,0.0,0.0,28,1472125.3356301507
ST-36,2026-02-01,2026,2,2280676.643280182,3345783.7949813684,3019769.2914962624,2013550.0606569017,1356027.2926481348,2882076.5765859373,2678277.145690844,-0.31834308998054,0.8515461691295194,971.9393115383431,0.2489451476793249,237,41,8,0.8660254037844386,0.5000000000000001,0,0,13303.14815,0.218128938,7.197491108,92.0,0.0,0.0,0.0,0.0,29,1594735.755890573
ST-37,2026-02-01,2026,2,2181023.9793847343,2453257.103901149,2052593.9253620685,1532671.2128168473,1016336.8390523251,2228958.3362159836,1926783.485865737,-0.11096803677181313,1.1319507331176666,967.9333189110288,0.27165354330708663,254,50,9,0.8660254037844386,0.5000000000000001,0,0,13303.14815,0.218128938,7.197491108,92.0,0.0,0.0,0.0,0.0,30,1548373.3491900372
ST-38,2026-02-01,2026,2,1208651.2485661644,1368392.9421645668,1512007.1155616206,932774.1486983154,793142.5829964837,1363017.1020974508,1256115.4470083744,-0.11673671258908865,0.9622135062861833,1018.0376646559288,0.2579185520361991,221,45,8,0.8660254037844386,0.5000000000000001,0,0,13303.14815,0.218128938,7.197491108,92.0,0.0,0.0,0.0,0.0,31,1093641.080718843
ST-39,2026-02-01,2026,2,1651798.7330899902,2082434.634748301,2358994.6583350822,1537853.0259583695,977208.4537909429,2031076.0087244576,1917066.0633289923,-0.20679443881337517,0.8616284877640761,1033.9087934739116,0.251063829787234,235,43,8,0.8660254037844386,0.5000000000000001,0,0,35000.0,2.2,31.5,94.0,0.0,0.0,0.0,0.0,32,1340298.3248236203
ST-4,2026-02-01,2026,2,2175389.1922676526,2628274.442982667,2710422.01903522,1504029.2800985042,1525135.6343972215,2504695.21809518,2307387.916218841,-0.17231277042783358,0.9427930071821226,932.2305513596754,0.2672413793103448,232,44,7,0.8660254037844386,0.5000000000000001,0,0,85809.90038,2.949525205,1.0,91.74250969595782,0.0,0.0,0.0,0.0,33,1740381.7086489263
ST-40,2026-02-01,2026,2,1812958.3676973009,2228062.41619241,1892571.0405915992,1275755.7186505506,1097549.6493412636,1977863.94149377,1738637.1285154952,-0.18630719026466527,1.0427468377172318,965.597448349946,0.21755725190839695,262,45,8,0.8660254037844386,0.5000000000000001,0,0,13303.14815,0.218128938,7.197491108,92.0,0.0,0.0,0.0,0.0,34,1484870.6457169214
ST-41,2026-02-01,2026,2,2160511.67116995,2623722.5104664974,2247749.07633701,1500496.5454487007,1577860.394596177,2343994.4193244856,2181264.4553862596,-0.17654719104200864,0.9904858926366934,960.2675180542763,0.26066350710900477,211,42,7,0.8660254037844386,0.5000000000000001,0,0,7345.13569,1.365805408,35.29353808,90.8672,0.0,0.0,0.0,0.0,35,1799039.935328575
ST-42,2026-02-01,2026,2,1509995.6451143844,1584144.1706613093,1408373.6575242644,1073247.0090136924,830308.6304665334,1500837.8244333193,1354613.6020071562,-0.04680667764978185,1.1147058045755598,1055.6053396963412,0.29245283018867924,212,47,7,0.8660254037844386,0.5000000000000001,0,0,90674.06663,2.389511236,1.336233333,94.3776,0.0,0.0,0.0,0.0,36,1318456.9747138128
ST-43,2026-02-01,2026,2,2097889.7024447536,2507336.4659681343,2338322.8877780084,1548881.0850192918,1211242.8046527833,2314516.352063632,1961942.5053561318,-0.16329948895202817,1.0692921411904193,1008.819122557958,0.26229508196721313,244,44,8,0.8660254037844386,0.5000000000000001,0,0,13303.14815,0.218128938,7.197491108,92.0,0.0,0.0,0.0,0.0,37,1586718.4447898506
ST-44,2026-02-01,2026,2,2049492.6132588477,2298409.9988927697,1360560.9815022498,1592347.9705364811,955783.408283984,1902821.1978846223,1731566.7335049005,-0.1082998184631266,1.1836059064904918,1102.0673996141295,0.20425531914893616,235,43,8,0.8660254037844386,0.5000000000000001,0,0,32475.8925,2.738536816,151.3662913,86.27011307955955,0.0,0.0,0.0,0.0,38,1447951.286926248
ST-45,2026-02-01,2026,2,1691676.5145036299,2149767.972497827,1994069.429500481,1094890.9072708287,1187033.7585447922,1945171.305500646,1774991.9490433398,-0.21308879090888033,0.9530615141186335,1066.6007522957082,0.2558139534883721,258,50,8,0.8660254037844386,0.5000000000000001,0,0,90674.06663,2.389511236,1.336233333,94.3776,0.0,0.0,0.0,0.0,39,1509398.1881764408
ST-46,2026-02-01,2026,2,1944817.2701821013,2596635.1683838535,2524102.2303232127,1407610.0391136287,1131656.1733380004,2355184.889629722,2031632.8637130263,-0.2510240584192056,0.9572680698951384,984.8054214020503,0.2669172932330827,266,48,7,0.8660254037844386,0.5000000000000001,0,0,54282.61761,2.381583833,1.369359766,93.54619208893396,0.0,0.0,0.0,0.0,40,1493725.2214711665
ST-47,2026-02-01,2026,2,2282945.284005464,2963503.2269517467,2960161.482587169,2040349.3641584204,1250281.7386268235,2735536.6645147935,2535754.6273868806,-0.22964643222147024,0.9003021267708623,1009.1290511799763,0.20553359683794467,253,45,9,0.8660254037844386,0.5000000000000001,0,0,54282.61761,2.381583833,1.369359766,93.54619208893396,0.0,0.0,0.0,0.0,41,1586718.4447898506
ST-48,2026-02-01,2026,2,2153080.0037030177,2535241.22312659,1937127.919611567,1822310.9825459216,1148802.6310289337,2208483.048813725,2003649.0806627919,-0.1507395887765943,1.0745793884180534,1053.528508612506,0.2056451612903226,248,46,10,0.8660254037844386,0.5000000000000001,0,0,54282.61761,2.381583833,1.369359766,93.54619208893396,0.0,0.0,0.0,0.0,42,1569810.9060007927
ST-49,2026-02-01,2026,2,1660587.1836801518,1937783.6415009622,1796554.1765169364,1121172.7030241895,965612.6250861934,1798308.3338993501,1586597.6951256518,-0.14304819789174217,1.0466340577588198,1058.4856420453523,0.268,250,41,7,0.8660254037844386,0.5000000000000001,0,0,54282.61761,2.381583833,1.369359766,93.54619208893396,0.0,0.0,0.0,0.0,43,1384824.5599207536
ST-5,2026-02-01,2026,2,1547963.0666426427,2113992.292459559,2090071.1619404487,1530739.300546954,1028133.3539344075,1917342.1736808836,1808820.4647306092,-0.2677536847394843,0.8557859095613359,1004.5171847928989,0.25,220,43,9,0.8660254037844386,0.5000000000000001,0,0,85809.90038,2.949525205,1.0,91.74250969595782,0.0,0.0,0.0,0.0,44,1253877.9444879026
ST-50,2026-02-01,2026,2,1930768.5549834666,2602066.6573325666,2026509.8836309793,1465604.896172506,1038903.8272857261,2186448.3653156706,2015893.1916145973,-0.2579865125504747,0.9577732406730579,1039.3078486617928,0.2178988326848249,257,43,7,0.8660254037844386,0.5000000000000001,0,0,54282.61761,2.381583833,1.369359766,93.54619208893396,0.0,0.0,0.0,0.0,45,1453335.5212996406
ST-51,2026-02-01,2026,2,1982641.130022587,2659242.2887651706,2614516.302385136,1831530.4179662985,1349727.3681692083,2418799.9070576313,2251735.527426074,-0.2544338143241419,0.880494669944172,1056.3584383582572,0.22522522522522523,222,46,8,0.8660254037844386,0.5000000000000001,0,0,64407.48426,3.161614283,1.515358039,96.44169988975057,0.0,0.0,0.0,0.0,46,1642237.4532090812
ST-52,2026-02-01,2026,2,1339695.8200083503,1395729.0107907383,1404196.6122837835,1007613.9601091305,718815.0163774817,1379873.8143609574,1279387.2774432353,-0.04014618192298149,1.04713861363827,1074.279305146249,0.2791666666666667,240,49,7,0.8660254037844386,0.5000000000000001,0,0,64407.48426,3.161614283,1.515358039,96.44169988975057,0.0,0.0,0.0,0.0,47,1276352.2971137806
ST-53,2026-02-01,2026,2,1719206.2995552944,2003855.4518595051,1710672.4575872314,1124395.1041838725,707767.7049478674,1811244.7363340103,1627689.8590007555,-0.14205074125484782,1.0562247408795193,1033.2621674412924,0.23076923076923078,260,47,8,0.8660254037844386,0.5000000000000001,0,0,64407.48426,3.161614283,1.515358039,96.44169988975057,0.0,0.0,0.0,0.0,48,1349664.3954365486
ST-54,2026-02-01,2026,2,2010212.3626498051,2690381.553940816,2205653.568955602,1512189.7613095932,1225872.6681869347,2302082.495182074,2080929.683736694,-0.2528151407723982,0.9660164773276226,1037.908264044328,0.29435483870967744,248,39,7,0.8660254037844386,0.5000000000000001,0,0,64407.48426,3.161614283,1.515358039,96.44169988975057,0.0,0.0,0.0,0.0,49,1575669.1887100227
ST-55,2026-02-01,2026,2,1634555.2391389247,1936009.3625826344,1944325.7015304472,1375381.5319596138,851512.8418411358,1838296.7677506686,1746112.8744317358,-0.15570902149025262,0.9361108683600325,975.8884976527015,0.23577235772357724,246,50,8,0.8660254037844386,0.5000000000000001,0,0,64407.48426,3.161614283,1.515358039,96.44169988975057,0.0,0.0,0.0,0.0,50,1343069.3210364203
ST-56,2026-02-01,2026,2,2275764.2377281454,3218172.400622255,3327902.9783882815,2368966.7192136943,1751626.6823463943,2940613.2055795607,2865273.1763219982,-0.2928395516386533,0.7942573352288264,966.2162907881306,0.28888888888888886,225,47,9,0.8660254037844386,0.5000000000000001,0,0,64407.48426,3.161614283,1.515358039,96.44169988975057,0.0,0.0,0.0,0.0,51,1848945.7286787403
ST-57,2026-02-01,2026,2,1511638.947340234,2027564.4397454197,1978482.7941688707,1189392.9199646406,1206474.3466937572,1839228.7270848416,1664468.4649318822,-0.25445578068530594,0.9081811876814964,1069.4874691623772,0.24899598393574296,249,43,9,0.8660254037844386,0.5000000000000001,0,0,49377.56434,1.663365102,3.6725,100.0,0.0,0.0,0.0,0.0,52,1402270.6354462684
ST-58,2026-02-01,2026,2,2015551.799717953,2375926.243239996,2216609.2980167232,1365458.3200475315,959805.4636011518,2202695.7803248907,1900467.8122499788,-0.15167745402340804,1.0605556099009776,1098.101629651916,0.19827586206896552,232,47,8,0.8660254037844386,0.5000000000000001,0,0,49377.56434,1.663365102,3.6725,100.0,0.0,0.0,0.0,0.0,53,1437017.9968062367
ST-59,2026-02-01,2026,2,1986289.984412455,2264501.392838284,1881114.1600744587,1312967.2870260845,1027039.6013298929,2043968.5124417327,1915282.9293688473,-0.12285768924925407,1.037073924669191,969.7260180622288,0.24899598393574296,249,48,7,0.8660254037844386,0.5000000000000001,0,0,49377.56434,1.663365102,3.6725,100.0,0.0,0.0,0.0,0.0,54,1549341.3197074677
ST-6,2026-02-01,2026,2,2078829.6803636048,2648729.3771853824,2022111.204137101,1368354.8614861397,935728.8812641602,2249890.0872286963,1949918.735712324,-0.21515965418383728,1.0661109318508026,1122.745643822564,0.2603305785123967,242,45,8,0.8660254037844386,0.5000000000000001,0,0,85809.90038,2.949525205,1.0,91.74250969595782,0.0,0.0,0.0,0.0,55,1400927.6361105058
ST-60,2026-02-01,2026,2,2769707.808365177,3059814.494292007,2558950.0323909074,1841138.739497202,1575990.3177006396,2796157.44501603,2567546.0404801206,-0.09481185427025571,1.0787373486970668,1015.9961290075204,0.3157894736842105,247,50,9,0.8660254037844386,0.5000000000000001,0,0,14157.94458,4.722255885,18.30485833,76.73266946623188,0.0,0.0,0.0,0.0,56,2018646.1124999786
ST-61,2026-02-01,2026,2,2391720.575884409,3252470.9908517594,2460827.9684604085,1810649.350419139,1337211.7366529084,2701673.1783988588,2327453.974673052,-0.2646450705904487,1.027612404761037,989.7440002186706,0.1975806451612903,248,41,8,0.8660254037844386,0.5000000000000001,0,0,14157.94458,4.722255885,18.30485833,76.73266946623188,0.0,0.0,0.0,0.0,57,1675193.3617394727
ST-62,2026-02-01,2026,2,1830809.9522014516,2194831.634104076,1744151.590574784,1292143.167172327,1035019.4184812934,1923264.3922934372,1781843.88175527,-0.16585403465410542,1.0274805615394014,1049.4763811665755,0.25,248,52,8,0.8660254037844386,0.5000000000000001,0,0,14157.94458,4.722255885,18.30485833,76.73266946623188,0.0,0.0,0.0,0.0,58,1425265.9159881324
ST-63,2026-02-01,2026,2,1933264.4331509003,2117993.4386985833,1896833.3036098622,1118640.7017194878,968461.1347250782,1982697.0584864486,1723076.0906319076,-0.08721887526771145,1.1219843648587278,1116.4281190071147,0.24166666666666667,240,45,7,0.8660254037844386,0.5000000000000001,0,0,7913.988015,6.609085937,4074.434167,73.24194861474356,0.0,0.0,0.0,0.0,59,1432205.342872537
ST-64,2026-02-01,2026,2,2192237.9122547223,2654001.021584189,2201183.7112244656,1431863.5979173535,1298657.874329226,2349140.8816877925,2138406.3675414477,-0.17398754016071838,1.0251736739706614,989.7154807079123,0.24796747967479674,246,48,7,0.8660254037844386,0.5000000000000001,0,0,7913.988015,6.609085937,4074.434167,73.24194861474356,0.0,0.0,0.0,0.0,60,1681174.5481489117
ST-65,2026-02-01,2026,2,1622790.4396760592,2075034.0834448524,1917079.3976550915,1294211.083139766,1021119.135293656,1871634.6402586678,1694288.1678729428,-0.21794516407075312,0.957800727436677,1008.1400472564876,0.21951219512195122,246,54,9,0.8660254037844386,0.5000000000000001,0,0,7345.13569,1.365805408,35.29353808,90.8672,0.0,0.0,0.0,0.0,61,1367437.0888629716
ST-66,2026-02-01,2026,2,1556171.3590699127,1881264.0771584916,2147828.6955344155,1329841.139977465,1122448.556750705,1861754.7105876065,1773533.023278027,-0.172805467364054,0.8774414339314843,1069.8033156576903,0.2512315270935961,203,45,7,0.8660254037844386,0.5000000000000001,0,0,90674.06663,2.389511236,1.336233333,94.3776,0.0,0.0,0.0,0.0,62,1365096.49021018
ST-67,2026-02-01,2026,2,1580113.0496150001,2004720.0109779753,1857245.849321736,1211466.3041719184,1062645.0050475972,1814026.303304904,1622158.859538749,-0.211803622968694,0.9740803376460279,1050.484375421358,0.232,250,48,8,0.8660254037844386,0.5000000000000001,0,0,64407.48426,3.161614283,1.515358039,96.44169988975057,0.0,0.0,0.0,0.0,63,1342447.8377533592
ST-68,2026-02-01,2026,2,2301303.654710862,2582431.7942859894,2619727.451251368,1561834.809134112,1150401.5612581566,2501154.30008274,2328812.5495034275,-0.10886178686196667,0.9881875873614511,973.3972231502926,0.22077922077922077,231,40,7,0.8660254037844386,0.5000000000000001,0,0,46150.48769,1.999049423,0.923889546,88.6538,0.0,0.0,0.0,0.0,64,1576500.8018082893
ST-69,2026-02-01,2026,2,1496652.970413682,1663213.0203678287,1496865.3662592603,1070008.1978820146,748339.3478396167,1552243.785680257,1379792.9396594309,-0.10014354620511025,1.0846938894926477,968.3983555937843,0.26666666666666666,225,42,7,0.8660254037844386,0.5000000000000001,0,0,49377.56434,1.663365102,3.6725,100.0,0.0,0.0,0.0,0.0,65,1296385.0105380155
ST-7,2026-02-01,2026,2,2289437.0643826686,2919286.658204774,2205498.7631624104,1756678.1635168598,1435634.4463194262,2471407.495249951,2235677.3412779705,-0.21575462349745184,1.0240462798956345,1065.239252132997,0.1956521739130435,230,45,8,0.8660254037844386,0.5000000000000001,0,0,85809.90038,2.949525205,1.0,91.74250969595782,0.0,0.0,0.0,0.0,66,1660511.5266935069
ST-70,2026-02-01,2026,2,1662424.1581098905,2267890.611652341,2216031.8100085566,1203220.2761636686,982823.6518113946,2048782.1932569295,1809212.9185308982,-0.2669733938804568,0.9188659560643632,982.756767236166,0.26359832635983266,239,41,7,0.8660254037844386,0.5000000000000001,0,0,34000.0,2.321743286,1363.375,97.8956,0.0,0.0,0.0,0.0,67,1305442.7201534389
ST-71,2026-02-01,2026,2,1618027.4820937563,1807678.9338497974,1819952.55197069,1264200.0782899458,1021318.6454078406,1748552.9893047477,1659185.4362115199,-0.10491434524389907,0.9751938793461561,1010.657003798815,0.20833333333333334,216,45,9,0.8660254037844386,0.5000000000000001,0,0,34000.0,2.321743286,1363.375,97.8956,0.0,0.0,0.0,0.0,68,1423759.194637991
ST-72,2026-02-01,2026,2,1458810.861562517,1650497.6645226667,1468793.129516773,1038233.4257673203,842569.7573367518,1526033.885200652,1407193.8189293963,-0.11613879079046538,1.036680833825998,1021.3257273285485,0.2616033755274262,237,45,8,0.8660254037844386,0.5000000000000001,0,0,32475.8925,2.738536816,151.3662913,86.27011307955955,0.0,0.0,0.0,0.0,69,1325757.0088511624
ST-73,2026-02-01,2026,2,1926064.212431564,2661667.801777249,2960545.5241587395,1815274.8646260602,1478121.1054106657,2516092.512789184,2437111.7274575406,-0.27636942102786377,0.7903060785977527,1008.976026637118,0.19545454545454546,220,43,9,0.8660254037844386,0.5000000000000001,0,0,52636.78659,3.271572946,0.782414581,95.90075112651648,0.0,0.0,0.0,0.0,70,1644117.333161666
ST-74,2026-02-01,2026,2,2012667.580638489,2416513.4144345773,1981579.9691763085,1503441.5698288314,1273172.712905965,2136920.321416458,1969177.6884037068,-0.16711921869905338,1.0220853062122783,985.8956989781711,0.25523012552301255,239,48,9,0.8660254037844386,0.5000000000000001,0,0,7345.13569,1.365805408,35.29353808,90.8672,0.0,0.0,0.0,0.0,71,1578079.792485691
ST-75,2026-02-01,2026,2,2270792.6826874125,2817856.0032095043,2558403.642654202,1538656.9845122846,1209933.0324476117,2549017.442850373,2242012.114435557,-0.19414168782897112,1.0128369369935815,1004.7015283032804,0.16666666666666666,282,49,8,0.8660254037844386,0.5000000000000001,0,0,13303.14815,0.218128938,7.197491108,92.0,0.0,0.0,0.0,0.0,72,1594885.755593401
ST-8,2026-02-01,2026,2,1862718.2060734725,2434549.449348953,1836968.8803172675,1089159.7462666393,1192478.3230279945,2044745.5119132309,1710323.8248372928,-0.23488175334799613,1.0891026477109838,1138.357248849463,0.2235294117647059,255,51,9,0.8660254037844386,0.5000000000000001,0,0,85809.90038,2.949525205,1.0,91.74250969595782,0.0,0.0,0.0,0.0,73,1535340.85644279
ST-9,2026-02-01,2026,2,1841161.281259271,2575022.09823262,2173623.499886657,1425249.7210141101,1173598.8789130917,2196602.293126183,1945663.7855432378,-0.28499204627293806,0.9462895362187208,1030.5047302255773,0.273542600896861,223,41,8,0.8660254037844386,0.5000000000000001,0,0,85809.90038,2.949525205,1.0,91.74250969595782,0.0,0.0,0.0,0.0,74,1381031.2769316854
ST-1,2026-03-01,2026,3,1342503.2083584066,1724976.395497234,2527665.062484325,1667541.3863843537,1202866.7896875856,1865048.2221133218,1879593.2545659018,-0.2217266208031661,0.7142519824952565,1054.072197907938,0.24497991967871485,249,42,9,1.0,6.123233995736766e-17,0,0,85809.90038,2.949525205,1.0,91.74250969595782,0.0,0.0,0.0,0.0,0,1314879.2391349485
ST-10,2026-03-01,2026,3,1291970.5979599906,1443853.244106455,2032271.198085327,1707605.923158963,1340150.005948153,1589365.0133839243,1745895.6137397632,-0.10519257879318525,0.7400044927042053,1064.7842559806911,0.23113207547169812,212,42,8,1.0,6.123233995736766e-17,0,0,85809.90038,2.949525205,1.0,91.74250969595782,0.0,0.0,0.0,0.0,1,1370176.8107610287
ST-11,2026-03-01,2026,3,2036622.0373933222,2771583.4949488984,3674524.326692778,2620257.818658032,2335787.858498941,2827576.619678333,2661281.741913969,-0.2651774550162441,0.7652786269553717,908.773402248641,0.291497975708502,247,42,7,1.0,6.123233995736766e-17,0,0,85809.90038,2.949525205,1.0,91.74250969595782,0.0,0.0,0.0,0.0,2,2176164.5829068134
ST-12,2026-03-01,2026,3,1550456.5579289007,2001341.4354436756,2896643.934490945,2318003.4695804417,1765058.2945771609,2149480.642621174,2204708.3424149835,-0.2252913318685268,0.7032479208703717,1010.5246296561195,0.2744360902255639,266,48,8,1.0,6.123233995736766e-17,0,0,85809.90038,2.949525205,1.0,91.74250969595782,0.0,0.0,0.0,0.0,3,1899371.6409924843
ST-13,2026-03-01,2026,3,1664221.0024263992,2154087.020347288,2848331.7711830763,2772538.75830883,1477131.8418227793,2222213.2646522545,2356243.6749253557,-0.22741236231111553,0.7063025866707613,1042.2419483414474,0.3191489361702128,235,48,9,1.0,6.123233995736766e-17,0,0,85809.90038,2.949525205,1.0,91.74250969595782,0.0,0.0,0.0,0.0,4,1613811.021088525
ST-14,2026-03-01,2026,3,1377443.3518539085,1575820.8745726987,2008763.7369698933,2079822.807430943,1369040.4484104968,1654009.321132167,1837751.0349354267,-0.12588837089277832,0.7495266364534018,1038.728956695165,0.2553191489361702,235,47,7,1.0,6.123233995736766e-17,0,0,85809.90038,2.949525205,1.0,91.74250969595782,0.0,0.0,0.0,0.0,5,1432862.1397822974
ST-15,2026-03-01,2026,3,1610761.1299077568,2336277.2612848943,2655979.685267563,2453267.098309738,1555296.2763908333,2201006.025486738,2237284.635443538,-0.3105436770711545,0.7199625404786397,986.04429752588,0.25523012552301255,239,54,9,1.0,6.123233995736766e-17,0,0,85809.90038,2.949525205,1.0,91.74250969595782,0.0,0.0,0.0,0.0,6,1712677.8804582914
ST-16,2026-03-01,2026,3,1777966.8065529328,2121992.004205652,2770887.4000064973,2097204.955158468,1745242.864822794,2223615.4035883606,2318550.4803197687,-0.16212370120664138,0.7668441216374638,965.117199274714,0.26244343891402716,221,49,7,1.0,6.123233995736766e-17,0,0,52636.78659,3.271572946,0.782414581,95.90075112651648,0.0,0.0,0.0,0.0,7,1829976.757756865
ST-17,2026-03-01,2026,3,1450413.2859809585,1654971.86752464,2241393.507273665,2193264.509808154,1524333.0140567538,1782259.553593088,1988487.3772804346,-0.12360245243905084,0.7294053271611027,1077.5251438015239,0.2081447963800905,221,43,8,1.0,6.123233995736766e-17,0,0,52636.78659,3.271572946,0.782414581,95.90075112651648,0.0,0.0,0.0,0.0,8,1540254.673117425
ST-18,2026-03-01,2026,3,1381831.629502902,1904469.578793607,2058469.7729199291,1453862.3858020247,1094969.9540236513,1781590.327072146,1763232.794229795,-0.2744270400064735,0.783692110324267,1023.2046813210532,0.25877192982456143,228,48,9,1.0,6.123233995736766e-17,0,0,46150.48769,1.999049423,0.923889546,88.6538,0.0,0.0,0.0,0.0,9,1163819.1998717145
ST-19,2026-03-01,2026,3,1655180.946493202,1911124.1852474804,2665240.8646204146,2645810.6838640203,1980045.97254042,2077181.9987870322,2357788.9045285857,-0.13392287153811264,0.7020055711154249,1010.8700857810675,0.22844827586206898,232,44,7,1.0,6.123233995736766e-17,0,0,46150.48769,1.999049423,0.923889546,88.6538,0.0,0.0,0.0,0.0,10,1824620.7364965735
ST-2,2026-03-01,2026,3,1764163.4856462837,1955690.3361536933,2563141.8000897416,2018477.186570135,1635330.0641188899,2094331.8739632394,2191049.9868267416,-0.09793311700056276,0.8051680683932227,1012.0054537152099,0.28225806451612906,248,46,8,1.0,6.123233995736766e-17,0,0,85809.90038,2.949525205,1.0,91.74250969595782,0.0,0.0,0.0,0.0,11,1908306.5096117216
ST-20,2026-03-01,2026,3,1481660.7963091824,1930768.5549834666,2469960.123141653,2321414.620779858,1590954.382993159,1960796.4914781007,2071860.150487283,-0.2326056934763628,0.7151355249343008,1017.2712955716056,0.26609442060085836,233,47,7,1.0,6.123233995736766e-17,0,0,56833.19605,2.937915743,0.923889546,94.9197,0.0,0.0,0.0,0.0,12,1686500.4724176594
ST-21,2026-03-01,2026,3,1808242.5596989118,1992253.2407894556,2948139.1811309196,2917807.5316288667,1865166.045778235,2249544.9938730956,2627767.927241806,-0.092363097884899,0.688128712186888,966.3857042238183,0.21610169491525424,236,44,8,1.0,6.123233995736766e-17,0,0,35297.0095,2.774178265,0.923889546,95.7575,0.0,0.0,0.0,0.0,13,1876251.3118578983
ST-22,2026-03-01,2026,3,1536772.3104709054,1794789.5919973052,2407667.188086628,1720470.3754484768,1328611.2003838352,1913076.3635182793,1980223.7218251864,-0.14375906940672029,0.77605994390091,1081.7734926084559,0.25327510917030566,229,46,8,1.0,6.123233995736766e-17,0,0,40226.04724,0.982373023,0.923889546,89.2207,0.0,0.0,0.0,0.0,14,1534880.706043732
ST-23,2026-03-01,2026,3,1423635.8723096936,1769031.6327945907,2216056.240508355,1913858.411097679,1303993.7036369613,1802907.9152042132,1829212.2562505277,-0.19524566665846746,0.7782781180505678,970.5254904381009,0.2683982683982684,231,49,7,1.0,6.123233995736766e-17,0,0,40226.04724,0.982373023,0.923889546,89.2207,0.0,0.0,0.0,0.0,15,1455951.9494652222
ST-24,2026-03-01,2026,3,1696210.3866141818,2132528.8162989747,2785622.5092906267,1971620.6981128089,1837747.002119718,2204787.237401261,2272115.347764489,-0.20460142266308406,0.7465335720226819,976.2484023191589,0.2350597609561753,251,47,8,1.0,6.123233995736766e-17,0,0,55800.21945,2.256498143,0.923889546,93.5,0.0,0.0,0.0,0.0,16,1920282.6472258377
ST-25,2026-03-01,2026,3,1418245.2988689332,2235114.9293480497,2886330.005694984,2153071.0967712724,1586565.6744991571,2179896.744637322,2183714.875484003,-0.36547097411110996,0.6494645041764394,1029.7317126608386,0.25609756097560976,246,49,7,1.0,6.123233995736766e-17,0,0,55800.21945,2.256498143,0.923889546,93.5,0.0,0.0,0.0,0.0,17,1718985.8924935781
ST-26,2026-03-01,2026,3,1419557.8516767435,1911458.4042052708,2146745.096432693,1778691.4510451625,1433999.4492115283,1825920.450771569,1756677.2390141294,-0.2573430588111832,0.8080925853365176,1009.4150679044043,0.277992277992278,259,51,8,1.0,6.123233995736766e-17,0,0,68218.7261,3.347543042,0.923889546,93.21653589452544,0.0,0.0,0.0,0.0,18,1561627.6018512328
ST-27,2026-03-01,2026,3,1589351.4494992704,2313050.8520498388,2681941.0258293403,2152130.4099555314,1761469.5142296553,2194781.10912615,2180799.734728637,-0.31287656382877266,0.7287929396676297,1060.564933872553,0.252212389380531,226,41,7,1.0,6.123233995736766e-17,0,0,55800.21945,2.256498143,0.923889546,93.5,0.0,0.0,0.0,0.0,19,1740335.0206740305
ST-28,2026-03-01,2026,3,1561861.1770352395,1904861.3198328395,2185396.226212555,1524805.6725274543,1528892.3598774548,1884039.5743602114,1877742.1260358274,-0.18006567681667235,0.8317761823518035,1123.839827768633,0.21304347826086956,230,49,7,1.0,6.123233995736766e-17,0,0,52636.78659,3.271572946,0.782414581,95.90075112651648,0.0,0.0,0.0,0.0,20,1589311.0906432946
ST-29,2026-03-01,2026,3,1482608.8518575835,1829121.90242644,2033867.006118411,1621985.487459324,1292695.293360848,1781865.9201341448,1752717.1644718705,-0.1894422947476525,0.8458916714633327,1010.4731840854874,0.20416666666666666,240,47,8,1.0,6.123233995736766e-17,0,0,46150.48769,1.999049423,0.923889546,88.6538,0.0,0.0,0.0,0.0,21,1480047.3180655763
ST-3,2026-03-01,2026,3,1961358.8832798044,2538479.141725202,2833283.060919799,2022736.0616203584,1330019.7257595577,2444373.6953082685,2274068.762335992,-0.22734882826461794,0.8624888199356986,1024.3817012046302,0.2163265306122449,245,49,7,1.0,6.123233995736766e-17,0,0,85809.90038,2.949525205,1.0,91.74250969595782,0.0,0.0,0.0,0.0,22,1670513.676198438
ST-30,2026-03-01,2026,3,1253304.6005928188,1482770.7019488357,2034040.324472223,1694862.4690486323,1261029.128769611,1590038.5423379594,1681473.9961693936,-0.154754946974893,0.7453606796465495,982.345070820703,0.18907563025210083,238,46,9,1.0,6.123233995736766e-17,0,0,49377.56434,1.663365102,3.6725,100.0,0.0,0.0,0.0,0.0,23,1195511.717274313
ST-31,2026-03-01,2026,3,1597970.955392129,1685190.4376186966,2264106.721802433,2022511.8711926646,1491943.2243930614,1849089.3716044195,1937581.5316853176,-0.05175645451075274,0.8247244976587934,1007.5732861425184,0.23461538461538461,260,47,8,1.0,6.123233995736766e-17,0,0,32475.8925,2.738536816,151.3662913,86.27011307955955,0.0,0.0,0.0,0.0,24,1713189.5811908294
ST-32,2026-03-01,2026,3,1487305.4901526077,1965671.6690335067,2583096.36564219,2189335.4340089597,1719687.5050385548,2012024.5082761014,2116573.5395111884,-0.2433601635598202,0.7026949276215997,1056.3211165389018,0.2631578947368421,247,50,7,1.0,6.123233995736766e-17,0,0,32475.8925,2.738536816,151.3662913,86.27011307955955,0.0,0.0,0.0,0.0,25,1848921.1291796144
ST-33,2026-03-01,2026,3,1273619.7351068924,1459622.8050550702,1729728.4824974393,1279159.0381142215,834312.2125506314,1487657.007553134,1446192.4455188962,-0.12743228545347376,0.8806709916465617,990.9891009434613,0.27692307692307694,260,45,7,1.0,6.123233995736766e-17,0,0,32475.8925,2.738536816,151.3662913,86.27011307955955,0.0,0.0,0.0,0.0,26,1278374.268400892
ST-34,2026-03-01,2026,3,1663214.0643958456,1917242.084317588,2573785.2829237897,2110080.4532297673,1372299.3694543128,2051413.8105457413,2134311.3374111974,-0.13249658037428258,0.7792743426145283,976.150971876514,0.23076923076923078,260,45,7,1.0,6.123233995736766e-17,0,0,32475.8925,2.738536816,151.3662913,86.27011307955955,0.0,0.0,0.0,0.0,27,1603090.2567601528
ST-35,2026-03-01,2026,3,1472125.3356301507,1747552.3066682587,2313906.4104561415,1778190.3642413064,1710941.6452669688,1844528.0175848503,1953356.7654411765,-0.157607283047919,0.7536387421258722,1030.5104237455616,0.20164609053497942,243,51,7,1.0,6.123233995736766e-17,0,0,13303.14815,0.218128938,7.197491108,92.0,0.0,0.0,0.0,0.0,28,1746991.3246425963
ST-36,2026-03-01,2026,3,1594735.755890573,2280676.643280182,3345783.7949813684,2968856.6236151163,1802450.5848710646,2407065.3980507073,2608474.7615631223,-0.3007620082446475,0.6113671404414629,971.9393115383431,0.2489451476793249,237,41,8,1.0,6.123233995736766e-17,0,0,13303.14815,0.218128938,7.197491108,92.0,0.0,0.0,0.0,0.0,29,1803398.7975338434
ST-37,2026-03-01,2026,3,1548373.3491900372,2181023.9793847343,2453257.103901149,1879183.659105484,1506418.6693632314,2060884.810825307,1929400.508594602,-0.29007046056099184,0.8025152591661181,967.9333189110288,0.27165354330708663,254,50,9,1.0,6.123233995736766e-17,0,0,13303.14815,0.218128938,7.197491108,92.0,0.0,0.0,0.0,0.0,30,1626060.716773633
ST-38,2026-03-01,2026,3,1093641.080718843,1208651.2485661644,1368392.9421645668,1187849.4144476994,1055209.271645471,1223561.7571498582,1282926.602345129,-0.09515579285898983,0.8524580273880976,1018.0376646559288,0.2579185520361991,221,45,8,1.0,6.123233995736766e-17,0,0,13303.14815,0.218128938,7.197491108,92.0,0.0,0.0,0.0,0.0,31,1134087.771794826
ST-39,2026-03-01,2026,3,1340298.3248236203,1651798.7330899902,2082434.634748301,1719655.9565069294,1375212.960589442,1691510.564220637,1884140.2798065338,-0.18858254460799334,0.711358033787826,1033.9087934739116,0.251063829787234,235,43,8,1.0,6.123233995736766e-17,0,0,35000.0,2.2,31.5,94.0,0.0,0.0,0.0,0.0,32,1441466.9075419842
ST-4,2026-03-01,2026,3,1740381.7086489263,2175389.1922676526,2628274.442982667,2575893.3034157227,1805428.3660572348,2181348.4479664154,2346779.987643911,-0.19996765873662775,0.741604120459631,932.2305513596754,0.2672413793103448,232,44,7,1.0,6.123233995736766e-17,0,0,85809.90038,2.949525205,1.0,91.74250969595782,0.0,0.0,0.0,0.0,33,1824616.5528297776
ST-40,2026-03-01,2026,3,1484870.6457169214,1812958.3676973009,2228062.41619241,1736469.9739579216,1424417.3823596851,1841963.8098688775,1773489.6163598902,-0.1809681500833881,0.8372592836289829,965.597448349946,0.21755725190839695,262,45,8,1.0,6.123233995736766e-17,0,0,13303.14815,0.218128938,7.197491108,92.0,0.0,0.0,0.0,0.0,34,1536993.490972803
ST-41,2026-03-01,2026,3,1799039.935328575,2160511.67116995,2623722.5104664974,2113127.971875212,1418380.2225018088,2194424.705655007,2231021.687032905,-0.16730839303711448,0.806374920416469,960.2675180542763,0.26066350710900477,211,42,7,1.0,6.123233995736766e-17,0,0,7345.13569,1.365805408,35.29353808,90.8672,0.0,0.0,0.0,0.0,35,1602969.524781847
ST-42,2026-03-01,2026,3,1318456.9747138128,1509995.6451143844,1584144.1706613093,1346977.6019447045,1081337.3790340866,1470865.5968298353,1395481.929623843,-0.12684716742084526,0.9448040470643769,1055.6053396963412,0.29245283018867924,212,47,7,1.0,6.123233995736766e-17,0,0,90674.06663,2.389511236,1.336233333,94.3776,0.0,0.0,0.0,0.0,36,1302233.8004736782
ST-43,2026-03-01,2026,3,1586718.4447898506,2097889.7024447536,2507336.4659681343,1652393.2652158241,1595875.0344571036,2063981.5377342466,1968248.7319845578,-0.24365973914606423,0.806157483556453,1008.819122557958,0.26229508196721313,244,44,8,1.0,6.123233995736766e-17,0,0,13303.14815,0.218128938,7.197491108,92.0,0.0,0.0,0.0,0.0,37,1767730.0777500353
ST-44,2026-03-01,2026,3,1447951.286926248,2049492.6132588477,2298409.9988927697,1622163.0334371622,1615031.5509458238,1931951.2996926217,1707500.6195698616,-0.29350743810493835,0.847994589478394,1102.0673996141295,0.20425531914893616,235,43,8,1.0,6.123233995736766e-17,0,0,32475.8925,2.738536816,151.3662913,86.27011307955955,0.0,0.0,0.0,0.0,38,1664221.0024263992
ST-45,2026-03-01,2026,3,1509398.1881764408,1691676.5145036299,2149767.972497827,2082855.5084395553,1401146.4930362361,1783614.225059299,1844076.4958609417,-0.10775010752021526,0.8185117003358096,1066.6007522957082,0.2558139534883721,258,50,8,1.0,6.123233995736766e-17,0,0,90674.06663,2.389511236,1.336233333,94.3776,0.0,0.0,0.0,0.0,39,1584864.6598086983
ST-46,2026-03-01,2026,3,1493725.2214711665,1944817.2701821013,2596635.1683838535,1727239.8336554558,1870483.670428607,2011725.8866790403,2045985.3941059492,-0.2319457234502536,0.7300761900716753,984.8054214020503,0.2669172932330827,266,48,7,1.0,6.123233995736766e-17,0,0,54282.61761,2.381583833,1.369359766,93.54619208893396,0.0,0.0,0.0,0.0,40,1884699.2046961961
ST-47,2026-03-01,2026,3,1586718.4447898506,2282945.284005464,2963503.2269517467,2558375.942794917,1932744.9337317592,2277722.318582354,2460149.4741587853,-0.30496869289572826,0.6449683084124014,1009.1290511799763,0.20553359683794467,253,45,9,1.0,6.123233995736766e-17,0,0,54282.61761,2.381583833,1.369359766,93.54619208893396,0.0,0.0,0.0,0.0,41,1859091.7298364884
ST-48,2026-03-01,2026,3,1569810.9060007927,2153080.0037030177,2535241.22312659,1638311.3922881435,1490526.3239635497,2086044.0442768,1961565.7345719368,-0.2708998721362318,0.8002846289234172,1053.528508612506,0.2056451612903226,248,46,10,1.0,6.123233995736766e-17,0,0,54282.61761,2.381583833,1.369359766,93.54619208893396,0.0,0.0,0.0,0.0,42,1626060.716773633
ST-49,2026-03-01,2026,3,1384824.5599207536,1660587.1836801518,1937783.6415009622,1579645.7679560953,1240453.7590298932,1661065.1283672892,1630539.6712750793,-0.16606332173915736,0.8493044262074428,1058.4856420453523,0.268,250,41,7,1.0,6.123233995736766e-17,0,0,54282.61761,2.381583833,1.369359766,93.54619208893396,0.0,0.0,0.0,0.0,43,1260353.610206734
ST-5,2026-03-01,2026,3,1253877.9444879026,1547963.0666426427,2113992.292459559,1488931.1136995791,1584652.0651898512,1638611.1011967014,1762676.9053874342,-0.18998200182681207,0.7113487109609017,1004.5171847928989,0.25,220,43,9,1.0,6.123233995736766e-17,0,0,85809.90038,2.949525205,1.0,91.74250969595782,0.0,0.0,0.0,0.0,44,1479877.69247465
ST-50,2026-03-01,2026,3,1453335.5212996406,1930768.5549834666,2602066.6573325666,2344202.122620437,1563001.8673642857,1995390.244538558,2013848.2958024528,-0.24727615977147208,0.7216708052582153,1039.3078486617928,0.2178988326848249,257,43,7,1.0,6.123233995736766e-17,0,0,54282.61761,2.381583833,1.369359766,93.54619208893396,0.0,0.0,0.0,0.0,45,1779921.030524676
ST-51,2026-03-01,2026,3,1642237.4532090812,1982641.130022587,2659242.2887651706,2185334.807483026,1820095.8275566804,2094706.9573322795,2220186.6999665373,-0.17169202820362545,0.7396843937646473,1056.3584383582572,0.22522522522522523,222,46,8,1.0,6.123233995736766e-17,0,0,64407.48426,3.161614283,1.515358039,96.44169988975057,0.0,0.0,0.0,0.0,46,1807297.8545857961
ST-52,2026-03-01,2026,3,1276352.2971137806,1339695.8200083503,1395729.0107907383,1381539.0691575771,1031350.9538159177,1337259.0426376231,1324177.0002773437,-0.047282018760180095,0.9638834512655435,1074.279305146249,0.2791666666666667,240,49,7,1.0,6.123233995736766e-17,0,0,64407.48426,3.161614283,1.515358039,96.44169988975057,0.0,0.0,0.0,0.0,47,1312418.554062952
ST-53,2026-03-01,2026,3,1349664.3954365486,1719206.2995552944,2003855.4518595051,1591357.5237109913,897783.7141116961,1690908.7156171158,1665234.7408762015,-0.21494913333806123,0.8104949784595484,1033.2621674412924,0.23076923076923078,260,47,8,1.0,6.123233995736766e-17,0,0,64407.48426,3.161614283,1.515358039,96.44169988975057,0.0,0.0,0.0,0.0,48,1211887.5793305787
ST-54,2026-03-01,2026,3,1575669.1887100227,2010212.3626498051,2690381.553940816,2013323.4004308525,1496631.422798751,2092087.7017668812,2091509.5883034326,-0.2161677950119558,0.7533645542539236,1037.908264044328,0.29435483870967744,248,39,7,1.0,6.123233995736766e-17,0,0,64407.48426,3.161614283,1.515358039,96.44169988975057,0.0,0.0,0.0,0.0,49,1654783.266180958
ST-55,2026-03-01,2026,3,1343069.3210364203,1634555.2391389247,1936009.3625826344,1779941.35261964,1358551.922302893,1637877.9742526598,1740727.505944537,-0.1783273584905321,0.7715563271390123,975.8884976527015,0.23577235772357724,246,50,8,1.0,6.123233995736766e-17,0,0,64407.48426,3.161614283,1.515358039,96.44169988975057,0.0,0.0,0.0,0.0,50,1411022.7447336086
ST-56,2026-03-01,2026,3,1848945.7286787403,2275764.2377281454,3218172.400622255,2903094.940781715,2112896.672465855,2447627.4556763805,2778603.0112328394,-0.18754952818640402,0.66542277583525,966.2162907881306,0.28888888888888886,225,47,9,1.0,6.123233995736766e-17,0,0,64407.48426,3.161614283,1.515358039,96.44169988975057,0.0,0.0,0.0,0.0,51,1911124.1852474804
ST-57,2026-03-01,2026,3,1402270.6354462684,1511638.947340234,2027564.4397454197,1621867.733747773,1294437.9472635072,1647158.0075106407,1699948.0841788205,-0.07235081636815578,0.8248902707659166,1069.4874691623772,0.24899598393574296,249,43,9,1.0,6.123233995736766e-17,0,0,49377.56434,1.663365102,3.6725,100.0,0.0,0.0,0.0,0.0,52,1478039.6439689663
ST-58,2026-03-01,2026,3,1437017.9968062367,2015551.799717953,2375926.243239996,1618677.253163166,1379912.7977461887,1942832.0132547284,1912394.425043096,-0.28703494645618816,0.7514234396358133,1098.101629651916,0.19827586206896552,232,47,8,1.0,6.123233995736766e-17,0,0,49377.56434,1.663365102,3.6725,100.0,0.0,0.0,0.0,0.0,53,1392717.6611668554
ST-59,2026-03-01,2026,3,1549341.3197074677,1986289.984412455,2264501.392838284,2091889.370353333,1383816.2512067652,1933377.5656527355,1954678.6014824111,-0.21998231282137629,0.7926322611463904,969.7260180622288,0.24899598393574296,249,48,7,1.0,6.123233995736766e-17,0,0,49377.56434,1.663365102,3.6725,100.0,0.0,0.0,0.0,0.0,54,1568812.871958109
ST-6,2026-03-01,2026,3,1400927.6361105058,2078829.6803636048,2648729.3771853824,1890659.8760420457,1589693.289238656,2042828.8978864977,1955347.5314830514,-0.3260979245469154,0.716459664358468,1122.745643822564,0.2603305785123967,242,45,8,1.0,6.123233995736766e-17,0,0,85809.90038,2.949525205,1.0,91.74250969595782,0.0,0.0,0.0,0.0,55,1715856.4397256006
ST-60,2026-03-01,2026,3,2018646.1124999786,2769707.808365177,3059814.494292007,2376697.777155808,2131301.2780767763,2616056.1383857206,2597130.6026472505,-0.27117001064040513,0.7772601464255884,1015.9961290075204,0.3157894736842105,247,50,9,1.0,6.123233995736766e-17,0,0,14157.94458,4.722255885,18.30485833,76.73266946623188,0.0,0.0,0.0,0.0,56,2138461.585339809
ST-61,2026-03-01,2026,3,1675193.3617394727,2391720.575884409,3252470.9908517594,1978645.1502613118,1741905.1151377044,2439794.9761585467,2304877.976559774,-0.2995865074581211,0.7268034918880352,989.7440002186706,0.1975806451612903,248,41,8,1.0,6.123233995736766e-17,0,0,14157.94458,4.722255885,18.30485833,76.73266946623188,0.0,0.0,0.0,0.0,57,1851545.1638671441
ST-62,2026-03-01,2026,3,1425265.9159881324,1830809.9522014516,2194831.634104076,1639499.7096380708,1278065.8809020289,1816969.1674312197,1804031.006557904,-0.22151072301397212,0.7900451327095224,1049.4763811665755,0.25,248,52,8,1.0,6.123233995736766e-17,0,0,14157.94458,4.722255885,18.30485833,76.73266946623188,0.0,0.0,0.0,0.0,58,1315504.334238727
ST-63,2026-03-01,2026,3,1432205.342872537,1933264.4331509003,2117993.4386985833,1581112.0346996589,1249914.5635920968,1827821.071574007,1775336.8641574157,-0.25917773155414653,0.80672314746997,1116.4281190071147,0.24166666666666667,240,45,7,1.0,6.123233995736766e-17,0,0,7913.988015,6.609085937,4074.434167,73.24194861474356,0.0,0.0,0.0,0.0,59,1313801.453541391
ST-64,2026-03-01,2026,3,1681174.5481489117,2192237.9122547223,2654001.021584189,2461666.005562338,1833260.1126550972,2175804.493995941,2179958.192580041,-0.23312404244490995,0.7711957751626397,989.7154807079123,0.24796747967479674,246,48,7,1.0,6.123233995736766e-17,0,0,7913.988015,6.609085937,4074.434167,73.24194861474356,0.0,0.0,0.0,0.0,60,1890727.0104121757
ST-65,2026-03-01,2026,3,1367437.0888629716,1622790.4396760592,2075034.0834448524,1621548.4158601118,1214914.3985238657,1688420.537327961,1706492.502160144,-0.15735448309891514,0.8013144430063519,1008.1400472564876,0.21951219512195122,246,54,9,1.0,6.123233995736766e-17,0,0,7345.13569,1.365805408,35.29353808,90.8672,0.0,0.0,0.0,0.0,61,1297054.1072575615
ST-66,2026-03-01,2026,3,1365096.49021018,1556171.3590699127,1881264.0771584916,2092181.2779782377,1192988.0075418884,1600843.975479528,1779408.91498348,-0.12278523682246263,0.7671628925287549,1069.8033156576903,0.2512315270935961,203,45,7,1.0,6.123233995736766e-17,0,0,90674.06663,2.389511236,1.336233333,94.3776,0.0,0.0,0.0,0.0,62,1350872.81281221
ST-67,2026-03-01,2026,3,1342447.8377533592,1580113.0496150001,2004720.0109779753,1542617.9155804808,1077862.5312501478,1642426.966115445,1643989.115135656,-0.15041025825307172,0.8165795170989227,1050.484375421358,0.232,250,48,8,1.0,6.123233995736766e-17,0,0,64407.48426,3.161614283,1.515358039,96.44169988975057,0.0,0.0,0.0,0.0,63,1298859.4232657168
ST-68,2026-03-01,2026,3,1576500.8018082893,2301303.654710862,2582431.7942859894,2541433.638998082,1885118.9023578644,2153412.0836017136,2331256.88161579,-0.31495315771079224,0.6762449965254878,973.3972231502926,0.22077922077922077,231,40,7,1.0,6.123233995736766e-17,0,0,46150.48769,1.999049423,0.923889546,88.6538,0.0,0.0,0.0,0.0,64,1777994.2651818218
ST-69,2026-03-01,2026,3,1296385.0105380155,1496652.970413682,1663213.0203678287,1265907.6576546605,1100370.5503472511,1485417.000439842,1417522.408435431,-0.1338105518344119,0.9145428691803756,968.3983555937843,0.26666666666666666,225,42,7,1.0,6.123233995736766e-17,0,0,49377.56434,1.663365102,3.6725,100.0,0.0,0.0,0.0,0.0,65,1230712.0563931568
ST-7,2026-03-01,2026,3,1660511.5266935069,2289437.0643826686,2919286.658204774,2132396.694576113,1759295.2715219283,2289745.0830936497,2219649.568474078,-0.27470750232601276,0.7480962536960478,1065.239252132997,0.1956521739130435,230,45,8,1.0,6.123233995736766e-17,0,0,85809.90038,2.949525205,1.0,91.74250969595782,0.0,0.0,0.0,0.0,66,1761497.5845193407
ST-70,2026-03-01,2026,3,1305442.7201534389,1662424.1581098905,2267890.611652341,1819865.2280333375,1389047.7584895832,1745252.496638557,1826249.992529193,-0.21473547302291687,0.7148214787097781,982.756767236166,0.26359832635983266,239,41,7,1.0,6.123233995736766e-17,0,0,34000.0,2.321743286,1363.375,97.8956,0.0,0.0,0.0,0.0,67,1432862.1397822974
ST-71,2026-03-01,2026,3,1423759.194637991,1618027.4820937563,1807678.9338497974,1678818.4334197312,1254954.4711234393,1616488.5368605151,1685778.6222695273,-0.12006488740498937,0.8445706783973893,1010.657003798815,0.20833333333333334,216,45,9,1.0,6.123233995736766e-17,0,0,34000.0,2.321743286,1363.375,97.8956,0.0,0.0,0.0,0.0,68,1373227.8318397165
ST-72,2026-03-01,2026,3,1325757.0088511624,1458810.861562517,1650497.6645226667,1416286.8172313885,939857.1265304023,1478355.1783121154,1455114.4161100367,-0.09120706200997299,0.9111015561204555,1021.3257273285485,0.2616033755274262,237,45,8,1.0,6.123233995736766e-17,0,0,32475.8925,2.738536816,151.3662913,86.27011307955955,0.0,0.0,0.0,0.0,69,1329880.616064314
ST-73,2026-03-01,2026,3,1644117.333161666,1926064.212431564,2661667.801777249,2359119.52658572,2142599.0136743966,2077283.1157901597,2408585.4722134755,-0.14638498418178567,0.6826070123435279,1008.976026637118,0.19545454545454546,220,43,9,1.0,6.123233995736766e-17,0,0,52636.78659,3.271572946,0.782414581,95.90075112651648,0.0,0.0,0.0,0.0,70,1849551.9473392412
ST-74,2026-03-01,2026,3,1578079.792485691,2012667.580638489,2416513.4144345773,2168872.62077328,1505039.4471845354,2002420.2625195857,1981617.3921798498,-0.2159262624059019,0.7963594782289163,985.8956989781711,0.25523012552301255,239,48,9,1.0,6.123233995736766e-17,0,0,7345.13569,1.365805408,35.29353808,90.8672,0.0,0.0,0.0,0.0,71,1598759.3347258554
ST-75,2026-03-01,2026,3,1594885.755593401,2270792.6826874125,2817856.0032095043,2642800.8148306357,1570263.5901240774,2227844.8138301056,2251383.5762824095,-0.29765241549664356,0.7084025007533151,1004.7015283032804,0.16666666666666666,282,49,8,1.0,6.123233995736766e-17,0,0,13303.14815,0.218128938,7.197491108,92.0,0.0,0.0,0.0,0.0,72,1814890.6918246588
ST-8,2026-03-01,2026,3,1535340.85644279,1862718.2060734725,2434549.449348953,1387332.137010146,1260056.4451461555,1944202.837288405,1784687.3431999849,-0.17575248288402112,0.8602856193790723,1138.357248849463,0.2235294117647059,255,51,9,1.0,6.123233995736766e-17,0,0,85809.90038,2.949525205,1.0,91.74250969595782,0.0,0.0,0.0,0.0,73,1483759.9680798096
ST-9,2026-03-01,2026,3,1381031.2769316854,1841161.281259271,2575022.09823262,2029790.2851621152,1803812.8242654118,1932404.8854745254,1938294.0448628336,-0.24991292670073834,0.7124983335691032,1030.5047302255773,0.273542600896861,223,41,8,1.0,6.123233995736766e-17,0,0,85809.90038,2.949525205,1.0,91.74250969595782,0.0,0.0,0.0,0.0,74,1689597.9575070918
ST-1,2026-04-01,2026,4,1314879.2391349485,1342503.2083584066,1724976.395497234,1791503.797661718,1304320.9795166436,1460786.280996863,1820816.2300243343,-0.020576464213620967,0.7221372577052303,1054.072197907938,0.24497991967871485,249,42,9,0.8660254037844387,-0.4999999999999998,0,0,85809.90038,2.949525205,1.0,91.74250969595782,0.0,0.0,0.0,0.0,0,1478171.1734216535
ST-10,2026-04-01,2026,4,1370176.8107610287,1291970.5979599906,1443853.244106455,1578183.703172355,1335581.0276351736,1368666.8842758248,1689657.4283401074,0.06053250199696876,0.8109198869424488,1064.7842559806911,0.23113207547169812,212,42,8,0.8660254037844387,-0.4999999999999998,0,0,85809.90038,2.949525205,1.0,91.74250969595782,0.0,0.0,0.0,0.0,1,1527685.9198830333
ST-11,2026-04-01,2026,4,2176164.5829068134,2036622.0373933222,2771583.4949488984,2251609.367921345,1910448.9999487998,2328123.371749678,2587266.2026220993,0.06851666286204583,0.841105789849282,908.773402248641,0.291497975708502,247,42,7,0.8660254037844387,-0.4999999999999998,0,0,85809.90038,2.949525205,1.0,91.74250969595782,0.0,0.0,0.0,0.0,2,2374354.101545691
ST-12,2026-04-01,2026,4,1899371.6409924843,1550456.5579289007,2001341.4354436756,1984986.4939055552,1506351.5306858292,1817056.5447883534,2134936.3709836574,0.22504021881765215,0.8896619434692388,1010.5246296561195,0.2744360902255639,266,48,8,0.8660254037844387,-0.4999999999999998,0,0,85809.90038,2.949525205,1.0,91.74250969595782,0.0,0.0,0.0,0.0,3,2210342.6769606383
ST-13,2026-04-01,2026,4,1613811.021088525,1664221.0024263992,2154087.020347288,2392362.365914194,1694252.5309029187,1810706.3479540704,2163122.3853886384,-0.03029043694580077,0.7460562712444857,1042.2419483414474,0.3191489361702128,235,48,9,0.8660254037844387,-0.4999999999999998,0,0,85809.90038,2.949525205,1.0,91.74250969595782,0.0,0.0,0.0,0.0,4,1885332.3921014336
ST-14,2026-04-01,2026,4,1432862.1397822974,1377443.3518539085,1575820.8745726987,1839097.8980431037,1383694.4616983754,1462042.1220696347,1729924.2569939855,0.04023307953376121,0.8282802752717741,1038.728956695165,0.2553191489361702,235,47,7,0.8660254037844387,-0.4999999999999998,0,0,85809.90038,2.949525205,1.0,91.74250969595782,0.0,0.0,0.0,0.0,5,1559821.7796055637
ST-15,2026-04-01,2026,4,1712677.8804582914,1610761.1299077568,2336277.2612848943,1995405.0293397976,1450541.68431747,1886572.0905503144,2113853.0991349635,0.06327241740454155,0.8102161314611492,986.04429752588,0.25523012552301255,239,54,9,0.8660254037844387,-0.4999999999999998,0,0,85809.90038,2.949525205,1.0,91.74250969595782,0.0,0.0,0.0,0.0,6,1938602.8334576194
ST-16,2026-04-01,2026,4,1829976.757756865,1777966.8065529328,2121992.004205652,2246815.000531023,1553470.982546212,1909978.5228384833,2274012.4474195014,0.029252487173687648,0.8047347145498177,965.117199274714,0.26244343891402716,221,49,7,0.8660254037844387,-0.4999999999999998,0,0,52636.78659,3.271572946,0.782414581,95.90075112651648,0.0,0.0,0.0,0.0,7,2056442.2579679105
ST-17,2026-04-01,2026,4,1540254.673117425,1450413.2859809585,1654971.86752464,2183657.1349294223,1341161.124662351,1548546.6088743412,1879652.404498646,0.06194192235056928,0.8194359071023307,1077.5251438015239,0.2081447963800905,221,43,8,0.8660254037844387,-0.4999999999999998,0,0,52636.78659,3.271572946,0.782414581,95.90075112651648,0.0,0.0,0.0,0.0,8,1625259.628918084
ST-18,2026-04-01,2026,4,1163819.1998717145,1381831.629502902,1904469.578793607,1799266.1962165146,1189163.0134383934,1483373.469389408,1714892.2632414103,-0.1577706176183093,0.6786544116024624,1023.2046813210532,0.25877192982456143,228,48,9,0.8660254037844387,-0.4999999999999998,0,0,46150.48769,1.999049423,0.923889546,88.6538,0.0,0.0,0.0,0.0,9,1155908.6961811306
ST-19,2026-04-01,2026,4,1824620.7364965735,1655180.946493202,1911124.1852474804,2322517.8342245715,1791906.3550827238,1796975.2894124186,2220923.913300677,0.10236934539535407,0.8215593184301715,1010.8700857810675,0.22844827586206898,232,44,7,0.8660254037844387,-0.4999999999999998,0,0,46150.48769,1.999049423,0.923889546,88.6538,0.0,0.0,0.0,0.0,10,2087673.8855934583
ST-2,2026-04-01,2026,4,1908306.5096117216,1764163.4856462837,1955690.3361536933,2454916.1102285786,1342226.4563236334,1876053.4438038997,2172688.2073336723,0.0817061599665932,0.8783158592063237,1012.0054537152099,0.28225806451612906,248,46,8,0.8660254037844387,-0.4999999999999998,0,0,85809.90038,2.949525205,1.0,91.74250969595782,0.0,0.0,0.0,0.0,11,1919787.4511901357
ST-20,2026-04-01,2026,4,1686500.4724176594,1481660.7963091824,1930768.5549834666,1977435.92342818,1543759.7803109682,1699643.2745701028,1966041.1257602498,0.13825004793184287,0.8578154598701516,1017.2712955716056,0.26609442060085836,233,47,7,0.8660254037844387,-0.4999999999999998,0,0,56833.19605,2.937915743,0.923889546,94.9197,0.0,0.0,0.0,0.0,12,1867592.6877389436
ST-21,2026-04-01,2026,4,1876251.3118578983,1808242.5596989118,1992253.2407894556,2523776.0571265263,1877768.7529237084,1892249.0374487552,2454175.2239466445,0.037610414484609,0.7645139978394181,966.3857042238183,0.21610169491525424,236,44,8,0.8660254037844387,-0.4999999999999998,0,0,35297.0095,2.774178265,0.923889546,95.7575,0.0,0.0,0.0,0.0,13,2169786.0629083803
ST-22,2026-04-01,2026,4,1534880.706043732,1536772.3104709054,1794789.5919973052,2370867.0869379574,1739989.8493654851,1622147.5361706475,1949292.1102577292,-0.0012308943974881133,0.787404154547568,1081.7734926084559,0.25327510917030566,229,46,8,0.8660254037844387,-0.4999999999999998,0,0,40226.04724,0.982373023,0.923889546,89.2207,0.0,0.0,0.0,0.0,14,1798994.8231661918
ST-23,2026-04-01,2026,4,1455951.9494652222,1423635.8723096936,1769031.6327945907,1729381.9031279143,1231186.223742713,1549539.8181898354,1752894.5126451182,0.022699678888464147,0.8305987262566019,970.5254904381009,0.2683982683982684,231,49,7,0.8660254037844387,-0.4999999999999998,0,0,40226.04724,0.982373023,0.923889546,89.2207,0.0,0.0,0.0,0.0,15,1527685.9198830333
ST-24,2026-04-01,2026,4,1920282.6472258377,1696210.3866141818,2132528.8162989747,2426662.710138097,1657529.808778996,1916340.616712998,2263559.005949994,0.13210169114630185,0.848346626784714,976.2484023191589,0.2350597609561753,251,47,8,0.8660254037844387,-0.4999999999999998,0,0,55800.21945,2.256498143,0.923889546,93.5,0.0,0.0,0.0,0.0,16,2291180.3538116016
ST-25,2026-04-01,2026,4,1718985.8924935781,1418245.2988689332,2235114.9293480497,2224433.671990359,1778513.2242787136,1790782.0402368538,2111367.3414377207,0.21205118315180665,0.8141576592366191,1029.7317126608386,0.25609756097560976,246,49,7,0.8660254037844387,-0.4999999999999998,0,0,55800.21945,2.256498143,0.923889546,93.5,0.0,0.0,0.0,0.0,17,2272819.7298108614
ST-26,2026-04-01,2026,4,1561627.6018512328,1419557.8516767435,1911458.4042052708,1537798.0337385007,1098509.3974104852,1630881.2859110825,1720499.930815141,0.10008028204463831,0.9076592064211026,1009.4150679044043,0.277992277992278,259,51,8,0.8660254037844387,-0.4999999999999998,0,0,68218.7261,3.347543042,0.923889546,93.21653589452544,0.0,0.0,0.0,0.0,18,1567078.4589386133
ST-27,2026-04-01,2026,4,1740335.0206740305,1589351.4494992704,2313050.8520498388,2085840.7895865696,1184438.628432868,1880912.4407410466,2112167.169848387,0.09499696950119366,0.8239570454070418,1060.564933872553,0.252212389380531,226,41,7,0.8660254037844387,-0.4999999999999998,0,0,55800.21945,2.256498143,0.923889546,93.5,0.0,0.0,0.0,0.0,19,1642366.8413842113
ST-28,2026-04-01,2026,4,1589311.0906432946,1561861.1770352395,1904861.3198328395,1991129.566229031,1371750.5736498288,1685344.529170458,1888493.0290551342,0.017575130243112354,0.8415763607231695,1123.839827768633,0.21304347826086956,230,49,7,0.8660254037844387,-0.4999999999999998,0,0,52636.78659,3.271572946,0.782414581,95.90075112651648,0.0,0.0,0.0,0.0,20,1647500.5091275184
ST-29,2026-04-01,2026,4,1480047.3180655763,1482608.8518575835,1829121.90242644,1858617.978536184,1273908.4942700798,1597259.3574498666,1729060.802906246,-0.0017277205574470055,0.8559833844928287,1010.4731840854874,0.20416666666666666,240,47,8,0.8660254037844387,-0.4999999999999998,0,0,46150.48769,1.999049423,0.923889546,88.6538,0.0,0.0,0.0,0.0,21,1523014.5290050507
ST-3,2026-04-01,2026,4,1670513.676198438,1961358.8832798044,2538479.141725202,2171202.2788710166,1497197.6464997637,2056783.900401148,2215365.0314323385,-0.1482876028251454,0.7540579780291882,1024.3817012046302,0.2163265306122449,245,49,7,0.8660254037844387,-0.4999999999999998,0,0,85809.90038,2.949525205,1.0,91.74250969595782,0.0,0.0,0.0,0.0,22,1660984.5189028932
ST-30,2026-04-01,2026,4,1195511.717274313,1253304.6005928188,1482770.7019488357,1606734.0982506224,1120930.9468210957,1310529.0066053225,1598248.8708736738,-0.04611240020276748,0.7480134909282266,982.345070820703,0.18907563025210083,238,46,9,0.8660254037844387,-0.4999999999999998,0,0,49377.56434,1.663365102,3.6725,100.0,0.0,0.0,0.0,0.0,23,1235799.269025437
ST-31,2026-04-01,2026,4,1713189.5811908294,1597970.955392129,1685190.4376186966,1844348.047157568,1435126.4613019673,1665450.324733885,1886027.8166850116,0.07210307885128404,0.908358596853586,1007.5732861425184,0.23461538461538461,260,47,8,0.8660254037844387,-0.4999999999999998,0,0,32475.8925,2.738536816,151.3662913,86.27011307955955,0.0,0.0,0.0,0.0,24,1856703.154789942
ST-32,2026-04-01,2026,4,1848921.1291796144,1487305.4901526077,1965671.6690335067,2212487.1963301604,1495600.4451188308,1767299.429455243,2059837.8220396305,0.24313474361605594,0.897605194640436,1056.3211165389018,0.2631578947368421,247,50,7,0.8660254037844387,-0.4999999999999998,0,0,32475.8925,2.738536816,151.3662913,86.27011307955955,0.0,0.0,0.0,0.0,25,2097350.9342450188
ST-33,2026-04-01,2026,4,1278374.268400892,1273619.7351068924,1459622.8050550702,1386565.226182036,883256.9834324644,1337205.6028542847,1446061.6505666748,0.0037330870140768195,0.8840385663363174,990.9891009434613,0.27692307692307694,260,45,7,0.8660254037844387,-0.4999999999999998,0,0,32475.8925,2.738536816,151.3662913,86.27011307955955,0.0,0.0,0.0,0.0,26,1368220.1812829536
ST-34,2026-04-01,2026,4,1603090.2567601528,1663214.0643958456,1917242.084317588,1969199.5900359885,1285911.8313282074,1727848.8018245287,2049812.9713329282,-0.03614916980486968,0.7820665978700068,976.150971876514,0.23076923076923078,260,45,7,0.8660254037844387,-0.4999999999999998,0,0,32475.8925,2.738536816,151.3662913,86.27011307955955,0.0,0.0,0.0,0.0,27,1578172.4927557702
ST-35,2026-04-01,2026,4,1746991.3246425963,1472125.3356301507,1747552.3066682587,1974688.466064449,1522565.399508683,1655556.322313669,1948156.925508058,0.18671371408385398,0.8967405560447859,1030.5104237455616,0.20164609053497942,243,51,7,0.8660254037844387,-0.4999999999999998,0,0,13303.14815,0.218128938,7.197491108,92.0,0.0,0.0,0.0,0.0,28,1953371.6428100648
ST-36,2026-04-01,2026,4,1803398.7975338434,1594735.755890573,2280676.643280182,2441026.460115232,1746361.5785200195,1892937.0655681994,2414231.7905495767,0.13084490071318655,0.7469866002896586,971.9393115383431,0.2489451476793249,237,41,8,0.8660254037844387,-0.4999999999999998,0,0,13303.14815,0.218128938,7.197491108,92.0,0.0,0.0,0.0,0.0,29,2159601.9117254037
ST-37,2026-04-01,2026,4,1626060.716773633,1548373.3491900372,2181023.9793847343,1461971.0346241395,1191098.3586589007,1785152.6817828014,1887213.3515392935,0.050173537037584884,0.8616199728808335,967.9333189110288,0.27165354330708663,254,50,9,0.8660254037844387,-0.4999999999999998,0,0,13303.14815,0.218128938,7.197491108,92.0,0.0,0.0,0.0,0.0,30,1622790.4396760592
ST-38,2026-04-01,2026,4,1134087.771794826,1093641.080718843,1208651.2485661644,1327017.8126118795,969183.0701795077,1145460.033693278,1273966.3285696502,0.03698351478292828,0.8902023125431633,1018.0376646559288,0.2579185520361991,221,45,8,0.8660254037844387,-0.4999999999999998,0,0,13303.14815,0.218128938,7.197491108,92.0,0.0,0.0,0.0,0.0,31,1302762.3772366366
ST-39,2026-04-01,2026,4,1441466.9075419842,1340298.3248236203,1651798.7330899902,2151659.3713352806,1373500.715506065,1477854.6551518652,1837775.4383123766,0.07548213770369182,0.7843542129748338,1033.9087934739116,0.251063829787234,235,43,8,0.8660254037844387,-0.4999999999999998,0,0,35000.0,2.2,31.5,94.0,0.0,0.0,0.0,0.0,32,1566616.5393151226
ST-4,2026-04-01,2026,4,1824616.5528297776,1740381.7086489263,2175389.1922676526,2250319.2595132776,1823618.796584771,1913462.484582119,2221567.1958795865,0.04840021229954404,0.8213195424446101,932.2305513596754,0.2672413793103448,232,44,7,0.8660254037844387,-0.4999999999999998,0,0,85809.90038,2.949525205,1.0,91.74250969595782,0.0,0.0,0.0,0.0,33,2144183.4268163876
ST-40,2026-04-01,2026,4,1536993.490972803,1484870.6457169214,1812958.3676973009,1486005.254003189,1129327.7393789783,1611607.5014623415,1740243.5358623702,0.035102616787683706,0.8832059762320292,965.597448349946,0.21755725190839695,262,45,8,0.8660254037844387,-0.4999999999999998,0,0,13303.14815,0.218128938,7.197491108,92.0,0.0,0.0,0.0,0.0,34,1556542.771188479
ST-41,2026-04-01,2026,4,1602969.524781847,1799039.935328575,2160511.67116995,2441978.957020187,1863773.444150814,1854173.7104267906,2145995.2791840113,-0.10898613571405687,0.746958551274799,960.2675180542763,0.26066350710900477,211,42,7,0.8660254037844387,-0.4999999999999998,0,0,7345.13569,1.365805408,35.29353808,90.8672,0.0,0.0,0.0,0.0,35,1715877.0736721575
ST-42,2026-04-01,2026,4,1302233.8004736782,1318456.9747138128,1509995.6451143844,1204943.5277845822,1093779.0244332405,1376895.4734339584,1388024.6293786718,-0.01230466716113819,0.9381921422075943,1055.6053396963412,0.29245283018867924,212,47,7,0.8660254037844387,-0.4999999999999998,0,0,90674.06663,2.389511236,1.336233333,94.3776,0.0,0.0,0.0,0.0,36,1320764.3583376314
ST-43,2026-04-01,2026,4,1767730.0777500353,1586718.4447898506,2097889.7024447536,1626831.625710777,1196248.188541669,1817446.0749948798,1987471.5340735933,0.11407923917097869,0.889436677428447,1008.819122557958,0.26229508196721313,244,44,8,0.8660254037844387,-0.4999999999999998,0,0,13303.14815,0.218128938,7.197491108,92.0,0.0,0.0,0.0,0.0,37,1655223.3667129804
ST-44,2026-04-01,2026,4,1664221.0024263992,1447951.286926248,2049492.6132588477,1466425.8034018923,1301731.5724155286,1720554.967537165,1714510.2810680678,0.14936256312824894,0.9706684298152237,1102.0673996141295,0.20425531914893616,235,43,8,0.8660254037844387,-0.4999999999999998,0,0,32475.8925,2.738536816,151.3662913,86.27011307955955,0.0,0.0,0.0,0.0,38,1744434.3835076047
ST-45,2026-04-01,2026,4,1584864.6598086983,1509398.1881764408,1691676.5145036299,1636691.3620477165,1295081.3283300512,1595313.1208295897,1761078.0210891322,0.04999772241904661,0.8999400599120218,1066.6007522957082,0.2558139534883721,258,50,8,0.8660254037844387,-0.4999999999999998,0,0,90674.06663,2.389511236,1.336233333,94.3776,0.0,0.0,0.0,0.0,39,1659364.7604773913
ST-46,2026-04-01,2026,4,1884699.2046961961,1493725.2214711665,1944817.2701821013,1989392.6406199054,1359147.068173929,1774413.8987831548,2072228.622612739,0.26174424693717113,0.9095035094727631,984.8054214020503,0.2669172932330827,266,48,7,0.8660254037844387,-0.4999999999999998,0,0,54282.61761,2.381583833,1.369359766,93.54619208893396,0.0,0.0,0.0,0.0,40,2019559.556890357
ST-47,2026-04-01,2026,4,1859091.7298364884,1586718.4447898506,2282945.284005464,2409192.463823565,1871020.3706813108,1909585.1528772677,2343602.1053323806,0.1716582333437938,0.7932625276306549,1009.1290511799763,0.20553359683794467,253,45,9,0.8660254037844387,-0.4999999999999998,0,0,54282.61761,2.381583833,1.369359766,93.54619208893396,0.0,0.0,0.0,0.0,41,2315071.357348105
ST-48,2026-04-01,2026,4,1626060.716773633,1569810.9060007927,2153080.0037030177,1935822.962701512,1242227.3683209566,1782983.8754924813,1959523.955319519,0.035832220656525214,0.8298243623709557,1053.528508612506,0.2056451612903226,248,46,10,0.8660254037844387,-0.4999999999999998,0,0,54282.61761,2.381583833,1.369359766,93.54619208893396,0.0,0.0,0.0,0.0,42,1625730.2042923237
ST-49,2026-04-01,2026,4,1260353.610206734,1384824.5599207536,1660587.1836801518,1423842.6980755765,1006881.8987793814,1435255.1179358799,1577324.3116501856,-0.0898821073198922,0.7990453205455008,1058.4856420453523,0.268,250,41,7,0.8660254037844387,-0.4999999999999998,0,0,54282.61761,2.381583833,1.369359766,93.54619208893396,0.0,0.0,0.0,0.0,43,1334194.6518207917
ST-5,2026-04-01,2026,4,1479877.69247465,1253877.9444879026,1547963.0666426427,2081225.8530944725,1016409.3823313589,1427239.5678683985,1761168.0018499459,0.1802406278699225,0.8402819554523895,1004.5171847928989,0.25,220,43,9,0.8660254037844387,-0.4999999999999998,0,0,85809.90038,2.949525205,1.0,91.74250969595782,0.0,0.0,0.0,0.0,44,1506984.0303645157
ST-50,2026-04-01,2026,4,1779921.030524676,1453335.5212996406,1930768.5549834666,1726207.0349476277,1274625.7063917245,1721341.702269261,1919801.4471198262,0.2247144616220398,0.927138081490143,1039.3078486617928,0.2178988326848249,257,43,7,0.8660254037844387,-0.4999999999999998,0,0,54282.61761,2.381583833,1.369359766,93.54619208893396,0.0,0.0,0.0,0.0,45,1889918.2837693202
ST-51,2026-04-01,2026,4,1807297.8545857961,1642237.4532090812,1982641.130022587,2237148.2179342248,1542137.9301337628,1810725.4792724878,2157180.541150333,0.10050946107347139,0.8378055615233951,1056.3584383582572,0.22522522522522523,222,46,8,0.8660254037844387,-0.4999999999999998,0,0,64407.48426,3.161614283,1.515358039,96.44169988975057,0.0,0.0,0.0,0.0,46,1944792.7476120642
ST-52,2026-04-01,2026,4,1312418.554062952,1276352.2971137806,1339695.8200083503,1147549.1923098317,918301.3601846411,1309488.8903950276,1312656.9144282395,0.028257289958836727,0.9998184138119661,1074.279305146249,0.2791666666666667,240,49,7,0.8660254037844387,-0.4999999999999998,0,0,64407.48426,3.161614283,1.515358039,96.44169988975057,0.0,0.0,0.0,0.0,47,1381831.629502902
ST-53,2026-04-01,2026,4,1211887.5793305787,1349664.3954365486,1719206.2995552944,1616652.3171076388,1171746.2880922935,1426919.4247741404,1601989.7501461327,-0.10208227806247054,0.7564889720549279,1033.2621674412924,0.23076923076923078,260,47,8,0.8660254037844387,-0.4999999999999998,0,0,64407.48426,3.161614283,1.515358039,96.44169988975057,0.0,0.0,0.0,0.0,48,1243497.7674203308
ST-54,2026-04-01,2026,4,1654783.266180958,1575669.1887100227,2010212.3626498051,2053817.4551334947,1441795.703845694,1746888.2725135952,2031752.899261783,0.05020982706129116,0.8144608858597946,1037.908264044328,0.29435483870967744,248,39,7,0.8660254037844387,-0.4999999999999998,0,0,64407.48426,3.161614283,1.515358039,96.44169988975057,0.0,0.0,0.0,0.0,49,1759907.3039596938
ST-55,2026-04-01,2026,4,1411022.7447336086,1343069.3210364203,1634555.2391389247,1806464.0587591543,1386253.7746580036,1462882.4349696513,1679241.0712968651,0.05059561902936621,0.84027407907781,975.8884976527015,0.23577235772357724,246,50,8,0.8660254037844387,-0.4999999999999998,0,0,64407.48426,3.161614283,1.515358039,96.44169988975057,0.0,0.0,0.0,0.0,50,1566895.911596889
ST-56,2026-04-01,2026,4,1911124.1852474804,1848945.7286787403,2275764.2377281454,3097737.7811978976,1615365.3023983724,2011944.7172181222,2613274.5519771334,0.033629140977097745,0.7313139692121423,966.2162907881306,0.28888888888888886,225,47,9,0.8660254037844387,-0.4999999999999998,0,0,64407.48426,3.161614283,1.515358039,96.44169988975057,0.0,0.0,0.0,0.0,51,2177000.097410326
ST-57,2026-04-01,2026,4,1478039.6439689663,1402270.6354462684,1511638.947340234,1657863.9546243562,1197405.0429416264,1463983.075585156,1675976.7358823523,0.05403308506034907,0.881897470486559,1069.4874691623772,0.24899598393574296,249,43,9,0.8660254037844387,-0.4999999999999998,0,0,49377.56434,1.663365102,3.6725,100.0,0.0,0.0,0.0,0.0,52,1568746.765896244
ST-58,2026-04-01,2026,4,1392717.6611668554,1437017.9968062367,2015551.799717953,1810583.9593145028,1432666.3219619307,1615095.819230348,1874734.4930437112,-0.030827961610667736,0.7428879483119335,1098.101629651916,0.19827586206896552,232,47,8,0.8660254037844387,-0.4999999999999998,0,0,49377.56434,1.663365102,3.6725,100.0,0.0,0.0,0.0,0.0,53,1508114.4077694637
ST-59,2026-04-01,2026,4,1568812.871958109,1549341.3197074677,1986289.984412455,1954935.3815084703,1373222.3012665443,1701481.3920260107,1867499.1850832074,0.012567632453201362,0.8400608067136639,969.7260180622288,0.24899598393574296,249,48,7,0.8660254037844387,-0.4999999999999998,0,0,49377.56434,1.663365102,3.6725,100.0,0.0,0.0,0.0,0.0,54,1656580.8340505827
ST-6,2026-04-01,2026,4,1715856.4397256006,1400927.6361105058,2078829.6803636048,1690827.4150596696,1323505.5015218926,1731871.2520665706,1926213.6254303104,0.2248001934557119,0.8907923903519701,1122.745643822564,0.2603305785123967,242,45,8,0.8660254037844387,-0.4999999999999998,0,0,85809.90038,2.949525205,1.0,91.74250969595782,0.0,0.0,0.0,0.0,55,1944136.220538191
ST-60,2026-04-01,2026,4,2138461.585339809,2018646.1124999786,2769707.808365177,2798967.3911796235,1713423.6388744502,2308938.5020683217,2557424.570677917,0.059354372268572396,0.8361777742570721,1015.9961290075204,0.3157894736842105,247,50,9,0.8660254037844387,-0.4999999999999998,0,0,14157.94458,4.722255885,18.30485833,76.73266946623188,0.0,0.0,0.0,0.0,56,2359150.614637145
ST-61,2026-04-01,2026,4,1851545.1638671441,1675193.3617394727,2391720.575884409,2070409.8121612808,1596340.6669800438,1972819.7004970086,2283694.645494079,0.10527250534502643,0.8107673972614499,989.7440002186706,0.1975806451612903,248,41,8,0.8660254037844387,-0.4999999999999998,0,0,14157.94458,4.722255885,18.30485833,76.73266946623188,0.0,0.0,0.0,0.0,57,2109565.4805729934
ST-62,2026-04-01,2026,4,1315504.334238727,1425265.9159881324,1830809.9522014516,1989627.2368409093,1156501.0197761315,1523860.0674761038,1750031.77732468,-0.07701130050058616,0.7517031126427736,1049.4763811665755,0.25,248,52,8,0.8660254037844387,-0.4999999999999998,0,0,14157.94458,4.722255885,18.30485833,76.73266946623188,0.0,0.0,0.0,0.0,58,1360049.3648011074
ST-63,2026-04-01,2026,4,1313801.453541391,1432205.342872537,1933264.4331509003,1690612.6319129518,1221596.8005733169,1559757.0765216097,1730785.1006310377,-0.08267242537558638,0.7590783240867881,1116.4281190071147,0.24166666666666667,240,45,7,0.8660254037844387,-0.4999999999999998,0,0,7913.988015,6.609085937,4074.434167,73.24194861474356,0.0,0.0,0.0,0.0,59,1327732.810241229
ST-64,2026-04-01,2026,4,1890727.0104121757,1681174.5481489117,2192237.9122547223,1889485.9567056182,1321403.1774911904,1921379.82360527,2084801.6933883468,0.12464646368456839,0.9069097633642319,989.7154807079123,0.24796747967479674,246,48,7,0.8660254037844387,-0.4999999999999998,0,0,7913.988015,6.609085937,4074.434167,73.24194861474356,0.0,0.0,0.0,0.0,60,1902401.7361445278
ST-65,2026-04-01,2026,4,1297054.1072575615,1367437.0888629716,1622790.4396760592,1635065.5874617766,1148664.8437153588,1429093.8785988642,1652410.1173930522,-0.05147072737652142,0.7849468443729194,1008.1400472564876,0.21951219512195122,246,54,9,0.8660254037844387,-0.4999999999999998,0,0,7345.13569,1.365805408,35.29353808,90.8672,0.0,0.0,0.0,0.0,61,1315504.334238727
ST-66,2026-04-01,2026,4,1350872.81281221,1365096.49021018,1556171.3590699127,1633911.5899496411,1331903.3251929376,1424046.887364101,1655857.5041224752,-0.01041953993726839,0.8158146515923227,1069.8033156576903,0.2512315270935961,203,45,7,0.8660254037844387,-0.4999999999999998,0,0,90674.06663,2.389511236,1.336233333,94.3776,0.0,0.0,0.0,0.0,62,1491280.241225149
ST-67,2026-04-01,2026,4,1298859.4232657168,1342447.8377533592,1580113.0496150001,1536790.0275653843,970874.3096083875,1407140.1035446923,1603362.6997498618,-0.032469354310696676,0.8100845950004636,1050.484375421358,0.232,250,48,8,0.8660254037844387,-0.4999999999999998,0,0,64407.48426,3.161614283,1.515358039,96.44169988975057,0.0,0.0,0.0,0.0,63,1343069.3210364203
ST-68,2026-04-01,2026,4,1777994.2651818218,1576500.8018082893,2301303.654710862,2366143.9486401496,1359550.380717496,1885266.240566991,2204016.9859797466,0.12781056828034215,0.8067062443220936,973.3972231502926,0.22077922077922077,231,40,7,0.8660254037844387,-0.4999999999999998,0,0,46150.48769,1.999049423,0.923889546,88.6538,0.0,0.0,0.0,0.0,64,1862959.1738015246
ST-69,2026-04-01,2026,4,1230712.0563931568,1296385.0105380155,1496652.970413682,1286110.4253791384,922781.1592481192,1341250.0124482848,1411656.474891847,-0.05065852629505773,0.8718212102469525,968.3983555937843,0.26666666666666666,225,42,7,0.8660254037844387,-0.4999999999999998,0,0,49377.56434,1.663365102,3.6725,100.0,0.0,0.0,0.0,0.0,65,1196765.5741209632
ST-7,2026-04-01,2026,4,1761497.5845193407,1660511.5266935069,2289437.0643826686,2110766.7038249974,1728106.99574609,1903815.3918651722,2157833.0501312832,0.060816234155822005,0.8163270946342075,1065.239252132997,0.1956521739130435,230,45,8,0.8660254037844387,-0.4999999999999998,0,0,85809.90038,2.949525205,1.0,91.74250969595782,0.0,0.0,0.0,0.0,66,2054493.1299866342
ST-70,2026-04-01,2026,4,1432862.1397822974,1305442.7201534389,1662424.1581098905,1685845.427217594,1422738.326182519,1466909.6726818755,1761749.4778206863,0.0976062891628688,0.8133177604540981,982.756767236166,0.26359832635983266,239,41,7,0.8660254037844387,-0.4999999999999998,0,0,34000.0,2.321743286,1363.375,97.8956,0.0,0.0,0.0,0.0,67,1572884.7272243844
ST-71,2026-04-01,2026,4,1373227.8318397165,1423759.194637991,1618027.4820937563,1766435.137645198,1315651.0544741654,1471671.502857155,1634846.8553395246,-0.035491509370812344,0.8399733757046772,1010.657003798815,0.20833333333333334,216,45,9,0.8660254037844387,-0.4999999999999998,0,0,34000.0,2.321743286,1363.375,97.8956,0.0,0.0,0.0,0.0,68,1451421.112690157
ST-72,2026-04-01,2026,4,1329880.616064314,1325757.0088511624,1458810.861562517,1410541.0149757115,944662.9513180332,1371482.828825998,1440713.3825821907,0.0031103793422332816,0.9230709120510625,1021.3257273285485,0.2616033755274262,237,45,8,0.8660254037844387,-0.4999999999999998,0,0,32475.8925,2.738536816,151.3662913,86.27011307955955,0.0,0.0,0.0,0.0,69,1392889.0498820737
ST-73,2026-04-01,2026,4,1849551.9473392412,1644117.333161666,1926064.212431564,2899998.435165914,1553785.3180353171,1806577.8309774904,2323657.5423390623,0.12495130975994322,0.7959658054764075,1008.976026637118,0.19545454545454546,220,43,9,0.8660254037844387,-0.4999999999999998,0,0,52636.78659,3.271572946,0.782414581,95.90075112651648,0.0,0.0,0.0,0.0,70,2052433.0508654183
ST-74,2026-04-01,2026,4,1598759.3347258554,1578079.792485691,2012667.580638489,1731990.9755707534,1193196.6175472208,1729835.569283345,1886598.5111719456,0.013104243738899525,0.8474295539079558,985.8956989781711,0.25523012552301255,239,48,9,0.8660254037844387,-0.4999999999999998,0,0,7345.13569,1.365805408,35.29353808,90.8672,0.0,0.0,0.0,0.0,71,1603133.4395259318
ST-75,2026-04-01,2026,4,1814890.6918246588,1594885.755593401,2270792.6826874125,1623562.5587193002,1377455.3250372626,1893523.0433684906,2113398.555781413,0.13794400975723917,0.8587545812690389,1004.7015283032804,0.16666666666666666,282,49,8,0.8660254037844387,-0.4999999999999998,0,0,13303.14815,0.218128938,7.197491108,92.0,0.0,0.0,0.0,0.0,72,1876878.8436314343
ST-8,2026-04-01,2026,4,1483759.9680798096,1535340.85644279,1862718.2060734725,1651214.5300072792,1293830.3577892028,1627273.0101986907,1800758.648378262,-0.03359572445853326,0.8239638162593654,1138.357248849463,0.2235294117647059,255,51,9,0.8660254037844387,-0.4999999999999998,0,0,85809.90038,2.949525205,1.0,91.74250969595782,0.0,0.0,0.0,0.0,73,1545346.6430436245
ST-9,2026-04-01,2026,4,1689597.9575070918,1381031.2769316854,1841161.281259271,1629135.8277046534,1441258.7094066974,1637263.5052326827,1881595.3235869966,0.22343207263268236,0.8979603299003269,1030.5047302255773,0.273542600896861,223,41,8,0.8660254037844387,-0.4999999999999998,0,0,85809.90038,2.949525205,1.0,91.74250969595782,0.0,0.0,0.0,0.0,74,1943085.0513372552
ST-1,2026-05-01,2026,5,1478171.1734216535,1314879.2391349485,1342503.2083584066,2223369.6770093734,1310992.9938369873,1378517.873638336,1768594.1259843234,0.12418778046426059,0.8357888063203687,1054.072197907938,0.24497991967871485,249,42,9,0.49999999999999994,-0.8660254037844387,0,0,85809.90038,2.949525205,1.0,91.74250969595782,0.0,0.0,0.0,0.0,0,1621291.4119554884
ST-10,2026-05-01,2026,5,1527685.9198830333,1370176.8107610287,1291970.5979599906,2421489.015955489,1263594.014014899,1396611.1095346843,1681241.1311252203,0.11495531663137716,0.9086655635533877,1064.7842559806911,0.23113207547169812,212,42,8,0.49999999999999994,-0.8660254037844387,0,0,85809.90038,2.949525205,1.0,91.74250969595782,0.0,0.0,0.0,0.0,1,1581948.440842883
ST-11,2026-05-01,2026,5,2374354.101545691,2176164.5829068134,2036622.0373933222,2613093.4058694374,1804383.0404322622,2195713.5739486087,2607723.658226157,0.09107285367825713,0.9105083255488773,908.773402248641,0.291497975708502,247,42,7,0.49999999999999994,-0.8660254037844387,0,0,85809.90038,2.949525205,1.0,91.74250969595782,0.0,0.0,0.0,0.0,2,2367504.2044240884
ST-12,2026-05-01,2026,5,2210342.6769606383,1899371.6409924843,1550456.5579289007,2476818.1631403826,1504856.2106640597,1886723.625294008,2172495.7348261713,0.16372311203175666,1.0174209511796788,1010.5246296561195,0.2744360902255639,266,48,8,0.49999999999999994,-0.8660254037844387,0,0,85809.90038,2.949525205,1.0,91.74250969595782,0.0,0.0,0.0,0.0,3,2262261.5810562833
ST-13,2026-05-01,2026,5,1885332.3921014336,1613811.021088525,1664221.0024263992,2305921.1313723475,1592180.245643524,1721121.4718721192,2078617.3897531785,0.16824855417691092,0.907012710177174,1042.2419483414474,0.3191489361702128,235,48,9,0.49999999999999994,-0.8660254037844387,0,0,85809.90038,2.949525205,1.0,91.74250969595782,0.0,0.0,0.0,0.0,4,2158968.518623508
ST-14,2026-05-01,2026,5,1559821.7796055637,1432862.1397822974,1377443.3518539085,2145557.5407420127,1213013.8015997668,1456709.0904139231,1683378.2372543954,0.08860562108407441,0.9266020821022652,1038.728956695165,0.2553191489361702,235,47,7,0.49999999999999994,-0.8660254037844387,0,0,85809.90038,2.949525205,1.0,91.74250969595782,0.0,0.0,0.0,0.0,5,1582434.6431562894
ST-15,2026-05-01,2026,5,1938602.8334576194,1712677.8804582914,1610761.1299077568,2372017.6085514775,1750291.2072139794,1754013.9479412225,2104386.0664879335,0.13191327778395393,0.9212201431712603,986.04429752588,0.25523012552301255,239,54,9,0.49999999999999994,-0.8660254037844387,0,0,85809.90038,2.949525205,1.0,91.74250969595782,0.0,0.0,0.0,0.0,6,2157362.0839615045
ST-16,2026-05-01,2026,5,2056442.2579679105,1829976.757756865,1777966.8065529328,2896436.715464037,1556204.892644794,1888128.6074259027,2242283.656992316,0.12375321120943678,0.9171195854525902,965.117199274714,0.26244343891402716,221,49,7,0.49999999999999994,-0.8660254037844387,0,0,52636.78659,3.271572946,0.782414581,95.90075112651648,0.0,0.0,0.0,0.0,7,2192023.617416305
ST-17,2026-05-01,2026,5,1625259.628918084,1540254.673117425,1450413.2859809585,2207223.9581657667,1224045.8526654474,1538642.5293388227,1786586.1534967562,0.0551888965404739,0.9097012342433533,1077.5251438015239,0.2081447963800905,221,43,8,0.49999999999999994,-0.8660254037844387,0,0,52636.78659,3.271572946,0.782414581,95.90075112651648,0.0,0.0,0.0,0.0,8,1590582.9710736228
ST-18,2026-05-01,2026,5,1155908.6961811306,1163819.1998717145,1381831.629502902,1981497.2021437925,1065472.583397574,1233853.175185249,1607666.0132355124,-0.0067970211279001274,0.7189980298549719,1023.2046813210532,0.25877192982456143,228,48,9,0.49999999999999994,-0.8660254037844387,0,0,46150.48769,1.999049423,0.923889546,88.6538,0.0,0.0,0.0,0.0,9,1312323.9026031871
ST-19,2026-05-01,2026,5,2087673.8855934583,1824620.7364965735,1655180.946493202,2946858.9127218234,1957286.650163703,1855825.1895277444,2181783.255195492,0.14416867233569267,0.9568658484393762,1010.8700857810675,0.22844827586206898,232,44,7,0.49999999999999994,-0.8660254037844387,0,0,46150.48769,1.999049423,0.923889546,88.6538,0.0,0.0,0.0,0.0,10,2229982.0467779613
ST-2,2026-05-01,2026,5,1919787.4511901357,1908306.5096117216,1764163.4856462837,2389911.0022720164,1587647.156392313,1864085.8154827135,2083500.0974939323,0.006016298493238414,0.9214242195137342,1012.0054537152099,0.28225806451612906,248,46,8,0.49999999999999994,-0.8660254037844387,0,0,85809.90038,2.949525205,1.0,91.74250969595782,0.0,0.0,0.0,0.0,11,2237195.583659835
ST-20,2026-05-01,2026,5,1867592.6877389436,1686500.4724176594,1481660.7963091824,2249920.8842813578,1722953.7263384243,1678584.6521552617,1947733.919812044,0.10737750643003498,0.9588541169520558,1017.2712955716056,0.26609442060085836,233,47,7,0.49999999999999994,-0.8660254037844387,0,0,56833.19605,2.937915743,0.923889546,94.9197,0.0,0.0,0.0,0.0,12,2018854.2340020295
ST-21,2026-05-01,2026,5,2169786.0629083803,1876251.3118578983,1808242.5596989118,3576388.9930761545,2018755.4646578718,1951426.6448217302,2395176.891576953,0.1564474594609709,0.9058980447493469,966.3857042238183,0.21610169491525424,236,44,8,0.49999999999999994,-0.8660254037844387,0,0,35297.0095,2.774178265,0.923889546,95.7575,0.0,0.0,0.0,0.0,13,2293408.9625151027
ST-22,2026-05-01,2026,5,1798994.8231661918,1534880.706043732,1536772.3104709054,2050775.7780098477,1511311.586025778,1623549.2798936097,1853980.0662957681,0.17207468703104198,0.9703420526848294,1081.7734926084559,0.25327510917030566,229,46,8,0.49999999999999994,-0.8660254037844387,0,0,40226.04724,0.982373023,0.923889546,89.2207,0.0,0.0,0.0,0.0,14,1971944.7760048634
ST-23,2026-05-01,2026,5,1527685.9198830333,1455951.9494652222,1423635.8723096936,1923309.4776649328,1390119.2603548465,1469091.2472193164,1719278.5154376382,0.04926946280346634,0.8885622115124056,970.5254904381009,0.2683982683982684,231,49,7,0.49999999999999994,-0.8660254037844387,0,0,40226.04724,0.982373023,0.923889546,89.2207,0.0,0.0,0.0,0.0,15,1614231.778199421
ST-24,2026-05-01,2026,5,2291180.3538116016,1920282.6472258377,1696210.3866141818,2620046.9661322455,1656080.4097569732,1969224.4625505402,2240978.613228911,0.1931474552048816,1.0224017044546254,976.2484023191589,0.2350597609561753,251,47,8,0.49999999999999994,-0.8660254037844387,0,0,55800.21945,2.256498143,0.923889546,93.5,0.0,0.0,0.0,0.0,16,2422650.4080680427
ST-25,2026-05-01,2026,5,2272819.7298108614,1718985.8924935781,1418245.2988689332,2185094.2502304194,1651640.420528729,1803350.3070577912,2119431.6844078046,0.3221863772912565,1.0723722526805177,1029.7317126608386,0.25609756097560976,246,49,7,0.49999999999999994,-0.8660254037844387,0,0,55800.21945,2.256498143,0.923889546,93.5,0.0,0.0,0.0,0.0,17,2344942.7366834274
ST-26,2026-05-01,2026,5,1567078.4589386133,1561627.6018512328,1419557.8516767435,1745812.5969864072,1035415.872456052,1516087.9708221965,1725380.0016818268,0.003490497402145532,0.9082512011331371,1009.4150679044043,0.277992277992278,259,51,8,0.49999999999999994,-0.8660254037844387,0,0,68218.7261,3.347543042,0.923889546,93.21653589452544,0.0,0.0,0.0,0.0,18,1509402.0890229596
ST-27,2026-05-01,2026,5,1642366.8413842113,1740335.0206740305,1589351.4494992704,2262483.8814512724,1530780.7353939954,1657351.1038525042,2038254.845147994,-0.05629271268234101,0.805771096432724,1060.564933872553,0.252212389380531,226,41,7,0.49999999999999994,-0.8660254037844387,0,0,55800.21945,2.256498143,0.923889546,93.5,0.0,0.0,0.0,0.0,19,1589311.0906432946
ST-28,2026-05-01,2026,5,1647500.5091275184,1589311.0906432946,1561861.1770352395,2098398.794377847,1394450.8761667518,1599557.5922686842,1831221.5195382156,0.03661298208185965,0.8996729732309903,1123.839827768633,0.21304347826086956,230,49,7,0.49999999999999994,-0.8660254037844387,0,0,52636.78659,3.271572946,0.782414581,95.90075112651648,0.0,0.0,0.0,0.0,20,1651098.1713253956
ST-29,2026-05-01,2026,5,1523014.5290050507,1480047.3180655763,1482608.8518575835,1690101.7604332797,1240646.9760567162,1495223.5663094036,1673126.894651057,0.029030971114918546,0.9102803462630888,1010.4731840854874,0.20416666666666666,240,47,8,0.49999999999999994,-0.8660254037844387,0,0,46150.48769,1.999049423,0.923889546,88.6538,0.0,0.0,0.0,0.0,21,1569131.9209021372
ST-3,2026-05-01,2026,5,1660984.5189028932,1670513.676198438,1961358.8832798044,2117353.147599774,1713066.021669821,1764285.692793712,2130328.7381043187,-0.00570432761570095,0.7796846041615749,1024.3817012046302,0.2163265306122449,245,49,7,0.49999999999999994,-0.8660254037844387,0,0,85809.90038,2.949525205,1.0,91.74250969595782,0.0,0.0,0.0,0.0,22,1869972.4719843774
ST-30,2026-05-01,2026,5,1235799.269025437,1195511.717274313,1253304.6005928188,2017131.782703229,1090207.4633821996,1228205.1956308563,1536426.3993361427,0.03369900199972686,0.8043335297801442,982.345070820703,0.18907563025210083,238,46,9,0.49999999999999994,-0.8660254037844387,0,0,49377.56434,1.663365102,3.6725,100.0,0.0,0.0,0.0,0.0,23,1355701.6963674792
ST-31,2026-05-01,2026,5,1856703.154789942,1713189.5811908294,1597970.955392129,2211361.156948413,1386867.118507361,1722621.2304576335,1888087.001290407,0.0837698146047311,0.9833779659099312,1007.5732861425184,0.23461538461538461,260,47,8,0.49999999999999994,-0.8660254037844387,0,0,32475.8925,2.738536816,151.3662913,86.27011307955955,0.0,0.0,0.0,0.0,24,1872338.3897037883
ST-32,2026-05-01,2026,5,2097350.9342450188,1848921.1291796144,1487305.4901526077,2261545.0818997063,1324932.2183935142,1811192.51785908,2040648.4450254405,0.13436473906035964,1.0277865054893722,1056.3211165389018,0.2631578947368421,247,50,7,0.49999999999999994,-0.8660254037844387,0,0,32475.8925,2.738536816,151.3662913,86.27011307955955,0.0,0.0,0.0,0.0,25,1917039.1258582973
ST-33,2026-05-01,2026,5,1368220.1812829536,1278374.268400892,1273619.7351068924,1548459.3861577169,778759.5464995491,1306738.0615969126,1443004.1430834942,0.07028138402257518,0.9481748114452826,990.9891009434613,0.27692307692307694,260,45,7,0.49999999999999994,-0.8660254037844387,0,0,32475.8925,2.738536816,151.3662913,86.27011307955955,0.0,0.0,0.0,0.0,26,1405254.7022854157
ST-34,2026-05-01,2026,5,1578172.4927557702,1603090.2567601528,1663214.0643958456,2572346.549564206,1384079.2293571054,1614825.6046372561,1984641.7884528919,-0.015543581466673853,0.7951926145755599,976.150971876514,0.23076923076923078,260,45,7,0.49999999999999994,-0.8660254037844387,0,0,32475.8925,2.738536816,151.3662913,86.27011307955955,0.0,0.0,0.0,0.0,27,1615397.3507408348
ST-35,2026-05-01,2026,5,1953371.6428100648,1746991.3246425963,1472125.3356301507,2433677.709586752,1590694.37406345,1724162.767694271,1944604.1216323276,0.11813471266646977,1.004508640643206,1030.5104237455616,0.20164609053497942,243,51,7,0.49999999999999994,-0.8660254037844387,0,0,13303.14815,0.218128938,7.197491108,92.0,0.0,0.0,0.0,0.0,28,2104416.616722359
ST-36,2026-05-01,2026,5,2159601.9117254037,1803398.7975338434,1594735.755890573,3019769.2914962624,1826957.9819629018,1852578.8217166066,2367327.699151272,0.1975176620272065,0.9122530490813158,971.9393115383431,0.2489451476793249,237,41,8,0.49999999999999994,-0.8660254037844387,0,0,13303.14815,0.218128938,7.197491108,92.0,0.0,0.0,0.0,0.0,29,2295273.445869527
ST-37,2026-05-01,2026,5,1622790.4396760592,1626060.716773633,1548373.3491900372,2052593.9253620685,1587355.117342945,1599074.835213243,1914016.5857146133,-0.0020111654281043667,0.8478455473102274,967.9333189110288,0.27165354330708663,254,50,9,0.49999999999999994,-0.8660254037844387,0,0,13303.14815,0.218128938,7.197491108,92.0,0.0,0.0,0.0,0.0,30,1758079.2538615344
ST-38,2026-05-01,2026,5,1302762.3772366366,1134087.771794826,1093641.080718843,1512007.1155616206,1019024.9241809921,1176830.4099167685,1269923.7560071095,0.148731526462774,1.0258587344903116,1018.0376646559288,0.2579185520361991,221,45,8,0.49999999999999994,-0.8660254037844387,0,0,13303.14815,0.218128938,7.197491108,92.0,0.0,0.0,0.0,0.0,31,1415065.3184581338
ST-39,2026-05-01,2026,5,1566616.5393151226,1441466.9075419842,1340298.3248236203,2358994.6583350822,1267092.0361252718,1449460.5905602425,1740268.2996423503,0.08682102316628681,0.9002155240298777,1033.9087934739116,0.251063829787234,235,43,8,0.49999999999999994,-0.8660254037844387,0,0,35000.0,2.2,31.5,94.0,0.0,0.0,0.0,0.0,32,1582434.6431562894
ST-4,2026-05-01,2026,5,2144183.4268163876,1824616.5528297776,1740381.7086489263,2710422.01903522,1672444.157474601,1903060.5627650304,2203877.8904301054,0.17514193515947077,0.9729138969663751,932.2305513596754,0.2672413793103448,232,44,7,0.49999999999999994,-0.8660254037844387,0,0,85809.90038,2.949525205,1.0,91.74250969595782,0.0,0.0,0.0,0.0,33,2273642.030457482
ST-40,2026-05-01,2026,5,1556542.771188479,1536993.490972803,1484870.6457169214,1892571.0405915992,1216317.0782009275,1526135.635959401,1751999.7887265857,0.012719169164016886,0.8884377619245196,965.597448349946,0.21755725190839695,262,45,8,0.49999999999999994,-0.8660254037844387,0,0,13303.14815,0.218128938,7.197491108,92.0,0.0,0.0,0.0,0.0,34,1571880.9793202486
ST-41,2026-05-01,2026,5,1715877.0736721575,1602969.524781847,1799039.935328575,2247749.07633701,1624708.7689021071,1705962.1779275266,2024978.2986260059,0.07043649124001687,0.8473557839293484,960.2675180542763,0.26066350710900477,211,42,7,0.49999999999999994,-0.8660254037844387,0,0,7345.13569,1.365805408,35.29353808,90.8672,0.0,0.0,0.0,0.0,35,1917039.1258582973
ST-42,2026-05-01,2026,5,1320764.3583376314,1302233.8004736782,1318456.9747138128,1408373.6575242644,1090776.3621890177,1313818.3778417076,1407328.1011375133,0.014229824058639035,0.938490716749055,1055.6053396963412,0.29245283018867924,212,47,7,0.49999999999999994,-0.8660254037844387,0,0,90674.06663,2.389511236,1.336233333,94.3776,0.0,0.0,0.0,0.0,36,1421414.5789697228
ST-43,2026-05-01,2026,5,1655223.3667129804,1767730.0777500353,1586718.4447898506,2338322.8877780084,1459889.130599253,1669890.6297509552,1992203.4909072935,-0.06364473425730997,0.8308505502915041,1008.819122557958,0.26229508196721313,244,44,8,0.49999999999999994,-0.8660254037844387,0,0,13303.14815,0.218128938,7.197491108,92.0,0.0,0.0,0.0,0.0,37,1638891.6165667616
ST-44,2026-05-01,2026,5,1744434.3835076047,1664221.0024263992,1447951.286926248,1360560.9815022498,1454081.8845678295,1618868.8909534172,1760845.0444190197,0.048198755432275,0.9906802356269631,1102.0673996141295,0.20425531914893616,235,43,8,0.49999999999999994,-0.8660254037844387,0,0,32475.8925,2.738536816,151.3662913,86.27011307955955,0.0,0.0,0.0,0.0,38,1868603.305304582
ST-45,2026-05-01,2026,5,1659364.7604773913,1584864.6598086983,1509398.1881764408,1994069.429500481,970905.9186053794,1584542.5361541768,1764856.9208274113,0.04700723194729165,0.9402262250808623,1066.6007522957082,0.2558139534883721,258,50,8,0.49999999999999994,-0.8660254037844387,0,0,90674.06663,2.389511236,1.336233333,94.3776,0.0,0.0,0.0,0.0,39,1497653.5945929755
ST-46,2026-05-01,2026,5,2019559.556890357,1884699.2046961961,1493725.2214711665,2524102.2303232127,1519061.0752670767,1799327.9943525733,2077256.4419911478,0.07155537173153301,0.9722244765092722,984.8054214020503,0.2669172932330827,266,48,7,0.49999999999999994,-0.8660254037844387,0,0,54282.61761,2.381583833,1.369359766,93.54619208893396,0.0,0.0,0.0,0.0,40,2075280.46088223
ST-47,2026-05-01,2026,5,2315071.357348105,1859091.7298364884,1586718.4447898506,2960161.482587169,1416412.2989029142,1920293.8439914815,2327915.2542531374,0.2452701070063504,0.9944826613075513,1009.1290511799763,0.20553359683794467,253,45,9,0.49999999999999994,-0.8660254037844387,0,0,54282.61761,2.381583833,1.369359766,93.54619208893396,0.0,0.0,0.0,0.0,41,2017456.9764456872
ST-48,2026-05-01,2026,5,1625730.2042923237,1626060.716773633,1569810.9060007927,1937127.919611567,1405483.3733896571,1607200.6090222497,1907841.8289179874,-0.0002032596187213912,0.8521304961713412,1053.528508612506,0.2056451612903226,248,46,10,0.49999999999999994,-0.8660254037844387,0,0,54282.61761,2.381583833,1.369359766,93.54619208893396,0.0,0.0,0.0,0.0,42,1636212.535067534
ST-49,2026-05-01,2026,5,1334194.6518207917,1260353.610206734,1384824.5599207536,1796554.1765169364,1005051.6496790308,1326457.6073160933,1562382.9706077215,0.05858755909140903,0.853948536895425,1058.4856420453523,0.268,250,41,7,0.49999999999999994,-0.8660254037844387,0,0,54282.61761,2.381583833,1.369359766,93.54619208893396,0.0,0.0,0.0,0.0,43,1445662.060665578
ST-5,2026-05-01,2026,5,1506984.0303645157,1479877.69247465,1253877.9444879026,2090071.1619404487,1287008.9143215972,1413579.889109023,1665461.031394953,0.018316606857245444,0.9048449660225911,1004.5171847928989,0.25,220,43,9,0.49999999999999994,-0.8660254037844387,0,0,85809.90038,2.949525205,1.0,91.74250969595782,0.0,0.0,0.0,0.0,44,1566154.9663652757
ST-50,2026-05-01,2026,5,1889918.2837693202,1779921.030524676,1453335.5212996406,2026509.8836309793,1551553.968425818,1707724.945197879,1947086.655256775,0.06179895139068043,0.9706390204395317,1039.3078486617928,0.2178988326848249,257,43,7,0.49999999999999994,-0.8660254037844387,0,0,54282.61761,2.381583833,1.369359766,93.54619208893396,0.0,0.0,0.0,0.0,45,1982641.130022587
ST-51,2026-05-01,2026,5,1944792.7476120642,1807297.8545857961,1642237.4532090812,2614516.302385136,1772926.8962147883,1798109.3518023137,2108454.6294299727,0.07607760540266881,0.9223782767086836,1056.3584383582572,0.22522522522522523,222,46,8,0.49999999999999994,-0.8660254037844387,0,0,64407.48426,3.161614283,1.515358039,96.44169988975057,0.0,0.0,0.0,0.0,46,2158800.253437186
ST-52,2026-05-01,2026,5,1381831.629502902,1312418.554062952,1276352.2971137806,1404196.6122837835,870652.9278941372,1323534.160226545,1351703.9872937512,0.05288943471963479,1.0222886390011097,1074.279305146249,0.2791666666666667,240,49,7,0.49999999999999994,-0.8660254037844387,0,0,64407.48426,3.161614283,1.515358039,96.44169988975057,0.0,0.0,0.0,0.0,47,1386647.6498638063
ST-53,2026-05-01,2026,5,1243497.7674203308,1211887.5793305787,1349664.3954365486,1710672.4575872314,1029191.1186398335,1268349.914062486,1539797.325198248,0.026083432678807476,0.8075723649281124,1033.2621674412924,0.23076923076923078,260,47,8,0.49999999999999994,-0.8660254037844387,0,0,64407.48426,3.161614283,1.515358039,96.44169988975057,0.0,0.0,0.0,0.0,48,1414183.0508961529
ST-54,2026-05-01,2026,5,1759907.3039596938,1654783.266180958,1575669.1887100227,2205653.568955602,1536523.3834793353,1663453.2529502248,1982767.8740661498,0.06352737541354861,0.887601280502177,1037.908264044328,0.29435483870967744,248,39,7,0.49999999999999994,-0.8660254037844387,0,0,64407.48426,3.161614283,1.515358039,96.44169988975057,0.0,0.0,0.0,0.0,49,1884858.8961891893
ST-55,2026-05-01,2026,5,1566895.911596889,1411022.7447336086,1343069.3210364203,1944325.7015304472,1259002.6594708639,1440329.3257889727,1639313.0467698209,0.11046821707520252,0.9558247063819653,975.8884976527015,0.23577235772357724,246,50,8,0.49999999999999994,-0.8660254037844387,0,0,64407.48426,3.161614283,1.515358039,96.44169988975057,0.0,0.0,0.0,0.0,50,1596079.1125806135
ST-56,2026-05-01,2026,5,2177000.097410326,1911124.1852474804,1848945.7286787403,3327902.9783882815,2270184.9776623454,1979023.337112182,2459818.271345872,0.13912016509194874,0.8850247690123856,966.2162907881306,0.28888888888888886,225,47,9,0.49999999999999994,-0.8660254037844387,0,0,64407.48426,3.161614283,1.515358039,96.44169988975057,0.0,0.0,0.0,0.0,51,2284511.134741924
ST-57,2026-05-01,2026,5,1568746.765896244,1478039.6439689663,1402270.6354462684,1978482.7941688707,1279472.455240803,1483019.0151038263,1661123.871094334,0.061369884290588206,0.9443887919464834,1069.4874691623772,0.24899598393574296,249,43,9,0.49999999999999994,-0.8660254037844387,0,0,49377.56434,1.663365102,3.6725,100.0,0.0,0.0,0.0,0.0,52,1597569.493037
ST-58,2026-05-01,2026,5,1508114.4077694637,1392717.6611668554,1437017.9968062367,2216609.2980167232,1276662.2708029998,1445950.0219141853,1824322.901119538,0.08285724366123565,0.8266707647226127,1098.101629651916,0.19827586206896552,232,47,8,0.49999999999999994,-0.8660254037844387,0,0,49377.56434,1.663365102,3.6725,100.0,0.0,0.0,0.0,0.0,53,1580113.0496150001
ST-59,2026-05-01,2026,5,1656580.8340505827,1568812.871958109,1549341.3197074677,1881114.1600744587,1353752.1971515696,1591578.3419053864,1817773.4271735596,0.05594546275167051,0.911324155852793,969.7260180622288,0.24899598393574296,249,48,7,0.49999999999999994,-0.8660254037844387,0,0,49377.56434,1.663365102,3.6725,100.0,0.0,0.0,0.0,0.0,54,1673411.583824686
ST-6,2026-05-01,2026,5,1944136.220538191,1715856.4397256006,1400927.6361105058,2022111.204137101,1369545.4756533315,1686973.4321247656,1968431.7596767312,0.1330413055121889,0.9876574135633078,1122.745643822564,0.2603305785123967,242,45,8,0.49999999999999994,-0.8660254037844387,0,0,85809.90038,2.949525205,1.0,91.74250969595782,0.0,0.0,0.0,0.0,55,1923185.1104820906
ST-60,2026-05-01,2026,5,2359150.614637145,2138461.585339809,2018646.1124999786,2558950.0323909074,1623246.5876681127,2172086.1041589775,2484121.774587504,0.10319990352422803,0.9496920154121224,1015.9961290075204,0.3157894736842105,247,50,9,0.49999999999999994,-0.8660254037844387,0,0,14157.94458,4.722255885,18.30485833,76.73266946623188,0.0,0.0,0.0,0.0,56,2332650.0273220283
ST-61,2026-05-01,2026,5,2109565.4805729934,1851545.1638671441,1675193.3617394727,2460827.9684604085,1644170.7957966316,1878768.0020598702,2290220.5902293646,0.13935404965598952,0.9211189042544244,989.7440002186706,0.1975806451612903,248,41,8,0.49999999999999994,-0.8660254037844387,0,0,14157.94458,4.722255885,18.30485833,76.73266946623188,0.0,0.0,0.0,0.0,57,2223250.806003193
ST-62,2026-05-01,2026,5,1360049.3648011074,1315504.334238727,1425265.9159881324,1744151.590574784,1038447.976089784,1366939.871675989,1645102.1319847128,0.033861561230171255,0.826726400968366,1049.4763811665755,0.25,248,52,8,0.49999999999999994,-0.8660254037844387,0,0,14157.94458,4.722255885,18.30485833,76.73266946623188,0.0,0.0,0.0,0.0,58,1467497.1825289256
ST-63,2026-05-01,2026,5,1327732.810241229,1313801.453541391,1432205.342872537,1896833.3036098622,1154485.3143187368,1357913.2022183856,1670305.130352417,0.010603852402724514,0.7949043477829054,1116.4281190071147,0.24166666666666667,240,45,7,0.49999999999999994,-0.8660254037844387,0,0,7913.988015,6.609085937,4074.434167,73.24194861474356,0.0,0.0,0.0,0.0,59,1429387.1999160498
ST-64,2026-05-01,2026,5,1902401.7361445278,1890727.0104121757,1681174.5481489117,2201183.7112244656,1384473.6001092503,1824767.7649018718,2086954.3232948321,0.006174728381231009,0.9115684588348166,989.7154807079123,0.24796747967479674,246,48,7,0.49999999999999994,-0.8660254037844387,0,0,7913.988015,6.609085937,4074.434167,73.24194861474356,0.0,0.0,0.0,0.0,60,1880123.0318785256
ST-65,2026-05-01,2026,5,1315504.334238727,1297054.1072575615,1367437.0888629716,1917079.3976550915,982796.1532955045,1326665.1767864202,1599149.9085225437,0.014224716515624777,0.8226272766723434,1008.1400472564876,0.21951219512195122,246,54,9,0.49999999999999994,-0.8660254037844387,0,0,7345.13569,1.365805408,35.29353808,90.8672,0.0,0.0,0.0,0.0,61,1423759.194637991
ST-66,2026-05-01,2026,5,1491280.241225149,1350872.81281221,1365096.49021018,2147828.6955344155,1081778.999148784,1402416.5147491798,1632085.6126683932,0.10393830350367524,0.9137267246581304,1069.8033156576903,0.2512315270935961,203,45,7,0.49999999999999994,-0.8660254037844387,0,0,90674.06663,2.389511236,1.336233333,94.3776,0.0,0.0,0.0,0.0,62,1495210.7747255515
ST-67,2026-05-01,2026,5,1343069.3210364203,1298859.4232657168,1342447.8377533592,1857245.849321736,1061747.595655299,1328125.5273518323,1571075.9153283678,0.0340374770192965,0.8548723253489044,1050.484375421358,0.232,250,48,8,0.49999999999999994,-0.8660254037844387,0,0,64407.48426,3.161614283,1.515358039,96.44169988975057,0.0,0.0,0.0,0.0,63,1465075.8876071621
ST-68,2026-05-01,2026,5,1862959.1738015246,1777994.2651818218,1576500.8018082893,2619727.451251368,1407104.6713135794,1739151.413597212,2120152.856839976,0.0477869418836478,0.8786909716397568,973.3972231502926,0.22077922077922077,231,40,7,0.49999999999999994,-0.8660254037844387,0,0,46150.48769,1.999049423,0.923889546,88.6538,0.0,0.0,0.0,0.0,64,1858573.376728105
ST-69,2026-05-01,2026,5,1196765.5741209632,1230712.0563931568,1296385.0105380155,1496865.3662592603,872157.7191509964,1241287.5470173785,1396765.6663488178,-0.027582798182444367,0.8568119928443975,968.3983555937843,0.26666666666666666,225,42,7,0.49999999999999994,-0.8660254037844387,0,0,49377.56434,1.663365102,3.6725,100.0,0.0,0.0,0.0,0.0,65,1178739.4861934106
ST-7,2026-05-01,2026,5,2054493.1299866342,1761497.5845193407,1660511.5266935069,2205498.7631624104,1501621.3946249916,1825500.747066494,2148454.1211582227,0.16633320876635957,0.956265767909005,1065.239252132997,0.1956521739130435,230,45,8,0.49999999999999994,-0.8660254037844387,0,0,85809.90038,2.949525205,1.0,91.74250969595782,0.0,0.0,0.0,0.0,66,2088316.3715140512
ST-70,2026-05-01,2026,5,1572884.7272243844,1432862.1397822974,1305442.7201534389,2216031.8100085566,1329176.7381710887,1437063.1957200402,1742922.694488485,0.09772230248428604,0.9024409012506411,982.756767236166,0.26359832635983266,239,41,7,0.49999999999999994,-0.8660254037844387,0,0,34000.0,2.321743286,1363.375,97.8956,0.0,0.0,0.0,0.0,67,1645817.1356076354
ST-71,2026-05-01,2026,5,1451421.112690157,1373227.8318397165,1423759.194637991,1819952.55197069,1188173.6428470968,1416136.0463892883,1582344.5178470176,0.05694122929746099,0.9172598611236706,1010.657003798815,0.20833333333333334,216,45,9,0.49999999999999994,-0.8660254037844387,0,0,34000.0,2.321743286,1363.375,97.8956,0.0,0.0,0.0,0.0,68,1531125.924679737
ST-72,2026-05-01,2026,5,1392889.0498820737,1329880.616064314,1325757.0088511624,1468793.129516773,1012370.2990150313,1349508.8915991832,1437771.3883999176,0.04737901512109301,0.9687833970824853,1021.3257273285485,0.2616033755274262,237,45,8,0.49999999999999994,-0.8660254037844387,0,0,32475.8925,2.738536816,151.3662913,86.27011307955955,0.0,0.0,0.0,0.0,69,1445311.4582518563
ST-73,2026-05-01,2026,5,2052433.0508654183,1849551.9473392412,1644117.333161666,2960545.5241587395,1865802.673006896,1848700.7771221085,2182396.6449556462,0.10969202774652594,0.9404491413645528,1008.976026637118,0.19545454545454546,220,43,9,0.49999999999999994,-0.8660254037844387,0,0,52636.78659,3.271572946,0.782414581,95.90075112651648,0.0,0.0,0.0,0.0,70,2183265.020305799
ST-74,2026-05-01,2026,5,1603133.4395259318,1598759.3347258554,1578079.792485691,1981579.9691763085,1508107.697876005,1593324.188912493,1865122.2551644754,0.002735936988806698,0.8595326312186221,985.8956989781711,0.25523012552301255,239,48,9,0.49999999999999994,-0.8660254037844387,0,0,7345.13569,1.365805408,35.29353808,90.8672,0.0,0.0,0.0,0.0,71,1696484.6367940567
ST-75,2026-05-01,2026,5,1876878.8436314343,1814890.6918246588,1594885.755593401,2558403.642654202,1197476.8257421849,1762218.4303498312,2155617.936600102,0.03415530868388206,0.870691791789271,1004.7015283032804,0.16666666666666666,282,49,8,0.49999999999999994,-0.8660254037844387,0,0,13303.14815,0.218128938,7.197491108,92.0,0.0,0.0,0.0,0.0,72,1666161.7649034688
ST-8,2026-05-01,2026,5,1545346.6430436245,1483759.9680798096,1535340.85644279,1836968.8803172675,1301643.5189506055,1521482.4891887412,1783114.000550986,0.04150716846978732,0.8666561097978643,1138.357248849463,0.2235294117647059,255,51,9,0.49999999999999994,-0.8660254037844387,0,0,85809.90038,2.949525205,1.0,91.74250969595782,0.0,0.0,0.0,0.0,73,1647500.5091275184
ST-9,2026-05-01,2026,5,1943085.0513372552,1689597.9575070918,1381031.2769316854,2173623.499886657,1428872.3870373724,1671238.0952586774,1933920.1941924302,0.15002805413198386,1.0047390048319196,1030.5047302255773,0.273542600896861,223,41,8,0.49999999999999994,-0.8660254037844387,0,0,85809.90038,2.949525205,1.0,91.74250969595782,0.0,0.0,0.0,0.0,74,1992248.7674553627
ST-1,2026-06-01,2026,6,1621291.4119554884,1478171.1734216535,1314879.2391349485,2527665.062484325,1142079.9784510431,1471447.2748373635,1668247.7484753428,0.0968225068295317,0.9718528998089349,1054.072197907938,0.24497991967871485,249,42,9,1.2246467991473532e-16,-1.0,0,0,85809.90038,2.949525205,1.0,91.74250969595782,0.0,0.0,0.0,0.0,0,1586718.4447898506
ST-10,2026-06-01,2026,6,1581948.440842883,1527685.9198830333,1370176.8107610287,2032271.198085327,1502512.990969731,1493270.3904956484,1541317.7019397866,0.0355194220576467,1.0263610408496324,1064.7842559806911,0.23113207547169812,212,42,8,1.2246467991473532e-16,-1.0,0,0,85809.90038,2.949525205,1.0,91.74250969595782,0.0,0.0,0.0,0.0,1,1676044.5797611664
ST-11,2026-06-01,2026,6,2367504.2044240884,2374354.101545691,2176164.5829068134,3674524.326692778,2051041.6006014922,2306007.629625531,2566792.124651932,-0.0028849517926342262,0.9223591508194813,908.773402248641,0.291497975708502,247,42,7,1.2246467991473532e-16,-1.0,0,0,85809.90038,2.949525205,1.0,91.74250969595782,0.0,0.0,0.0,0.0,2,2574327.6824466526
ST-12,2026-06-01,2026,6,2262261.5810562833,2210342.6769606383,1899371.6409924843,2896643.934490945,1701489.4866924991,2123991.9663364687,2136736.3044788213,0.02348907462938591,1.0587462647189305,1010.5246296561195,0.2744360902255639,266,48,8,1.2246467991473532e-16,-1.0,0,0,85809.90038,2.949525205,1.0,91.74250969595782,0.0,0.0,0.0,0.0,3,2413657.4552003387
ST-13,2026-06-01,2026,6,2158968.518623508,1885332.3921014336,1613811.021088525,2848331.7711830763,1660297.203007079,1886037.3106044892,2054125.2876283715,0.14513946064283842,1.051040329246998,1042.2419483414474,0.3191489361702128,235,48,9,1.2246467991473532e-16,-1.0,0,0,85809.90038,2.949525205,1.0,91.74250969595782,0.0,0.0,0.0,0.0,4,2267160.2555546463
ST-14,2026-06-01,2026,6,1582434.6431562894,1559821.7796055637,1432862.1397822974,2008763.7369698933,1498117.1466952728,1525039.52084805,1589524.4209901085,0.014497081555332431,0.9955396861223416,1038.728956695165,0.2553191489361702,235,47,7,1.2246467991473532e-16,-1.0,0,0,85809.90038,2.949525205,1.0,91.74250969595782,0.0,0.0,0.0,0.0,5,1717734.2737605353
ST-15,2026-06-01,2026,6,2157362.0839615045,1938602.8334576194,1712677.8804582914,2655979.685267563,1666324.9837389663,1936214.2659591383,2068610.145722938,0.11284376909411314,1.0429041394880858,986.04429752588,0.25523012552301255,239,54,9,1.2246467991473532e-16,-1.0,0,0,85809.90038,2.949525205,1.0,91.74250969595782,0.0,0.0,0.0,0.0,6,2302670.076059832
ST-16,2026-06-01,2026,6,2192023.617416305,2056442.2579679105,1829976.757756865,2770887.4000064973,1435739.5587818201,2026147.54438036,2124881.47398436,0.06593005902454577,1.031598065235162,965.117199274714,0.26244343891402716,221,49,7,1.2246467991473532e-16,-1.0,0,0,52636.78659,3.271572946,0.782414581,95.90075112651648,0.0,0.0,0.0,0.0,7,2010212.3626498051
ST-17,2026-06-01,2026,6,1590582.9710736228,1625259.628918084,1540254.673117425,2241393.507273665,1490352.7678644096,1585365.7577030442,1683812.6556480657,-0.021336072851046637,0.9446317948367239,1077.5251438015239,0.2081447963800905,221,43,8,1.2246467991473532e-16,-1.0,0,0,52636.78659,3.271572946,0.782414581,95.90075112651648,0.0,0.0,0.0,0.0,8,1633659.620052058
ST-18,2026-06-01,2026,6,1312323.9026031871,1155908.6961811306,1163819.1998717145,2058469.7729199291,1032557.6094585229,1210683.932885344,1496137.129978745,0.1353179597478747,0.8771414573621542,1023.2046813210532,0.25877192982456143,228,48,9,1.2246467991473532e-16,-1.0,0,0,46150.48769,1.999049423,0.923889546,88.6538,0.0,0.0,0.0,0.0,9,1416930.435133837
ST-19,2026-06-01,2026,6,2229982.0467779613,2087673.8855934583,1824620.7364965735,2665240.8646204146,1639717.9478964617,2047425.556289331,2062303.7775381815,0.06816589610405045,1.0813062901140302,1010.8700857810675,0.22844827586206898,232,44,7,1.2246467991473532e-16,-1.0,0,0,46150.48769,1.999049423,0.923889546,88.6538,0.0,0.0,0.0,0.0,10,2214553.306427955
ST-2,2026-06-01,2026,6,2237195.583659835,1919787.4511901357,1908306.5096117216,2563141.8000897416,1283266.0893361515,2021763.1814872308,2058047.5277252353,0.165335038664269,1.087047579572962,1012.0054537152099,0.28225806451612906,248,46,8,1.2246467991473532e-16,-1.0,0,0,85809.90038,2.949525205,1.0,91.74250969595782,0.0,0.0,0.0,0.0,11,1845995.5343550139
ST-20,2026-06-01,2026,6,2018854.2340020295,1867592.6877389436,1686500.4724176594,2469960.123141653,1688989.5384209927,1857649.131386211,1909222.8114321558,0.08099279208798744,1.0574220158660457,1017.2712955716056,0.26609442060085836,233,47,7,1.2246467991473532e-16,-1.0,0,0,56833.19605,2.937915743,0.923889546,94.9197,0.0,0.0,0.0,0.0,12,2215004.702893711
ST-21,2026-06-01,2026,6,2293408.9625151027,2169786.0629083803,1876251.3118578983,2948139.1811309196,2258163.67176956,2113148.779093794,2181346.886483445,0.05697469521074273,1.0513728819226518,966.3857042238183,0.21610169491525424,236,44,8,1.2246467991473532e-16,-1.0,0,0,35297.0095,2.774178265,0.923889546,95.7575,0.0,0.0,0.0,0.0,13,2304728.5439313366
ST-22,2026-06-01,2026,6,1971944.7760048634,1798994.8231661918,1534880.706043732,2407667.188086628,1479040.7038062452,1768606.768404929,1840841.5659616042,0.09613699306498474,1.0712191708767584,1081.7734926084559,0.25327510917030566,229,46,8,1.2246467991473532e-16,-1.0,0,0,40226.04724,0.982373023,0.923889546,89.2207,0.0,0.0,0.0,0.0,14,2007546.641121911
ST-23,2026-06-01,2026,6,1614231.778199421,1527685.9198830333,1455951.9494652222,2216056.240508355,1332919.3504903675,1532623.2158492254,1667765.5655267194,0.05665160435792594,0.9679008918076617,970.5254904381009,0.2683982683982684,231,49,7,1.2246467991473532e-16,-1.0,0,0,40226.04724,0.982373023,0.923889546,89.2207,0.0,0.0,0.0,0.0,15,1642254.3262802702
ST-24,2026-06-01,2026,6,2422650.4080680427,2291180.3538116016,1920282.6472258377,2785622.5092906267,1365992.1933336912,2211371.136368494,2208079.1868848773,0.05738092771166086,1.0971755100349816,976.2484023191589,0.2350597609561753,251,47,8,1.2246467991473532e-16,-1.0,0,0,55800.21945,2.256498143,0.923889546,93.5,0.0,0.0,0.0,0.0,16,1962602.4554999403
ST-25,2026-06-01,2026,6,2344942.7366834274,2272819.7298108614,1718985.8924935781,2886330.005694984,1476426.4435469036,2112249.4529959555,2146073.098816639,0.031732832096880756,1.092666758637647,1029.7317126608386,0.25609756097560976,246,49,7,1.2246467991473532e-16,-1.0,0,0,55800.21945,2.256498143,0.923889546,93.5,0.0,0.0,0.0,0.0,17,2126923.5845461814
ST-26,2026-06-01,2026,6,1509402.0890229596,1567078.4589386133,1561627.6018512328,2146745.096432693,1202268.4373615892,1546036.049937602,1685978.2503545855,-0.03680503014170591,0.8952678296446058,1009.4150679044043,0.277992277992278,259,51,8,1.2246467991473532e-16,-1.0,0,0,68218.7261,3.347543042,0.923889546,93.21653589452544,0.0,0.0,0.0,0.0,18,1511514.1983554694
ST-27,2026-06-01,2026,6,1589311.0906432946,1642366.8413842113,1740335.0206740305,2681941.0258293403,1672480.7361558774,1657337.6509005122,1926059.3800133308,-0.032304445878973374,0.8251620418017925,1060.564933872553,0.252212389380531,226,41,7,1.2246467991473532e-16,-1.0,0,0,55800.21945,2.256498143,0.923889546,93.5,0.0,0.0,0.0,0.0,19,1752585.558234549
ST-28,2026-06-01,2026,6,1651098.1713253956,1647500.5091275184,1589311.0906432946,2185396.226212555,1589033.6466567519,1629303.2570320696,1756671.4156961404,0.0021837093087045136,0.939901541388201,1123.839827768633,0.21304347826086956,230,49,7,1.2246467991473532e-16,-1.0,0,0,52636.78659,3.271572946,0.782414581,95.90075112651648,0.0,0.0,0.0,0.0,20,1759379.126444404
ST-29,2026-06-01,2026,6,1569131.9209021372,1523014.5290050507,1480047.3180655763,2033867.006118411,1266664.4115955404,1524064.5893242545,1652965.2547292,0.030280336148345164,0.9492830635204145,1010.4731840854874,0.20416666666666666,240,47,8,1.2246467991473532e-16,-1.0,0,0,46150.48769,1.999049423,0.923889546,88.6538,0.0,0.0,0.0,0.0,21,1581542.6335446336
ST-3,2026-06-01,2026,6,1869972.4719843774,1660984.5189028932,1670513.676198438,2833283.060919799,1544014.1595046283,1733823.555695236,2089098.6255017521,0.12582173446115202,0.8951097134225792,1024.3817012046302,0.2163265306122449,245,49,7,1.2246467991473532e-16,-1.0,0,0,85809.90038,2.949525205,1.0,91.74250969595782,0.0,0.0,0.0,0.0,22,1999662.073206526
ST-30,2026-06-01,2026,6,1355701.6963674792,1235799.269025437,1195511.717274313,2034040.324472223,1229868.9411995327,1262337.5608890764,1426188.051613518,0.0970241934489881,0.9505770959402625,982.345070820703,0.18907563025210083,238,46,9,1.2246467991473532e-16,-1.0,0,0,49377.56434,1.663365102,3.6725,100.0,0.0,0.0,0.0,0.0,23,1466691.415481628
ST-31,2026-06-01,2026,6,1872338.3897037883,1856703.154789942,1713189.5811908294,2264106.721802433,1582338.2433405994,1814077.041894853,1831583.2067496364,0.008420966417550541,1.0222513412461762,1007.5732861425184,0.23461538461538461,260,47,8,1.2246467991473532e-16,-1.0,0,0,32475.8925,2.738536816,151.3662913,86.27011307955955,0.0,0.0,0.0,0.0,24,2235647.0862954557
ST-32,2026-06-01,2026,6,1917039.1258582973,2097350.9342450188,1848921.1291796144,2583096.36564219,1339850.294347676,1954437.0630943102,1983230.7856852058,-0.08597121513745531,0.966624328189803,1056.3211165389018,0.2631578947368421,247,50,7,1.2246467991473532e-16,-1.0,0,0,32475.8925,2.738536816,151.3662913,86.27011307955955,0.0,0.0,0.0,0.0,25,1680996.8185720663
ST-33,2026-06-01,2026,6,1405254.7022854157,1368220.1812829536,1278374.268400892,1729728.4824974393,963589.9918797686,1350616.383989754,1419136.695771444,0.027067661703203048,0.9902180011781868,990.9891009434613,0.27692307692307694,260,45,7,1.2246467991473532e-16,-1.0,0,0,32475.8925,2.738536816,151.3662913,86.27011307955955,0.0,0.0,0.0,0.0,26,1413941.7578495385
ST-34,2026-06-01,2026,6,1615397.3507408348,1578172.4927557702,1603090.2567601528,2573785.2829237897,1369630.3390372046,1598886.700085586,1825150.2553156635,0.023587318975547084,0.8850763634588805,976.150971876514,0.23076923076923078,260,45,7,1.2246467991473532e-16,-1.0,0,0,32475.8925,2.738536816,151.3662913,86.27011307955955,0.0,0.0,0.0,0.0,27,1651798.7330899902
ST-35,2026-06-01,2026,6,2104416.616722359,1953371.6428100648,1746991.3246425963,2313906.4104561415,1729358.635739226,1934926.52805834,1889727.2728215952,0.07732526192251109,1.1136086391874982,1030.5104237455616,0.20164609053497942,243,51,7,1.2246467991473532e-16,-1.0,0,0,13303.14815,0.218128938,7.197491108,92.0,0.0,0.0,0.0,0.0,28,2308036.7819170193
ST-36,2026-06-01,2026,6,2295273.445869527,2159601.9117254037,1803398.7975338434,3345783.7949813684,1852708.69307465,2086091.3850429247,2246578.391546816,0.06282247362696997,1.0216752081769926,971.9393115383431,0.2489451476793249,237,41,8,1.2246467991473532e-16,-1.0,0,0,13303.14815,0.218128938,7.197491108,92.0,0.0,0.0,0.0,0.0,29,2307484.6527493023
ST-37,2026-06-01,2026,6,1758079.2538615344,1622790.4396760592,1626060.716773633,2453257.103901149,1280247.2237612777,1668976.8034370756,1864930.807131191,0.0833680128239365,0.9427048162531962,967.9333189110288,0.27165354330708663,254,50,9,1.2246467991473532e-16,-1.0,0,0,13303.14815,0.218128938,7.197491108,92.0,0.0,0.0,0.0,0.0,30,1654783.266180958
ST-38,2026-06-01,2026,6,1415065.3184581338,1302762.3772366366,1134087.771794826,1368392.9421645668,779587.1617291863,1283971.8224965322,1253766.789823195,0.0862037031340354,1.128651141459637,1018.0376646559288,0.2579185520361991,221,45,8,1.2246467991473532e-16,-1.0,0,0,13303.14815,0.218128938,7.197491108,92.0,0.0,0.0,0.0,0.0,31,1350094.483798184
ST-39,2026-06-01,2026,6,1582434.6431562894,1566616.5393151226,1441466.9075419842,2082434.634748301,1452650.3890226705,1530172.696671132,1610841.6304458848,0.010096985091247604,0.9823651271778143,1033.9087934739116,0.251063829787234,235,43,8,1.2246467991473532e-16,-1.0,0,0,35000.0,2.2,31.5,94.0,0.0,0.0,0.0,0.0,32,1663932.251134527
ST-4,2026-06-01,2026,6,2273642.030457482,2144183.4268163876,1824616.5528297776,2628274.442982667,2052722.2195873598,2080814.0033678822,2131081.225667149,0.060376645963218956,1.0668959977091927,932.2305513596754,0.2672413793103448,232,44,7,1.2246467991473532e-16,-1.0,0,0,85809.90038,2.949525205,1.0,91.74250969595782,0.0,0.0,0.0,0.0,33,2302145.750010316
ST-40,2026-06-01,2026,6,1571880.9793202486,1556542.771188479,1536993.490972803,2228062.41619241,1346003.1591953181,1555139.0804938434,1698551.4451813605,0.009854022912623451,0.9254244160690778,965.597448349946,0.21755725190839695,262,45,8,1.2246467991473532e-16,-1.0,0,0,13303.14815,0.218128938,7.197491108,92.0,0.0,0.0,0.0,0.0,34,1632483.6149772226
ST-41,2026-06-01,2026,6,1917039.1258582973,1715877.0736721575,1602969.524781847,2623722.5104664974,1215474.5631294213,1745295.241437434,1969859.9735462207,0.1172357013638698,0.9731854810000362,960.2675180542763,0.26066350710900477,211,42,7,1.2246467991473532e-16,-1.0,0,0,7345.13569,1.365805408,35.29353808,90.8672,0.0,0.0,0.0,0.0,35,1653900.4225839637
ST-42,2026-06-01,2026,6,1421414.5789697228,1320764.3583376314,1302233.8004736782,1584144.1706613093,1081163.7170294852,1348137.579260344,1409501.5880450897,0.0762060393261777,1.0084519173484265,1055.6053396963412,0.29245283018867924,212,47,7,1.2246467991473532e-16,-1.0,0,0,90674.06663,2.389511236,1.336233333,94.3776,0.0,0.0,0.0,0.0,36,1433523.2648128446
ST-43,2026-06-01,2026,6,1638891.6165667616,1655223.3667129804,1767730.0777500353,2507336.4659681343,1572900.9594449038,1687281.6870099257,1875631.6123720864,-0.00986679530669698,0.8737811869645752,1008.819122557958,0.26229508196721313,244,44,8,1.2246467991473532e-16,-1.0,0,0,13303.14815,0.218128938,7.197491108,92.0,0.0,0.0,0.0,0.0,37,1822954.210998074
ST-44,2026-06-01,2026,6,1868603.305304582,1744434.3835076047,1664221.0024263992,2298409.9988927697,1274658.078293976,1759086.230412862,1845518.7650527416,0.07118004722384903,1.0125084288975954,1102.0673996141295,0.20425531914893616,235,43,8,1.2246467991473532e-16,-1.0,0,0,32475.8925,2.738536816,151.3662913,86.27011307955955,0.0,0.0,0.0,0.0,38,1654574.6713363586
ST-45,2026-06-01,2026,6,1497653.5945929755,1659364.7604773913,1584864.6598086983,2149767.972497827,1248581.4531311656,1580627.6716263548,1682120.9483428271,-0.0974536580118119,0.8903364505795002,1066.6007522957082,0.2558139534883721,258,50,8,1.2246467991473532e-16,-1.0,0,0,90674.06663,2.389511236,1.336233333,94.3776,0.0,0.0,0.0,0.0,39,1488388.8182836175
ST-46,2026-06-01,2026,6,2075280.46088223,2019559.556890357,1884699.2046961961,2596635.1683838535,1282594.9769994563,1993179.7408229278,2002452.813750984,0.027590621827300748,1.036369220104031,984.8054214020503,0.2669172932330827,266,48,7,1.2246467991473532e-16,-1.0,0,0,54282.61761,2.381583833,1.369359766,93.54619208893396,0.0,0.0,0.0,0.0,40,1691676.5145036299
ST-47,2026-06-01,2026,6,2017456.9764456872,2315071.357348105,1859091.7298364884,2963503.2269517467,1548118.9863315432,2063873.3545434268,2170797.8365628906,-0.12855516524697214,0.9293619804044057,1009.1290511799763,0.20553359683794467,253,45,9,1.2246467991473532e-16,-1.0,0,0,54282.61761,2.381583833,1.369359766,93.54619208893396,0.0,0.0,0.0,0.0,41,1802948.1322792044
ST-48,2026-06-01,2026,6,1636212.535067534,1625730.2042923237,1626060.716773633,2535241.22312659,1104852.2384845517,1629334.4853778302,1857689.264827315,0.006447767746169995,0.8807783766891882,1053.528508612506,0.2056451612903226,248,46,10,1.2246467991473532e-16,-1.0,0,0,54282.61761,2.381583833,1.369359766,93.54619208893396,0.0,0.0,0.0,0.0,42,1571379.2518485782
ST-49,2026-06-01,2026,6,1445662.060665578,1334194.6518207917,1260353.610206734,1937783.6415009622,1169848.4887635182,1346736.7742310346,1503900.9512991619,0.08354658646897253,0.9612747830345653,1058.4856420453523,0.268,250,41,7,1.2246467991473532e-16,-1.0,0,0,54282.61761,2.381583833,1.369359766,93.54619208893396,0.0,0.0,0.0,0.0,43,1512277.8585033964
ST-5,2026-06-01,2026,6,1566154.9663652757,1506984.0303645157,1479877.69247465,2113992.292459559,1318916.8488216207,1517672.2297348138,1578141.6654657575,0.03926447447916713,0.992404548106938,1004.5171847928989,0.25,220,43,9,1.2246467991473532e-16,-1.0,0,0,85809.90038,2.949525205,1.0,91.74250969595782,0.0,0.0,0.0,0.0,44,1635922.050652563
ST-50,2026-06-01,2026,6,1982641.130022587,1889918.2837693202,1779921.030524676,2602066.6573325666,1406513.9797815483,1884160.148105528,1939775.1963220427,0.04906182825446667,1.022098402836484,1039.3078486617928,0.2178988326848249,257,43,7,1.2246467991473532e-16,-1.0,0,0,54282.61761,2.381583833,1.369359766,93.54619208893396,0.0,0.0,0.0,0.0,45,1924183.4274077634
ST-51,2026-06-01,2026,6,2158800.253437186,1944792.7476120642,1807297.8545857961,2659242.2887651706,1599934.7111838951,1970296.951878349,2032501.9546053142,0.11004129159155566,1.0621393246612634,1056.3584383582572,0.22522522522522523,222,46,8,1.2246467991473532e-16,-1.0,0,0,64407.48426,3.161614283,1.515358039,96.44169988975057,0.0,0.0,0.0,0.0,46,2214553.306427955
ST-52,2026-06-01,2026,6,1386647.6498638063,1381831.629502902,1312418.554062952,1395729.0107907383,899712.0062958145,1360299.277809887,1348779.160223755,0.0034852439747936497,1.0280761230280049,1074.279305146249,0.2791666666666667,240,49,7,1.2246467991473532e-16,-1.0,0,0,64407.48426,3.161614283,1.515358039,96.44169988975057,0.0,0.0,0.0,0.0,47,1367437.0888629716
ST-53,2026-06-01,2026,6,1414183.0508961529,1243497.7674203308,1211887.5793305787,2003855.4518595051,1372616.7146557816,1289856.1325490207,1490382.4240830683,0.13726223556469525,0.9488726034636408,1033.2621674412924,0.23076923076923078,260,47,8,1.2246467991473532e-16,-1.0,0,0,64407.48426,3.161614283,1.515358039,96.44169988975057,0.0,0.0,0.0,0.0,48,1577084.6725690525
ST-54,2026-06-01,2026,6,1884858.8961891893,1759907.3039596938,1654783.266180958,2690381.553940816,1156846.0887911355,1766516.4887766137,1929302.0952717473,0.07099896224554633,0.9769641057294876,1037.908264044328,0.29435483870967744,248,39,7,1.2246467991473532e-16,-1.0,0,0,64407.48426,3.161614283,1.515358039,96.44169988975057,0.0,0.0,0.0,0.0,49,1625730.2042923237
ST-55,2026-06-01,2026,6,1596079.1125806135,1566895.911596889,1411022.7447336086,1936009.3625826344,1324757.2601089377,1524665.9229703704,1581271.9486115149,0.018624849785958495,1.0093640843892162,975.8884976527015,0.23577235772357724,246,50,8,1.2246467991473532e-16,-1.0,0,0,64407.48426,3.161614283,1.515358039,96.44169988975057,0.0,0.0,0.0,0.0,50,1647038.895993713
ST-56,2026-06-01,2026,6,2284511.134741924,2177000.097410326,1911124.1852474804,3218172.400622255,2105453.28682046,2124211.8057999103,2285919.630738145,0.04938494833302433,0.9993838383566589,966.2162907881306,0.28888888888888886,225,47,9,1.2246467991473532e-16,-1.0,0,0,64407.48426,3.161614283,1.515358039,96.44169988975057,0.0,0.0,0.0,0.0,51,2350133.759604137
ST-57,2026-06-01,2026,6,1597569.493037,1568746.765896244,1478039.6439689663,2027564.4397454197,1216404.442273406,1548118.6343007367,1597638.320905689,0.018373091035052632,0.9999569189923726,1069.4874691623772,0.24899598393574296,249,43,9,1.2246467991473532e-16,-1.0,0,0,49377.56434,1.663365102,3.6725,100.0,0.0,0.0,0.0,0.0,52,1598096.2845570866
ST-58,2026-06-01,2026,6,1580113.0496150001,1508114.4077694637,1392717.6611668554,2375926.243239996,1431971.6912908442,1493648.3728504397,1718240.193052584,0.04774083549272902,0.9196112720467849,1098.101629651916,0.19827586206896552,232,47,8,1.2246467991473532e-16,-1.0,0,0,49377.56434,1.663365102,3.6725,100.0,0.0,0.0,0.0,0.0,53,1662276.7555890856
ST-59,2026-06-01,2026,6,1673411.583824686,1656580.8340505827,1568812.871958109,2264501.392838284,1255160.8236173806,1632935.096611126,1783156.3311319307,0.010159932692780007,0.9384547807776451,969.7260180622288,0.24899598393574296,249,48,7,1.2246467991473532e-16,-1.0,0,0,49377.56434,1.663365102,3.6725,100.0,0.0,0.0,0.0,0.0,54,1605882.9441273864
ST-6,2026-06-01,2026,6,1923185.1104820906,1944136.220538191,1715856.4397256006,2648729.3771853824,1297433.7415698334,1861059.2569152943,1951944.077400896,-0.010776564849093014,0.9852665005868921,1122.745643822564,0.2603305785123967,242,45,8,1.2246467991473532e-16,-1.0,0,0,85809.90038,2.949525205,1.0,91.74250969595782,0.0,0.0,0.0,0.0,55,1845936.766516414
ST-60,2026-06-01,2026,6,2332650.0273220283,2359150.614637145,2138461.585339809,3059814.494292007,1896530.1714560594,2276754.0757663273,2446405.107076024,-0.011233105317946194,0.9535011272560834,1015.9961290075204,0.3157894736842105,247,50,9,1.2246467991473532e-16,-1.0,0,0,14157.94458,4.722255885,18.30485833,76.73266946623188,0.0,0.0,0.0,0.0,56,2501901.5319168274
ST-61,2026-06-01,2026,6,2223250.806003193,2109565.4805729934,1851545.1638671441,3252470.9908517594,1664155.975328854,2061453.8168144438,2250624.396486495,0.053890398983643145,0.9878373350408731,989.7440002186706,0.1975806451612903,248,41,8,1.2246467991473532e-16,-1.0,0,0,14157.94458,4.722255885,18.30485833,76.73266946623188,0.0,0.0,0.0,0.0,57,2291180.3538116016
ST-62,2026-06-01,2026,6,1467497.1825289256,1360049.3648011074,1315504.334238727,2194831.634104076,1202048.1393750806,1381016.9605229201,1598993.06397707,0.07900288071053306,0.9177633196725173,1049.4763811665755,0.25,248,52,8,1.2246467991473532e-16,-1.0,0,0,14157.94458,4.722255885,18.30485833,76.73266946623188,0.0,0.0,0.0,0.0,58,1556542.771188479
ST-63,2026-06-01,2026,6,1429387.1999160498,1327732.810241229,1313801.453541391,2117993.4386985833,1095947.6635685188,1356973.82123289,1592397.4464034482,0.07656238430708952,0.89763218544744,1116.4281190071147,0.24166666666666667,240,45,7,1.2246467991473532e-16,-1.0,0,0,7913.988015,6.609085937,4074.434167,73.24194861474356,0.0,0.0,0.0,0.0,59,1491082.1935193853
ST-64,2026-06-01,2026,6,1880123.0318785256,1902401.7361445278,1890727.0104121757,2654001.021584189,1313733.4819610233,1891083.9261450765,2033444.2100705085,-0.011710830495325845,0.9246002533865109,989.7154807079123,0.24796747967479674,246,48,7,1.2246467991473532e-16,-1.0,0,0,7913.988015,6.609085937,4074.434167,73.24194861474356,0.0,0.0,0.0,0.0,60,1812596.5524783656
ST-65,2026-06-01,2026,6,1423759.194637991,1315504.334238727,1297054.1072575615,2075034.0834448524,1068225.5947021695,1345439.21204476,1516929.8746863606,0.08229152696932027,0.9385794415396865,1008.1400472564876,0.21951219512195122,246,54,9,1.2246467991473532e-16,-1.0,0,0,7345.13569,1.365805408,35.29353808,90.8672,0.0,0.0,0.0,0.0,61,1474580.85314383
ST-66,2026-06-01,2026,6,1495210.7747255515,1491280.241225149,1350872.81281221,1881264.0771584916,952346.9303547234,1445787.94292097,1523315.959200249,0.00263567731385844,0.981549996699665,1069.8033156576903,0.2512315270935961,203,45,7,1.2246467991473532e-16,-1.0,0,0,90674.06663,2.389511236,1.336233333,94.3776,0.0,0.0,0.0,0.0,62,1408805.8147932237
ST-67,2026-06-01,2026,6,1465075.8876071621,1343069.3210364203,1298859.4232657168,2004720.0109779753,1177702.6639622685,1369001.5439697662,1505714.2550426058,0.0908416003997409,0.9730105713621647,1050.484375421358,0.232,250,48,8,1.2246467991473532e-16,-1.0,0,0,64407.48426,3.161614283,1.515358039,96.44169988975057,0.0,0.0,0.0,0.0,63,1518447.6753802784
ST-68,2026-06-01,2026,6,1858573.376728105,1862959.1738015246,1777994.2651818218,2582431.7942859894,1862429.8953280444,1833175.6052371506,1993293.8444194319,-0.0023542099768456464,0.9324131421624062,973.3972231502926,0.22077922077922077,231,40,7,1.2246467991473532e-16,-1.0,0,0,46150.48769,1.999049423,0.923889546,88.6538,0.0,0.0,0.0,0.0,64,2183085.7946144836
ST-69,2026-06-01,2026,6,1178739.4861934106,1196765.5741209632,1230712.0563931568,1663213.0203678287,1006878.4754480461,1202072.3722358434,1343744.6863378426,-0.015062338286922222,0.8772049468756399,968.3983555937843,0.26666666666666666,225,42,7,1.2246467991473532e-16,-1.0,0,0,49377.56434,1.663365102,3.6725,100.0,0.0,0.0,0.0,0.0,65,1241282.2648458492
ST-7,2026-06-01,2026,6,2088316.3715140512,2054493.1299866342,1761497.5845193407,2919286.658204774,1820405.1988506925,1968102.3620066755,2128923.7225501626,0.01646305895782529,0.9809258778950195,1065.239252132997,0.1956521739130435,230,45,8,1.2246467991473532e-16,-1.0,0,0,85809.90038,2.949525205,1.0,91.74250969595782,0.0,0.0,0.0,0.0,66,2241019.130374035
ST-70,2026-06-01,2026,6,1645817.1356076354,1572884.7272243844,1432862.1397822974,2267890.611652341,1155151.2157312676,1550521.3342047725,1647886.9154216647,0.0463685654268843,0.998743979459598,982.756767236166,0.26359832635983266,239,41,7,1.2246467991473532e-16,-1.0,0,0,34000.0,2.321743286,1363.375,97.8956,0.0,0.0,0.0,0.0,67,1561652.3586865643
ST-71,2026-06-01,2026,6,1531125.924679737,1451421.112690157,1373227.8318397165,1807678.9338497974,1091645.6180972527,1451924.9564032033,1534206.746631859,0.05491501487245837,0.9979919121338205,1010.657003798815,0.20833333333333334,216,45,9,1.2246467991473532e-16,-1.0,0,0,34000.0,2.321743286,1363.375,97.8956,0.0,0.0,0.0,0.0,68,1533163.5897999783
ST-72,2026-06-01,2026,6,1445311.4582518563,1392889.0498820737,1329880.616064314,1650497.6645226667,924583.4700958852,1389360.374732748,1433857.7765224315,0.03763573873613326,1.0079880180007836,1021.3257273285485,0.2616033755274262,237,45,8,1.2246467991473532e-16,-1.0,0,0,32475.8925,2.738536816,151.3662913,86.27011307955955,0.0,0.0,0.0,0.0,69,1444205.6575616898
ST-73,2026-06-01,2026,6,2183265.020305799,2052433.0508654183,1849551.9473392412,2661667.801777249,1729149.5453582914,2028416.6728368197,2052849.8943134898,0.06374481710144682,1.063528817354628,1008.976026637118,0.19545454545454546,220,43,9,1.2246467991473532e-16,-1.0,0,0,52636.78659,3.271572946,0.782414581,95.90075112651648,0.0,0.0,0.0,0.0,70,2251954.7059989637
ST-74,2026-06-01,2026,6,1696484.6367940567,1603133.4395259318,1598759.3347258554,2416513.4144345773,1505996.0885495893,1632792.4703486145,1817606.3664341,0.05823045977740325,0.9333619578601785,985.8956989781711,0.25523012552301255,239,48,9,1.2246467991473532e-16,-1.0,0,0,7345.13569,1.365805408,35.29353808,90.8672,0.0,0.0,0.0,0.0,71,1841161.281259271
ST-75,2026-06-01,2026,6,1666161.7649034688,1876878.8436314343,1814890.6918246588,2817856.0032095043,1098087.7216307807,1785977.100119854,2006910.9569749797,-0.11226994190006669,0.8302121023918656,1004.7015283032804,0.16666666666666666,282,49,8,1.2246467991473532e-16,-1.0,0,0,13303.14815,0.218128938,7.197491108,92.0,0.0,0.0,0.0,0.0,72,1521931.4499048868
ST-8,2026-06-01,2026,6,1647500.5091275184,1545346.6430436245,1483759.9680798096,2434549.449348953,1293878.6278059129,1558869.0400836507,1751535.938686028,0.06610417574836001,0.9406033143478888,1138.357248849463,0.2235294117647059,255,51,9,1.2246467991473532e-16,-1.0,0,0,85809.90038,2.949525205,1.0,91.74250969595782,0.0,0.0,0.0,0.0,73,1673411.583824686
ST-9,2026-06-01,2026,6,1992248.7674553627,1943085.0513372552,1689597.9575070918,2575022.09823262,1187455.335217856,1874977.25876657,1903691.0721205473,0.025301885825467326,1.04651894240181,1030.5047302255773,0.273542600896861,223,41,8,1.2246467991473532e-16,-1.0,0,0,85809.90038,2.949525205,1.0,91.74250969595782,0.0,0.0,0.0,0.0,74,1667834.9936667562
ST-1,2026-07-01,2026,7,1586718.4447898506,1621291.4119554884,1478171.1734216535,1724976.395497234,1221824.6805881956,1562060.3433889977,1511423.3121929306,-0.021324338678842605,1.0498173688267876,1054.072197907938,0.24497991967871485,249,42,9,-0.4999999999999997,-0.8660254037844388,0,0,85809.90038,2.949525205,1.0,91.74250969595782,0.0,0.0,0.0,0.0,0,1566154.9663652757
ST-10,2026-07-01,2026,7,1676044.5797611664,1581948.440842883,1527685.9198830333,1443853.244106455,1478744.4396350132,1595226.313495694,1481946.5988857595,0.05948116669854786,1.130975016927968,1064.7842559806911,0.23113207547169812,212,42,8,-0.4999999999999997,-0.8660254037844388,0,0,85809.90038,2.949525205,1.0,91.74250969595782,0.0,0.0,0.0,0.0,1,1741362.7173956893
ST-11,2026-07-01,2026,7,2574327.6824466526,2367504.2044240884,2374354.101545691,2771583.4949488984,1722744.4390415098,2438728.662805477,2383426.017277578,0.08735928647394965,1.0800954859874896,908.773402248641,0.291497975708502,247,42,7,-0.4999999999999997,-0.8660254037844388,0,0,85809.90038,2.949525205,1.0,91.74250969595782,0.0,0.0,0.0,0.0,2,2603231.0896232347
ST-12,2026-07-01,2026,7,2413657.4552003387,2262261.5810562833,2210342.6769606383,2001341.4354436756,1548063.4803222874,2295420.57107242,2056238.5579303869,0.06692235566912932,1.1738217075501665,1010.5246296561195,0.2744360902255639,266,48,8,-0.4999999999999997,-0.8660254037844388,0,0,85809.90038,2.949525205,1.0,91.74250969595782,0.0,0.0,0.0,0.0,3,2177852.8896041936
ST-13,2026-07-01,2026,7,2267160.2555546463,2158968.518623508,1885332.3921014336,2154087.020347288,1782028.384081006,2103820.3887598626,1957263.3683569666,0.05011269779890905,1.1583317259229267,1042.2419483414474,0.3191489361702128,235,48,9,-0.4999999999999997,-0.8660254037844388,0,0,85809.90038,2.949525205,1.0,91.74250969595782,0.0,0.0,0.0,0.0,4,2296688.0011444506
ST-14,2026-07-01,2026,7,1717734.2737605353,1582434.6431562894,1559821.7796055637,1575820.8745726987,1400246.077517332,1619996.8988407962,1541019.5104552153,0.08550092807269453,1.1146739298927621,1038.728956695165,0.2553191489361702,235,47,7,-0.4999999999999997,-0.8660254037844388,0,0,85809.90038,2.949525205,1.0,91.74250969595782,0.0,0.0,0.0,0.0,5,1837981.3735580752
ST-15,2026-07-01,2026,7,2302670.076059832,2157362.0839615045,1938602.8334576194,2336277.2612848943,1568629.5678330357,2132878.3311596517,2009725.2108549832,0.06735447571763299,1.1457636415279993,986.04429752588,0.25523012552301255,239,54,9,-0.4999999999999997,-0.8660254037844388,0,0,85809.90038,2.949525205,1.0,91.74250969595782,0.0,0.0,0.0,0.0,6,2304728.5439313366
ST-16,2026-07-01,2026,7,2010212.3626498051,2192023.617416305,2056442.2579679105,2121992.004205652,1858335.5731154145,2086226.0793446733,1998102.3010915786,-0.08294219702833183,1.0060607815483775,965.117199274714,0.26244343891402716,221,49,7,-0.4999999999999997,-0.8660254037844388,0,0,52636.78659,3.271572946,0.782414581,95.90075112651648,0.0,0.0,0.0,0.0,7,1955230.013449962
ST-17,2026-07-01,2026,7,1633659.620052058,1590582.9710736228,1625259.628918084,1654971.86752464,1350685.8578108444,1616500.7400145885,1582523.6744444647,0.027082302377070606,1.0323129103427438,1077.5251438015239,0.2081447963800905,221,43,8,-0.4999999999999997,-0.8660254037844388,0,0,52636.78659,3.271572946,0.782414581,95.90075112651648,0.0,0.0,0.0,0.0,8,1659229.9319115414
ST-18,2026-07-01,2026,7,1416930.435133837,1312323.9026031871,1155908.6961811306,1904469.578793607,1382933.8308008956,1295054.344639385,1389213.9070143963,0.07971091003002184,1.0199512313974795,1023.2046813210532,0.25877192982456143,228,48,9,-0.4999999999999997,-0.8660254037844388,0,0,46150.48769,1.999049423,0.923889546,88.6538,0.0,0.0,0.0,0.0,9,1547220.06281262
ST-19,2026-07-01,2026,7,2214553.306427955,2229982.0467779613,2087673.8855934583,1911124.1852474804,1540499.905731013,2177403.0795997917,1987189.1845061053,-0.006918773347210891,1.1144149352736936,1010.8700857810675,0.22844827586206898,232,44,7,-0.4999999999999997,-0.8660254037844388,0,0,46150.48769,1.999049423,0.923889546,88.6538,0.0,0.0,0.0,0.0,10,2071092.7364080984
ST-2,2026-07-01,2026,7,1845995.5343550139,2237195.583659835,1919787.4511901357,1955690.3361536933,1496690.4426041534,2000992.8564016614,1938523.1501027804,-0.17486180115949268,0.9522690168838784,1012.0054537152099,0.28225806451612906,248,46,8,-0.4999999999999997,-0.8660254037844388,0,0,85809.90038,2.949525205,1.0,91.74250969595782,0.0,0.0,0.0,0.0,11,1759907.3039596938
ST-20,2026-07-01,2026,7,2215004.702893711,2018854.2340020295,1867592.6877389436,1930768.5549834666,1502673.5606954615,2033817.2082115617,1866730.2413908325,0.09715930233499188,1.1865692502219238,1017.2712955716056,0.26609442060085836,233,47,7,-0.4999999999999997,-0.8660254037844388,0,0,56833.19605,2.937915743,0.923889546,94.9197,0.0,0.0,0.0,0.0,12,2141107.973079052
ST-21,2026-07-01,2026,7,2304728.5439313366,2293408.9625151027,2169786.0629083803,1992253.2407894556,2039365.0442856501,2255974.523118273,2074111.7802835142,0.004935701220867347,1.1111882039531635,966.3857042238183,0.21610169491525424,236,44,8,-0.4999999999999997,-0.8660254037844388,0,0,35297.0095,2.774178265,0.923889546,95.7575,0.0,0.0,0.0,0.0,13,2352048.6942707016
ST-22,2026-07-01,2026,7,2007546.641121911,1971944.7760048634,1798994.8231661918,1794789.5919973052,1417341.6113070375,1926162.0800976555,1774154.8081341514,0.018054189726943774,1.131550996518288,1081.7734926084559,0.25327510917030566,229,46,8,-0.4999999999999997,-0.8660254037844388,0,0,40226.04724,0.982373023,0.923889546,89.2207,0.0,0.0,0.0,0.0,14,1928999.2955775652
ST-23,2026-07-01,2026,7,1642254.3262802702,1614231.778199421,1527685.9198830333,1769031.6327945907,1380503.428263402,1594724.0081209082,1572131.913155372,0.01735968059810265,1.0446033901723666,970.5254904381009,0.2683982683982684,231,49,7,-0.4999999999999997,-0.8660254037844388,0,0,40226.04724,0.982373023,0.923889546,89.2207,0.0,0.0,0.0,0.0,15,1653900.4225839637
ST-24,2026-07-01,2026,7,1962602.4554999403,2422650.4080680427,2291180.3538116016,2132528.8162989747,1668137.4913197008,2225477.739126528,2070909.177919763,-0.18989448540987408,0.9477008825038783,976.2484023191589,0.2350597609561753,251,47,8,-0.4999999999999997,-0.8660254037844388,0,0,55800.21945,2.256498143,0.923889546,93.5,0.0,0.0,0.0,0.0,16,2001457.7075302298
ST-25,2026-07-01,2026,7,2126923.5845461814,2344942.7366834274,2272819.7298108614,2235114.9293480497,1865526.6530451074,2248228.6836801567,2019505.3619585056,-0.09297419025489792,1.0531903626556862,1029.7317126608386,0.25609756097560976,246,49,7,-0.4999999999999997,-0.8660254037844388,0,0,55800.21945,2.256498143,0.923889546,93.5,0.0,0.0,0.0,0.0,17,2172188.268523205
ST-26,2026-07-01,2026,7,1511514.1983554694,1509402.0890229596,1567078.4589386133,1911458.4042052708,995422.0747625914,1529331.5821056806,1580106.4340083816,0.0013993019804795547,0.9565901168575659,1009.4150679044043,0.277992277992278,259,51,8,-0.4999999999999997,-0.8660254037844388,0,0,68218.7261,3.347543042,0.923889546,93.21653589452544,0.0,0.0,0.0,0.0,18,1483514.4414511172
ST-27,2026-07-01,2026,7,1752585.558234549,1589311.0906432946,1642366.8413842113,2313050.8520498388,1479628.3262966555,1661421.1634206849,1771166.8020808657,0.10273285611136507,0.989509037870128,1060.564933872553,0.252212389380531,226,41,7,-0.4999999999999997,-0.8660254037844388,0,0,55800.21945,2.256498143,0.923889546,93.5,0.0,0.0,0.0,0.0,19,1897018.165365593
ST-28,2026-07-01,2026,7,1759379.126444404,1651098.1713253956,1647500.5091275184,1904861.3198328395,1264508.5901489155,1685992.602299106,1685668.565734782,0.06558117318492784,1.0437277897968582,1123.839827768633,0.21304347826086956,230,49,7,-0.4999999999999997,-0.8660254037844388,0,0,52636.78659,3.271572946,0.782414581,95.90075112651648,0.0,0.0,0.0,0.0,20,1645817.1356076354
ST-29,2026-07-01,2026,7,1581542.6335446336,1569131.9209021372,1523014.5290050507,1829121.90242644,1158292.2911642892,1557896.3611506072,1577577.859300237,0.00790928568667521,1.002513203529717,1010.4731840854874,0.20416666666666666,240,47,8,-0.4999999999999997,-0.8660254037844388,0,0,46150.48769,1.999049423,0.923889546,88.6538,0.0,0.0,0.0,0.0,21,1531372.4465279207
ST-3,2026-07-01,2026,7,1999662.073206526,1869972.4719843774,1660984.5189028932,2538479.141725202,1583911.8611684337,1843539.6880312655,1950161.7942162065,0.06935374887338562,1.0253826524225464,1024.3817012046302,0.2163265306122449,245,49,7,-0.4999999999999997,-0.8660254037844388,0,0,85809.90038,2.949525205,1.0,91.74250969595782,0.0,0.0,0.0,0.0,22,2281703.4765712987
ST-30,2026-07-01,2026,7,1466691.415481628,1355701.6963674792,1235799.269025437,1482770.7019488357,1062685.5509897468,1352730.7936248481,1331629.900115085,0.08186883546103026,1.1014257154746,982.345070820703,0.18907563025210083,238,46,9,-0.4999999999999997,-0.8660254037844388,0,0,49377.56434,1.663365102,3.6725,100.0,0.0,0.0,0.0,0.0,23,1486317.37256395
ST-31,2026-07-01,2026,7,2235647.0862954557,1872338.3897037883,1856703.154789942,1685190.4376186966,1497922.9655235363,1988229.5435963953,1826839.9341651404,0.19404008302641507,1.2237783094648294,1007.5732861425184,0.23461538461538461,260,47,8,-0.4999999999999997,-0.8660254037844388,0,0,32475.8925,2.738536816,151.3662913,86.27011307955955,0.0,0.0,0.0,0.0,24,2293408.9625151027
ST-32,2026-07-01,2026,7,1680996.8185720663,1917039.1258582973,2097350.9342450188,1965671.6690335067,1559985.1727432497,1898462.2928917941,1832880.8611735187,-0.12312858099886206,0.9171337069316075,1056.3211165389018,0.2631578947368421,247,50,7,-0.4999999999999997,-0.8660254037844388,0,0,32475.8925,2.738536816,151.3662913,86.27011307955955,0.0,0.0,0.0,0.0,25,1824878.791667729
ST-33,2026-07-01,2026,7,1413941.7578495385,1405254.7022854157,1368220.1812829536,1459622.8050550702,718903.8930214182,1395805.5471393026,1366505.5749967936,0.00618183703637118,1.0347134938347076,990.9891009434613,0.27692307692307694,260,45,7,-0.4999999999999997,-0.8660254037844388,0,0,32475.8925,2.738536816,151.3662913,86.27011307955955,0.0,0.0,0.0,0.0,26,1356869.9790449508
ST-34,2026-07-01,2026,7,1651798.7330899902,1615397.3507408348,1578172.4927557702,1917242.084317588,1392384.0900398267,1615122.8588621982,1671485.8303433638,0.022534011419828935,0.98822179829707,976.150971876514,0.23076923076923078,260,45,7,-0.4999999999999997,-0.8660254037844388,0,0,32475.8925,2.738536816,151.3662913,86.27011307955955,0.0,0.0,0.0,0.0,27,1686230.7053945584
ST-35,2026-07-01,2026,7,2308036.7819170193,2104416.616722359,1953371.6428100648,1747552.3066682587,1554607.6370193893,2121941.6804831475,1888749.001398408,0.09675848573739168,1.22199232412998,1030.5104237455616,0.20164609053497942,243,51,7,-0.4999999999999997,-0.8660254037844388,0,0,13303.14815,0.218128938,7.197491108,92.0,0.0,0.0,0.0,0.0,28,2297098.2971157916
ST-36,2026-07-01,2026,7,2307484.6527493023,2295273.445869527,2159601.9117254037,2280676.643280182,1660874.8004459874,2254120.003448078,2073528.5345081387,0.005320153423005114,1.1128299487311664,971.9393115383431,0.2489451476793249,237,41,8,-0.4999999999999997,-0.8660254037844388,0,0,13303.14815,0.218128938,7.197491108,92.0,0.0,0.0,0.0,0.0,29,2284639.4663437945
ST-37,2026-07-01,2026,7,1654783.266180958,1758079.2538615344,1622790.4396760592,2181023.9793847343,1250570.6075193784,1678550.9865728505,1731851.8341778263,-0.05875502338912877,0.9554993294022431,967.9333189110288,0.27165354330708663,254,50,9,-0.4999999999999997,-0.8660254037844388,0,0,13303.14815,0.218128938,7.197491108,92.0,0.0,0.0,0.0,0.0,30,1557613.6887802964
ST-38,2026-07-01,2026,7,1350094.483798184,1415065.3184581338,1302762.3772366366,1208651.2485661644,762512.9825799485,1355974.0598309848,1250717.0467621312,-0.045913664770430955,1.0794563704822941,1018.0376646559288,0.2579185520361991,221,45,8,-0.4999999999999997,-0.8660254037844388,0,0,13303.14815,0.218128938,7.197491108,92.0,0.0,0.0,0.0,0.0,31,1244510.6520541376
ST-39,2026-07-01,2026,7,1663932.251134527,1582434.6431562894,1566616.5393151226,1651798.7330899902,1268079.8237517134,1604327.8112019796,1541091.2331769224,0.05150140533809613,1.0797104125395423,1033.9087934739116,0.251063829787234,235,43,8,-0.4999999999999997,-0.8660254037844388,0,0,35000.0,2.2,31.5,94.0,0.0,0.0,0.0,0.0,32,1608220.0884232272
ST-4,2026-07-01,2026,7,2302145.750010316,2273642.030457482,2144183.4268163876,2175389.1922676526,1461230.9187323784,2239990.402428062,2076726.4435050904,0.012536590708212022,1.1085454982336351,932.2305513596754,0.2672413793103448,232,44,7,-0.4999999999999997,-0.8660254037844388,0,0,85809.90038,2.949525205,1.0,91.74250969595782,0.0,0.0,0.0,0.0,33,2099440.567014848
ST-40,2026-07-01,2026,7,1632483.6149772226,1571880.9793202486,1556542.771188479,1812958.3676973009,1270723.1391818037,1586969.1218286501,1599288.3116454957,0.038554213998556894,1.0207562970916562,965.597448349946,0.21755725190839695,262,45,8,-0.4999999999999997,-0.8660254037844388,0,0,13303.14815,0.218128938,7.197491108,92.0,0.0,0.0,0.0,0.0,34,1615761.6352801018
ST-41,2026-07-01,2026,7,1653900.4225839637,1917039.1258582973,1715877.0736721575,2160511.67116995,1685724.0351215932,1762272.2073714726,1808222.9588991317,-0.13726308437055038,0.9146551394253276,960.2675180542763,0.26066350710900477,211,42,7,-0.4999999999999997,-0.8660254037844388,0,0,7345.13569,1.365805408,35.29353808,90.8672,0.0,0.0,0.0,0.0,35,1650856.9824219018
ST-42,2026-07-01,2026,7,1433523.2648128446,1421414.5789697228,1320764.3583376314,1509995.6451143844,768959.8474291419,1391900.7340400664,1384398.1037370123,0.008518757315616115,1.035484851462325,1055.6053396963412,0.29245283018867924,212,47,7,-0.4999999999999997,-0.8660254037844388,0,0,90674.06663,2.389511236,1.336233333,94.3776,0.0,0.0,0.0,0.0,36,1381810.2791073117
ST-43,2026-07-01,2026,7,1822954.210998074,1638891.6165667616,1655223.3667129804,2097889.7024447536,1698257.9463566348,1705689.731425939,1761567.9032104092,0.11230919273166856,1.0348475398965828,1008.819122557958,0.26229508196721313,244,44,8,-0.4999999999999997,-0.8660254037844388,0,0,13303.14815,0.218128938,7.197491108,92.0,0.0,0.0,0.0,0.0,37,2159013.142766215
ST-44,2026-07-01,2026,7,1654574.6713363586,1868603.305304582,1744434.3835076047,2049492.6132588477,1194081.527760636,1755870.7867161818,1738212.8771266732,-0.11453936389850104,0.9518826451633637,1102.0673996141295,0.20425531914893616,235,43,8,-0.4999999999999997,-0.8660254037844388,0,0,32475.8925,2.738536816,151.3662913,86.27011307955955,0.0,0.0,0.0,0.0,38,1522099.2219336305
ST-45,2026-07-01,2026,7,1488388.8182836175,1497653.5945929755,1659364.7604773913,1691676.5145036299,1381761.921783504,1548469.0577846614,1571891.0893071257,-0.006186194419595333,0.9468778265927348,1066.6007522957082,0.2558139534883721,258,50,8,-0.4999999999999997,-0.8660254037844388,0,0,90674.06663,2.389511236,1.336233333,94.3776,0.0,0.0,0.0,0.0,39,1593541.446571113
ST-46,2026-07-01,2026,7,1691676.5145036299,2075280.46088223,2019559.556890357,1944817.2701821013,1577714.7119128457,1928838.8440920722,1851626.3714376136,-0.18484438783542773,0.9136165592576877,984.8054214020503,0.2669172932330827,266,48,7,-0.4999999999999997,-0.8660254037844388,0,0,54282.61761,2.381583833,1.369359766,93.54619208893396,0.0,0.0,0.0,0.0,40,1920631.307767658
ST-47,2026-07-01,2026,7,1802948.1322792044,2017456.9764456872,2315071.357348105,2282945.284005464,1702000.9111432307,2045158.8220243321,1977371.9874508,-0.10632635375669816,0.9117900646521951,1009.1290511799763,0.20553359683794467,253,45,9,-0.4999999999999997,-0.8660254037844388,0,0,54282.61761,2.381583833,1.369359766,93.54619208893396,0.0,0.0,0.0,0.0,41,1997255.817118394
ST-48,2026-07-01,2026,7,1571379.2518485782,1636212.535067534,1625730.2042923237,2153080.0037030177,1446342.2961420878,1611107.330402812,1697045.6029476468,-0.039623998612307344,0.9259499268135193,1053.528508612506,0.2056451612903226,248,46,10,-0.4999999999999997,-0.8660254037844388,0,0,54282.61761,2.381583833,1.369359766,93.54619208893396,0.0,0.0,0.0,0.0,42,1680120.9955756147
ST-49,2026-07-01,2026,7,1512277.8585033964,1445662.060665578,1334194.6518207917,1660587.1836801518,978522.0379728505,1430711.5236632554,1432983.3207995675,0.04607978562233872,1.0553352830789298,1058.4856420453523,0.268,250,41,7,-0.4999999999999997,-0.8660254037844388,0,0,54282.61761,2.381583833,1.369359766,93.54619208893396,0.0,0.0,0.0,0.0,43,1475912.1402232286
ST-5,2026-07-01,2026,7,1635922.050652563,1566154.9663652757,1506984.0303645157,1547963.0666426427,1229480.522979282,1569687.0157941182,1498463.2918312585,0.0445467311891891,1.0917331506021195,1004.5171847928989,0.25,220,43,9,-0.4999999999999997,-0.8660254037844388,0,0,85809.90038,2.949525205,1.0,91.74250969595782,0.0,0.0,0.0,0.0,44,1605653.1540652297
ST-50,2026-07-01,2026,7,1924183.4274077634,1982641.130022587,1889918.2837693202,1930768.5549834666,1275946.318237723,1932247.6137332234,1826794.6580012424,-0.0294847623856959,1.053311284319759,1039.3078486617928,0.2178988326848249,257,43,7,-0.4999999999999997,-0.8660254037844388,0,0,54282.61761,2.381583833,1.369359766,93.54619208893396,0.0,0.0,0.0,0.0,45,1618135.3676511156
ST-51,2026-07-01,2026,7,2214553.306427955,2158800.253437186,1944792.7476120642,1982641.130022587,1722716.0529142895,2106048.769159069,1958387.1242157782,0.025825943322917655,1.1308046703558454,1056.3584383582572,0.22522522522522523,222,46,8,-0.4999999999999997,-0.8660254037844388,0,0,64407.48426,3.161614283,1.515358039,96.44169988975057,0.0,0.0,0.0,0.0,46,2284010.9137925874
ST-52,2026-07-01,2026,7,1367437.0888629716,1386647.6498638063,1381831.629502902,1339695.8200083503,921969.959110725,1378638.7894098933,1344063.8399024603,-0.013853959946293138,1.0173899842154874,1074.279305146249,0.2791666666666667,240,49,7,-0.4999999999999997,-0.8660254037844388,0,0,64407.48426,3.161614283,1.515358039,96.44169988975057,0.0,0.0,0.0,0.0,47,1349982.3864348119
ST-53,2026-07-01,2026,7,1577084.6725690525,1414183.0508961529,1243497.7674203308,1719206.2995552944,1244709.2942590264,1411588.4969618453,1419253.9608679928,0.11519132658934829,1.1112068143213305,1033.2621674412924,0.23076923076923078,260,47,8,-0.4999999999999997,-0.8660254037844388,0,0,64407.48426,3.161614283,1.515358039,96.44169988975057,0.0,0.0,0.0,0.0,48,1612119.2909930798
ST-54,2026-07-01,2026,7,1625730.2042923237,1884858.8961891893,1759907.3039596938,2010212.3626498051,1338715.298553044,1756832.1348137355,1751860.203663665,-0.13747909322059726,0.9280022463507273,1037.908264044328,0.29435483870967744,248,39,7,-0.4999999999999997,-0.8660254037844388,0,0,64407.48426,3.161614283,1.515358039,96.44169988975057,0.0,0.0,0.0,0.0,49,1575669.1887100227
ST-55,2026-07-01,2026,7,1647038.895993713,1596079.1125806135,1566895.911596889,1634555.2391389247,1212319.202011692,1603337.973390405,1533110.204180028,0.031928106201894645,1.0743121345765347,975.8884976527015,0.23577235772357724,246,50,8,-0.4999999999999997,-0.8660254037844388,0,0,64407.48426,3.161614283,1.515358039,96.44169988975057,0.0,0.0,0.0,0.0,50,1615761.6352801018
ST-56,2026-07-01,2026,7,2350133.759604137,2284511.134741924,2177000.097410326,2275764.2377281454,2173854.1717417906,2270548.3305854625,2141246.5239017922,0.0287250186108751,1.097554033769876,966.2162907881306,0.28888888888888886,225,47,9,-0.4999999999999997,-0.8660254037844388,0,0,64407.48426,3.161614283,1.515358039,96.44169988975057,0.0,0.0,0.0,0.0,51,2408336.53350474
ST-57,2026-07-01,2026,7,1598096.2845570866,1597569.493037,1568746.765896244,1511638.947340234,1299866.2355608714,1588137.514496777,1526060.2950409667,0.00032974560567324387,1.047203894728279,1069.4874691623772,0.24899598393574296,249,43,9,-0.4999999999999997,-0.8660254037844388,0,0,49377.56434,1.663365102,3.6725,100.0,0.0,0.0,0.0,0.0,52,1640783.2968186473
ST-58,2026-07-01,2026,7,1662276.7555890856,1580113.0496150001,1508114.4077694637,2015551.799717953,1409312.3078787543,1583501.4043245167,1599298.6117774323,0.051998625031357694,1.0393786021871554,1098.101629651916,0.19827586206896552,232,47,8,-0.4999999999999997,-0.8660254037844388,0,0,49377.56434,1.663365102,3.6725,100.0,0.0,0.0,0.0,0.0,53,1674123.6984918413
ST-59,2026-07-01,2026,7,1605882.9441273864,1673411.583824686,1656580.8340505827,1986289.984412455,1277406.078970111,1645291.7873342184,1673386.5896801145,-0.04035387369732357,0.9596604598309635,969.7260180622288,0.24899598393574296,249,48,7,-0.4999999999999997,-0.8660254037844388,0,0,49377.56434,1.663365102,3.6725,100.0,0.0,0.0,0.0,0.0,54,1561647.2227738146
ST-6,2026-07-01,2026,7,1845936.766516414,1923185.1104820906,1944136.220538191,2078829.6803636048,1280030.9868030953,1904419.3658455655,1818145.308956068,-0.040166879175927345,1.0152856085943445,1122.745643822564,0.2603305785123967,242,45,8,-0.4999999999999997,-0.8660254037844388,0,0,85809.90038,2.949525205,1.0,91.74250969595782,0.0,0.0,0.0,0.0,55,1622790.4396760592
ST-60,2026-07-01,2026,7,2501901.5319168274,2332650.0273220283,2359150.614637145,2769707.808365177,1845127.316511996,2397900.7246253337,2353419.6133468277,0.07255760727600717,1.0630919865407435,1015.9961290075204,0.3157894736842105,247,50,9,-0.4999999999999997,-0.8660254037844388,0,0,14157.94458,4.722255885,18.30485833,76.73266946623188,0.0,0.0,0.0,0.0,56,2627411.1258597705
ST-61,2026-07-01,2026,7,2291180.3538116016,2223250.806003193,2109565.4805729934,2391720.575884409,1756605.8251888521,2207998.880129263,2090409.2903131356,0.030554154135460677,1.096043901272746,989.7440002186706,0.1975806451612903,248,41,8,-0.4999999999999997,-0.8660254037844388,0,0,14157.94458,4.722255885,18.30485833,76.73266946623188,0.0,0.0,0.0,0.0,57,2355096.3447645726
ST-62,2026-07-01,2026,7,1556542.771188479,1467497.1825289256,1360049.3648011074,1830809.9522014516,1402942.3845131157,1461363.1061728373,1492611.5868244704,0.06067854147842506,1.0428317620795253,1049.4763811665755,0.25,248,52,8,-0.4999999999999997,-0.8660254037844388,0,0,14157.94458,4.722255885,18.30485833,76.73266946623188,0.0,0.0,0.0,0.0,58,1659229.9319115414
ST-63,2026-07-01,2026,7,1491082.1935193853,1429387.1999160498,1327732.810241229,1933264.4331509003,1511429.3849216036,1416067.4012255548,1487912.238873582,0.04316184838297062,1.0021304715177308,1116.4281190071147,0.24166666666666667,240,45,7,-0.4999999999999997,-0.8660254037844388,0,0,7913.988015,6.609085937,4074.434167,73.24194861474356,0.0,0.0,0.0,0.0,59,1649836.6044988472
ST-64,2026-07-01,2026,7,1812596.5524783656,1880123.0318785256,1902401.7361445278,2192237.9122547223,1450218.7441767768,1865040.4401671395,1893210.1318862047,-0.035915989674724064,0.9574196344874175,989.7154807079123,0.24796747967479674,246,48,7,-0.4999999999999997,-0.8660254037844388,0,0,7913.988015,6.609085937,4074.434167,73.24194861474356,0.0,0.0,0.0,0.0,60,1899749.0129058554
ST-65,2026-07-01,2026,7,1474580.85314383,1423759.194637991,1315504.334238727,1622790.4396760592,1165578.759982411,1404614.7940068494,1416854.336302857,0.03569540319545478,1.0407427322356968,1008.1400472564876,0.21951219512195122,246,54,9,-0.4999999999999997,-0.8660254037844388,0,0,7345.13569,1.365805408,35.29353808,90.8672,0.0,0.0,0.0,0.0,61,1533224.739955415
ST-66,2026-07-01,2026,7,1408805.8147932237,1495210.7747255515,1491280.241225149,1556171.3590699127,1163679.771481677,1465098.943581308,1444572.9154727047,-0.05778781252307891,0.9752403632268178,1069.8033156576903,0.2512315270935961,203,45,7,-0.4999999999999997,-0.8660254037844388,0,0,90674.06663,2.389511236,1.336233333,94.3776,0.0,0.0,0.0,0.0,62,1360049.3648011074
ST-67,2026-07-01,2026,7,1518447.6753802784,1465075.8876071621,1343069.3210364203,1580113.0496150001,1265743.5591535096,1442197.6280079538,1424668.8657763228,0.03642936739630998,1.065824987024514,1050.484375421358,0.232,250,48,8,-0.4999999999999997,-0.8660254037844388,0,0,64407.48426,3.161614283,1.515358039,96.44169988975057,0.0,0.0,0.0,0.0,63,1594809.8067016096
ST-68,2026-07-01,2026,7,2183085.7946144836,1858573.376728105,1862959.1738015246,2301303.654710862,1615382.6737268611,1968206.1150480378,1926736.1778075143,0.17460296265389386,1.1330486341408073,973.3972231502926,0.22077922077922077,231,40,7,-0.4999999999999997,-0.8660254037844388,0,0,46150.48769,1.999049423,0.923889546,88.6538,0.0,0.0,0.0,0.0,64,2307493.512032922
ST-69,2026-07-01,2026,7,1241282.2648458492,1178739.4861934106,1196765.5741209632,1496652.970413682,968036.7045930267,1205595.7750534078,1273422.8937508462,0.053059034150465784,0.9747604436336721,968.3983555937843,0.26666666666666666,225,42,7,-0.4999999999999997,-0.8660254037844388,0,0,49377.56434,1.663365102,3.6725,100.0,0.0,0.0,0.0,0.0,65,1334194.6518207917
ST-7,2026-07-01,2026,7,2241019.130374035,2088316.3715140512,2054493.1299866342,2289437.0643826686,1547045.3881881747,2127942.8772915737,2015879.134578373,0.07312242576984279,1.111683280973465,1065.239252132997,0.1956521739130435,230,45,8,-0.4999999999999997,-0.8660254037844388,0,0,85809.90038,2.949525205,1.0,91.74250969595782,0.0,0.0,0.0,0.0,66,2075831.5836098487
ST-70,2026-07-01,2026,7,1561652.3586865643,1645817.1356076354,1572884.7272243844,1662424.1581098905,1372877.9260303765,1593451.4071728615,1530180.5399273683,-0.05113859559494591,1.0205673892315281,982.756767236166,0.26359832635983266,239,41,7,-0.4999999999999997,-0.8660254037844388,0,0,34000.0,2.321743286,1363.375,97.8956,0.0,0.0,0.0,0.0,67,1547963.0666426427
ST-71,2026-07-01,2026,7,1533163.5897999783,1531125.924679737,1451421.112690157,1618027.4820937563,1140920.23523875,1505236.8757232905,1488454.1892902227,0.0013308279138879104,1.0300374716477338,1010.657003798815,0.20833333333333334,216,45,9,-0.4999999999999997,-0.8660254037844388,0,0,34000.0,2.321743286,1363.375,97.8956,0.0,0.0,0.0,0.0,68,1507957.7941529737
ST-72,2026-07-01,2026,7,1444205.6575616898,1445311.4582518563,1392889.0498820737,1458810.861562517,951724.6281666888,1427468.72189854,1399475.775362269,-0.0007650950830376143,1.031961883861721,1021.3257273285485,0.2616033755274262,237,45,8,-0.4999999999999997,-0.8660254037844388,0,0,32475.8925,2.738536816,151.3662913,86.27011307955955,0.0,0.0,0.0,0.0,69,1416979.1707215046
ST-73,2026-07-01,2026,7,2251954.7059989637,2183265.020305799,2052433.0508654183,1926064.212431564,1552059.8948181698,2162550.9257233934,1984564.3783504423,0.03146190913805957,1.134735023245139,1008.976026637118,0.19545454545454546,220,43,9,-0.4999999999999997,-0.8660254037844388,0,0,52636.78659,3.271572946,0.782414581,95.90075112651648,0.0,0.0,0.0,0.0,70,2084686.9527980762
ST-74,2026-07-01,2026,7,1841161.281259271,1696484.6367940567,1603133.4395259318,2012667.580638489,1444707.8170943407,1713593.1191930866,1721714.3442382158,0.08528025620003138,1.0693767449988374,985.8956989781711,0.25523012552301255,239,48,9,-0.4999999999999997,-0.8660254037844388,0,0,7345.13569,1.365805408,35.29353808,90.8672,0.0,0.0,0.0,0.0,71,1960397.417784309
ST-75,2026-07-01,2026,7,1521931.4499048868,1666161.7649034688,1876878.8436314343,2270792.6826874125,1646708.5018340556,1688324.0194799302,1790923.5314242104,-0.08656441291397547,0.8498025868779495,1004.7015283032804,0.16666666666666666,282,49,8,-0.4999999999999997,-0.8660254037844388,0,0,13303.14815,0.218128938,7.197491108,92.0,0.0,0.0,0.0,0.0,72,1750286.5149015973
ST-8,2026-07-01,2026,7,1673411.583824686,1647500.5091275184,1545346.6430436245,1862718.2060734725,1361776.6720745915,1622086.245331943,1624679.6277653167,0.01572750633678989,1.0299948095775646,1138.357248849463,0.2235294117647059,255,51,9,-0.4999999999999997,-0.8660254037844388,0,0,85809.90038,2.949525205,1.0,91.74250969595782,0.0,0.0,0.0,0.0,73,1713189.5811908294
ST-9,2026-07-01,2026,7,1667834.9936667562,1992248.7674553627,1943085.0513372552,1841161.281259271,1445172.875021418,1867722.9374864579,1752493.2213595705,-0.16283798443653708,0.951692693209314,1030.5047302255773,0.273542600896861,223,41,8,-0.4999999999999997,-0.8660254037844388,0,0,85809.90038,2.949525205,1.0,91.74250969595782,0.0,0.0,0.0,0.0,74,1586264.8041936776
ST-1,2026-08-01,2026,8,1566154.9663652757,1586718.4447898506,1621291.4119554884,1342503.2083584066,1250536.3113669788,1591388.274370205,1484953.0740042704,-0.012959752558557061,1.0546831369842815,1054.072197907938,0.24497991967871485,249,42,9,-0.8660254037844385,-0.5000000000000004,0,0,85809.90038,2.949525205,1.0,91.74250969595782,0.0,0.0,0.0,0.0,0,1558267.334282568
ST-10,2026-08-01,2026,8,1741362.7173956893,1676044.5797611664,1581948.440842883,1291970.5979599906,1585184.688338025,1666451.9126665797,1531531.511100632,0.03897159921833983,1.1370074365262408,1064.7842559806911,0.23113207547169812,212,42,8,-0.8660254037844385,-0.5000000000000004,0,0,85809.90038,2.949525205,1.0,91.74250969595782,0.0,0.0,0.0,0.0,1,1928306.4307215775
ST-11,2026-08-01,2026,8,2603231.0896232347,2574327.6824466526,2367504.2044240884,2036622.0373933222,2541314.5016591824,2515020.9921646584,2355367.283056634,0.011227555595840936,1.1052336119082626,908.773402248641,0.291497975708502,247,42,7,-0.8660254037844385,-0.5000000000000004,0,0,85809.90038,2.949525205,1.0,91.74250969595782,0.0,0.0,0.0,0.0,2,2655463.3375972123
ST-12,2026-08-01,2026,8,2177852.8896041936,2413657.4552003387,2262261.5810562833,1550456.5579289007,1742092.83003079,2284590.6419536057,2085657.1336238068,-0.09769595312213548,1.044204655930286,1010.5246296561195,0.2744360902255639,266,48,8,-0.8660254037844385,-0.5000000000000004,0,0,85809.90038,2.949525205,1.0,91.74250969595782,0.0,0.0,0.0,0.0,3,2180333.493489701
ST-13,2026-08-01,2026,8,2296688.0011444506,2267160.2555546463,2158968.518623508,1664221.0024263992,1426194.859772915,2240938.925107535,1981030.198489827,0.013024110456003294,1.1593402275721263,1042.2419483414474,0.3191489361702128,235,48,9,-0.8660254037844385,-0.5000000000000004,0,0,85809.90038,2.949525205,1.0,91.74250969595782,0.0,0.0,0.0,0.0,4,1966459.2768232939
ST-14,2026-08-01,2026,8,1837981.3735580752,1717734.2737605353,1582434.6431562894,1377443.3518539085,1356854.9305236945,1712716.7634916333,1584712.9269527781,0.07000331869392692,1.1598197643861612,1038.728956695165,0.2553191489361702,235,47,7,-0.8660254037844385,-0.5000000000000004,0,0,85809.90038,2.949525205,1.0,91.74250969595782,0.0,0.0,0.0,0.0,5,1895572.3165735235
ST-15,2026-08-01,2026,8,2304728.5439313366,2302670.076059832,2157362.0839615045,1610761.1299077568,1616207.6767766932,2254920.2346508913,2004467.091296057,0.0008939482442170536,1.149796149779209,986.04429752588,0.25523012552301255,239,54,9,-0.8660254037844385,-0.5000000000000004,0,0,85809.90038,2.949525205,1.0,91.74250969595782,0.0,0.0,0.0,0.0,6,2326408.348548133
ST-16,2026-08-01,2026,8,1955230.013449962,2010212.3626498051,2192023.617416305,1777966.8065529328,1944931.0477404,2052488.6645053576,1970308.6359656302,-0.02735151281597281,0.9923470758639403,965.117199274714,0.26244343891402716,221,49,7,-0.8660254037844385,-0.5000000000000004,0,0,52636.78659,3.271572946,0.782414581,95.90075112651648,0.0,0.0,0.0,0.0,7,2269950.000383446
ST-17,2026-08-01,2026,8,1659229.9319115414,1633659.620052058,1590582.9710736228,1450413.2859809585,1362397.302946815,1627824.1743457408,1583233.3518422816,0.015652166182982808,1.0480008711165847,1077.5251438015239,0.2081447963800905,221,43,8,-0.8660254037844385,-0.5000000000000004,0,0,52636.78659,3.271572946,0.782414581,95.90075112651648,0.0,0.0,0.0,0.0,8,1662276.7555890856
ST-18,2026-08-01,2026,8,1547220.06281262,1416930.435133837,1312323.9026031871,1381831.629502902,1089385.743685497,1425491.4668498812,1329672.3210175652,0.09195202844695517,1.1636100401252023,1023.2046813210532,0.25877192982456143,228,48,9,-0.8660254037844385,-0.5000000000000004,0,0,46150.48769,1.999049423,0.923889546,88.6538,0.0,0.0,0.0,0.0,9,1538761.9460375234
ST-19,2026-08-01,2026,8,2071092.7364080984,2214553.306427955,2229982.0467779613,1655180.946493202,1523648.4466824827,2171876.0298713385,2013850.6096995415,-0.0647808158888967,1.0284242169865307,1010.8700857810675,0.22844827586206898,232,44,7,-0.8660254037844385,-0.5000000000000004,0,0,46150.48769,1.999049423,0.923889546,88.6538,0.0,0.0,0.0,0.0,10,1822673.6644947543
ST-2,2026-08-01,2026,8,1759907.3039596938,1845995.5343550139,2237195.583659835,1764163.4856462837,1506798.8195916503,1947699.4739915142,1905892.644737114,-0.04663512386306997,0.9234031669199518,1012.0054537152099,0.28225806451612906,248,46,8,-0.8660254037844385,-0.5000000000000004,0,0,85809.90038,2.949525205,1.0,91.74250969595782,0.0,0.0,0.0,0.0,11,1841893.354472852
ST-20,2026-08-01,2026,8,2141107.973079052,2215004.702893711,2018854.2340020295,1481660.7963091824,1619732.3527480513,2124988.969991598,1901786.8110734296,-0.0333618839355599,1.125840162846929,1017.2712955716056,0.26609442060085836,233,47,7,-0.8660254037844385,-0.5000000000000004,0,0,56833.19605,2.937915743,0.923889546,94.9197,0.0,0.0,0.0,0.0,12,2201343.0034052283
ST-21,2026-08-01,2026,8,2352048.6942707016,2304728.5439313366,2293408.9625151027,1808242.5596989118,1828927.0985567912,2316728.7335723806,2134077.6891970555,0.020531767380573034,1.1021382708685068,966.3857042238183,0.21610169491525424,236,44,8,-0.8660254037844385,-0.5000000000000004,0,0,35297.0095,2.774178265,0.923889546,95.7575,0.0,0.0,0.0,0.0,13,2337878.75093295
ST-22,2026-08-01,2026,8,1928999.2955775652,2007546.641121911,1971944.7760048634,1536772.3104709054,1386557.7707599474,1969496.90423478,1796523.0920641946,-0.03912603768968961,1.073740328804322,1081.7734926084559,0.25327510917030566,229,46,8,-0.8660254037844385,-0.5000000000000004,0,0,40226.04724,0.982373023,0.923889546,89.2207,0.0,0.0,0.0,0.0,14,1757963.0983255857
ST-23,2026-08-01,2026,8,1653900.4225839637,1642254.3262802702,1614231.778199421,1423635.8723096936,1365624.1943486596,1636795.5090212182,1552943.3781202675,0.00709153029304058,1.065010125859127,970.5254904381009,0.2683982683982684,231,49,7,-0.8660254037844385,-0.5000000000000004,0,0,40226.04724,0.982373023,0.923889546,89.2207,0.0,0.0,0.0,0.0,15,1645817.1356076354
ST-24,2026-08-01,2026,8,2001457.7075302298,1962602.4554999403,2422650.4080680427,1696210.3866141818,1668154.7429263664,2128903.523699404,2049063.993124972,0.019797820960328803,0.9767668136502954,976.2484023191589,0.2350597609561753,251,47,8,-0.8660254037844385,-0.5000000000000004,0,0,55800.21945,2.256498143,0.923889546,93.5,0.0,0.0,0.0,0.0,16,2356758.907129905
ST-25,2026-08-01,2026,8,2172188.268523205,2126923.5845461814,2344942.7366834274,1418245.2988689332,1324850.2466552483,2214684.863250938,2009017.5851543646,0.021281763155906592,1.0812191414224497,1029.7317126608386,0.25609756097560976,246,49,7,-0.8660254037844385,-0.5000000000000004,0,0,55800.21945,2.256498143,0.923889546,93.5,0.0,0.0,0.0,0.0,17,1955966.423520371
ST-26,2026-08-01,2026,8,1483514.4414511172,1511514.1983554694,1509402.0890229596,1419557.8516767435,1276179.753211851,1501476.9096098486,1508782.4402160225,-0.018524309553172587,0.9832527221344864,1009.4150679044043,0.277992277992278,259,51,8,-0.8660254037844385,-0.5000000000000004,0,0,68218.7261,3.347543042,0.923889546,93.21653589452544,0.0,0.0,0.0,0.0,18,1521931.4499048868
ST-27,2026-08-01,2026,8,1897018.165365593,1752585.558234549,1589311.0906432946,1589351.4494992704,1334686.0261545938,1746304.9380811453,1701828.0209668248,0.08241115901727332,1.114694400370655,1060.564933872553,0.252212389380531,226,41,7,-0.8660254037844385,-0.5000000000000004,0,0,55800.21945,2.256498143,0.923889546,93.5,0.0,0.0,0.0,0.0,19,1917242.084317588
ST-28,2026-08-01,2026,8,1645817.1356076354,1759379.126444404,1651098.1713253956,1561861.1770352395,1460452.1606847018,1685431.4777924784,1642494.5350305813,-0.06454662848380519,1.0020228990149986,1123.839827768633,0.21304347826086956,230,49,7,-0.8660254037844385,-0.5000000000000004,0,0,52636.78659,3.271572946,0.782414581,95.90075112651648,0.0,0.0,0.0,0.0,20,1612116.0822705608
ST-29,2026-08-01,2026,8,1531372.4465279207,1581542.6335446336,1569131.9209021372,1482608.8518575835,1465687.8582885626,1560682.3336582305,1527952.9499838168,-0.03172231083285374,1.0022379593194541,1010.4731840854874,0.20416666666666666,240,47,8,-0.8660254037844385,-0.5000000000000004,0,0,46150.48769,1.999049423,0.923889546,88.6538,0.0,0.0,0.0,0.0,21,1637425.5262546712
ST-3,2026-08-01,2026,8,2281703.4765712987,1999662.073206526,1869972.4719843774,1961358.8832798044,1952757.121146526,2050446.007254067,1907365.8500238897,0.14104453304578093,1.1962589539614126,1024.3817012046302,0.2163265306122449,245,49,7,-0.8660254037844385,-0.5000000000000004,0,0,85809.90038,2.949525205,1.0,91.74250969595782,0.0,0.0,0.0,0.0,22,2488757.100162577
ST-30,2026-08-01,2026,8,1486317.37256395,1466691.415481628,1355701.6963674792,1253304.6005928188,1160421.0425949085,1436236.8281376855,1332221.011884271,0.013381108578914934,1.1156687661469382,982.345070820703,0.18907563025210083,238,46,9,-0.8660254037844385,-0.5000000000000004,0,0,49377.56434,1.663365102,3.6725,100.0,0.0,0.0,0.0,0.0,23,1517124.7167039742
ST-31,2026-08-01,2026,8,2293408.9625151027,2235647.0862954557,1872338.3897037883,1597970.955392129,1340190.706144764,2133798.1461714488,1928209.6883145412,0.02583675955553451,1.189398111841137,1007.5732861425184,0.23461538461538461,260,47,8,-0.8660254037844385,-0.5000000000000004,0,0,32475.8925,2.738536816,151.3662913,86.27011307955955,0.0,0.0,0.0,0.0,24,1972268.8672151573
ST-32,2026-08-01,2026,8,1824878.791667729,1680996.8185720663,1917039.1258582973,1487305.4901526077,1587331.0005304231,1807638.2453660306,1809415.3816125558,0.08559324533278066,1.0085460808017406,1056.3211165389018,0.2631578947368421,247,50,7,-0.8660254037844385,-0.5000000000000004,0,0,32475.8925,2.738536816,151.3662913,86.27011307955955,0.0,0.0,0.0,0.0,25,2194415.0085287564
ST-33,2026-08-01,2026,8,1356869.9790449508,1413941.7578495385,1405254.7022854157,1273619.7351068924,1068306.287916988,1392022.1463933017,1349380.103995107,-0.04036359948191079,1.0055506043313285,990.9891009434613,0.27692307692307694,260,45,7,-0.8660254037844385,-0.5000000000000004,0,0,32475.8925,2.738536816,151.3662913,86.27011307955955,0.0,0.0,0.0,0.0,26,1383919.4211646141
ST-34,2026-08-01,2026,8,1686230.7053945584,1651798.7330899902,1615397.3507408348,1663214.0643958456,1425524.433301333,1651142.263075128,1632983.933856192,0.020845137857780582,1.0326070394413662,976.150971876514,0.23076923076923078,260,45,7,-0.8660254037844385,-0.5000000000000004,0,0,32475.8925,2.738536816,151.3662913,86.27011307955955,0.0,0.0,0.0,0.0,27,1745125.5630226696
ST-35,2026-08-01,2026,8,2297098.2971157916,2308036.7819170193,2104416.616722359,1472125.3356301507,1914972.0783884302,2236517.23191839,1980339.9998063303,-0.004739302634571689,1.1599514716364054,1030.5104237455616,0.20164609053497942,243,51,7,-0.8660254037844385,-0.5000000000000004,0,0,13303.14815,0.218128938,7.197491108,92.0,0.0,0.0,0.0,0.0,28,2368616.3139924556
ST-36,2026-08-01,2026,8,2284639.4663437945,2307484.6527493023,2295273.445869527,1594735.755890573,2013550.0606569017,2295799.1883208747,2074189.0050187407,-0.009900471657867132,1.1014615644070258,971.9393115383431,0.2489451476793249,237,41,8,-0.8660254037844385,-0.5000000000000004,0,0,13303.14815,0.218128938,7.197491108,92.0,0.0,0.0,0.0,0.0,29,2336292.613465248
ST-37,2026-08-01,2026,8,1557613.6887802964,1654783.266180958,1758079.2538615344,1548373.3491900372,1532671.2128168473,1656825.4029409296,1627950.1190770862,-0.058720425439711704,0.9567944806953516,967.9333189110288,0.27165354330708663,254,50,9,-0.8660254037844385,-0.5000000000000004,0,0,13303.14815,0.218128938,7.197491108,92.0,0.0,0.0,0.0,0.0,30,1662848.4028991663
ST-38,2026-08-01,2026,8,1244510.6520541376,1350094.483798184,1415065.3184581338,1093641.080718843,932774.1486983154,1336556.818103485,1256693.6140101268,-0.07820477234082929,0.9903055431967118,1018.0376646559288,0.2579185520361991,221,45,8,-0.8660254037844385,-0.5000000000000004,0,0,13303.14815,0.218128938,7.197491108,92.0,0.0,0.0,0.0,0.0,31,1213778.4996576349
ST-39,2026-08-01,2026,8,1608220.0884232272,1663932.251134527,1582434.6431562894,1340298.3248236203,1537853.0259583695,1618195.660904681,1533828.125732462,-0.0334822302250066,1.048500846635108,1033.9087934739116,0.251063829787234,235,43,8,-0.8660254037844385,-0.5000000000000004,0,0,35000.0,2.2,31.5,94.0,0.0,0.0,0.0,0.0,32,1695582.6699309316
ST-4,2026-08-01,2026,8,2099440.567014848,2302145.750010316,2273642.030457482,1740381.7086489263,1504029.2800985042,2225076.115827549,2064068.3392962895,-0.088050542844457,1.0171371398151565,932.2305513596754,0.2672413793103448,232,44,7,-0.8660254037844385,-0.5000000000000004,0,0,85809.90038,2.949525205,1.0,91.74250969595782,0.0,0.0,0.0,0.0,33,1777524.1268152099
ST-40,2026-08-01,2026,8,1615761.6352801018,1632483.6149772226,1571880.9793202486,1484870.6457169214,1275755.7186505506,1606708.7431925244,1566422.1895759627,-0.01024327567131763,1.0314981784811765,965.597448349946,0.21755725190839695,262,45,8,-0.8660254037844385,-0.5000000000000004,0,0,13303.14815,0.218128938,7.197491108,92.0,0.0,0.0,0.0,0.0,34,1592594.512544888
ST-41,2026-08-01,2026,8,1650856.9824219018,1653900.4225839637,1917039.1258582973,1799039.935328575,1500496.5454487007,1740598.8436213878,1723280.5107744571,-0.0018401592505231008,0.9579734535963575,960.2675180542763,0.26066350710900477,211,42,7,-0.8660254037844385,-0.5000000000000004,0,0,7345.13569,1.365805408,35.29353808,90.8672,0.0,0.0,0.0,0.0,35,1754440.1864420343
ST-42,2026-08-01,2026,8,1381810.2791073117,1433523.2648128446,1421414.5789697228,1318456.9747138128,1073247.0090136924,1412249.3742966263,1363033.876069167,-0.03607404705237503,1.01377544855473,1055.6053396963412,0.29245283018867924,212,47,7,-0.8660254037844385,-0.5000000000000004,0,0,90674.06663,2.389511236,1.336233333,94.3776,0.0,0.0,0.0,0.0,36,1355701.6963674792
ST-43,2026-08-01,2026,8,2159013.142766215,1822954.210998074,1638891.6165667616,1586718.4447898506,1548881.0850192918,1873619.6567770168,1771755.143263986,0.18434853148842809,1.2185730917584974,1008.819122557958,0.26229508196721313,244,44,8,-0.8660254037844385,-0.5000000000000004,0,0,13303.14815,0.218128938,7.197491108,92.0,0.0,0.0,0.0,0.0,37,2295273.445869527
ST-44,2026-08-01,2026,8,1522099.2219336305,1654574.6713363586,1868603.305304582,1447951.286926248,1592347.9705364811,1681759.0661915236,1650313.9785724704,-0.08006616546095861,0.922308870733952,1102.0673996141295,0.20425531914893616,235,43,8,-0.8660254037844385,-0.5000000000000004,0,0,32475.8925,2.738536816,151.3662913,86.27011307955955,0.0,0.0,0.0,0.0,38,1654351.7935760661
ST-45,2026-08-01,2026,8,1593541.446571113,1488388.8182836175,1497653.5945929755,1509398.1881764408,1094890.9072708287,1526527.9531492356,1555535.244651706,0.07064862823193986,1.0244328773970768,1066.6007522957082,0.2558139534883721,258,50,8,-0.8660254037844385,-0.5000000000000004,0,0,90674.06663,2.389511236,1.336233333,94.3776,0.0,0.0,0.0,0.0,39,1588517.1431140115
ST-46,2026-08-01,2026,8,1920631.307767658,1691676.5145036299,2075280.46088223,1493725.2214711665,1407610.0391136287,1895862.7610511724,1847595.3777018727,0.13534194705730004,1.03953026238712,984.8054214020503,0.2669172932330827,266,48,7,-0.8660254037844385,-0.5000000000000004,0,0,54282.61761,2.381583833,1.369359766,93.54619208893396,0.0,0.0,0.0,0.0,40,1966459.2768232939
ST-47,2026-08-01,2026,8,1997255.817118394,1802948.1322792044,2017456.9764456872,1586718.4447898506,2040349.3641584204,1939220.3086144284,1929757.076302955,0.10777219896700779,1.0349778434002448,1009.1290511799763,0.20553359683794467,253,45,9,-0.8660254037844385,-0.5000000000000004,0,0,54282.61761,2.381583833,1.369359766,93.54619208893396,0.0,0.0,0.0,0.0,41,2356758.907129905
ST-48,2026-08-01,2026,8,1680120.9955756147,1571379.2518485782,1636212.535067534,1569810.9060007927,1822310.9825459216,1629237.5941639089,1618219.1015930793,0.06920146336354652,1.038253098064159,1053.528508612506,0.2056451612903226,248,46,10,-0.8660254037844385,-0.5000000000000004,0,0,54282.61761,2.381583833,1.369359766,93.54619208893396,0.0,0.0,0.0,0.0,42,1885886.3350239238
ST-49,2026-08-01,2026,8,1475912.1402232286,1512277.8585033964,1445662.060665578,1384824.5599207536,1121172.7030241895,1477950.6864640675,1402204.1468900805,-0.02404698189270362,1.0525658075513638,1058.4856420453523,0.268,250,41,7,-0.8660254037844385,-0.5000000000000004,0,0,54282.61761,2.381583833,1.369359766,93.54619208893396,0.0,0.0,0.0,0.0,43,1470326.6128907327
ST-5,2026-08-01,2026,8,1605653.1540652297,1635922.050652563,1566154.9663652757,1253877.9444879026,1530739.300546954,1602576.7236943562,1508078.3064016895,-0.018502652113075474,1.0647014463700868,1004.5171847928989,0.25,220,43,9,-0.8660254037844385,-0.5000000000000004,0,0,85809.90038,2.949525205,1.0,91.74250969595782,0.0,0.0,0.0,0.0,44,1662276.7555890856
ST-50,2026-08-01,2026,8,1618135.3676511156,1924183.4274077634,1982641.130022587,1453335.5212996406,1465604.896172506,1841653.3083604884,1774689.126779184,-0.15905347452708915,0.9117852491651922,1039.3078486617928,0.2178988326848249,257,43,7,-0.8660254037844385,-0.5000000000000004,0,0,54282.61761,2.381583833,1.369359766,93.54619208893396,0.0,0.0,0.0,0.0,45,1650925.0857121854
ST-51,2026-08-01,2026,8,2284010.9137925874,2214553.306427955,2158800.253437186,1642237.4532090812,1831530.4179662985,2219121.491219243,2008615.4215107784,0.03136416141486627,1.1371071282897303,1056.3584383582572,0.22522522522522523,222,46,8,-0.8660254037844385,-0.5000000000000004,0,0,64407.48426,3.161614283,1.515358039,96.44169988975057,0.0,0.0,0.0,0.0,46,2308014.993930864
ST-52,2026-08-01,2026,8,1349982.3864348119,1367437.0888629716,1386647.6498638063,1276352.2971137806,1007613.9601091305,1368022.3750538633,1345778.2676402042,-0.012764537813343508,1.003123931256506,1074.279305146249,0.2791666666666667,240,49,7,-0.8660254037844385,-0.5000000000000004,0,0,64407.48426,3.161614283,1.515358039,96.44169988975057,0.0,0.0,0.0,0.0,47,1383919.4211646141
ST-53,2026-08-01,2026,8,1612119.2909930798,1577084.6725690525,1414183.0508961529,1349664.3954365486,1124395.1041838725,1534462.3381527616,1401406.1261076238,0.02221479863028295,1.1503583871655445,1033.2621674412924,0.23076923076923078,260,47,8,-0.8660254037844385,-0.5000000000000004,0,0,64407.48426,3.161614283,1.515358039,96.44169988975057,0.0,0.0,0.0,0.0,48,1580113.0496150001
ST-54,2026-08-01,2026,8,1575669.1887100227,1625730.2042923237,1884858.8961891893,1575669.1887100227,1512189.7613095932,1695419.429730512,1679436.3413403684,-0.030792941811702633,0.9382131075313468,1037.908264044328,0.29435483870967744,248,39,7,-0.8660254037844385,-0.5000000000000004,0,0,64407.48426,3.161614283,1.515358039,96.44169988975057,0.0,0.0,0.0,0.0,49,1753130.5477048175
ST-55,2026-08-01,2026,8,1615761.6352801018,1647038.895993713,1596079.1125806135,1343069.3210364203,1375381.5319596138,1619626.547951476,1529977.9368702245,-0.018989995190575423,1.0560685852668956,975.8884976527015,0.23577235772357724,246,50,8,-0.8660254037844385,-0.5000000000000004,0,0,64407.48426,3.161614283,1.515358039,96.44169988975057,0.0,0.0,0.0,0.0,50,1629211.5982425627
ST-56,2026-08-01,2026,8,2408336.53350474,2350133.759604137,2284511.134741924,1848945.7286787403,2368966.7192136943,2347660.4759502667,2163341.9065312245,0.02476572819004429,1.1132482231467276,966.2162907881306,0.28888888888888886,225,47,9,-0.8660254037844385,-0.5000000000000004,0,0,64407.48426,3.161614283,1.515358039,96.44169988975057,0.0,0.0,0.0,0.0,51,2498008.849599431
ST-57,2026-08-01,2026,8,1640783.2968186473,1598096.2845570866,1597569.493037,1402270.6354462684,1189392.9199646406,1612149.6914709115,1547584.3532873688,0.026711164198339517,1.0602222058741457,1069.4874691623772,0.24899598393574296,249,43,9,-0.8660254037844385,-0.5000000000000004,0,0,49377.56434,1.663365102,3.6725,100.0,0.0,0.0,0.0,0.0,52,1618135.3676511156
ST-58,2026-08-01,2026,8,1674123.6984918413,1662276.7555890856,1580113.0496150001,1437017.9968062367,1365458.3200475315,1638837.834565309,1542393.9282397472,0.007126937715348919,1.085406048247629,1098.101629651916,0.19827586206896552,232,47,8,-0.8660254037844385,-0.5000000000000004,0,0,49377.56434,1.663365102,3.6725,100.0,0.0,0.0,0.0,0.0,53,1653832.362630356
ST-59,2026-08-01,2026,8,1561647.2227738146,1605882.9441273864,1673411.583824686,1549341.3197074677,1312967.2870260845,1613647.2502419623,1602612.7960736745,-0.027546043449392828,0.9744382589479982,969.7260180622288,0.24899598393574296,249,48,7,-0.8660254037844385,-0.5000000000000004,0,0,49377.56434,1.663365102,3.6725,100.0,0.0,0.0,0.0,0.0,54,1597318.4517008413
ST-6,2026-08-01,2026,8,1622790.4396760592,1845936.766516414,1923185.1104820906,1400927.6361105058,1368354.8614861397,1797304.105558188,1742138.7688414769,-0.12088514129412385,0.9314932132273341,1122.745643822564,0.2603305785123967,242,45,8,-0.8660254037844385,-0.5000000000000004,0,0,85809.90038,2.949525205,1.0,91.74250969595782,0.0,0.0,0.0,0.0,55,1593114.3023215139
ST-60,2026-08-01,2026,8,2627411.1258597705,2501901.5319168274,2332650.0273220283,2018646.1124999786,1841138.739497202,2487320.8950328752,2329703.4995959266,0.050165680919817844,1.1277877748458032,1015.9961290075204,0.3157894736842105,247,50,9,-0.8660254037844385,-0.5000000000000004,0,0,14157.94458,4.722255885,18.30485833,76.73266946623188,0.0,0.0,0.0,0.0,56,2643848.6290531917
ST-61,2026-08-01,2026,8,2355096.3447645726,2291180.3538116016,2223250.806003193,1675193.3617394727,1810649.350419139,2289842.501526456,2084305.251793163,0.027896534136494514,1.1299191146490868,989.7440002186706,0.1975806451612903,248,41,8,-0.8660254037844385,-0.5000000000000004,0,0,14157.94458,4.722255885,18.30485833,76.73266946623188,0.0,0.0,0.0,0.0,57,2402207.284148087
ST-62,2026-08-01,2026,8,1659229.9319115414,1556542.771188479,1467497.1825289256,1425265.9159881324,1292143.167172327,1561089.9618763153,1464014.916776152,0.06597130681134895,1.133342230942062,1049.4763811665755,0.25,248,52,8,-0.8660254037844385,-0.5000000000000004,0,0,14157.94458,4.722255885,18.30485833,76.73266946623188,0.0,0.0,0.0,0.0,58,1676890.7018596586
ST-63,2026-08-01,2026,8,1649836.6044988472,1491082.1935193853,1429387.1999160498,1432205.342872537,1118640.7017194878,1523435.3326447608,1440674.2674315732,0.1064692554638826,1.1451836419901964,1116.4281190071147,0.24166666666666667,240,45,7,-0.8660254037844385,-0.5000000000000004,0,0,7913.988015,6.609085937,4074.434167,73.24194861474356,0.0,0.0,0.0,0.0,59,1575669.1887100227
ST-64,2026-08-01,2026,8,1899749.0129058554,1812596.5524783656,1880123.0318785256,1681174.5481489117,1431863.5979173535,1864156.1990875823,1844461.981994727,0.04808155477749649,1.02997461126921,989.7154807079123,0.24796747967479674,246,48,7,-0.8660254037844385,-0.5000000000000004,0,0,7913.988015,6.609085937,4074.434167,73.24194861474356,0.0,0.0,0.0,0.0,60,2019856.1856191878
ST-65,2026-08-01,2026,8,1533224.739955415,1474580.85314383,1423759.194637991,1367437.0888629716,1294211.083139766,1477188.2625790788,1401926.7196827494,0.03976986862846837,1.093655408966296,1008.1400472564876,0.21951219512195122,246,54,9,-0.8660254037844385,-0.5000000000000004,0,0,7345.13569,1.365805408,35.29353808,90.8672,0.0,0.0,0.0,0.0,61,1642582.8052214787
ST-66,2026-08-01,2026,8,1360049.3648011074,1408805.8147932237,1495210.7747255515,1365096.49021018,1329841.139977465,1421355.3181066278,1411885.9164279038,-0.03460835374197578,0.96328559480362,1069.8033156576903,0.2512315270935961,203,45,7,-0.8660254037844385,-0.5000000000000004,0,0,90674.06663,2.389511236,1.336233333,94.3776,0.0,0.0,0.0,0.0,62,1462373.8328916656
ST-67,2026-08-01,2026,8,1594809.8067016096,1518447.6753802784,1465075.8876071621,1342447.8377533592,1211466.3041719184,1526111.1232296834,1427118.325290758,0.05028960336233331,1.1175035583518884,1050.484375421358,0.232,250,48,8,-0.8660254037844385,-0.5000000000000004,0,0,64407.48426,3.161614283,1.515358039,96.44169988975057,0.0,0.0,0.0,0.0,63,1611885.3107781548
ST-68,2026-08-01,2026,8,2307493.512032922,2183085.7946144836,1858573.376728105,1576500.8018082893,1561834.809134112,2116384.227791837,1927767.820694524,0.056987094930187,1.1969768803390404,973.3972231502926,0.22077922077922077,231,40,7,-0.8660254037844385,-0.5000000000000004,0,0,46150.48769,1.999049423,0.923889546,88.6538,0.0,0.0,0.0,0.0,64,2269892.2890914073
ST-69,2026-08-01,2026,8,1334194.6518207917,1241282.2648458492,1178739.4861934106,1296385.0105380155,1070008.1978820146,1251405.4676200172,1246346.5073186976,0.07485194109857107,1.0704845273655754,968.3983555937843,0.26666666666666666,225,42,7,-0.8660254037844385,-0.5000000000000004,0,0,49377.56434,1.663365102,3.6725,100.0,0.0,0.0,0.0,0.0,65,1422995.7860032318
ST-7,2026-08-01,2026,8,2075831.5836098487,2241019.130374035,2088316.3715140512,1660511.5266935069,1756678.1635168598,2135055.6951659783,1980278.2211162362,-0.07371090434940449,1.0482524937529998,1065.239252132997,0.1956521739130435,230,45,8,-0.8660254037844385,-0.5000000000000004,0,0,85809.90038,2.949525205,1.0,91.74250969595782,0.0,0.0,0.0,0.0,66,2001530.3817893898
ST-70,2026-08-01,2026,8,1547963.0666426427,1561652.3586865643,1645817.1356076354,1305442.7201534389,1203220.2761636686,1585144.1869789474,1511103.691349494,-0.008765902326325039,1.0243923534196593,982.756767236166,0.26359832635983266,239,41,7,-0.8660254037844385,-0.5000000000000004,0,0,34000.0,2.321743286,1363.375,97.8956,0.0,0.0,0.0,0.0,67,1549862.4399247621
ST-71,2026-08-01,2026,8,1507957.7941529737,1533163.5897999783,1531125.924679737,1423759.194637991,1264200.0782899458,1524082.4362108961,1470109.241300092,-0.01644038236669386,1.0257454016270315,1010.657003798815,0.20833333333333334,216,45,9,-0.8660254037844385,-0.5000000000000004,0,0,34000.0,2.321743286,1363.375,97.8956,0.0,0.0,0.0,0.0,68,1522667.5521440867
ST-72,2026-08-01,2026,8,1416979.1707215046,1444205.6575616898,1445311.4582518563,1325757.0088511624,1038233.4257673203,1435498.7621783502,1392503.8268887668,-0.018852222810255993,1.0175765002293906,1021.3257273285485,0.2616033755274262,237,45,8,-0.8660254037844385,-0.5000000000000004,0,0,32475.8925,2.738536816,151.3662913,86.27011307955955,0.0,0.0,0.0,0.0,69,1392889.0498820737
ST-73,2026-08-01,2026,8,2084686.9527980762,2251954.7059989637,2183265.020305799,1644117.333161666,1815274.8646260602,2173302.226367613,2011001.5017448608,-0.07427669515523748,1.0366411715701265,1008.976026637118,0.19545454545454546,220,43,9,-0.8660254037844385,-0.5000000000000004,0,0,52636.78659,3.271572946,0.782414581,95.90075112651648,0.0,0.0,0.0,0.0,70,2005877.6100064106
ST-74,2026-08-01,2026,8,1960397.417784309,1841161.281259271,1696484.6367940567,1578079.792485691,1503441.5698288314,1832681.111945879,1713002.6504291862,0.06476137519222966,1.1444217072829042,985.8956989781711,0.25523012552301255,239,48,9,-0.8660254037844385,-0.5000000000000004,0,0,7345.13569,1.365805408,35.29353808,90.8672,0.0,0.0,0.0,0.0,71,2066814.6502547062
ST-75,2026-08-01,2026,8,1750286.5149015973,1521931.4499048868,1666161.7649034688,1594885.755593401,1538656.9845122846,1646126.5765699844,1704172.5034599078,0.15004293722360595,1.0270594739370962,1004.7015283032804,0.16666666666666666,282,49,8,-0.8660254037844385,-0.5000000000000004,0,0,13303.14815,0.218128938,7.197491108,92.0,0.0,0.0,0.0,0.0,72,1969349.5579319093
ST-8,2026-08-01,2026,8,1713189.5811908294,1673411.583824686,1647500.5091275184,1535340.85644279,1089159.7462666393,1678033.8913810113,1599758.1902848762,0.023770599983076672,1.0709053353155542,1138.357248849463,0.2235294117647059,255,51,9,-0.8660254037844385,-0.5000000000000004,0,0,85809.90038,2.949525205,1.0,91.74250969595782,0.0,0.0,0.0,0.0,73,1606071.5844322343
ST-9,2026-08-01,2026,8,1586264.8041936776,1667834.9936667562,1992248.7674553627,1381031.2769316854,1425249.7210141101,1748782.8551052653,1710010.4751819714,-0.04890782948122793,0.9276345538321188,1030.5047302255773,0.273542600896861,223,41,8,-0.8660254037844385,-0.5000000000000004,0,0,85809.90038,2.949525205,1.0,91.74250969595782,0.0,0.0,0.0,0.0,74,1586690.953040977
ST-1,2026-09-01,2026,9,1558267.334282568,1566154.9663652757,1586718.4447898506,1314879.2391349485,1667541.3863843537,1570380.2484792313,1520913.7616582976,-0.005036303719684451,1.0245599543944837,1054.072197907938,0.24497991967871485,249,42,9,-1.0,-1.8369701987210297e-16,0,1,85809.90038,2.949525205,1.0,91.74250969595782,0.0,0.0,0.0,0.0,0,1758079.2538615344
ST-10,2026-09-01,2026,9,1928306.4307215775,1741362.7173956893,1676044.5797611664,1370176.8107610287,1707605.923158963,1781904.5759594776,1637587.483227563,0.10735483851720078,1.1775288040923646,1064.7842559806911,0.23113207547169812,212,42,8,-1.0,-1.8369701987210297e-16,0,1,85809.90038,2.949525205,1.0,91.74250969595782,0.0,0.0,0.0,0.0,1,2194415.0085287564
ST-11,2026-09-01,2026,9,2655463.3375972123,2603231.0896232347,2574327.6824466526,2176164.5829068134,2620257.818658032,2611007.3698890335,2458507.499757282,0.020064391587124582,1.0801119532315338,908.773402248641,0.291497975708502,247,42,7,-1.0,-1.8369701987210297e-16,0,1,85809.90038,2.949525205,1.0,91.74250969595782,0.0,0.0,0.0,0.0,2,2661722.0342798657
ST-12,2026-09-01,2026,9,2180333.493489701,2177852.8896041936,2413657.4552003387,1899371.6409924843,2318003.4695804417,2257281.2794314115,2190636.62288394,0.0011390135198516738,0.995296741921225,1010.5246296561195,0.2744360902255639,266,48,8,-1.0,-1.8369701987210297e-16,0,1,85809.90038,2.949525205,1.0,91.74250969595782,0.0,0.0,0.0,0.0,3,2574327.6824466526
ST-13,2026-09-01,2026,9,1966459.2768232939,2296688.0011444506,2267160.2555546463,1613811.021088525,2772538.75830883,2176769.1778407968,2031403.2442226429,-0.14378475620397815,0.9680299972031398,1042.2419483414474,0.3191489361702128,235,48,9,-1.0,-1.8369701987210297e-16,0,1,85809.90038,2.949525205,1.0,91.74250969595782,0.0,0.0,0.0,0.0,4,2075262.4936938682
ST-14,2026-09-01,2026,9,1895572.3165735235,1837981.3735580752,1717734.2737605353,1432862.1397822974,2079822.807430943,1817095.9879640446,1671067.7544060473,0.03133380122561322,1.1343479709757625,1038.728956695165,0.2553191489361702,235,47,7,-1.0,-1.8369701987210297e-16,0,1,85809.90038,2.949525205,1.0,91.74250969595782,0.0,0.0,0.0,0.0,5,2215424.991255389
ST-15,2026-09-01,2026,9,2326408.348548133,2304728.5439313366,2302670.076059832,1712677.8804582914,2453267.098309738,2311268.9895131006,2123741.6277361196,0.009406662955549447,1.0954290852357842,986.04429752588,0.25523012552301255,239,54,9,-1.0,-1.8369701987210297e-16,0,1,85809.90038,2.949525205,1.0,91.74250969595782,0.0,0.0,0.0,0.0,6,2548138.3637060504
ST-16,2026-09-01,2026,9,2269950.000383446,1955230.013449962,2010212.3626498051,1829976.757756865,2097204.955158468,2078464.1254944045,2052305.8349373823,0.16096315255419347,1.1060486023773861,965.117199274714,0.26244343891402716,221,49,7,-1.0,-1.8369701987210297e-16,0,1,52636.78659,3.271572946,0.782414581,95.90075112651648,0.0,0.0,0.0,0.0,7,2428630.2488048263
ST-17,2026-09-01,2026,9,1662276.7555890856,1659229.9319115414,1633659.620052058,1540254.673117425,2193264.509808154,1651722.1025175618,1618543.930110303,0.0018362877976978809,1.0270198569623021,1077.5251438015239,0.2081447963800905,221,43,8,-1.0,-1.8369701987210297e-16,0,1,52636.78659,3.271572946,0.782414581,95.90075112651648,0.0,0.0,0.0,0.0,8,1858226.8148614205
ST-18,2026-09-01,2026,9,1538761.9460375234,1547220.06281262,1416930.435133837,1163819.1998717145,1453862.3858020247,1500970.8146613268,1355827.3737733352,-0.005466654019287345,1.1349246783202733,1023.2046813210532,0.25877192982456143,228,48,9,-1.0,-1.8369701987210297e-16,0,1,46150.48769,1.999049423,0.923889546,88.6538,0.0,0.0,0.0,0.0,9,1649361.1644387846
ST-19,2026-09-01,2026,9,1822673.6644947543,2071092.7364080984,2214553.306427955,1824620.7364965735,2645810.6838640203,2036106.5691102694,2041766.0626998001,-0.11994589500814819,0.8926946616424103,1010.8700857810675,0.22844827586206898,232,44,7,-1.0,-1.8369701987210297e-16,0,1,46150.48769,1.999049423,0.923889546,88.6538,0.0,0.0,0.0,0.0,10,2000673.8540375717
ST-2,2026-09-01,2026,9,1841893.354472852,1759907.3039596938,1845995.5343550139,1908306.5096117216,2018477.186570135,1815932.0642625198,1918847.6228748753,0.046585436817435925,0.9598955813454703,1012.0054537152099,0.28225806451612906,248,46,8,-1.0,-1.8369701987210297e-16,0,1,85809.90038,2.949525205,1.0,91.74250969595782,0.0,0.0,0.0,0.0,11,2299311.0882156217
ST-20,2026-09-01,2026,9,2201343.0034052283,2141107.973079052,2215004.702893711,1686500.4724176594,2321414.620779858,2185818.559792664,2021733.8455894373,0.02813264491260315,1.0888391705009153,1017.2712955716056,0.26609442060085836,233,47,7,-1.0,-1.8369701987210297e-16,0,1,56833.19605,2.937915743,0.923889546,94.9197,0.0,0.0,0.0,0.0,12,2335657.853496579
ST-21,2026-09-01,2026,9,2337878.75093295,2352048.6942707016,2304728.5439313366,1876251.3118578983,2917807.5316288667,2331551.996378329,2222350.387736062,-0.0060245110453145696,1.0519847652442325,966.3857042238183,0.21610169491525424,236,44,8,-1.0,-1.8369701987210297e-16,0,1,35297.0095,2.774178265,0.923889546,95.7575,0.0,0.0,0.0,0.0,13,2400576.4363219645
ST-22,2026-09-01,2026,9,1757963.0983255857,1928999.2955775652,2007546.641121911,1534880.706043732,1720470.3754484768,1898169.6783416874,1833388.223373308,-0.08866576449462582,0.9588602544261219,1081.7734926084559,0.25327510917030566,229,46,8,-1.0,-1.8369701987210297e-16,0,1,40226.04724,0.982373023,0.923889546,89.2207,0.0,0.0,0.0,0.0,14,1882037.2883181842
ST-23,2026-09-01,2026,9,1645817.1356076354,1653900.4225839637,1642254.3262802702,1455951.9494652222,1913858.411097679,1647323.961490623,1589973.5886699243,-0.004887408495669568,1.0351223110469567,970.5254904381009,0.2683982683982684,231,49,7,-1.0,-1.8369701987210297e-16,0,1,40226.04724,0.982373023,0.923889546,89.2207,0.0,0.0,0.0,0.0,15,1841837.2192366514
ST-24,2026-09-01,2026,9,2356758.907129905,2001457.7075302298,1962602.4554999403,1920282.6472258377,1971620.6981128089,2106939.690053358,2159155.413210926,0.17752121279550392,1.0915188840552792,976.2484023191589,0.2350597609561753,251,47,8,-1.0,-1.8369701987210297e-16,0,1,55800.21945,2.256498143,0.923889546,93.5,0.0,0.0,0.0,0.0,16,2617254.0560118207
ST-25,2026-09-01,2026,9,1955966.423520371,2172188.268523205,2126923.5845461814,1718985.8924935781,2153071.0967712724,2085026.0921965858,2098637.772596271,-0.09954102419945195,0.9320171632575746,1029.7317126608386,0.25609756097560976,246,49,7,-1.0,-1.8369701987210297e-16,0,1,55800.21945,2.256498143,0.923889546,93.5,0.0,0.0,0.0,0.0,17,2281703.4765712987
ST-26,2026-09-01,2026,9,1521931.4499048868,1483514.4414511172,1511514.1983554694,1561627.6018512328,1778691.4510451625,1505653.3632371577,1525844.7065873798,0.025895945048024987,0.9974353506188417,1009.4150679044043,0.277992277992278,259,51,8,-1.0,-1.8369701987210297e-16,0,1,68218.7261,3.347543042,0.923889546,93.21653589452544,0.0,0.0,0.0,0.0,18,1778325.4264518474
ST-27,2026-09-01,2026,9,1917242.084317588,1897018.165365593,1752585.558234549,1740335.0206740305,2152130.4099555314,1855615.26930591,1756476.460103211,0.010660898941944197,1.0915273434435497,1060.564933872553,0.252212389380531,226,41,7,-1.0,-1.8369701987210297e-16,0,1,55800.21945,2.256498143,0.923889546,93.5,0.0,0.0,0.0,0.0,19,2262261.5810562833
ST-28,2026-09-01,2026,9,1612116.0822705608,1645817.1356076354,1759379.126444404,1589311.0906432946,1524805.6725274543,1672437.4481075334,1650870.3525698017,-0.020476790894896207,0.9765249462267496,1123.839827768633,0.21304347826086956,230,49,7,-1.0,-1.8369701987210297e-16,0,1,52636.78659,3.271572946,0.782414581,95.90075112651648,0.0,0.0,0.0,0.0,20,1710789.2834442987
ST-29,2026-09-01,2026,9,1637425.5262546712,1531372.4465279207,1581542.6335446336,1480047.3180655763,1621985.487459324,1583446.868775742,1553755.729049998,0.0692536162363405,1.0538500329494076,1010.4731840854874,0.20416666666666666,240,47,8,-1.0,-1.8369701987210297e-16,0,1,46150.48769,1.999049423,0.923889546,88.6538,0.0,0.0,0.0,0.0,21,1844669.450043035
ST-3,2026-09-01,2026,9,2488757.100162577,2281703.4765712987,1999662.073206526,1670513.676198438,2022736.0616203584,2256707.549980134,1995265.552837685,0.09074519354391149,1.2473312620583479,1024.3817012046302,0.2163265306122449,245,49,7,-1.0,-1.8369701987210297e-16,0,1,85809.90038,2.949525205,1.0,91.74250969595782,0.0,0.0,0.0,0.0,22,2598854.226887272
ST-30,2026-09-01,2026,9,1517124.7167039742,1486317.37256395,1466691.415481628,1195511.717274313,1694862.4690486323,1490044.5015831839,1376191.03123613,0.020727298697236107,1.1024085190711161,982.345070820703,0.18907563025210083,238,46,9,-1.0,-1.8369701987210297e-16,0,1,49377.56434,1.663365102,3.6725,100.0,0.0,0.0,0.0,0.0,23,1758545.2548154965
ST-31,2026-09-01,2026,9,1972268.8672151573,2293408.9625151027,2235647.0862954557,1713189.5811908294,2022511.8711926646,2167108.3053419054,1990592.673618379,-0.14002740049806126,0.9907947986315483,1007.5732861425184,0.23461538461538461,260,47,8,-1.0,-1.8369701987210297e-16,0,1,32475.8925,2.738536816,151.3662913,86.27011307955955,0.0,0.0,0.0,0.0,24,2270869.7638979605
ST-32,2026-09-01,2026,9,2194415.0085287564,1824878.791667729,1680996.8185720663,1848921.1291796144,2189335.4340089597,1900096.8729228508,1927266.9680085804,0.20249904736046279,1.1386149635492464,1056.3211165389018,0.2631578947368421,247,50,7,-1.0,-1.8369701987210297e-16,0,1,32475.8925,2.738536816,151.3662913,86.27011307955955,0.0,0.0,0.0,0.0,25,2562831.578700303
ST-33,2026-09-01,2026,9,1383919.4211646141,1356869.9790449508,1413941.7578495385,1278374.268400892,1279159.0381142215,1384910.3860197011,1367763.3850047274,0.019935176205094038,1.011812011007906,990.9891009434613,0.27692307692307694,260,45,7,-1.0,-1.8369701987210297e-16,0,1,32475.8925,2.738536816,151.3662913,86.27011307955955,0.0,0.0,0.0,0.0,26,1509995.6451143844
ST-34,2026-09-01,2026,9,1745125.5630226696,1686230.7053945584,1651798.7330899902,1603090.2567601528,2110080.4532297673,1694385.000502406,1646635.850293996,0.0349269275192866,1.0598126857927264,976.150971876514,0.23076923076923078,260,45,7,-1.0,-1.8369701987210297e-16,0,1,32475.8925,2.738536816,151.3662913,86.27011307955955,0.0,0.0,0.0,0.0,27,2236151.7556237523
ST-35,2026-09-01,2026,9,2368616.3139924556,2297098.2971157916,2308036.7819170193,1746991.3246425963,1778190.3642413064,2324583.7976750885,2129755.1628667144,0.031134068997596295,1.112154277303982,1030.5104237455616,0.20164609053497942,243,51,7,-1.0,-1.8369701987210297e-16,0,1,13303.14815,0.218128938,7.197491108,92.0,0.0,0.0,0.0,0.0,28,2396633.351617481
ST-36,2026-09-01,2026,9,2336292.613465248,2284639.4663437945,2307484.6527493023,1803398.7975338434,2968856.6236151163,2309472.244186115,2197781.81461452,0.022608883319395853,1.0630229979744474,971.9393115383431,0.2489451476793249,237,41,8,-1.0,-1.8369701987210297e-16,0,1,13303.14815,0.218128938,7.197491108,92.0,0.0,0.0,0.0,0.0,29,2480972.049913846
ST-37,2026-09-01,2026,9,1662848.4028991663,1557613.6887802964,1654783.266180958,1626060.716773633,1879183.659105484,1625081.7859534735,1647029.2946952747,0.06756149799972225,1.009604630746303,967.9333189110288,0.27165354330708663,254,50,9,-1.0,-1.8369701987210297e-16,0,1,13303.14815,0.218128938,7.197491108,92.0,0.0,0.0,0.0,0.0,30,1942135.9348614954
ST-38,2026-09-01,2026,9,1213778.4996576349,1244510.6520541376,1350094.483798184,1134087.771794826,1187849.4144476994,1269461.2118366521,1276716.517166592,-0.024694165811901616,0.9507032166791145,1018.0376646559288,0.2579185520361991,221,45,8,-1.0,-1.8369701987210297e-16,0,1,13303.14815,0.218128938,7.197491108,92.0,0.0,0.0,0.0,0.0,31,1287490.0481527143
ST-39,2026-09-01,2026,9,1695582.6699309316,1608220.0884232272,1663932.251134527,1441466.9075419842,1719655.9565069294,1655911.6698295616,1593042.183250347,0.0543225284502936,1.0643677159077904,1033.9087934739116,0.251063829787234,235,43,8,-1.0,-1.8369701987210297e-16,0,1,35000.0,2.2,31.5,94.0,0.0,0.0,0.0,0.0,32,1947041.6170456398
ST-4,2026-09-01,2026,9,1777524.1268152099,2099440.567014848,2302145.750010316,1824616.5528297776,2575893.3034157227,2059703.4812801247,2070258.742324003,-0.15333439072169808,0.8585999858258397,932.2305513596754,0.2672413793103448,232,44,7,-1.0,-1.8369701987210297e-16,0,1,85809.90038,2.949525205,1.0,91.74250969595782,0.0,0.0,0.0,0.0,33,1996569.7092890975
ST-40,2026-09-01,2026,9,1592594.512544888,1615761.6352801018,1632483.6149772226,1536993.490972803,1736469.9739579216,1613613.254267404,1584376.1673806238,-0.014338205728716639,1.0051871173863032,965.597448349946,0.21755725190839695,262,45,8,-1.0,-1.8369701987210297e-16,0,1,13303.14815,0.218128938,7.197491108,92.0,0.0,0.0,0.0,0.0,34,1844211.6215306222
ST-41,2026-09-01,2026,9,1754440.1864420343,1650856.9824219018,1653900.4225839637,1602969.524781847,2113127.971875212,1686399.1971493,1715847.219293367,0.06274511064439395,1.0224920766340497,960.2675180542763,0.26066350710900477,211,42,7,-1.0,-1.8369701987210297e-16,0,1,7345.13569,1.365805408,35.29353808,90.8672,0.0,0.0,0.0,0.0,35,2139943.1647634474
ST-42,2026-09-01,2026,9,1355701.6963674792,1381810.2791073117,1433523.2648128446,1302233.8004736782,1346977.6019447045,1390345.0800958786,1369241.3296781112,-0.01889447714681892,0.9901115800281788,1055.6053396963412,0.29245283018867924,212,47,7,-1.0,-1.8369701987210297e-16,0,1,90674.06663,2.389511236,1.336233333,94.3776,0.0,0.0,0.0,0.0,36,1487305.4901526077
ST-43,2026-09-01,2026,9,2295273.445869527,2159013.142766215,1822954.210998074,1767730.0777500353,1652393.2652158241,2092413.5998779386,1889847.643443932,0.06311230830615959,1.2145283001156506,1008.819122557958,0.26229508196721313,244,44,8,-1.0,-1.8369701987210297e-16,0,1,13303.14815,0.218128938,7.197491108,92.0,0.0,0.0,0.0,0.0,37,2390466.606908719
ST-44,2026-09-01,2026,9,1654351.7935760661,1522099.2219336305,1654574.6713363586,1664221.0024263992,1622163.0334371622,1610341.8956153516,1684714.0630141068,0.08688827228649773,0.9819777907096473,1102.0673996141295,0.20425531914893616,235,43,8,-1.0,-1.8369701987210297e-16,0,1,32475.8925,2.738536816,151.3662913,86.27011307955955,0.0,0.0,0.0,0.0,38,1868888.1451240217
ST-45,2026-09-01,2026,9,1588517.1431140115,1593541.446571113,1488388.8182836175,1584864.6598086983,2082855.5084395553,1556815.8026562473,1568721.7371413012,-0.0031529167113366076,1.012618812823225,1066.6007522957082,0.2558139534883721,258,50,8,-1.0,-1.8369701987210297e-16,0,1,90674.06663,2.389511236,1.336233333,94.3776,0.0,0.0,0.0,0.0,39,1839169.5473496125
ST-46,2026-09-01,2026,9,1966459.2768232939,1920631.307767658,1691676.5145036299,1884699.2046961961,1727239.8336554558,1859589.0330315272,1926384.3869272275,0.02386088827683514,1.0208031637756314,984.8054214020503,0.2669172932330827,266,48,7,-1.0,-1.8369701987210297e-16,0,1,54282.61761,2.381583833,1.369359766,93.54619208893396,0.0,0.0,0.0,0.0,40,2365508.479474906
ST-47,2026-09-01,2026,9,2356758.907129905,1997255.817118394,1802948.1322792044,1859091.7298364884,2558375.942794917,2052320.9521758344,2058097.1533596304,0.1799985194336277,1.145115478772584,1009.1290511799763,0.20553359683794467,253,45,9,-1.0,-1.8369701987210297e-16,0,1,54282.61761,2.381583833,1.369359766,93.54619208893396,0.0,0.0,0.0,0.0,41,2617254.0560118207
ST-48,2026-09-01,2026,9,1885886.3350239238,1680120.9955756147,1571379.2518485782,1626060.716773633,1638311.3922881435,1712462.1941493722,1670898.339763601,0.12247054824632626,1.128666113397862,1053.528508612506,0.2056451612903226,248,46,10,-1.0,-1.8369701987210297e-16,0,1,54282.61761,2.381583833,1.369359766,93.54619208893396,0.0,0.0,0.0,0.0,42,2182390.9197524297
ST-49,2026-09-01,2026,9,1470326.6128907327,1475912.1402232286,1512277.8585033964,1260353.610206734,1579645.7679560953,1486172.2038724525,1416454.4890517434,-0.0037844578821955477,1.0380330778400473,1058.4856420453523,0.268,250,41,7,-1.0,-1.8369701987210297e-16,0,1,54282.61761,2.381583833,1.369359766,93.54619208893396,0.0,0.0,0.0,0.0,43,1679939.793450532
ST-5,2026-09-01,2026,9,1662276.7555890856,1605653.1540652297,1635922.050652563,1479877.69247465,1488931.1136995791,1634617.3201022928,1576144.7749185534,0.03526515136877164,1.0546472519791104,1004.5171847928989,0.25,220,43,9,-1.0,-1.8369701987210297e-16,0,1,85809.90038,2.949525205,1.0,91.74250969595782,0.0,0.0,0.0,0.0,44,1750927.3774188338
ST-50,2026-09-01,2026,9,1650925.0857121854,1618135.3676511156,1924183.4274077634,1779921.030524676,2344202.122620437,1731081.2935903547,1807620.7208479412,0.02026389059690801,0.9133138753453484,1039.3078486617928,0.2178988326848249,257,43,7,-1.0,-1.8369701987210297e-16,0,1,54282.61761,2.381583833,1.369359766,93.54619208893396,0.0,0.0,0.0,0.0,45,2138461.585339809
ST-51,2026-09-01,2026,9,2308014.993930864,2284010.9137925874,2214553.306427955,1807297.8545857961,2185334.807483026,2268859.7380504687,2119578.3449644092,0.01050961709216098,1.0889028940185832,1056.3584383582572,0.22522522522522523,222,46,8,-1.0,-1.8369701987210297e-16,0,1,64407.48426,3.161614283,1.515358039,96.44169988975057,0.0,0.0,0.0,0.0,46,2360025.365708116
ST-52,2026-09-01,2026,9,1383919.4211646141,1349982.3864348119,1367437.0888629716,1312418.554062952,1381539.0691575771,1367112.965487466,1363706.1216486765,0.02513887223330898,1.0148223280625157,1074.279305146249,0.2791666666666667,240,49,7,-1.0,-1.8369701987210297e-16,0,1,64407.48426,3.161614283,1.515358039,96.44169988975057,0.0,0.0,0.0,0.0,47,1564703.133551855
ST-53,2026-09-01,2026,9,1580113.0496150001,1612119.2909930798,1577084.6725690525,1211887.5793305787,1591357.5237109913,1589772.3377257108,1439814.2351373658,-0.019853519250652665,1.0974423026622244,1033.2621674412924,0.23076923076923078,260,47,8,-1.0,-1.8369701987210297e-16,0,1,64407.48426,3.161614283,1.515358039,96.44169988975057,0.0,0.0,0.0,0.0,48,1760309.4652873487
ST-54,2026-09-01,2026,9,1753130.5477048175,1575669.1887100227,1625730.2042923237,1654783.266180958,2013323.4004308525,1651509.9802357212,1709013.2345061675,0.11262602598714251,1.0258144947668577,1037.908264044328,0.29435483870967744,248,39,7,-1.0,-1.8369701987210297e-16,0,1,64407.48426,3.161614283,1.515358039,96.44169988975057,0.0,0.0,0.0,0.0,49,2118787.0423791506
ST-55,2026-09-01,2026,9,1629211.5982425627,1615761.6352801018,1647038.895993713,1411022.7447336086,1779941.35261964,1630670.7098387927,1577668.3164045813,0.008324224730171482,1.0326705438031776,975.8884976527015,0.23577235772357724,246,50,8,-1.0,-1.8369701987210297e-16,0,1,64407.48426,3.161614283,1.515358039,96.44169988975057,0.0,0.0,0.0,0.0,50,1851779.4763206164
ST-56,2026-09-01,2026,9,2498008.849599431,2408336.53350474,2350133.759604137,1911124.1852474804,2903094.940781715,2418826.380902769,2271519.0933513395,0.03723413021692404,1.099708497679381,966.2162907881306,0.28888888888888886,225,47,9,-1.0,-1.8369701987210297e-16,0,1,64407.48426,3.161614283,1.515358039,96.44169988975057,0.0,0.0,0.0,0.0,51,2507707.7055795244
ST-57,2026-09-01,2026,9,1618135.3676511156,1640783.2968186473,1598096.2845570866,1478039.6439689663,1621867.733747773,1619004.9830089498,1583561.8086548431,-0.0138031202605757,1.0218327815228387,1069.4874691623772,0.24899598393574296,249,43,9,-1.0,-1.8369701987210297e-16,0,1,49377.56434,1.663365102,3.6725,100.0,0.0,0.0,0.0,0.0,52,1812210.7429838444
ST-58,2026-09-01,2026,9,1653832.362630356,1674123.6984918413,1662276.7555890856,1392717.6611668554,1618677.253163166,1663410.938903761,1578529.6558771003,-0.012120571424778804,1.0477043345197175,1098.101629651916,0.19827586206896552,232,47,8,-1.0,-1.8369701987210297e-16,0,1,49377.56434,1.663365102,3.6725,100.0,0.0,0.0,0.0,0.0,53,1827571.8577112802
ST-59,2026-09-01,2026,9,1597318.4517008413,1561647.2227738146,1605882.9441273864,1568812.871958109,2091889.370353333,1588282.8728673474,1610608.9847392368,0.022842053190263494,0.9917481318157757,969.7260180622288,0.24899598393574296,249,48,7,-1.0,-1.8369701987210297e-16,0,1,49377.56434,1.663365102,3.6725,100.0,0.0,0.0,0.0,0.0,54,1862671.91856621
ST-6,2026-09-01,2026,9,1593114.3023215139,1622790.4396760592,1845936.766516414,1715856.4397256006,1890659.8760420457,1687280.5028379958,1774169.879876645,-0.01828710388537243,0.8979491312479504,1122.745643822564,0.2603305785123967,242,45,8,-1.0,-1.8369701987210297e-16,0,1,85809.90038,2.949525205,1.0,91.74250969595782,0.0,0.0,0.0,0.0,55,1922884.3083618106
ST-60,2026-09-01,2026,9,2643848.6290531917,2627411.1258597705,2501901.5319168274,2138461.585339809,2376697.777155808,2591053.762276597,2433903.919021462,0.006256159544898946,1.0862584214565614,1015.9961290075204,0.3157894736842105,247,50,9,-1.0,-1.8369701987210297e-16,0,1,14157.94458,4.722255885,18.30485833,76.73266946623188,0.0,0.0,0.0,0.0,56,2678334.751575397
ST-61,2026-09-01,2026,9,2402207.284148087,2355096.3447645726,2291180.3538116016,1851545.1638671441,1978645.1502613118,2349494.660908087,2205474.238861265,0.020003826802348367,1.0892021506396734,989.7440002186706,0.1975806451612903,248,41,8,-1.0,-1.8369701987210297e-16,0,1,14157.94458,4.722255885,18.30485833,76.73266946623188,0.0,0.0,0.0,0.0,57,2479901.997911457
ST-62,2026-09-01,2026,9,1676890.7018596586,1659229.9319115414,1556542.771188479,1315504.334238727,1639499.7096380708,1630887.8016532261,1505952.3810880731,0.010643955734194622,1.1135084501463983,1049.4763811665755,0.25,248,52,8,-1.0,-1.8369701987210297e-16,0,1,14157.94458,4.722255885,18.30485833,76.73266946623188,0.0,0.0,0.0,0.0,58,1827571.8577112802
ST-63,2026-09-01,2026,9,1575669.1887100227,1649836.6044988472,1491082.1935193853,1313801.453541391,1581112.0346996589,1572195.9955760848,1464584.9084044874,-0.0449544006882751,1.0758469377009696,1116.4281190071147,0.24166666666666667,240,45,7,-1.0,-1.8369701987210297e-16,0,1,7913.988015,6.609085937,4074.434167,73.24194861474356,0.0,0.0,0.0,0.0,59,1695725.920087248
ST-64,2026-09-01,2026,9,2019856.1856191878,1899749.0129058554,1812596.5524783656,1890727.0104121757,2461666.005562338,1910733.9170011363,1900908.9215731064,0.06322265304384417,1.06257388909914,989.7154807079123,0.24796747967479674,246,48,7,-1.0,-1.8369701987210297e-16,0,1,7913.988015,6.609085937,4074.434167,73.24194861474356,0.0,0.0,0.0,0.0,60,2499475.8062886205
ST-65,2026-09-01,2026,9,1642582.8052214787,1533224.739955415,1474580.85314383,1297054.1072575615,1621548.4158601118,1550129.4661069077,1447784.3390758338,0.07132552874749706,1.1345493668414668,1008.1400472564876,0.21951219512195122,246,54,9,-1.0,-1.8369701987210297e-16,0,1,7345.13569,1.365805408,35.29353808,90.8672,0.0,0.0,0.0,0.0,61,1834404.567137998
ST-66,2026-09-01,2026,9,1462373.8328916656,1360049.3648011074,1408805.8147932237,1350872.81281221,2092181.2779782377,1410409.6708286656,1428098.806874818,0.07523584859401192,1.0240004584079538,1069.8033156576903,0.2512315270935961,203,45,7,-1.0,-1.8369701987210297e-16,0,1,90674.06663,2.389511236,1.336233333,94.3776,0.0,0.0,0.0,0.0,62,1791404.696630534
ST-67,2026-09-01,2026,9,1611885.3107781548,1594809.8067016096,1518447.6753802784,1298859.4232657168,1542617.9155804808,1575047.5976200143,1472024.5707948904,0.010706921919335782,1.0950125037028016,1050.484375421358,0.232,250,48,8,-1.0,-1.8369701987210297e-16,0,1,64407.48426,3.161614283,1.515358039,96.44169988975057,0.0,0.0,0.0,0.0,63,1759985.3586210818
ST-68,2026-09-01,2026,9,2269892.2890914073,2307493.512032922,2183085.7946144836,1777994.2651818218,2541433.638998082,2253490.5319129373,2043333.068575044,-0.016295267026942825,1.1108772837872969,973.3972231502926,0.22077922077922077,231,40,7,-1.0,-1.8369701987210297e-16,0,1,46150.48769,1.999049423,0.923889546,88.6538,0.0,0.0,0.0,0.0,64,2377122.9777438254
ST-69,2026-09-01,2026,9,1422995.7860032318,1334194.6518207917,1241282.2648458492,1230712.0563931568,1265907.6576546605,1332824.234223291,1267448.3032295674,0.06655785500357997,1.122724913021948,968.3983555937843,0.26666666666666666,225,42,7,-1.0,-1.8369701987210297e-16,0,1,49377.56434,1.663365102,3.6725,100.0,0.0,0.0,0.0,0.0,65,1509398.1881764408
ST-7,2026-09-01,2026,9,2001530.3817893898,2075831.5836098487,2241019.130374035,1761497.5845193407,2132396.694576113,2106127.0319244247,2037114.69696555,-0.0357934634038326,0.9825320021355861,1065.239252132997,0.1956521739130435,230,45,8,-1.0,-1.8369701987210297e-16,0,1,85809.90038,2.949525205,1.0,91.74250969595782,0.0,0.0,0.0,0.0,66,2271708.0130738686
ST-70,2026-09-01,2026,9,1549862.4399247621,1547963.0666426427,1561652.3586865643,1432862.1397822974,1819865.2280333375,1553159.2884179896,1551840.3113113812,0.0012270145994109055,0.9987254671938843,982.756767236166,0.26359832635983266,239,41,7,-1.0,-1.8369701987210297e-16,0,1,34000.0,2.321743286,1363.375,97.8956,0.0,0.0,0.0,0.0,67,1794902.2819621991
ST-71,2026-09-01,2026,9,1522667.5521440867,1507957.7941529737,1533163.5897999783,1373227.8318397165,1678818.4334197312,1521262.978699013,1486593.9675511078,0.00975475444216629,1.0242659296219288,1010.657003798815,0.20833333333333334,216,45,9,-1.0,-1.8369701987210297e-16,0,1,34000.0,2.321743286,1363.375,97.8956,0.0,0.0,0.0,0.0,68,1695348.7299604986
ST-72,2026-09-01,2026,9,1392889.0498820737,1416979.1707215046,1444205.6575616898,1329880.616064314,1416286.8172313885,1418024.6260550895,1403692.5003939187,-0.017001040902502908,0.9923035490260058,1021.3257273285485,0.2616033755274262,237,45,8,-1.0,-1.8369701987210297e-16,0,1,32475.8925,2.738536816,151.3662913,86.27011307955955,0.0,0.0,0.0,0.0,69,1506467.9051644623
ST-73,2026-09-01,2026,9,2005877.6100064106,2084686.9527980762,2251954.7059989637,1849551.9473392412,2359119.52658572,2114173.0896011502,2071294.881218985,-0.03780392192021317,0.968417210023676,1008.976026637118,0.19545454545454546,220,43,9,-1.0,-1.8369701987210297e-16,0,1,52636.78659,3.271572946,0.782414581,95.90075112651648,0.0,0.0,0.0,0.0,70,2280852.8525573523
ST-74,2026-09-01,2026,9,2066814.6502547062,1960397.417784309,1841161.281259271,1598759.3347258554,2168872.62077328,1956124.4497660955,1794458.4600573552,0.05428349961339604,1.1517762579963238,985.8956989781711,0.25523012552301255,239,48,9,-1.0,-1.8369701987210297e-16,0,1,7345.13569,1.365805408,35.29353808,90.8672,0.0,0.0,0.0,0.0,71,2355448.2396062417
ST-75,2026-09-01,2026,9,1969349.5579319093,1750286.5149015973,1521931.4499048868,1814890.6918246588,2642800.8148306357,1747189.1742461312,1766583.1371829927,0.12515839044936478,1.1147788725484211,1004.7015283032804,0.16666666666666666,282,49,8,-1.0,-1.8369701987210297e-16,0,1,13303.14815,0.218128938,7.197491108,92.0,0.0,0.0,0.0,0.0,72,2367210.563892946
ST-8,2026-09-01,2026,9,1606071.5844322343,1713189.5811908294,1673411.583824686,1483759.9680798096,1387332.137010146,1664224.2498159166,1611546.6449497836,-0.06252547758557925,0.9966026049976854,1138.357248849463,0.2235294117647059,255,51,9,-1.0,-1.8369701987210297e-16,0,1,85809.90038,2.949525205,1.0,91.74250969595782,0.0,0.0,0.0,0.0,73,1612743.9857585735
ST-9,2026-09-01,2026,9,1586690.953040977,1586264.8041936776,1667834.9936667562,1689597.9575070918,2029790.2851621152,1613596.9169671368,1744287.0878668532,0.00026864924833027045,0.909650116702632,1030.5047302255773,0.273542600896861,223,41,8,-1.0,-1.8369701987210297e-16,0,1,85809.90038,2.949525205,1.0,91.74250969595782,0.0,0.0,0.0,0.0,74,1881686.6787241658
ST-1,2026-10-01,2026,10,1758079.2538615344,1558267.334282568,1566154.9663652757,1478171.1734216535,1791503.797661718,1627500.5181697926,1594780.430779395,0.12822698338277147,1.102395803165413,1054.072197907938,0.24497991967871485,249,42,9,-0.8660254037844386,0.5000000000000001,0,1,85809.90038,2.949525205,1.0,91.74250969595782,0.0,0.0,0.0,0.0,0,2052424.8387597005
ST-10,2026-10-01,2026,10,2194415.0085287564,1928306.4307215775,1741362.7173956893,1527685.9198830333,1578183.703172355,1954694.7188820075,1774960.5161888509,0.13800118776122133,1.2363176467950665,1064.7842559806911,0.23113207547169812,212,42,8,-0.8660254037844386,0.5000000000000001,0,1,85809.90038,2.949525205,1.0,91.74250969595782,0.0,0.0,0.0,0.0,1,2236583.7594520557
ST-11,2026-10-01,2026,10,2661722.0342798657,2655463.3375972123,2603231.0896232347,2374354.101545691,2251609.367921345,2640138.820500104,2539433.741652791,0.0023569132339505586,1.0481557327609121,908.773402248641,0.291497975708502,247,42,7,-0.8660254037844386,0.5000000000000001,0,1,85809.90038,2.949525205,1.0,91.74250969595782,0.0,0.0,0.0,0.0,2,2641239.836184864
ST-12,2026-10-01,2026,10,2574327.6824466526,2180333.493489701,2177852.8896041936,2210342.6769606383,1984986.4939055552,2310838.021846849,2303129.296459635,0.18070363553712607,1.1177521324590431,1010.5246296561195,0.2744360902255639,266,48,8,-0.8660254037844386,0.5000000000000001,0,1,85809.90038,2.949525205,1.0,91.74250969595782,0.0,0.0,0.0,0.0,3,2725483.4366134787
ST-13,2026-10-01,2026,10,2075262.4936938682,1966459.2768232939,2296688.0011444506,1885332.3921014336,2392362.365914194,2112803.257220538,2108311.8229902,0.055329504227689806,0.9843242688600692,1042.2419483414474,0.3191489361702128,235,48,9,-0.8660254037844386,0.5000000000000001,0,1,85809.90038,2.949525205,1.0,91.74250969595782,0.0,0.0,0.0,0.0,4,2329390.31161067
ST-14,2026-10-01,2026,10,2215424.991255389,1895572.3165735235,1837981.3735580752,1559821.7796055637,1839097.8980431037,1982992.8937956626,1801494.8963182296,0.16873673026626496,1.2297703400565392,1038.728956695165,0.2553191489361702,235,47,7,-0.8660254037844386,0.5000000000000001,0,1,85809.90038,2.949525205,1.0,91.74250969595782,0.0,0.0,0.0,0.0,5,2366151.476730371
ST-15,2026-10-01,2026,10,2548138.3637060504,2326408.348548133,2304728.5439313366,1938602.8334576194,1995405.0293397976,2393091.75206184,2262985.041610746,0.09531001524143214,1.1260076036085231,986.04429752588,0.25523012552301255,239,54,9,-0.8660254037844386,0.5000000000000001,0,1,85809.90038,2.949525205,1.0,91.74250969595782,0.0,0.0,0.0,0.0,6,2551396.833955685
ST-16,2026-10-01,2026,10,2428630.2488048263,2269950.000383446,1955230.013449962,2056442.2579679105,2246815.000531023,2217936.754212745,2152081.4167787093,0.0699047328771892,1.1285029599112761,965.117199274714,0.26244343891402716,221,49,7,-0.8660254037844386,0.5000000000000001,0,1,52636.78659,3.271572946,0.782414581,95.90075112651648,0.0,0.0,0.0,0.0,7,2352048.6942707016
ST-17,2026-10-01,2026,10,1858226.8148614205,1662276.7555890856,1659229.9319115414,1625259.628918084,2183657.1349294223,1726577.8341206824,1671539.2870676357,0.11788052658108257,1.1116859946027884,1077.5251438015239,0.2081447963800905,221,43,8,-0.8660254037844386,0.5000000000000001,0,1,52636.78659,3.271572946,0.782414581,95.90075112651648,0.0,0.0,0.0,0.0,8,2173301.7193152695
ST-18,2026-10-01,2026,10,1649361.1644387846,1538761.9460375234,1547220.06281262,1155908.6961811306,1799266.1962165146,1578447.7244296428,1436751.0345345137,0.07187545720510308,1.1479797994181737,1023.2046813210532,0.25877192982456143,228,48,9,-0.8660254037844386,0.5000000000000001,0,1,46150.48769,1.999049423,0.923889546,88.6538,0.0,0.0,0.0,0.0,9,1836237.2835386929
ST-19,2026-10-01,2026,10,2000673.8540375717,1822673.6644947543,2071092.7364080984,2087673.8855934583,2322517.8342245715,1964813.4183134746,2071108.248956633,0.09765883658178555,0.9659919297050049,1010.8700857810675,0.22844827586206898,232,44,7,-0.8660254037844386,0.5000000000000001,0,1,46150.48769,1.999049423,0.923889546,88.6538,0.0,0.0,0.0,0.0,10,2283484.508676285
ST-2,2026-10-01,2026,10,2299311.0882156217,1841893.354472852,1759907.3039596938,1919787.4511901357,2454916.1102285786,1967037.2488827228,1984015.0526421918,0.24834105222866285,1.1589181670539936,1012.0054537152099,0.28225806451612906,248,46,8,-0.8660254037844386,0.5000000000000001,0,1,85809.90038,2.949525205,1.0,91.74250969595782,0.0,0.0,0.0,0.0,11,2652985.355424086
ST-20,2026-10-01,2026,10,2335657.853496579,2201343.0034052283,2141107.973079052,1867592.6877389436,1977435.92342818,2226036.2766602864,2129926.7424359242,0.06101495763430818,1.0965906981501943,1017.2712955716056,0.26609442060085836,233,47,7,-0.8660254037844386,0.5000000000000001,0,1,56833.19605,2.937915743,0.923889546,94.9197,0.0,0.0,0.0,0.0,12,2332389.939120882
ST-21,2026-10-01,2026,10,2400576.4363219645,2337878.75093295,2352048.6942707016,2169786.0629083803,2523776.0571265263,2363501.293841872,2309737.908480073,0.02681819378528266,1.0393285002200392,966.3857042238183,0.21610169491525424,236,44,8,-0.8660254037844386,0.5000000000000001,0,1,35297.0095,2.774178265,0.923889546,95.7575,0.0,0.0,0.0,0.0,13,2421313.163461422
ST-22,2026-10-01,2026,10,1882037.2883181842,1757963.0983255857,1928999.2955775652,1798994.8231661918,2370867.0869379574,1856333.2274071118,1891247.6537523835,0.07057838137261012,0.995130005625691,1081.7734926084559,0.25327510917030566,229,46,8,-0.8660254037844386,0.5000000000000001,0,1,40226.04724,0.982373023,0.923889546,89.2207,0.0,0.0,0.0,0.0,14,2268743.156709865
ST-23,2026-10-01,2026,10,1841837.2192366514,1645817.1356076354,1653900.4225839637,1527685.9198830333,1729381.9031279143,1713851.5924760837,1654287.800298496,0.11910198246699229,1.1133716992317264,970.5254904381009,0.2683982683982684,231,49,7,-0.8660254037844386,0.5000000000000001,0,1,40226.04724,0.982373023,0.923889546,89.2207,0.0,0.0,0.0,0.0,15,2147423.4664409063
ST-24,2026-10-01,2026,10,2617254.0560118207,2356758.907129905,2001457.7075302298,2291180.3538116016,2426662.710138097,2325156.890223985,2275317.314675257,0.11053109764169736,1.1502809032969392,976.2484023191589,0.2350597609561753,251,47,8,-0.8660254037844386,0.5000000000000001,0,1,55800.21945,2.256498143,0.923889546,93.5,0.0,0.0,0.0,0.0,16,2653082.3056566226
ST-25,2026-10-01,2026,10,2281703.4765712987,1955966.423520371,2172188.268523205,2272819.7298108614,2224433.671990359,2136619.389538292,2192424.0366092245,0.16653509443411726,1.040721793992075,1029.7317126608386,0.25609756097560976,246,49,7,-0.8660254037844386,0.5000000000000001,0,1,55800.21945,2.256498143,0.923889546,93.5,0.0,0.0,0.0,0.0,17,2678800.7088340227
ST-26,2026-10-01,2026,10,1778325.4264518474,1521931.4499048868,1483514.4414511172,1567078.4589386133,1537798.0337385007,1594590.4392692838,1561961.0106874823,0.1684661793164101,1.1385210093490965,1009.4150679044043,0.277992277992278,259,51,8,-0.8660254037844386,0.5000000000000001,0,1,68218.7261,3.347543042,0.923889546,93.21653589452544,0.0,0.0,0.0,0.0,18,1994429.7885045968
ST-27,2026-10-01,2026,10,2262261.5810562833,1917242.084317588,1897018.165365593,1642366.8413842113,2085840.7895865696,2025507.2769131549,1843464.2201669198,0.17995614615433372,1.2271795439845548,1060.564933872553,0.252212389380531,226,41,7,-0.8660254037844386,0.5000000000000001,0,1,55800.21945,2.256498143,0.923889546,93.5,0.0,0.0,0.0,0.0,19,2405839.422815542
ST-28,2026-10-01,2026,10,1710789.2834442987,1612116.0822705608,1645817.1356076354,1647500.5091275184,1991129.566229031,1656240.833774165,1671116.7180366355,0.06120725564300747,1.0237401523062217,1123.839827768633,0.21304347826086956,230,49,7,-0.8660254037844386,0.5000000000000001,0,1,52636.78659,3.271572946,0.782414581,95.90075112651648,0.0,0.0,0.0,0.0,20,2006654.396663114
ST-29,2026-10-01,2026,10,1844669.450043035,1637425.5262546712,1531372.4465279207,1523014.5290050507,1858617.978536184,1671155.8076085423,1614526.084379575,0.12656693111557787,1.142545461414393,1010.4731840854874,0.20416666666666666,240,47,8,-0.8660254037844386,0.5000000000000001,0,1,46150.48769,1.999049423,0.923889546,88.6538,0.0,0.0,0.0,0.0,21,2086086.5176173027
ST-3,2026-10-01,2026,10,2598854.226887272,2488757.100162577,2281703.4765712987,1660984.5189028932,2171202.2788710166,2456438.267873716,2149988.977952491,0.044237795129747,1.2087756046834488,1024.3817012046302,0.2163265306122449,245,49,7,-0.8660254037844386,0.5000000000000001,0,1,85809.90038,2.949525205,1.0,91.74250969595782,0.0,0.0,0.0,0.0,22,2644056.5768183386
ST-30,2026-10-01,2026,10,1758545.2548154965,1517124.7167039742,1486317.37256395,1235799.269025437,1606734.0982506224,1587329.1146944736,1470029.954159661,0.15913031766829294,1.1962649127246965,982.345070820703,0.18907563025210083,238,46,9,-0.8660254037844386,0.5000000000000001,0,1,49377.56434,1.663365102,3.6725,100.0,0.0,0.0,0.0,0.0,23,2008370.7161585959
ST-31,2026-10-01,2026,10,2270869.7638979605,1972268.8672151573,2293408.9625151027,1856703.154789942,1844348.047157568,2178849.1978760734,2083539.3707362346,0.15139969080606522,1.0899096968326216,1007.5732861425184,0.23461538461538461,260,47,8,-0.8660254037844386,0.5000000000000001,0,1,32475.8925,2.738536816,151.3662913,86.27011307955955,0.0,0.0,0.0,0.0,24,2551716.323541145
ST-32,2026-10-01,2026,10,2562831.578700303,2194415.0085287564,1824878.791667729,2097350.9342450188,2212487.1963301604,2194041.792965596,2046252.042928695,0.16788828400264688,1.2524515675167045,1056.3211165389018,0.2631578947368421,247,50,7,-0.8660254037844386,0.5000000000000001,0,1,32475.8925,2.738536816,151.3662913,86.27011307955955,0.0,0.0,0.0,0.0,25,2730952.352104834
ST-33,2026-10-01,2026,10,1509995.6451143844,1383919.4211646141,1356869.9790449508,1368220.1812829536,1386565.226182036,1416928.3484413165,1406366.9477903096,0.09110084158199969,1.073685390208364,990.9891009434613,0.27692307692307694,260,45,7,-0.8660254037844386,0.5000000000000001,0,1,32475.8925,2.738536816,151.3662913,86.27011307955955,0.0,0.0,0.0,0.0,26,1656580.8340505827
ST-34,2026-10-01,2026,10,2236151.7556237523,1745125.5630226696,1686230.7053945584,1578172.4927557702,1969199.5900359885,1889169.3413469933,1752146.1001045958,0.28137012201608785,1.2762359003568615,976.150971876514,0.23076923076923078,260,45,7,-0.8660254037844386,0.5000000000000001,0,1,32475.8925,2.738536816,151.3662913,86.27011307955955,0.0,0.0,0.0,0.0,27,2495685.0654606777
ST-35,2026-10-01,2026,10,2396633.351617481,2368616.3139924556,2297098.2971157916,1953371.6428100648,1974688.466064449,2354115.9875752428,2238028.8340291954,0.011828440705873957,1.070867950929276,1030.5104237455616,0.20164609053497942,243,51,7,-0.8660254037844386,0.5000000000000001,0,1,13303.14815,0.218128938,7.197491108,92.0,0.0,0.0,0.0,0.0,28,2464386.014197804
ST-36,2026-10-01,2026,10,2480972.049913846,2336292.613465248,2284639.4663437945,2159601.9117254037,2441026.460115232,2367301.376574296,2310710.690011187,0.06192693313103688,1.0736835470743569,971.9393115383431,0.2489451476793249,237,41,8,-0.8660254037844386,0.5000000000000001,0,1,13303.14815,0.218128938,7.197491108,92.0,0.0,0.0,0.0,0.0,29,2490102.491342096
ST-37,2026-10-01,2026,10,1942135.9348614954,1662848.4028991663,1557613.6887802964,1622790.4396760592,1461971.0346241395,1720866.008846986,1699708.4977099185,0.16795730234661976,1.1426288316368416,967.9333189110288,0.27165354330708663,254,50,9,-0.8660254037844386,0.5000000000000001,0,1,13303.14815,0.218128938,7.197491108,92.0,0.0,0.0,0.0,0.0,30,2129022.2888302817
ST-38,2026-10-01,2026,10,1287490.0481527143,1213778.4996576349,1244510.6520541376,1302762.3772366366,1327017.8126118795,1248593.0666214954,1302283.5632262402,0.06072899504800166,0.9886403272749009,1018.0376646559288,0.2579185520361991,221,45,8,-0.8660254037844386,0.5000000000000001,0,1,13303.14815,0.218128938,7.197491108,92.0,0.0,0.0,0.0,0.0,31,1510968.5997418116
ST-39,2026-10-01,2026,10,1947041.6170456398,1695582.6699309316,1608220.0884232272,1566616.5393151226,2151659.3713352806,1750281.4584665997,1677304.6348342896,0.14830238098915646,1.160815737707658,1033.9087934739116,0.251063829787234,235,43,8,-0.8660254037844386,0.5000000000000001,0,1,35000.0,2.2,31.5,94.0,0.0,0.0,0.0,0.0,32,2238286.091155939
ST-4,2026-10-01,2026,10,1996569.7092890975,1777524.1268152099,2099440.567014848,2144183.4268163876,2250319.2595132776,1957844.8010397183,2098917.60173389,0.1232307225367183,0.9512377749558896,932.2305513596754,0.2672413793103448,232,44,7,-0.8660254037844386,0.5000000000000001,0,1,85809.90038,2.949525205,1.0,91.74250969595782,0.0,0.0,0.0,0.0,33,2278175.8530526003
ST-40,2026-10-01,2026,10,1844211.6215306222,1592594.512544888,1615761.6352801018,1556542.771188479,1486005.254003189,1684189.2564518705,1635579.1891402602,0.1579919477329244,1.127558747247224,965.597448349946,0.21755725190839695,262,45,8,-0.8660254037844386,0.5000000000000001,0,1,13303.14815,0.218128938,7.197491108,92.0,0.0,0.0,0.0,0.0,34,2060820.6595170966
ST-41,2026-10-01,2026,10,2139943.1647634474,1754440.1864420343,1650856.9824219018,1715877.0736721575,2441978.957020187,1848413.4445424613,1805342.8259569667,0.21972990661095407,1.1853389472601235,960.2675180542763,0.26066350710900477,211,42,7,-0.8660254037844386,0.5000000000000001,0,1,7345.13569,1.365805408,35.29353808,90.8672,0.0,0.0,0.0,0.0,35,2351044.8532442725
ST-42,2026-10-01,2026,10,1487305.4901526077,1355701.6963674792,1381810.2791073117,1320764.3583376314,1204943.5277845822,1408272.4885424662,1400086.6112912663,0.09707430044363957,1.0622953452721768,1055.6053396963412,0.29245283018867924,212,47,7,-0.8660254037844386,0.5000000000000001,0,1,90674.06663,2.389511236,1.336233333,94.3776,0.0,0.0,0.0,0.0,36,1578681.8599512079
ST-43,2026-10-01,2026,10,2390466.606908719,2295273.445869527,2159013.142766215,1655223.3667129804,1626831.625710777,2281584.3985148203,1993637.0649703797,0.04147356002854373,1.1990480358290465,1008.819122557958,0.26229508196721313,244,44,8,-0.8660254037844386,0.5000000000000001,0,1,13303.14815,0.218128938,7.197491108,92.0,0.0,0.0,0.0,0.0,37,2424919.075664565
ST-44,2026-10-01,2026,10,1868888.1451240217,1654351.7935760661,1522099.2219336305,1744434.3835076047,1466425.8034018923,1681779.7202112395,1718825.2534637107,0.1296800066231447,1.087305496214877,1102.0673996141295,0.20425531914893616,235,43,8,-0.8660254037844386,0.5000000000000001,0,1,32475.8925,2.738536816,151.3662913,86.27011307955955,0.0,0.0,0.0,0.0,38,1992248.7674553627
ST-45,2026-10-01,2026,10,1839169.5473496125,1588517.1431140115,1593541.446571113,1659364.7604773913,1636691.3620477165,1673742.712344912,1611105.885064787,0.15779017892387395,1.1415572150775517,1066.6007522957082,0.2558139534883721,258,50,8,-0.8660254037844386,0.5000000000000001,0,1,90674.06663,2.389511236,1.336233333,94.3776,0.0,0.0,0.0,0.0,39,2159817.8229009067
ST-46,2026-10-01,2026,10,2365508.479474906,1966459.2768232939,1920631.307767658,2019559.556890357,1989392.6406199054,2084199.6880219525,2006519.2660570124,0.20292777346310162,1.1789114211314498,984.8054214020503,0.2669172932330827,266,48,7,-0.8660254037844386,0.5000000000000001,0,1,54282.61761,2.381583833,1.369359766,93.54619208893396,0.0,0.0,0.0,0.0,40,2622184.095416671
ST-47,2026-10-01,2026,10,2617254.0560118207,2356758.907129905,1997255.817118394,2315071.357348105,2409192.463823565,2323756.2600867064,2184457.5410555196,0.11053109764169736,1.198125395812077,1009.1290511799763,0.20553359683794467,253,45,9,-0.8660254037844386,0.5000000000000001,0,1,54282.61761,2.381583833,1.369359766,93.54619208893396,0.0,0.0,0.0,0.0,41,2594096.8505237065
ST-48,2026-10-01,2026,10,2182390.9197524297,1885886.3350239238,1680120.9955756147,1625730.2042923237,1935822.962701512,1916132.7501173227,1763620.0402600672,0.1572229350316304,1.237449603617914,1053.528508612506,0.2056451612903226,248,46,10,-0.8660254037844386,0.5000000000000001,0,1,54282.61761,2.381583833,1.369359766,93.54619208893396,0.0,0.0,0.0,0.0,42,2444414.4866880067
ST-49,2026-10-01,2026,10,1679939.793450532,1470326.6128907327,1475912.1402232286,1334194.6518207917,1423842.6980755765,1542059.5155214977,1486385.5195923764,0.14256232507938474,1.1302180836040676,1058.4856420453523,0.268,250,41,7,-0.8660254037844386,0.5000000000000001,0,1,54282.61761,2.381583833,1.369359766,93.54619208893396,0.0,0.0,0.0,0.0,43,1754440.1864420343
ST-5,2026-10-01,2026,10,1750927.3774188338,1662276.7555890856,1605653.1540652297,1506984.0303645157,2081225.8530944725,1672952.4290243832,1621319.722409251,0.053330843694756304,1.0799396030395463,1004.5171847928989,0.25,220,43,9,-0.8660254037844386,0.5000000000000001,0,1,85809.90038,2.949525205,1.0,91.74250969595782,0.0,0.0,0.0,0.0,44,2079895.2685555774
ST-50,2026-10-01,2026,10,2138461.585339809,1650925.0857121854,1618135.3676511156,1889918.2837693202,1726207.0349476277,1802507.34623437,1867377.4799837966,0.2953110979092714,1.145168348800246,1039.3078486617928,0.2178988326848249,257,43,7,-0.8660254037844386,0.5000000000000001,0,1,54282.61761,2.381583833,1.369359766,93.54619208893396,0.0,0.0,0.0,0.0,45,2408087.3411414064
ST-51,2026-10-01,2026,10,2360025.365708116,2308014.993930864,2284010.9137925874,1944792.7476120642,2237148.2179342248,2317350.4244771893,2211699.596818129,0.022534676730444923,1.0670641569512318,1056.3584383582572,0.22522522522522523,222,46,8,-0.8660254037844386,0.5000000000000001,0,1,64407.48426,3.161614283,1.515358039,96.44169988975057,0.0,0.0,0.0,0.0,46,2366504.4067015476
ST-52,2026-10-01,2026,10,1564703.133551855,1383919.4211646141,1349982.3864348119,1381831.629502902,1147549.1923098317,1432868.313717094,1405753.5515634937,0.13063167524241076,1.1130707312185526,1074.279305146249,0.2791666666666667,240,49,7,-0.8660254037844386,0.5000000000000001,0,1,64407.48426,3.161614283,1.515358039,96.44169988975057,0.0,0.0,0.0,0.0,47,1566154.9663652757
ST-53,2026-10-01,2026,10,1760309.4652873487,1580113.0496150001,1612119.2909930798,1243497.7674203308,1616652.3171076388,1650847.2686318096,1531217.8827968275,0.11404020472855031,1.14961396745973,1033.2621674412924,0.23076923076923078,260,47,8,-0.8660254037844386,0.5000000000000001,0,1,64407.48426,3.161614283,1.515358039,96.44169988975057,0.0,0.0,0.0,0.0,48,2004222.1837299608
ST-54,2026-10-01,2026,10,2118787.0423791506,1753130.5477048175,1575669.1887100227,1759907.3039596938,2053817.4551334947,1815862.259597997,1786347.197205866,0.20857345458559676,1.1861003536676822,1037.908264044328,0.29435483870967744,248,39,7,-0.8660254037844386,0.5000000000000001,0,1,64407.48426,3.161614283,1.515358039,96.44169988975057,0.0,0.0,0.0,0.0,49,2464496.906981231
ST-55,2026-10-01,2026,10,1851779.4763206164,1629211.5982425627,1615761.6352801018,1566895.911596889,1806464.0587591543,1698917.5699477606,1651127.7716690826,0.13661078666401502,1.1215240322974522,975.8884976527015,0.23577235772357724,246,50,8,-0.8660254037844386,0.5000000000000001,0,1,64407.48426,3.161614283,1.515358039,96.44169988975057,0.0,0.0,0.0,0.0,50,2235370.9576774943
ST-56,2026-10-01,2026,10,2507707.7055795244,2498008.849599431,2408336.53350474,2177000.097410326,3097737.7811978976,2471351.0295612314,2370949.680073347,0.0038826347559372558,1.057680695063063,966.2162907881306,0.28888888888888886,225,47,9,-0.8660254037844386,0.5000000000000001,0,1,64407.48426,3.161614283,1.515358039,96.44169988975057,0.0,0.0,0.0,0.0,51,2499937.837430122
ST-57,2026-10-01,2026,10,1812210.7429838444,1618135.3676511156,1640783.2968186473,1568746.765896244,1657863.9546243562,1690376.4691512024,1639256.9918239897,0.11993766356794267,1.105507404892878,1069.4874691623772,0.24899598393574296,249,43,9,-0.8660254037844386,0.5000000000000001,0,1,49377.56434,1.663365102,3.6725,100.0,0.0,0.0,0.0,0.0,52,2137679.872492917
ST-58,2026-10-01,2026,10,1827571.8577112802,1653832.362630356,1674123.6984918413,1508114.4077694637,1810583.9593145028,1718509.3062778257,1651005.3553011713,0.10505266374434602,1.1069448393024142,1098.101629651916,0.19827586206896552,232,47,8,-0.8660254037844386,0.5000000000000001,0,1,49377.56434,1.663365102,3.6725,100.0,0.0,0.0,0.0,0.0,53,2125646.0098817237
ST-59,2026-10-01,2026,10,1862671.91856621,1597318.4517008413,1561647.2227738146,1656580.8340505827,1954935.3815084703,1673879.1976802887,1659585.4925072535,0.1661243358096925,1.1223717771551132,969.7260180622288,0.24899598393574296,249,48,7,-0.8660254037844386,0.5000000000000001,0,1,49377.56434,1.663365102,3.6725,100.0,0.0,0.0,0.0,0.0,54,2296867.9589022575
ST-6,2026-10-01,2026,10,1922884.3083618106,1593114.3023215139,1622790.4396760592,1944136.220538191,1690827.4150596696,1712929.6834531277,1808674.524649347,0.20699707833879225,1.063145569949688,1122.745643822564,0.2603305785123967,242,45,8,-0.8660254037844386,0.5000000000000001,0,1,85809.90038,2.949525205,1.0,91.74250969595782,0.0,0.0,0.0,0.0,55,2335713.2617816636
ST-60,2026-10-01,2026,10,2678334.751575397,2643848.6290531917,2627411.1258597705,2359150.614637145,2798967.3911796235,2649864.8354961197,2523882.7800607267,0.013043909603310078,1.0611961746935623,1015.9961290075204,0.3157894736842105,247,50,9,-0.8660254037844386,0.5000000000000001,0,1,14157.94458,4.722255885,18.30485833,76.73266946623188,0.0,0.0,0.0,0.0,56,2717292.341711965
ST-61,2026-10-01,2026,10,2479901.997911457,2402207.284148087,2355096.3447645726,2109565.4805729934,2070409.8121612808,2412401.8756080386,2310200.3778686505,0.032343051441093125,1.0734575328047389,989.7440002186706,0.1975806451612903,248,41,8,-0.8660254037844386,0.5000000000000001,0,1,14157.94458,4.722255885,18.30485833,76.73266946623188,0.0,0.0,0.0,0.0,57,2510995.5149802477
ST-62,2026-10-01,2026,10,1827571.8577112802,1676890.7018596586,1659229.9319115414,1360049.3648011074,1989627.2368409093,1721230.8304941598,1591296.9683334986,0.08985746994990039,1.148479444176421,1049.4763811665755,0.25,248,52,8,-0.8660254037844386,0.5000000000000001,0,1,14157.94458,4.722255885,18.30485833,76.73266946623188,0.0,0.0,0.0,0.0,58,2130701.0293163867
ST-63,2026-10-01,2026,10,1695725.920087248,1575669.1887100227,1649836.6044988472,1327732.810241229,1690612.6319129518,1640410.571098706,1528238.9861621305,0.07619412262260078,1.1095947266374404,1116.4281190071147,0.24166666666666667,240,45,7,-0.8660254037844386,0.5000000000000001,0,1,7913.988015,6.609085937,4074.434167,73.24194861474356,0.0,0.0,0.0,0.0,59,1960718.335027347
ST-64,2026-10-01,2026,10,2499475.8062886205,2019856.1856191878,1899749.0129058554,1902401.7361445278,1889485.9567056182,2139693.668271221,2002367.0542191805,0.23745236125432617,1.2482605529400737,989.7154807079123,0.24796747967479674,246,48,7,-0.8660254037844386,0.5000000000000001,0,1,7913.988015,6.609085937,4074.434167,73.24194861474356,0.0,0.0,0.0,0.0,60,2650019.564893484
ST-65,2026-10-01,2026,10,1834404.567137998,1642582.8052214787,1533224.739955415,1315504.334238727,1635065.5874617766,1670070.7041049637,1537342.7490559064,0.11678057344004339,1.193230701653564,1008.1400472564876,0.21951219512195122,246,54,9,-0.8660254037844386,0.5000000000000001,0,1,7345.13569,1.365805408,35.29353808,90.8672,0.0,0.0,0.0,0.0,61,2034120.3024309652
ST-66,2026-10-01,2026,10,1791404.696630534,1462373.8328916656,1360049.3648011074,1491280.241225149,1633911.5899496411,1537942.6314411024,1501520.787511205,0.22499777850117164,1.1930602037150722,1069.8033156576903,0.2512315270935961,203,45,7,-0.8660254037844386,0.5000000000000001,0,1,90674.06663,2.389511236,1.336233333,94.3776,0.0,0.0,0.0,0.0,62,2075216.257344765
ST-67,2026-10-01,2026,10,1759985.3586210818,1611885.3107781548,1594809.8067016096,1343069.3210364203,1536790.0275653843,1655560.158700282,1548878.8933541179,0.09188001581293037,1.1362963019076397,1050.484375421358,0.232,250,48,8,-0.8660254037844386,0.5000000000000001,0,1,64407.48426,3.161614283,1.515358039,96.44169988975057,0.0,0.0,0.0,0.0,63,1919787.4511901357
ST-68,2026-10-01,2026,10,2377122.9777438254,2269892.2890914073,2307493.512032922,1862959.1738015246,2366143.9486401496,2318169.592956051,2143187.8540020445,0.04724043037977824,1.1091528786452136,973.3972231502926,0.22077922077922077,231,40,7,-0.8660254037844386,0.5000000000000001,0,1,46150.48769,1.999049423,0.923889546,88.6538,0.0,0.0,0.0,0.0,64,2459890.671927513
ST-69,2026-10-01,2026,10,1509398.1881764408,1422995.7860032318,1334194.6518207917,1196765.5741209632,1286110.4253791384,1422196.2086668212,1313895.9918601147,0.06071866341634604,1.1487957932191792,968.3983555937843,0.26666666666666666,225,42,7,-0.8660254037844386,0.5000000000000001,0,1,49377.56434,1.663365102,3.6725,100.0,0.0,0.0,0.0,0.0,65,1586866.7246237886
ST-7,2026-10-01,2026,10,2271708.0130738686,2001530.3817893898,2075831.5836098487,2054493.1299866342,2110766.7038249974,2116356.6594910356,2122149.7683913046,0.13498552594686927,1.0704748773673671,1065.239252132997,0.1956521739130435,230,45,8,-0.8660254037844386,0.5000000000000001,0,1,85809.90038,2.949525205,1.0,91.74250969595782,0.0,0.0,0.0,0.0,66,2308036.7819170193
ST-70,2026-10-01,2026,10,1794902.2819621991,1549862.4399247621,1547963.0666426427,1572884.7272243844,1685845.427217594,1630909.2628432012,1612180.3350080315,0.1581042521743623,1.1133384045112158,982.756767236166,0.26359832635983266,239,41,7,-0.8660254037844386,0.5000000000000001,0,1,34000.0,2.321743286,1363.375,97.8956,0.0,0.0,0.0,0.0,67,2073315.348098002
ST-71,2026-10-01,2026,10,1695348.7299604986,1522667.5521440867,1507957.7941529737,1451421.112690157,1766435.137645198,1575324.6920858528,1540280.7839045718,0.11340701230104856,1.1006751156518577,1010.657003798815,0.20833333333333334,216,45,9,-0.8660254037844386,0.5000000000000001,0,1,34000.0,2.321743286,1363.375,97.8956,0.0,0.0,0.0,0.0,68,1884199.783641185
ST-72,2026-10-01,2026,10,1506467.9051644623,1392889.0498820737,1416979.1707215046,1392889.0498820737,1410541.0149757115,1438778.7085893468,1433123.7152439433,0.08154192560563568,1.051177849574581,1021.3257273285485,0.2616033755274262,237,45,8,-0.8660254037844386,0.5000000000000001,0,1,32475.8925,2.738536816,151.3662913,86.27011307955955,0.0,0.0,0.0,0.0,69,1642259.6206285115
ST-73,2026-10-01,2026,10,2280852.8525573523,2005877.6100064106,2084686.9527980762,2052433.0508654183,2899998.435165914,2123805.805120613,2143178.3654220034,0.13708475590894245,1.0642384644024903,1008.976026637118,0.19545454545454546,220,43,9,-0.8660254037844386,0.5000000000000001,0,1,52636.78659,3.271572946,0.782414581,95.90075112651648,0.0,0.0,0.0,0.0,70,2350083.760436206
ST-74,2026-10-01,2026,10,2355448.2396062417,2066814.6502547062,1960397.417784309,1603133.4395259318,1731990.9755707534,2127553.435881752,1920573.2775374197,0.139651414468136,1.22642976821297,985.8956989781711,0.25523012552301255,239,48,9,-0.8660254037844386,0.5000000000000001,0,1,7345.13569,1.365805408,35.29353808,90.8672,0.0,0.0,0.0,0.0,71,2397619.266260043
ST-75,2026-10-01,2026,10,2367210.563892946,1969349.5579319093,1750286.5149015973,1876878.8436314343,1623562.5587193002,2028948.8789088174,1858636.4491943736,0.20202660536245587,1.2736275374988013,1004.7015283032804,0.16666666666666666,282,49,8,-0.8660254037844386,0.5000000000000001,0,1,13303.14815,0.218128938,7.197491108,92.0,0.0,0.0,0.0,0.0,72,2397166.5442318646
ST-8,2026-10-01,2026,10,1612743.9857585735,1606071.5844322343,1713189.5811908294,1545346.6430436245,1651214.5300072792,1644001.7171272123,1633043.9812295774,0.004154485635021057,0.987569229179168,1138.357248849463,0.2235294117647059,255,51,9,-0.8660254037844386,0.5000000000000001,0,1,85809.90038,2.949525205,1.0,91.74250969595782,0.0,0.0,0.0,0.0,73,1853969.071942717
ST-9,2026-10-01,2026,10,1881686.6787241658,1586690.953040977,1586264.8041936776,1943085.0513372552,1629135.8277046534,1684880.8119862734,1776301.8747363656,0.1859188300770316,1.059328206250664,1030.5047302255773,0.273542600896861,223,41,8,-0.8660254037844386,0.5000000000000001,0,1,85809.90038,2.949525205,1.0,91.74250969595782,0.0,0.0,0.0,0.0,74,2193225.5234043966
ST-1,2026-11-01,2026,11,2052424.8387597005,1758079.2538615344,1558267.334282568,1621291.4119554884,2223369.6770093734,1789590.475634601,1690489.3750024028,0.16742452551649795,1.21410099886418,1054.072197907938,0.24497991967871485,249,42,9,-0.5000000000000004,0.8660254037844384,1,0,85809.90038,2.949525205,1.0,91.74250969595782,0.0,0.0,0.0,0.0,0,2439666.257550941
ST-10,2026-11-01,2026,11,2236583.7594520557,2194415.0085287564,1928306.4307215775,1581948.440842883,2421489.015955489,2119768.399567463,1893110.1561170213,0.019216397426834605,1.1814335009641155,1064.7842559806911,0.23113207547169812,212,42,8,-0.5000000000000004,0.8660254037844384,1,0,85809.90038,2.949525205,1.0,91.74250969595782,0.0,0.0,0.0,0.0,1,2336321.6600192357
ST-11,2026-11-01,2026,11,2641239.836184864,2661722.0342798657,2655463.3375972123,2367504.2044240884,2613093.4058694374,2652808.402687314,2583914.697425986,-0.007695092812553301,1.0221853836026333,908.773402248641,0.291497975708502,247,42,7,-0.5000000000000004,0.8660254037844384,1,0,85809.90038,2.949525205,1.0,91.74250969595782,0.0,0.0,0.0,0.0,2,2645770.393311041
ST-12,2026-11-01,2026,11,2725483.4366134787,2574327.6824466526,2180333.493489701,2262261.5810562833,2476818.1631403826,2493381.5375166107,2388986.089735108,0.05871659431606121,1.1408536233526925,1010.5246296561195,0.2744360902255639,266,48,8,-0.5000000000000004,0.8660254037844384,1,0,85809.90038,2.949525205,1.0,91.74250969595782,0.0,0.0,0.0,0.0,3,2727865.3892156207
ST-13,2026-11-01,2026,11,2329390.31161067,2075262.4936938682,1966459.2768232939,2158968.518623508,2305921.1313723475,2123704.027375944,2182321.4762417395,0.12245574653279946,1.0673910040156884,1042.2419483414474,0.3191489361702128,235,48,9,-0.5000000000000004,0.8660254037844384,1,0,85809.90038,2.949525205,1.0,91.74250969595782,0.0,0.0,0.0,0.0,4,2336317.086420038
ST-14,2026-11-01,2026,11,2366151.476730371,2215424.991255389,1895572.3165735235,1582434.6431562894,2145557.5407420127,2159049.5948530943,1935883.179172364,0.06803502085149424,1.2222594328971632,1038.728956695165,0.2553191489361702,235,47,7,-0.5000000000000004,0.8660254037844384,1,0,85809.90038,2.949525205,1.0,91.74250969595782,0.0,0.0,0.0,0.0,5,2341189.6115817935
ST-15,2026-11-01,2026,11,2551396.833955685,2548138.3637060504,2326408.348548133,2157362.0839615045,2372017.6085514775,2475314.5154032893,2365117.3750270903,0.0012787650372703993,1.0787611899922984,986.04429752588,0.25523012552301255,239,54,9,-0.5000000000000004,0.8660254037844384,1,0,85809.90038,2.949525205,1.0,91.74250969595782,0.0,0.0,0.0,0.0,6,2590580.1094251103
ST-16,2026-11-01,2026,11,2352048.6942707016,2428630.2488048263,2269950.000383446,2192023.617416305,2896436.715464037,2350209.6478196583,2201349.156162508,-0.031532817550885675,1.0684578081065976,965.117199274714,0.26244343891402716,221,49,7,-0.5000000000000004,0.8660254037844384,1,0,52636.78659,3.271572946,0.782414581,95.90075112651648,0.0,0.0,0.0,0.0,7,2412791.7425471796
ST-17,2026-11-01,2026,11,2173301.7193152695,1858226.8148614205,1662276.7555890856,1590582.9710736228,2207223.9581657667,1897935.0965885918,1762879.6354671663,0.16955675267087675,1.2328134465852745,1077.5251438015239,0.2081447963800905,221,43,8,-0.5000000000000004,0.8660254037844384,1,0,52636.78659,3.271572946,0.782414581,95.90075112651648,0.0,0.0,0.0,0.0,8,2330839.3971376624
ST-18,2026-11-01,2026,11,1836237.2835386929,1649361.1644387846,1538761.9460375234,1312323.9026031871,1981497.2021437925,1674786.7980050005,1550139.132427441,0.11330212152988044,1.184562885438055,1023.2046813210532,0.25877192982456143,228,48,9,-0.5000000000000004,0.8660254037844384,1,0,46150.48769,1.999049423,0.923889546,88.6538,0.0,0.0,0.0,0.0,9,2036622.0373933222
ST-19,2026-11-01,2026,11,2283484.508676285,2000673.8540375717,1822673.6644947543,2229982.0467779613,2946858.9127218234,2035610.6757362038,2103743.352803771,0.14135770009088255,1.085438727890911,1010.8700857810675,0.22844827586206898,232,44,7,-0.5000000000000004,0.8660254037844384,1,0,46150.48769,1.999049423,0.923889546,88.6538,0.0,0.0,0.0,0.0,10,2342835.2934037945
ST-2,2026-11-01,2026,11,2652985.355424086,2299311.0882156217,1841893.354472852,2237195.583659835,2389911.0022720164,2264729.9327041865,2106214.70334785,0.15381749299653621,1.2595987252425587,1012.0054537152099,0.28225806451612906,248,46,8,-0.5000000000000004,0.8660254037844384,1,0,85809.90038,2.949525205,1.0,91.74250969595782,0.0,0.0,0.0,0.0,11,2741566.1235573203
ST-20,2026-11-01,2026,11,2332389.939120882,2335657.853496579,2201343.0034052283,2018854.2340020295,2249920.8842813578,2289796.9320075633,2207392.9509995803,-0.0013991408762223415,1.0566265231864127,1017.2712955716056,0.26609442060085836,233,47,7,-0.5000000000000004,0.8660254037844384,1,0,56833.19605,2.937915743,0.923889546,94.9197,0.0,0.0,0.0,0.0,12,2385781.6167530464
ST-21,2026-11-01,2026,11,2421313.163461422,2400576.4363219645,2337878.75093295,2293408.9625151027,3576388.9930761545,2386589.450238779,2351659.09190558,0.00863822822956194,1.0296191194529818,966.3857042238183,0.21610169491525424,236,44,8,-0.5000000000000004,0.8660254037844384,1,0,35297.0095,2.774178265,0.923889546,95.7575,0.0,0.0,0.0,0.0,13,2464459.339933446
ST-22,2026-11-01,2026,11,2268743.156709865,1882037.2883181842,1757963.0983255857,1971944.7760048634,2050775.7780098477,1969581.1811178785,1969539.042676329,0.2054719482934618,1.151915807481003,1081.7734926084559,0.25327510917030566,229,46,8,-0.5000000000000004,0.8660254037844384,1,0,40226.04724,0.982373023,0.923889546,89.2207,0.0,0.0,0.0,0.0,14,2397619.266260043
ST-23,2026-11-01,2026,11,2147423.4664409063,1841837.2192366514,1645817.1356076354,1614231.778199421,1923309.4776649328,1878359.2737617313,1757577.3913914748,0.16591381910009664,1.2218087675449616,970.5254904381009,0.2683982683982684,231,49,7,-0.5000000000000004,0.8660254037844384,1,0,40226.04724,0.982373023,0.923889546,89.2207,0.0,0.0,0.0,0.0,15,2339836.1356377425
ST-24,2026-11-01,2026,11,2653082.3056566226,2617254.0560118207,2356758.907129905,2422650.4080680427,2620046.9661322455,2542365.0895994497,2335634.306649427,0.01368925174172703,1.1359151122688333,976.2484023191589,0.2350597609561753,251,47,8,-0.5000000000000004,0.8660254037844384,1,0,55800.21945,2.256498143,0.923889546,93.5,0.0,0.0,0.0,0.0,16,2670155.6765775564
ST-25,2026-11-01,2026,11,2678800.7088340227,2281703.4765712987,1955966.423520371,2344942.7366834274,2185094.2502304194,2305490.2029752308,2260087.5331130843,0.17403542412068354,1.1852641411389033,1029.7317126608386,0.25609756097560976,246,49,7,-0.5000000000000004,0.8660254037844384,1,0,55800.21945,2.256498143,0.923889546,93.5,0.0,0.0,0.0,0.0,17,2765906.9392563854
ST-26,2026-11-01,2026,11,1994429.7885045968,1778325.4264518474,1521931.4499048868,1509402.0890229596,1745812.5969864072,1764895.554953777,1633186.2322818127,0.12152126873871752,1.2211894449526868,1009.4150679044043,0.277992277992278,259,51,8,-0.5000000000000004,0.8660254037844384,1,0,68218.7261,3.347543042,0.923889546,93.21653589452544,0.0,0.0,0.0,0.0,18,2294323.1913570804
ST-27,2026-11-01,2026,11,2405839.422815542,2262261.5810562833,1917242.084317588,1589311.0906432946,2262483.8814512724,2195114.3627298046,1970709.650405475,0.0634665075699249,1.2207985191124116,1060.564933872553,0.252212389380531,226,41,7,-0.5000000000000004,0.8660254037844384,1,0,55800.21945,2.256498143,0.923889546,93.5,0.0,0.0,0.0,0.0,19,2348431.411236535
ST-28,2026-11-01,2026,11,2006654.396663114,1710789.2834442987,1612116.0822705608,1651098.1713253956,2098398.794377847,1776519.9207926579,1730975.6992925683,0.17294070992960386,1.1592620263145303,1123.839827768633,0.21304347826086956,230,49,7,-0.5000000000000004,0.8660254037844384,1,0,52636.78659,3.271572946,0.782414581,95.90075112651648,0.0,0.0,0.0,0.0,20,2285675.461608504
ST-29,2026-11-01,2026,11,2086086.5176173027,1844669.450043035,1637425.5262546712,1569131.9209021372,1690101.7604332797,1856060.4979716698,1708371.4158149501,0.1308728062735769,1.2210965942802139,1010.4731840854874,0.20416666666666666,240,47,8,-0.5000000000000004,0.8660254037844384,1,0,46150.48769,1.999049423,0.923889546,88.6538,0.0,0.0,0.0,0.0,21,2271875.148146502
ST-3,2026-11-01,2026,11,2644056.5768183386,2598854.226887272,2488757.100162577,1869972.4719843774,2117353.147599774,2577222.6346227294,2313834.3209383986,0.01739318406681341,1.1427164654321555,1024.3817012046302,0.2163265306122449,245,49,7,-0.5000000000000004,0.8660254037844384,1,0,85809.90038,2.949525205,1.0,91.74250969595782,0.0,0.0,0.0,0.0,22,2650369.691825751
ST-30,2026-11-01,2026,11,2008370.7161585959,1758545.2548154965,1517124.7167039742,1355701.6963674792,2017131.782703229,1761346.895892689,1598791.862015187,0.14206370899980655,1.2561802220003533,982.345070820703,0.18907563025210083,238,46,9,-0.5000000000000004,0.8660254037844384,1,0,49377.56434,1.663365102,3.6725,100.0,0.0,0.0,0.0,0.0,23,2168174.4919261835
ST-31,2026-11-01,2026,11,2551716.323541145,2270869.7638979605,1972268.8672151573,1872338.3897037883,2211361.156948413,2264951.651551421,2199374.898861435,0.12367356512823952,1.1602007119668907,1007.5732861425184,0.23461538461538461,260,47,8,-0.5000000000000004,0.8660254037844384,1,0,32475.8925,2.738536816,151.3662913,86.27011307955955,0.0,0.0,0.0,0.0,24,2684709.953081077
ST-32,2026-11-01,2026,11,2730952.352104834,2562831.578700303,2194415.0085287564,1917039.1258582973,2261545.0818997063,2496066.313111298,2151852.279238664,0.06559961832911015,1.2691170199987232,1056.3211165389018,0.2631578947368421,247,50,7,-0.5000000000000004,0.8660254037844384,1,0,32475.8925,2.738536816,151.3662913,86.27011307955955,0.0,0.0,0.0,0.0,25,2693731.635710392
ST-33,2026-11-01,2026,11,1656580.8340505827,1509995.6451143844,1383919.4211646141,1405254.7022854157,1548459.3861577169,1516831.9667765272,1454427.0565849144,0.0970765640354508,1.1389920357644734,990.9891009434613,0.27692307692307694,260,45,7,-0.5000000000000004,0.8660254037844384,1,0,32475.8925,2.738536816,151.3662913,86.27011307955955,0.0,0.0,0.0,0.0,26,1810152.2211888
ST-34,2026-11-01,2026,11,2495685.0654606777,2236151.7556237523,1745125.5630226696,1615397.3507408348,2572346.549564206,2158987.4613690334,1905064.8622220804,0.11606247616433851,1.3100262961911406,976.150971876514,0.23076923076923078,260,45,7,-0.5000000000000004,0.8660254037844384,1,0,32475.8925,2.738536816,151.3662913,86.27011307955955,0.0,0.0,0.0,0.0,27,2665470.6989597604
ST-35,2026-11-01,2026,11,2464386.014197804,2396633.351617481,2368616.3139924556,2104416.616722359,2433677.709586752,2409878.559935914,2323197.8959271517,0.02826993229256234,1.0607731775748301,1030.5104237455616,0.20164609053497942,243,51,7,-0.5000000000000004,0.8660254037844384,1,0,13303.14815,0.218128938,7.197491108,92.0,0.0,0.0,0.0,0.0,28,2581779.45166602
ST-36,2026-11-01,2026,11,2490102.491342096,2480972.049913846,2336292.613465248,2295273.445869527,3019769.2914962624,2435789.0515737296,2365794.119947302,0.003680187138169183,1.0525440359947986,971.9393115383431,0.2489451476793249,237,41,8,-0.5000000000000004,0.8660254037844384,1,0,13303.14815,0.218128938,7.197491108,92.0,0.0,0.0,0.0,0.0,29,2509457.090723203
ST-37,2026-11-01,2026,11,2129022.2888302817,1942135.9348614954,1662848.4028991663,1758079.2538615344,2052593.9253620685,1911335.542196981,1784080.4725689555,0.09622722622766064,1.1933443146567448,967.9333189110288,0.27165354330708663,254,50,9,-0.5000000000000004,0.8660254037844384,1,0,13303.14815,0.218128938,7.197491108,92.0,0.0,0.0,0.0,0.0,30,2464825.5631377837
ST-38,2026-11-01,2026,11,1510968.5997418116,1287490.0481527143,1213778.4996576349,1415065.3184581338,1512007.1155616206,1337412.382517387,1336984.600310436,0.17357691572819808,1.1301316405521635,1018.0376646559288,0.2579185520361991,221,45,8,-0.5000000000000004,0.8660254037844384,1,0,13303.14815,0.218128938,7.197491108,92.0,0.0,0.0,0.0,0.0,31,1769031.6327945907
ST-39,2026-11-01,2026,11,2238286.091155939,1947041.6170456398,1695582.6699309316,1582434.6431562894,2358994.6583350822,1960303.4593775033,1789249.5601410922,0.14958307596538245,1.2509636112356723,1033.9087934739116,0.251063829787234,235,43,8,-0.5000000000000004,0.8660254037844384,1,0,35000.0,2.2,31.5,94.0,0.0,0.0,0.0,0.0,32,2361010.083744818
ST-4,2026-11-01,2026,11,2278175.8530526003,1996569.7092890975,1777524.1268152099,2273642.030457482,2710422.01903522,2017423.2297189692,2121249.6727732588,0.14104498453188097,1.0739781753621584,932.2305513596754,0.2672413793103448,232,44,7,-0.5000000000000004,0.8660254037844384,1,0,85809.90038,2.949525205,1.0,91.74250969595782,0.0,0.0,0.0,0.0,33,2348431.411236535
ST-40,2026-11-01,2026,11,2060820.6595170966,1844211.6215306222,1592594.512544888,1571880.9793202486,1892571.0405915992,1832542.264530869,1719625.5038616967,0.11745346111998659,1.198412476954541,965.597448349946,0.21755725190839695,262,45,8,-0.5000000000000004,0.8660254037844384,1,0,13303.14815,0.218128938,7.197491108,92.0,0.0,0.0,0.0,0.0,34,2326235.115579614
ST-41,2026-11-01,2026,11,2351044.8532442725,2139943.1647634474,1754440.1864420343,1917039.1258582973,2247749.07633701,2081809.4014832515,1911204.1225523197,0.09864826877500771,1.2301380190121016,960.2675180542763,0.26066350710900477,211,42,7,-0.5000000000000004,0.8660254037844384,1,0,7345.13569,1.365805408,35.29353808,90.8672,0.0,0.0,0.0,0.0,35,2337878.75093295
ST-42,2026-11-01,2026,11,1578681.8599512079,1487305.4901526077,1355701.6963674792,1421414.5789697228,1408373.6575242644,1473896.3488237646,1443072.8615601957,0.061437526052044875,1.0939723849039729,1055.6053396963412,0.29245283018867924,212,47,7,-0.5000000000000004,0.8660254037844384,1,0,90674.06663,2.389511236,1.336233333,94.3776,0.0,0.0,0.0,0.0,36,1659285.0706896887
ST-43,2026-11-01,2026,11,2424919.075664565,2390466.606908719,2295273.445869527,1638891.6165667616,2338322.8877780084,2370219.709480937,2121919.6831289767,0.014412445108530016,1.1427949393865777,1008.819122557958,0.26229508196721313,244,44,8,-0.5000000000000004,0.8660254037844384,1,0,13303.14815,0.218128938,7.197491108,92.0,0.0,0.0,0.0,0.0,37,2694453.5514974906
ST-44,2026-11-01,2026,11,1992248.7674553627,1868888.1451240217,1654351.7935760661,1868603.305304582,1360560.9815022498,1838496.2353851504,1760127.650788337,0.06600749362833305,1.1318774331867703,1102.0673996141295,0.20425531914893616,235,43,8,-0.5000000000000004,0.8660254037844384,1,0,32475.8925,2.738536816,151.3662913,86.27011307955955,0.0,0.0,0.0,0.0,38,1919787.4511901357
ST-45,2026-11-01,2026,11,2159817.8229009067,1839169.5473496125,1588517.1431140115,1497653.5945929755,1994069.429500481,1862501.5044548437,1694514.7288020395,0.17434405436593572,1.2745937147609332,1066.6007522957082,0.2558139534883721,258,50,8,-0.5000000000000004,0.8660254037844384,1,0,90674.06663,2.389511236,1.336233333,94.3776,0.0,0.0,0.0,0.0,39,2439666.257550941
ST-46,2026-11-01,2026,11,2622184.095416671,2365508.479474906,1966459.2768232939,2075280.46088223,2524102.2303232127,2318050.61723829,2106956.689144731,0.10850758649520544,1.2445363062878547,984.8054214020503,0.2669172932330827,266,48,7,-0.5000000000000004,0.8660254037844384,1,0,54282.61761,2.381583833,1.369359766,93.54619208893396,0.0,0.0,0.0,0.0,40,2709582.667645856
ST-47,2026-11-01,2026,11,2594096.8505237065,2617254.0560118207,2356758.907129905,2017456.9764456872,2960161.482587169,2522703.271221811,2230961.7899181196,-0.008847901270769705,1.16277063204158,1009.1290511799763,0.20553359683794467,253,45,9,-0.5000000000000004,0.8660254037844384,1,0,54282.61761,2.381583833,1.369359766,93.54619208893396,0.0,0.0,0.0,0.0,41,2616478.4151287763
ST-48,2026-11-01,2026,11,2444414.4866880067,2182390.9197524297,1885886.3350239238,1636212.535067534,1937127.919611567,2170897.2471547867,1900067.4206593477,0.12006261782160499,1.2864882898943468,1053.528508612506,0.2056451612903226,248,46,10,-0.5000000000000004,0.8660254037844384,1,0,54282.61761,2.381583833,1.369359766,93.54619208893396,0.0,0.0,0.0,0.0,42,2451955.2194287376
ST-49,2026-11-01,2026,11,1754440.1864420343,1679939.793450532,1470326.6128907327,1445662.060665578,1796554.1765169364,1634902.197594433,1556426.44202925,0.0443470612946678,1.1272233232908946,1058.4856420453523,0.268,250,41,7,-0.5000000000000004,0.8660254037844384,1,0,54282.61761,2.381583833,1.369359766,93.54619208893396,0.0,0.0,0.0,0.0,43,1988267.4385168403
ST-5,2026-11-01,2026,11,2079895.2685555774,1750927.3774188338,1662276.7555890856,1566154.9663652757,2090071.1619404487,1831033.133854499,1716804.9287744276,0.18788208773210144,1.211491902018448,1004.5171847928989,0.25,220,43,9,-0.5000000000000004,0.8660254037844384,1,0,85809.90038,2.949525205,1.0,91.74250969595782,0.0,0.0,0.0,0.0,44,2302670.076059832
ST-50,2026-11-01,2026,11,2408087.3411414064,2138461.585339809,1650925.0857121854,1982641.130022587,2026509.8836309793,2065824.6707311335,1953738.989545811,0.12608398376197774,1.2325532499616125,1039.3078486617928,0.2178988326848249,257,43,7,-0.5000000000000004,0.8660254037844384,1,0,54282.61761,2.381583833,1.369359766,93.54619208893396,0.0,0.0,0.0,0.0,45,2575200.2634510873
ST-51,2026-11-01,2026,11,2366504.4067015476,2360025.365708116,2308014.993930864,2158800.253437186,2614516.302385136,2344848.2554468424,2281984.873333043,0.00274532684587802,1.0370377272681288,1056.3584383582572,0.22522522522522523,222,46,8,-0.5000000000000004,0.8660254037844384,1,0,64407.48426,3.161614283,1.515358039,96.44169988975057,0.0,0.0,0.0,0.0,46,2419715.3432480167
ST-52,2026-11-01,2026,11,1566154.9663652757,1564703.133551855,1383919.4211646141,1386647.6498638063,1404196.6122837835,1504925.8403605816,1436474.1077072227,0.0009278647062749371,1.0902771988456086,1074.279305146249,0.2791666666666667,240,49,7,-0.5000000000000004,0.8660254037844384,1,0,64407.48426,3.161614283,1.515358039,96.44169988975057,0.0,0.0,0.0,0.0,47,1626960.4822177172
ST-53,2026-11-01,2026,11,2004222.1837299608,1760309.4652873487,1580113.0496150001,1414183.0508961529,1710672.4575872314,1781548.2328774363,1658005.285515099,0.13856240806090103,1.208815316356064,1033.2621674412924,0.23076923076923078,260,47,8,-0.5000000000000004,0.8660254037844384,1,0,64407.48426,3.161614283,1.515358039,96.44169988975057,0.0,0.0,0.0,0.0,48,2297488.2115564933
ST-54,2026-11-01,2026,11,2464496.906981231,2118787.0423791506,1753130.5477048175,1884858.8961891893,2205653.568955602,2112138.1656883997,1903778.797709456,0.1631640451292777,1.2945290229864976,1037.908264044328,0.29435483870967744,248,39,7,-0.5000000000000004,0.8660254037844384,1,0,64407.48426,3.161614283,1.515358039,96.44169988975057,0.0,0.0,0.0,0.0,49,2707467.5340159186
ST-55,2026-11-01,2026,11,2235370.9576774943,1851779.4763206164,1629211.5982425627,1596079.1125806135,1944325.7015304472,1905454.0107468914,1762540.2793491837,0.20714749583414377,1.2682665944536047,975.8884976527015,0.23577235772357724,246,50,8,-0.5000000000000004,0.8660254037844384,1,0,64407.48426,3.161614283,1.515358039,96.44169988975057,0.0,0.0,0.0,0.0,50,2489599.745887414
ST-56,2026-11-01,2026,11,2499937.837430122,2507707.7055795244,2498008.849599431,2284511.134741924,3327902.9783882815,2501884.7975363587,2424772.6367433127,-0.0030983946542553517,1.0309988654390965,966.2162907881306,0.28888888888888886,225,47,9,-0.5000000000000004,0.8660254037844384,1,0,64407.48426,3.161614283,1.515358039,96.44169988975057,0.0,0.0,0.0,0.0,51,2503554.2555340487
ST-57,2026-11-01,2026,11,2137679.872492917,1812210.7429838444,1618135.3676511156,1597569.493037,1978482.7941688707,1856008.6610426258,1734079.1762567684,0.1795978369343405,1.2327464061401003,1069.4874691623772,0.24899598393574296,249,43,9,-0.5000000000000004,0.8660254037844384,1,0,49377.56434,1.663365102,3.6725,100.0,0.0,0.0,0.0,0.0,52,2437278.813321636
ST-58,2026-11-01,2026,11,2125646.0098817237,1827571.8577112802,1653832.362630356,1580113.0496150001,2216609.2980167232,1869016.7434077866,1753927.2889865479,0.16309845816061652,1.2119350803361761,1098.101629651916,0.19827586206896552,232,47,8,-0.5000000000000004,0.8660254037844384,1,0,49377.56434,1.663365102,3.6725,100.0,0.0,0.0,0.0,0.0,53,2325786.9680231065
ST-59,2026-11-01,2026,11,2296867.9589022575,1862671.91856621,1597318.4517008413,1673411.583824686,1881114.1600744587,1918952.7763897695,1766300.0133158658,0.23310387406831662,1.3003838201814646,969.7260180622288,0.24899598393574296,249,48,7,-0.5000000000000004,0.8660254037844384,1,0,49377.56434,1.663365102,3.6725,100.0,0.0,0.0,0.0,0.0,54,2563252.62341454
ST-6,2026-11-01,2026,11,2335713.2617816636,1922884.3083618106,1593114.3023215139,1923185.1104820906,2022111.204137101,1950570.6241549961,1873937.3648565921,0.2146925593103207,1.2464201341971801,1122.745643822564,0.2603305785123967,242,45,8,-0.5000000000000004,0.8660254037844384,1,0,85809.90038,2.949525205,1.0,91.74250969595782,0.0,0.0,0.0,0.0,55,2636256.373643658
ST-60,2026-11-01,2026,11,2717292.341711965,2678334.751575397,2643848.6290531917,2332650.0273220283,2558950.0323909074,2679825.2407801845,2583573.06790653,0.014545452211921307,1.0517574964170793,1015.9961290075204,0.3157894736842105,247,50,9,-0.5000000000000004,0.8660254037844384,1,0,14157.94458,4.722255885,18.30485833,76.73266946623188,0.0,0.0,0.0,0.0,56,2701313.2650418845
ST-61,2026-11-01,2026,11,2510995.5149802477,2479901.997911457,2402207.284148087,2223250.806003193,2460827.9684604085,2464368.265679931,2377105.3836031933,0.012538203967325046,1.0563248614472889,989.7440002186706,0.1975806451612903,248,41,8,-0.5000000000000004,0.8660254037844384,1,0,14157.94458,4.722255885,18.30485833,76.73266946623188,0.0,0.0,0.0,0.0,57,2579827.946054088
ST-62,2026-11-01,2026,11,2130701.0293163867,1827571.8577112802,1676890.7018596586,1467497.1825289256,1744151.590574784,1878387.8629624418,1719738.9124193785,0.1658644339077992,1.238967737445014,1049.4763811665755,0.25,248,52,8,-0.5000000000000004,0.8660254037844384,1,0,14157.94458,4.722255885,18.30485833,76.73266946623188,0.0,0.0,0.0,0.0,58,2467900.2996017598
ST-63,2026-11-01,2026,11,1960718.335027347,1695725.920087248,1575669.1887100227,1429387.1999160498,1896833.3036098622,1744037.814608206,1633736.5736264836,0.1562707816169164,1.2001435033525916,1116.4281190071147,0.24166666666666667,240,45,7,-0.5000000000000004,0.8660254037844384,1,0,7913.988015,6.609085937,4074.434167,73.24194861474356,0.0,0.0,0.0,0.0,59,2302899.6907179034
ST-64,2026-11-01,2026,11,2650019.564893484,2499475.8062886205,2019856.1856191878,1880123.0318785256,2201183.7112244656,2389783.852267097,2126970.0256773396,0.0602301323445897,1.245912980860921,989.7154807079123,0.24796747967479674,246,48,7,-0.5000000000000004,0.8660254037844384,1,0,7913.988015,6.609085937,4074.434167,73.24194861474356,0.0,0.0,0.0,0.0,60,2688777.8687568447
ST-65,2026-11-01,2026,11,2034120.3024309652,1834404.567137998,1642582.8052214787,1423759.194637991,1917079.3976550915,1837035.891596814,1657112.0770879462,0.10887224054645685,1.2275091893636658,1008.1400472564876,0.21951219512195122,246,54,9,-0.5000000000000004,0.8660254037844384,1,0,7345.13569,1.365805408,35.29353808,90.8672,0.0,0.0,0.0,0.0,61,2318834.351120625
ST-66,2026-11-01,2026,11,2075216.257344765,1791404.696630534,1462373.8328916656,1495210.7747255515,2147828.6955344155,1776331.5956223216,1598843.4568644746,0.1584296174103228,1.2979483691383489,1069.8033156576903,0.2512315270935961,203,45,7,-0.5000000000000004,0.8660254037844384,1,0,90674.06663,2.389511236,1.336233333,94.3776,0.0,0.0,0.0,0.0,62,2209805.233386035
ST-67,2026-11-01,2026,11,1919787.4511901357,1759985.3586210818,1611885.3107781548,1465075.8876071621,1857245.849321736,1763886.0401964572,1644998.5817130704,0.09079739884555407,1.1670450494801676,1050.484375421358,0.232,250,48,8,-0.5000000000000004,0.8660254037844384,1,0,64407.48426,3.161614283,1.515358039,96.44169988975057,0.0,0.0,0.0,0.0,63,2273642.030457482
ST-68,2026-11-01,2026,11,2459890.671927513,2377122.9777438254,2269892.2890914073,1858573.376728105,2619727.451251368,2368968.646254249,2242676.4370230427,0.03481843175915288,1.0968549146540298,973.3972231502926,0.22077922077922077,231,40,7,-0.5000000000000004,0.8660254037844384,1,0,46150.48769,1.999049423,0.923889546,88.6538,0.0,0.0,0.0,0.0,64,2490102.491342096
ST-69,2026-11-01,2026,11,1586866.7246237886,1509398.1881764408,1422995.7860032318,1178739.4861934106,1496865.3662592603,1506420.232934487,1378912.8502772523,0.051324121795150966,1.150810019867988,968.3983555937843,0.26666666666666666,225,42,7,-0.5000000000000004,0.8660254037844384,1,0,49377.56434,1.663365102,3.6725,100.0,0.0,0.0,0.0,0.0,65,1706728.1094775687
ST-7,2026-11-01,2026,11,2308036.7819170193,2271708.0130738686,2001530.3817893898,2088316.3715140512,2205498.7631624104,2193758.392260093,2164407.0437130355,0.015991830215008097,1.0663598552874727,1065.239252132997,0.1956521739130435,230,45,8,-0.5000000000000004,0.8660254037844384,1,0,85809.90038,2.949525205,1.0,91.74250969595782,0.0,0.0,0.0,0.0,66,2304728.5439313366
ST-70,2026-11-01,2026,11,2073315.348098002,1794902.2819621991,1549862.4399247621,1645817.1356076354,2216031.8100085566,1806026.6899949878,1695585.4384869675,0.1551132164317267,1.2227725604603543,982.756767236166,0.26359832635983266,239,41,7,-0.5000000000000004,0.8660254037844384,1,0,34000.0,2.321743286,1363.375,97.8956,0.0,0.0,0.0,0.0,67,2354350.9325141823
ST-71,2026-11-01,2026,11,1884199.783641185,1695348.7299604986,1522667.5521440867,1531125.924679737,1819952.55197069,1700738.6885819233,1612410.56239641,0.11139363267466894,1.168560804290958,1010.657003798815,0.20833333333333334,216,45,9,-0.5000000000000004,0.8660254037844384,1,0,34000.0,2.321743286,1363.375,97.8956,0.0,0.0,0.0,0.0,68,2108346.7261144435
ST-72,2026-11-01,2026,11,1642259.6206285115,1506467.9051644623,1392889.0498820737,1445311.4582518563,1468793.129516773,1513872.1918916826,1474685.4770350165,0.09013913605363187,1.1136338196877191,1021.3257273285485,0.2616033755274262,237,45,8,-0.5000000000000004,0.8660254037844384,1,0,32475.8925,2.738536816,151.3662913,86.27011307955955,0.0,0.0,0.0,0.0,69,1770863.1784067936
ST-73,2026-11-01,2026,11,2350083.760436206,2280852.8525573523,2005877.6100064106,2183265.020305799,2960545.5241587395,2212271.407666656,2192786.8170171343,0.03035307946377616,1.071733805675211,1008.976026637118,0.19545454545454546,220,43,9,-0.5000000000000004,0.8660254037844384,1,0,52636.78659,3.271572946,0.782414581,95.90075112651648,0.0,0.0,0.0,0.0,70,2358682.1553006396
ST-74,2026-11-01,2026,11,2397619.266260043,2355448.2396062417,2066814.6502547062,1696484.6367940567,1981579.9691763085,2273294.05204033,2052987.5819931047,0.017903609998600856,1.167868372556038,985.8956989781711,0.25523012552301255,239,48,9,-0.5000000000000004,0.8660254037844384,1,0,7345.13569,1.365805408,35.29353808,90.8672,0.0,0.0,0.0,0.0,71,2482979.7219955474
ST-75,2026-11-01,2026,11,2397166.5442318646,2367210.563892946,1969349.5579319093,1666161.7649034688,2558403.642654202,2244575.55535224,1945351.065961112,0.012654548266992792,1.2322539546596083,1004.7015283032804,0.16666666666666666,282,49,8,-0.5000000000000004,0.8660254037844384,1,0,13303.14815,0.218128938,7.197491108,92.0,0.0,0.0,0.0,0.0,72,2535273.3469594507
ST-8,2026-11-01,2026,11,1853969.071942717,1612743.9857585735,1606071.5844322343,1647500.5091275184,1836968.8803172675,1690928.2140445083,1684481.05271276,0.1495743207318057,1.1006173497511333,1138.357248849463,0.2235294117647059,255,51,9,-0.5000000000000004,0.8660254037844384,1,0,85809.90038,2.949525205,1.0,91.74250969595782,0.0,0.0,0.0,0.0,73,2298482.687798449
ST-9,2026-11-01,2026,11,2193225.5234043966,1881686.6787241658,1586690.953040977,1992248.7674553627,2173623.499886657,1887201.0517231796,1817991.9534142225,0.16556361279629325,1.2064000169447828,1030.5047302255773,0.273542600896861,223,41,8,-0.5000000000000004,0.8660254037844384,1,0,85809.90038,2.949525205,1.0,91.74250969595782,0.0,0.0,0.0,0.0,74,2400004.6228198437
ST-1,2026-12-01,2026,12,2439666.257550941,2052424.8387597005,1758079.2538615344,1586718.4447898506,2527665.062484325,2083390.1167240588,1826885.182601645,0.18867507909583375,1.3354239668618046,1054.072197907938,0.24497991967871485,249,42,9,-2.4492935982947064e-16,1.0,1,0,85809.90038,2.949525205,1.0,91.74250969595782,0.0,0.0,0.0,0.0,0,2709922.6357832416
ST-10,2026-12-01,2026,12,2336321.6600192357,2236583.7594520557,2194415.0085287564,1676044.5797611664,2032271.198085327,2255773.476000016,2018839.0259797468,0.044593858891121954,1.157260004365833,1064.7842559806911,0.23113207547169812,212,42,8,-2.4492935982947064e-16,1.0,1,0,85809.90038,2.949525205,1.0,91.74250969595782,0.0,0.0,0.0,0.0,1,2365508.479474906
ST-11,2026-12-01,2026,12,2645770.393311041,2641239.836184864,2661722.0342798657,2574327.6824466526,3674524.326692778,2649577.4212585897,2630292.395573812,0.0017153145519420787,1.0058845160193122,908.773402248641,0.291497975708502,247,42,7,-2.4492935982947064e-16,1.0,1,0,85809.90038,2.949525205,1.0,91.74250969595782,0.0,0.0,0.0,0.0,2,2722173.1915953197
ST-12,2026-12-01,2026,12,2727865.3892156207,2725483.4366134787,2574327.6824466526,2413657.4552003387,2896643.934490945,2675892.1694252505,2466586.724428331,0.0008739559999314004,1.1059272160186644,1010.5246296561195,0.2744360902255639,266,48,8,-2.4492935982947064e-16,1.0,1,0,85809.90038,2.949525205,1.0,91.74250969595782,0.0,0.0,0.0,0.0,3,2761204.0875813835
ST-13,2026-12-01,2026,12,2336317.086420038,2329390.31161067,2075262.4936938682,2267160.2555546463,2848331.7711830763,2246989.9639081922,2211879.570874494,0.0029736428347117137,1.056258720946704,1042.2419483414474,0.3191489361702128,235,48,9,-2.4492935982947064e-16,1.0,1,0,85809.90038,2.949525205,1.0,91.74250969595782,0.0,0.0,0.0,0.0,4,2411016.240242052
ST-14,2026-12-01,2026,12,2341189.6115817935,2366151.476730371,2215424.991255389,1717734.2737605353,2008763.7369698933,2307588.6931891846,2062342.3405766145,-0.010549563455282471,1.1352090123539895,1038.728956695165,0.2553191489361702,235,47,7,-2.4492935982947064e-16,1.0,1,0,85809.90038,2.949525205,1.0,91.74250969595782,0.0,0.0,0.0,0.0,5,2338156.5360932224
ST-15,2026-12-01,2026,12,2590580.1094251103,2551396.833955685,2548138.3637060504,2302670.076059832,2655979.685267563,2563371.7690289486,2437320.3792710244,0.015357577836559196,1.062880420422991,986.04429752588,0.25523012552301255,239,54,9,-2.4492935982947064e-16,1.0,1,0,85809.90038,2.949525205,1.0,91.74250969595782,0.0,0.0,0.0,0.0,6,2632692.4232805516
ST-16,2026-12-01,2026,12,2412791.7425471796,2352048.6942707016,2428630.2488048263,2010212.3626498051,2770887.4000064973,2397823.561874236,2238143.84368432,0.025825591291728133,1.078032472915308,965.117199274714,0.26244343891402716,221,49,7,-2.4492935982947064e-16,1.0,1,0,52636.78659,3.271572946,0.782414581,95.90075112651648,0.0,0.0,0.0,0.0,7,2507951.4455224783
ST-17,2026-12-01,2026,12,2330839.3971376624,2173301.7193152695,1858226.8148614205,1633659.620052058,2241393.507273665,2120789.3104381175,1886255.7064778395,0.07248771600476507,1.2356964059183595,1077.5251438015239,0.2081447963800905,221,43,8,-2.4492935982947064e-16,1.0,1,0,52636.78659,3.271572946,0.782414581,95.90075112651648,0.0,0.0,0.0,0.0,8,2315071.357348105
ST-18,2026-12-01,2026,12,2036622.0373933222,1836237.2835386929,1649361.1644387846,1416930.435133837,2058469.7729199291,1840740.1617902666,1670855.4882257965,0.10912791916982492,1.2189097451844362,1023.2046813210532,0.25877192982456143,228,48,9,-2.4492935982947064e-16,1.0,1,0,46150.48769,1.999049423,0.923889546,88.6538,0.0,0.0,0.0,0.0,9,2240903.264708945
ST-19,2026-12-01,2026,12,2342835.2934037945,2283484.508676285,2000673.8540375717,2214553.306427955,2665240.8646204146,2208997.8853725507,2122552.22724141,0.025991323567995085,1.1037821653268232,1010.8700857810675,0.22844827586206898,232,44,7,-2.4492935982947064e-16,1.0,1,0,46150.48769,1.999049423,0.923889546,88.6538,0.0,0.0,0.0,0.0,10,2374393.1562191164
ST-2,2026-12-01,2026,12,2741566.1235573203,2652985.355424086,2299311.0882156217,1845995.5343550139,2563141.8000897416,2564620.8557323427,2190276.459997431,0.03338909050218801,1.2516986661859737,1012.0054537152099,0.28225806451612906,248,46,8,-2.4492935982947064e-16,1.0,1,0,85809.90038,2.949525205,1.0,91.74250969595782,0.0,0.0,0.0,0.0,11,2709888.36020077
ST-20,2026-12-01,2026,12,2385781.6167530464,2332389.939120882,2335657.853496579,2215004.702893711,2469960.123141653,2351276.469790169,2268547.5147914165,0.022891402821043058,1.0516780456204855,1017.2712955716056,0.26609442060085836,233,47,7,-2.4492935982947064e-16,1.0,1,0,56833.19605,2.937915743,0.923889546,94.9197,0.0,0.0,0.0,0.0,12,2470254.331174556
ST-21,2026-12-01,2026,12,2464459.339933446,2421313.163461422,2400576.4363219645,2304728.5439313366,2948139.1811309196,2428782.979905611,2380167.4881419702,0.017819329247912664,1.035414252237046,966.3857042238183,0.21610169491525424,236,44,8,-2.4492935982947064e-16,1.0,1,0,35297.0095,2.774178265,0.923889546,95.7575,0.0,0.0,0.0,0.0,13,2471793.537295395
ST-22,2026-12-01,2026,12,2397619.266260043,2268743.156709865,1882037.2883181842,2007546.641121911,2407667.188086628,2182799.9037626977,2040484.7910521924,0.0568050681140451,1.1750243259709332,1081.7734926084559,0.25327510917030566,229,46,8,-2.4492935982947064e-16,1.0,1,0,40226.04724,0.982373023,0.923889546,89.2207,0.0,0.0,0.0,0.0,14,2370348.7241902878
ST-23,2026-12-01,2026,12,2339836.1356377425,2147423.4664409063,1841837.2192366514,1642254.3262802702,2216056.240508355,2109698.940438433,1878511.4509645284,0.08960164224885594,1.2455799161811578,970.5254904381009,0.2683982683982684,231,49,7,-2.4492935982947064e-16,1.0,1,0,40226.04724,0.982373023,0.923889546,89.2207,0.0,0.0,0.0,0.0,15,2354149.2690275093
ST-24,2026-12-01,2026,12,2670155.6765775564,2653082.3056566226,2617254.0560118207,1962602.4554999403,2785622.5092906267,2646830.6794153336,2376885.184734346,0.006435296366242291,1.1233843745279553,976.2484023191589,0.2350597609561753,251,47,8,-2.4492935982947064e-16,1.0,1,0,55800.21945,2.256498143,0.923889546,93.5,0.0,0.0,0.0,0.0,16,2725041.908408373
ST-25,2026-12-01,2026,12,2765906.9392563854,2678800.7088340227,2281703.4765712987,2126923.5845461814,2886330.005694984,2575470.3748872355,2330248.2335419105,0.03251687597927978,1.1869580671464715,1029.7317126608386,0.25609756097560976,246,49,7,-2.4492935982947064e-16,1.0,1,0,55800.21945,2.256498143,0.923889546,93.5,0.0,0.0,0.0,0.0,17,2737623.2392222984
ST-26,2026-12-01,2026,12,2294323.1913570804,1994429.7885045968,1778325.4264518474,1511514.1983554694,2146745.096432693,2022359.4687711748,1764006.4160041662,0.15036548520333753,1.3006319991478204,1009.4150679044043,0.277992277992278,259,51,8,-2.4492935982947064e-16,1.0,1,0,68218.7261,3.347543042,0.923889546,93.21653589452544,0.0,0.0,0.0,0.0,18,2667345.9075112836
ST-27,2026-12-01,2026,12,2348431.411236535,2405839.422815542,2262261.5810562833,1752585.558234549,2681941.0258293403,2338844.1383694536,2097229.7038376816,-0.02386194649342933,1.1197778702729528,1060.564933872553,0.252212389380531,226,41,7,-2.4492935982947064e-16,1.0,1,0,55800.21945,2.256498143,0.923889546,93.5,0.0,0.0,0.0,0.0,19,2441022.9121364094
ST-28,2026-12-01,2026,12,2285675.461608504,2006654.396663114,1710789.2834442987,1759379.126444404,2185396.226212555,2001039.7139053056,1836738.5810064196,0.13904789255657424,1.244420673276267,1123.839827768633,0.21304347826086956,230,49,7,-2.4492935982947064e-16,1.0,1,0,52636.78659,3.271572946,0.782414581,95.90075112651648,0.0,0.0,0.0,0.0,20,2336292.613465248
ST-29,2026-12-01,2026,12,2271875.148146502,2086086.5176173027,1844669.450043035,1581542.6335446336,2033867.006118411,2067543.7052689467,1825495.287022344,0.08906084621140475,1.2445253429562508,1010.4731840854874,0.20416666666666666,240,47,8,-2.4492935982947064e-16,1.0,1,0,46150.48769,1.999049423,0.923889546,88.6538,0.0,0.0,0.0,0.0,21,2341189.6115817935
ST-3,2026-12-01,2026,12,2650369.691825751,2644056.5768183386,2598854.226887272,1999662.073206526,2833283.060919799,2631093.498510454,2443900.524245294,0.0023876626025186474,1.0844834581162903,1024.3817012046302,0.2163265306122449,245,49,7,-2.4492935982947064e-16,1.0,1,0,85809.90038,2.949525205,1.0,91.74250969595782,0.0,0.0,0.0,0.0,22,2724863.8190047424
ST-30,2026-12-01,2026,12,2168174.4919261835,2008370.7161585959,1758545.2548154965,1466691.415481628,2034040.324472223,1978363.487633425,1734203.9946083045,0.07956886369725792,1.2502418969550912,982.345070820703,0.18907563025210083,238,46,9,-2.4492935982947064e-16,1.0,1,0,49377.56434,1.663365102,3.6725,100.0,0.0,0.0,0.0,0.0,23,2281460.9380351505
ST-31,2026-12-01,2026,12,2684709.953081077,2551716.323541145,2270869.7638979605,2235647.0862954557,2264106.721802433,2502432.0135067273,2334770.1594243166,0.05211928469986436,1.1498819026122233,1007.5732861425184,0.23461538461538461,260,47,8,-2.4492935982947064e-16,1.0,1,0,32475.8925,2.738536816,151.3662913,86.27011307955955,0.0,0.0,0.0,0.0,24,2667345.9075112836
ST-32,2026-12-01,2026,12,2693731.635710392,2730952.352104834,2562831.578700303,1680996.8185720663,2583096.36564219,2662505.18883851,2281301.0308806803,-0.013629207542106858,1.1807874538462362,1056.3211165389018,0.2631578947368421,247,50,7,-2.4492935982947064e-16,1.0,1,0,32475.8925,2.738536816,151.3662913,86.27011307955955,0.0,0.0,0.0,0.0,25,2654179.8995826356
ST-33,2026-12-01,2026,12,1810152.2211888,1656580.8340505827,1509995.6451143844,1413941.7578495385,1729728.4824974393,1658909.5667845893,1521909.976402145,0.09270382946705516,1.1893950688647634,990.9891009434613,0.27692307692307694,260,45,7,-2.4492935982947064e-16,1.0,1,0,32475.8925,2.738536816,151.3662913,86.27011307955955,0.0,0.0,0.0,0.0,26,2066099.431970006
ST-34,2026-12-01,2026,12,2665470.6989597604,2495685.0654606777,2236151.7556237523,1651798.7330899902,2573785.2829237897,2465769.1733480636,2080077.0869252346,0.0680316742880945,1.2814288065159418,976.150971876514,0.23076923076923078,260,45,7,-2.4492935982947064e-16,1.0,1,0,32475.8925,2.738536816,151.3662913,86.27011307955955,0.0,0.0,0.0,0.0,27,2709582.667645856
ST-35,2026-12-01,2026,12,2581779.45166602,2464386.014197804,2396633.351617481,2308036.7819170193,2313906.4104561415,2480932.939160435,2402758.3684177618,0.0476359778021339,1.0745064862124047,1030.5104237455616,0.20164609053497942,243,51,7,-2.4492935982947064e-16,1.0,1,0,13303.14815,0.218128938,7.197491108,92.0,0.0,0.0,0.0,0.0,28,2570331.0174549054
ST-36,2026-12-01,2026,12,2509457.090723203,2490102.491342096,2480972.049913846,2307484.6527493023,3345783.7949813684,2493510.5439930484,2401491.394089582,0.0077726115484810085,1.0449577695341072,971.9393115383431,0.2489451476793249,237,41,8,-2.4492935982947064e-16,1.0,1,0,13303.14815,0.218128938,7.197491108,92.0,0.0,0.0,0.0,0.0,29,2526566.2017073203
ST-37,2026-12-01,2026,12,2464825.5631377837,2129022.2888302817,1942135.9348614954,1654783.266180958,2453257.103901149,2178661.2622765205,1901871.524114997,0.15772651891399295,1.2960000356936558,967.9333189110288,0.27165354330708663,254,50,9,-2.4492935982947064e-16,1.0,1,0,13303.14815,0.218128938,7.197491108,92.0,0.0,0.0,0.0,0.0,30,2743047.371296369
ST-38,2026-12-01,2026,12,1769031.6327945907,1510968.5997418116,1287490.0481527143,1350094.483798184,1368392.9421645668,1522496.7602297056,1395978.9860331789,0.17079311449415682,1.267233712322189,1018.0376646559288,0.2579185520361991,221,45,8,-2.4492935982947064e-16,1.0,1,0,13303.14815,0.218128938,7.197491108,92.0,0.0,0.0,0.0,0.0,31,1891822.5534793285
ST-39,2026-12-01,2026,12,2361010.083744818,2238286.091155939,1947041.6170456398,1663932.251134527,2082434.634748301,2182112.5973154656,1919012.1335725135,0.054829448779489844,1.2303257714944524,1033.9087934739116,0.251063829787234,235,43,8,-2.4492935982947064e-16,1.0,1,0,35000.0,2.2,31.5,94.0,0.0,0.0,0.0,0.0,32,2344754.638340419
ST-4,2026-12-01,2026,12,2348431.411236535,2278175.8530526003,1996569.7092890975,2302145.750010316,2628274.442982667,2207725.6578594106,2133714.569569768,0.03083851410759046,1.1006305364030304,932.2305513596754,0.2672413793103448,232,44,7,-2.4492935982947064e-16,1.0,1,0,85809.90038,2.949525205,1.0,91.74250969595782,0.0,0.0,0.0,0.0,33,2379358.152701329
ST-40,2026-12-01,2026,12,2326235.115579614,2060820.6595170966,1844211.6215306222,1632483.6149772226,2228062.41619241,2077089.132209111,1845351.1932382577,0.1287906615438875,1.260592088976566,965.597448349946,0.21755725190839695,262,45,8,-2.4492935982947064e-16,1.0,1,0,13303.14815,0.218128938,7.197491108,92.0,0.0,0.0,0.0,0.0,34,2608812.131855062
ST-41,2026-12-01,2026,12,2337878.75093295,2351044.8532442725,2139943.1647634474,1653900.4225839637,2623722.5104664974,2276288.9229802233,1981344.060064762,-0.005600106817679039,1.1799458751533212,960.2675180542763,0.26066350710900477,211,42,7,-2.4492935982947064e-16,1.0,1,0,7345.13569,1.365805408,35.29353808,90.8672,0.0,0.0,0.0,0.0,35,2417105.795748171
ST-42,2026-12-01,2026,12,1659285.0706896887,1578681.8599512079,1487305.4901526077,1433523.2648128446,1584144.1706613093,1575090.806931168,1482717.9435135236,0.05105728569084336,1.1190834224058575,1055.6053396963412,0.29245283018867924,212,47,7,-2.4492935982947064e-16,1.0,1,0,90674.06663,2.389511236,1.336233333,94.3776,0.0,0.0,0.0,0.0,36,1774068.7448423363
ST-43,2026-12-01,2026,12,2694453.5514974906,2424919.075664565,2390466.606908719,1822954.210998074,2507336.4659681343,2503279.744690258,2297846.672284099,0.1111519466929254,1.172599366179275,1008.819122557958,0.26229508196721313,244,44,8,-2.4492935982947064e-16,1.0,1,0,13303.14815,0.218128938,7.197491108,92.0,0.0,0.0,0.0,0.0,37,2724106.696036715
ST-44,2026-12-01,2026,12,1919787.4511901357,1992248.7674553627,1868888.1451240217,1654574.6713363586,2298409.9988927697,1926974.7879231733,1768658.3417692624,-0.03637162057717301,1.085448447476686,1102.0673996141295,0.20425531914893616,235,43,8,-2.4492935982947064e-16,1.0,1,0,32475.8925,2.738536816,151.3662913,86.27011307955955,0.0,0.0,0.0,0.0,38,2201185.126236241
ST-45,2026-12-01,2026,12,2439666.257550941,2159817.8229009067,1839169.5473496125,1488388.8182836175,2149767.972497827,2146217.87593382,1851516.8392950334,0.1295703886146113,1.317658152371893,1066.6007522957082,0.2558139534883721,258,50,8,-2.4492935982947064e-16,1.0,1,0,90674.06663,2.389511236,1.336233333,94.3776,0.0,0.0,0.0,0.0,39,2660515.5503026727
ST-46,2026-12-01,2026,12,2709582.667645856,2622184.095416671,2365508.479474906,1691676.5145036299,2596635.1683838535,2565758.414179144,2212673.723605336,0.03333044860654486,1.22457397976908,984.8054214020503,0.2669172932330827,266,48,7,-2.4492935982947064e-16,1.0,1,0,54282.61761,2.381583833,1.369359766,93.54619208893396,0.0,0.0,0.0,0.0,40,2731544.062537809
ST-47,2026-12-01,2026,12,2616478.4151287763,2594096.8505237065,2617254.0560118207,1802948.1322792044,2963503.2269517467,2609276.440554768,2330798.696365301,0.008627883188151334,1.1225673067386603,1009.1290511799763,0.20553359683794467,253,45,9,-2.4492935982947064e-16,1.0,1,0,54282.61761,2.381583833,1.369359766,93.54619208893396,0.0,0.0,0.0,0.0,41,2670155.6765775564
ST-48,2026-12-01,2026,12,2451955.2194287376,2444414.4866880067,2182390.9197524297,1571379.2518485782,2535241.22312659,2359586.8752897247,2036024.5347195484,0.0030848830187339017,1.2042856938197366,1053.528508612506,0.2056451612903226,248,46,10,-2.4492935982947064e-16,1.0,1,0,54282.61761,2.381583833,1.369359766,93.54619208893396,0.0,0.0,0.0,0.0,42,2618039.6971872067
ST-49,2026-12-01,2026,12,1988267.4385168403,1754440.1864420343,1679939.793450532,1512277.8585033964,1937783.6415009622,1807549.1394698024,1646860.6716711272,0.13327741457461853,1.2073076203218065,1058.4856420453523,0.268,250,41,7,-2.4492935982947064e-16,1.0,1,0,54282.61761,2.381583833,1.369359766,93.54619208893396,0.0,0.0,0.0,0.0,43,2336321.6600192357
ST-5,2026-12-01,2026,12,2302670.076059832,2079895.2685555774,1750927.3774188338,1635922.050652563,2113992.292459559,2044497.5740114143,1839557.4470568534,0.10710866593728278,1.2517521971080174,1004.5171847928989,0.25,220,43,9,-2.4492935982947064e-16,1.0,1,0,85809.90038,2.949525205,1.0,91.74250969595782,0.0,0.0,0.0,0.0,44,2330839.3971376624
ST-50,2026-12-01,2026,12,2575200.2634510873,2408087.3411414064,2138461.585339809,1924183.4274077634,2602066.6573325666,2373916.396644101,2052498.845117228,0.06939653701699673,1.254665876951568,1039.3078486617928,0.2178988326848249,257,43,7,-2.4492935982947064e-16,1.0,1,0,54282.61761,2.381583833,1.369359766,93.54619208893396,0.0,0.0,0.0,0.0,45,2678334.751575397
ST-51,2026-12-01,2026,12,2419715.3432480167,2366504.4067015476,2360025.365708116,2214553.306427955,2659242.2887651706,2382081.7052192264,2325470.721634848,0.022485035901807143,1.0405271159668323,1056.3584383582572,0.22522522522522523,222,46,8,-2.4492935982947064e-16,1.0,1,0,64407.48426,3.161614283,1.515358039,96.44169988975057,0.0,0.0,0.0,0.0,46,2470289.868416458
ST-52,2026-12-01,2026,12,1626960.4822177172,1566154.9663652757,1564703.133551855,1367437.0888629716,1395729.0107907383,1585939.5273782825,1476526.2464328744,0.03882471221449987,1.1018838887207563,1074.279305146249,0.2791666666666667,240,49,7,-2.4492935982947064e-16,1.0,1,0,64407.48426,3.161614283,1.515358039,96.44169988975057,0.0,0.0,0.0,0.0,47,1673411.583824686
ST-53,2026-12-01,2026,12,2297488.2115564933,2004222.1837299608,1760309.4652873487,1577084.6725690525,2003855.4518595051,2020673.2868579344,1805222.8122918226,0.14632411027441544,1.272689551623666,1033.2621674412924,0.23076923076923078,260,47,8,-2.4492935982947064e-16,1.0,1,0,64407.48426,3.161614283,1.515358039,96.44169988975057,0.0,0.0,0.0,0.0,48,2526815.8358664955
ST-54,2026-12-01,2026,12,2707467.5340159186,2464496.906981231,2118787.0423791506,1625730.2042923237,2690381.553940816,2430250.4944587667,2040880.237347244,0.09858832703194698,1.3266175469145172,1037.908264044328,0.29435483870967744,248,39,7,-2.4492935982947064e-16,1.0,1,0,64407.48426,3.161614283,1.515358039,96.44169988975057,0.0,0.0,0.0,0.0,49,2745726.6852237973
ST-55,2026-12-01,2026,12,2489599.745887414,2235370.9576774943,1851779.4763206164,1647038.895993713,1936009.3625826344,2192250.059961842,1911460.3849003173,0.11373002200675383,1.3024595045516711,975.8884976527015,0.23577235772357724,246,50,8,-2.4492935982947064e-16,1.0,1,0,64407.48426,3.161614283,1.515358039,96.44169988975057,0.0,0.0,0.0,0.0,50,2583382.5753355236
ST-56,2026-12-01,2026,12,2503554.2555340487,2499937.837430122,2507707.7055795244,2350133.759604137,3218172.400622255,2503733.266181232,2461279.8235420003,0.001446603211400012,1.0171757926862666,966.2162907881306,0.28888888888888886,225,47,9,-2.4492935982947064e-16,1.0,1,0,64407.48426,3.161614283,1.515358039,96.44169988975057,0.0,0.0,0.0,0.0,51,2509595.015254788
ST-57,2026-12-01,2026,12,2437278.813321636,2137679.872492917,1812210.7429838444,1598096.2845570866,2027564.4397454197,2129056.476266132,1874030.7296375409,0.14015145330405962,1.3005543477897152,1069.4874691623772,0.24899598393574296,249,43,9,-2.4492935982947064e-16,1.0,1,0,49377.56434,1.663365102,3.6725,100.0,0.0,0.0,0.0,0.0,52,2644800.73083746
ST-58,2026-12-01,2026,12,2325786.9680231065,2125646.0098817237,1827571.8577112802,1662276.7555890856,2375926.243239996,2093001.6118720367,1878206.275387899,0.09415535663556658,1.23830220274542,1098.101629651916,0.19827586206896552,232,47,8,-2.4492935982947064e-16,1.0,1,0,49377.56434,1.663365102,3.6725,100.0,0.0,0.0,0.0,0.0,53,2350913.3755443674
ST-59,2026-12-01,2026,12,2563252.62341454,2296867.9589022575,1862671.91856621,1605882.9441273864,2264501.392838284,2240930.833627669,1914606.8532475084,0.1159773523244218,1.3387879705260717,969.7260180622288,0.24899598393574296,249,48,7,-2.4492935982947064e-16,1.0,1,0,49377.56434,1.663365102,3.6725,100.0,0.0,0.0,0.0,0.0,54,2646794.723617763
ST-6,2026-12-01,2026,12,2636256.373643658,2335713.2617816636,1922884.3083618106,1845936.766516414,2648729.3771853824,2298284.647929044,1992782.5753835198,0.1286729483364506,1.3229021601296864,1122.745643822564,0.2603305785123967,242,45,8,-2.4492935982947064e-16,1.0,1,0,85809.90038,2.949525205,1.0,91.74250969595782,0.0,0.0,0.0,0.0,55,2740840.437169618
ST-60,2026-12-01,2026,12,2701313.2650418845,2717292.341711965,2678334.751575397,2501901.5319168274,3059814.494292007,2698980.119443082,2645016.9408598393,-0.005880514372632129,1.0212839181906126,1015.9961290075204,0.3157894736842105,247,50,9,-2.4492935982947064e-16,1.0,1,0,14157.94458,4.722255885,18.30485833,76.73266946623188,0.0,0.0,0.0,0.0,56,2728195.885967864
ST-61,2026-12-01,2026,12,2579827.946054088,2510995.5149802477,2479901.997911457,2291180.3538116016,3252470.9908517594,2523575.152981931,2436534.906945009,0.027412407016737222,1.0588101728814316,989.7440002186706,0.1975806451612903,248,41,8,-2.4492935982947064e-16,1.0,1,0,14157.94458,4.722255885,18.30485833,76.73266946623188,0.0,0.0,0.0,0.0,57,2623800.9255808103
ST-62,2026-12-01,2026,12,2467900.2996017598,2130701.0293163867,1827571.8577112802,1556542.771188479,2194831.634104076,2142057.7288764757,1886472.7652648508,0.1582574306042176,1.3082088143770683,1049.4763811665755,0.25,248,52,8,-2.4492935982947064e-16,1.0,1,0,14157.94458,4.722255885,18.30485833,76.73266946623188,0.0,0.0,0.0,0.0,58,2727499.2826397903
ST-63,2026-12-01,2026,12,2302899.6907179034,1960718.335027347,1695725.920087248,1491082.1935193853,2117993.4386985833,1986447.9819441661,1779321.9887601256,0.1745183637943508,1.2942568603463498,1116.4281190071147,0.24166666666666667,240,45,7,-2.4492935982947064e-16,1.0,1,0,7913.988015,6.609085937,4074.434167,73.24194861474356,0.0,0.0,0.0,0.0,59,2529571.063427611
ST-64,2026-12-01,2026,12,2688777.8687568447,2650019.564893484,2499475.8062886205,1812596.5524783656,2654001.021584189,2612757.7466463163,2261745.8318237267,0.014625667061789565,1.1888063773234796,989.7154807079123,0.24796747967479674,246,48,7,-2.4492935982947064e-16,1.0,1,0,7913.988015,6.609085937,4074.434167,73.24194861474356,0.0,0.0,0.0,0.0,60,2737623.2392222984
ST-65,2026-12-01,2026,12,2318834.351120625,2034120.3024309652,1834404.567137998,1474580.85314383,2075034.0834448524,2062453.0735631965,1806291.2698350518,0.13996912982452406,1.283754392132105,1008.1400472564876,0.21951219512195122,246,54,9,-2.4492935982947064e-16,1.0,1,0,7345.13569,1.365805408,35.29353808,90.8672,0.0,0.0,0.0,0.0,61,2598854.226887272
ST-66,2026-12-01,2026,12,2209805.233386035,2075216.257344765,1791404.696630534,1408805.8147932237,1881264.0771584916,2025475.3957871113,1717942.5333078883,0.06485539787235307,1.2863091695687097,1069.8033156576903,0.2512315270935961,203,45,7,-2.4492935982947064e-16,1.0,1,0,90674.06663,2.389511236,1.336233333,94.3776,0.0,0.0,0.0,0.0,62,2314193.166575001
ST-67,2026-12-01,2026,12,2273642.030457482,1919787.4511901357,1759985.3586210818,1518447.6753802784,2004720.0109779753,1984471.6134228997,1779759.6055214573,0.18431966468370295,1.2774995136443277,1050.484375421358,0.232,250,48,8,-2.4492935982947064e-16,1.0,1,0,64407.48426,3.161614283,1.515358039,96.44169988975057,0.0,0.0,0.0,0.0,63,2595468.8158832802
ST-68,2026-12-01,2026,12,2490102.491342096,2459890.671927513,2377122.9777438254,2183085.7946144836,2582431.7942859894,2442372.047004478,2347931.289458708,0.012281773234625,1.0605516875735168,973.3972231502926,0.22077922077922077,231,40,7,-2.4492935982947064e-16,1.0,1,0,46150.48769,1.999049423,0.923889546,88.6538,0.0,0.0,0.0,0.0,64,2490762.4690193003
ST-69,2026-12-01,2026,12,1706728.1094775687,1586866.7246237886,1509398.1881764408,1241282.2648458492,1663213.0203678287,1600997.6740925992,1466910.954157945,0.07553336584217339,1.1634844668927342,968.3983555937843,0.26666666666666666,225,42,7,-2.4492935982947064e-16,1.0,1,0,49377.56434,1.663365102,3.6725,100.0,0.0,0.0,0.0,0.0,65,1884000.770548981
ST-7,2026-12-01,2026,12,2304728.5439313366,2308036.7819170193,2271708.0130738686,2241019.130374035,2919286.658204774,2294824.446307408,2200475.7391159167,-0.001433355833668692,1.047377393425526,1065.239252132997,0.1956521739130435,230,45,8,-2.4492935982947064e-16,1.0,1,0,85809.90038,2.949525205,1.0,91.74250969595782,0.0,0.0,0.0,0.0,66,2411839.54768904
ST-70,2026-12-01,2026,12,2354350.9325141823,2073315.348098002,1794902.2819621991,1561652.3586865643,2267890.611652341,2074189.5208581276,1813674.4046380587,0.1355488853511812,1.2981111309138325,982.756767236166,0.26359832635983266,239,41,7,-2.4492935982947064e-16,1.0,1,0,34000.0,2.321743286,1363.375,97.8956,0.0,0.0,0.0,0.0,67,2470931.1541688214
ST-71,2026-12-01,2026,12,2108346.7261144435,1884199.783641185,1695348.7299604986,1533163.5897999783,1807678.9338497974,1895965.0799053758,1708614.029302194,0.11896134604160623,1.2339514307836406,1010.657003798815,0.20833333333333334,216,45,9,-2.4492935982947064e-16,1.0,1,0,34000.0,2.321743286,1363.375,97.8956,0.0,0.0,0.0,0.0,68,2293980.2784255
ST-72,2026-12-01,2026,12,1770863.1784067936,1642259.6206285115,1506467.9051644623,1444205.6575616898,1650497.6645226667,1639863.5680665893,1528944.0970608394,0.07830890814271134,1.1582262437266388,1021.3257273285485,0.2616033755274262,237,45,8,-2.4492935982947064e-16,1.0,1,0,32475.8925,2.738536816,151.3662913,86.27011307955955,0.0,0.0,0.0,0.0,69,1992248.7674553627
ST-73,2026-12-01,2026,12,2358682.1553006396,2350083.760436206,2280852.8525573523,2251954.7059989637,2661667.801777249,2329872.922764733,2222023.006182941,0.0036587610234102767,1.0615021305978536,1008.976026637118,0.19545454545454546,220,43,9,-2.4492935982947064e-16,1.0,1,0,52636.78659,3.271572946,0.782414581,95.90075112651648,0.0,0.0,0.0,0.0,70,2419320.506170243
ST-74,2026-12-01,2026,12,2482979.7219955474,2397619.266260043,2355448.2396062417,1841161.281259271,2416513.4144345773,2412015.7426206106,2184070.096193353,0.03560217292908863,1.1368589892435998,985.8956989781711,0.25523012552301255,239,48,9,-2.4492935982947064e-16,1.0,1,0,7345.13569,1.365805408,35.29353808,90.8672,0.0,0.0,0.0,0.0,71,2618032.670314035
ST-75,2026-12-01,2026,12,2535273.3469594507,2397166.5442318646,2367210.563892946,1521931.4499048868,2817856.0032095043,2433216.8183614207,2090202.996303776,0.05761251885477166,1.2129316393875225,1004.7015283032804,0.16666666666666666,282,49,8,-2.4492935982947064e-16,1.0,1,0,13303.14815,0.218128938,7.197491108,92.0,0.0,0.0,0.0,0.0,72,2689654.300701425
ST-8,2026-12-01,2026,12,2298482.687798449,1853969.071942717,1612743.9857585735,1673411.583824686,2434549.449348953,1921731.91516658,1792978.0824912481,0.23976323153543205,1.2819357415707107,1138.357248849463,0.2235294117647059,255,51,9,-2.4492935982947064e-16,1.0,1,0,85809.90038,2.949525205,1.0,91.74250969595782,0.0,0.0,0.0,0.0,73,2644800.73083746
ST-9,2026-12-01,2026,12,2400004.6228198437,2193225.5234043966,1881686.6787241658,1667834.9936667562,2575022.09823262,2158305.608316135,1885951.262641636,0.09428081937259138,1.272569800906826,1030.5047302255773,0.273542600896861,223,41,8,-2.4492935982947064e-16,1.0,1,0,85809.90038,2.949525205,1.0,91.74250969595782,0.0,0.0,0.0,0.0,74,2425901.162740357
